contract_id,module_id,object_name,field_name,field_path,contract_version,type,unit,required,nullable,allowed_states,source_owner,meaning,must_not_mean,validation,versioning,provenance_required,evidence_required,source_documents,source_sections,source_extract_ids,notes
DC-M01-CAN-0001,M01,client_profile,CO-BORROWER relation/role,client_profile.co_borrower_relation_role,,,,,,,M01,"Отдельная роль/связь Client Profile Spec; может быть несколько с ordinal. | Только после явного включения. | Отдельный participant, identity, consent, документы и snapshots.",,,,,,M01_CASA_Pro_Client_and_Consent_Implementation_and_Acceptance_v1.1,§6 Роли участников,SRC-DOC-M01-I-00071,"Роль / связь: CO-BORROWER relation/role; Смысл: Отдельная роль/связь Client Profile Spec; может быть несколько с ordinal.; included_in_analysis: Только после явного включения.; Consent / данные: Отдельный participant, identity, consent, документы и snapshots."
DC-M01-CAN-0002,M01,client_profile,OTHER_PARTICIPANT,client_profile.other_participant,,,,,,,M01,"Только при реальной необходимости, уже предусмотренной Client Profile Spec. | По явной purpose/role policy. | Никакого автоматического доступа к данным других участников.",,,,,,M01_CASA_Pro_Client_and_Consent_Implementation_and_Acceptance_v1.1,§6 Роли участников,SRC-DOC-M01-I-00072,"Роль / связь: OTHER_PARTICIPANT; Смысл: Только при реальной необходимости, уже предусмотренной Client Profile Spec.; included_in_analysis: По явной purpose/role policy.; Consent / данные: Никакого автоматического доступа к данным других участников."
DC-M01-CAN-0003,M01,consent,confirmation_method,consent.confirmation_method,,,,TRUE,,,M01,Только approved | Registry/reference. SMS/OTP не становится production method из demo screenshot.,Только approved | Registry/reference. SMS/OTP не становится production method из demo screenshot.,,,,,M01_CASA_Pro_Client_and_Consent_Implementation_and_Acceptance_v1.1,§7 Consent model,SRC-DOC-M01-I-00089,Поле / объект: confirmation_method; Обязательно: Только approved; Implementation rule: Registry/reference. SMS/OTP не становится production method из demo screenshot.
DC-M01-CAN-0004,M01,consent,consent_id,consent.consent_id,,Уникальный immutable reference; не boolean field на client.,,TRUE,,,M01,Да | Уникальный immutable reference; не boolean field на client.,Да | Уникальный immutable reference; не boolean field на client.,,Да | Уникальный immutable reference; не boolean field на client.,,,M01_CASA_Pro_Client_and_Consent_Implementation_and_Acceptance_v1.1,§7 Consent model,SRC-DOC-M01-I-00082,Поле / объект: consent_id; Обязательно: Да; Implementation rule: Уникальный immutable reference; не boolean field на client.
DC-M01-CAN-0005,M01,consent,consent text artifact,consent.consent_text_artifact,,,,,,,M01,Да после approval | Новый текст/цели = новая version/hash. | Старый grant не расширяется.,Да после approval | Новый текст/цели = новая version/hash. | Старый grant не расширяется.,,Да после approval | Новый текст/цели = новая version/hash. | Старый grant не расширяется.,,,M01_CASA_Pro_Client_and_Consent_Implementation_and_Acceptance_v1.1,§15 Versioning / immutability,SRC-DOC-M01-I-00185,Объект: consent text artifact; Immutable: Да после approval; Versioned change: Новый текст/цели = новая version/hash.; Historical rule: Старый grant не расширяется.
DC-M01-CAN-0006,M01,consent,consent_text_version + hash/ref,consent.consent_text_version_hash_ref,,Ссылка на approved immutable artifact; текст не хранится как mutable UI string.,,TRUE,,,M01,Да | Ссылка на approved immutable artifact; текст не хранится как mutable UI string.,Да | Ссылка на approved immutable artifact; текст не хранится как mutable UI string.,,Да | Ссылка на approved immutable artifact; текст не хранится как mutable UI string.,,,M01_CASA_Pro_Client_and_Consent_Implementation_and_Acceptance_v1.1,§7 Consent model,SRC-DOC-M01-I-00086,Поле / объект: consent_text_version + hash/ref; Обязательно: Да; Implementation rule: Ссылка на approved immutable artifact; текст не хранится как mutable UI string.
DC-M01-CAN-0007,M01,consent,created/updated/supersedes,consent.created_updated_supersedes,,,,TRUE,,,M01,Да | Новая версия не перезаписывает прежний consent/evidence.,Да | Новая версия не перезаписывает прежний consent/evidence.,,Да | Новая версия не перезаписывает прежний consent/evidence.,TRUE,TRUE,M01_CASA_Pro_Client_and_Consent_Implementation_and_Acceptance_v1.1,§7 Consent model,SRC-DOC-M01-I-00092,Поле / объект: created/updated/supersedes; Обязательно: Да; Implementation rule: Новая версия не перезаписывает прежний consent/evidence.
DC-M01-CAN-0008,M01,consent,evidence/reference,consent.evidence_reference,,,,TRUE,,,M01,Да для ACTIVE | Без evidence согласие не считается доказанным; hash/reference и audit linkage.,Да для ACTIVE | Без evidence согласие не считается доказанным; hash/reference и audit linkage.,,,TRUE,TRUE,M01_CASA_Pro_Client_and_Consent_Implementation_and_Acceptance_v1.1,§7 Consent model,SRC-DOC-M01-I-00090,Поле / объект: evidence/reference; Обязательно: Да для ACTIVE; Implementation rule: Без evidence согласие не считается доказанным; hash/reference и audit linkage.
DC-M01-CAN-0009,M01,consent,granted_at,consent.granted_at,,Timestamp + actor/channel/evidence. expires_at только если утверждён policy.,,TRUE,,,M01,По событию | Timestamp + actor/channel/evidence. expires_at только если утверждён policy.,,,,TRUE,TRUE,M01_CASA_Pro_Client_and_Consent_Implementation_and_Acceptance_v1.1,§7 Consent model,SRC-DOC-M01-I-00088,Поле / объект: granted_at / revoked_at; Обязательно: По событию; Implementation rule: Timestamp + actor/channel/evidence. expires_at только если утверждён policy.
DC-M01-CAN-0010,M01,consent,purpose grant(s),consent.purpose_grant_s,,,,TRUE,,,M01,Да | Нормализованные approved purpose codes; каждая цель разрешает только свой action set.,,,,,,M01_CASA_Pro_Client_and_Consent_Implementation_and_Acceptance_v1.1,§7 Consent model,SRC-DOC-M01-I-00085,Поле / объект: purpose grant(s); Обязательно: Да; Implementation rule: Нормализованные approved purpose codes; каждая цель разрешает только свой action set.
DC-M01-CAN-0011,M01,consent,retention impact ref,consent.retention_impact_ref,,,,TRUE,,,M01,Да как policy ref | Без числа в business logic; отзыв запускает approved policy evaluation.,,,,,,M01_CASA_Pro_Client_and_Consent_Implementation_and_Acceptance_v1.1,§7 Consent model,SRC-DOC-M01-I-00091,Поле / объект: retention impact ref; Обязательно: Да как policy ref; Implementation rule: Без числа в business logic; отзыв запускает approved policy evaluation.
DC-M01-CAN-0012,M01,consent,revoked_at,consent.revoked_at,,Timestamp + actor/channel/evidence. expires_at только если утверждён policy.,,TRUE,,,M01,По событию | Timestamp + actor/channel/evidence. expires_at только если утверждён policy.,,,,TRUE,TRUE,M01_CASA_Pro_Client_and_Consent_Implementation_and_Acceptance_v1.1,§7 Consent model,SRC-DOC-M01-I-00088,Поле / объект: granted_at / revoked_at; Обязательно: По событию; Implementation rule: Timestamp + actor/channel/evidence. expires_at только если утверждён policy.
DC-M01-CAN-0013,M01,consent,SPOUSE,consent.spouse,,,,,,,M01,Супруг; семейная связь не равна созаёмщику. | false до явного выбора и допустимого downstream scope. | Не наследует consent основного заёмщика; данные не загружаются без собственного основания.,Супруг; семейная связь не равна созаёмщику. | false до явного выбора и допустимого downstream scope. | Не наследует consent основного заёмщика; данные не загружаются без собственного основания.,,,,,M01_CASA_Pro_Client_and_Consent_Implementation_and_Acceptance_v1.1,§6 Роли участников,SRC-DOC-M01-I-00070,Роль / связь: SPOUSE; Смысл: Супруг; семейная связь не равна созаёмщику.; included_in_analysis: false до явного выбора и допустимого downstream scope.; Consent / данные: Не наследует consent основного заёмщика; данные не загружаются без собственного основания.
DC-M01-CAN-0014,M01,consent,status,consent.status,,,,TRUE,,,M01,Да | Active/expired/revoked/superseded conditions различаются; transitions append-only.,,,Да | Active/expired/revoked/superseded conditions различаются; transitions append-only.,,,M01_CASA_Pro_Client_and_Consent_Implementation_and_Acceptance_v1.1,§7 Consent model,SRC-DOC-M01-I-00087,Поле / объект: status + status history; Обязательно: Да; Implementation rule: Active/expired/revoked/superseded conditions различаются; transitions append-only.
DC-M01-CAN-0015,M01,consent,status history,consent.status_history,,,,TRUE,,,M01,Да | Active/expired/revoked/superseded conditions различаются; transitions append-only.,,,Да | Active/expired/revoked/superseded conditions различаются; transitions append-only.,,,M01_CASA_Pro_Client_and_Consent_Implementation_and_Acceptance_v1.1,§7 Consent model,SRC-DOC-M01-I-00087,Поле / объект: status + status history; Обязательно: Да; Implementation rule: Active/expired/revoked/superseded conditions различаются; transitions append-only.
DC-M01-CAN-0016,M01,consent,Версия и время,consent.версия_и_время,,,,,,,M01,consent text version; confirmed_at; renewal reason/expiry only if approved policy.,,,consent text version; confirmed_at; renewal reason/expiry only if approved policy.,,,M01_CASA_Pro_Client_and_Consent_Implementation_and_Acceptance_v1.1,B. Согласие,SRC-DOC-M01-I-00215,Блок: Версия и время; Показывать: consent text version; confirmed_at; renewal reason/expiry only if approved policy.
DC-M01-CAN-0017,M01,consent,Предупреждение,consent.предупреждение,,,,,,,M01,Текущий consent не предоставляет CASA direct bureau/ENPF access и не разрешает credentials.,Текущий consent не предоставляет CASA direct bureau/ENPF access и не разрешает credentials.,,,,,M01_CASA_Pro_Client_and_Consent_Implementation_and_Acceptance_v1.1,B. Согласие,SRC-DOC-M01-I-00218,Блок: Предупреждение; Показывать: Текущий consent не предоставляет CASA direct bureau/ENPF access и не разрешает credentials.
DC-M01-CAN-0018,M01,consent_evidence,consent evidence/status events,consent_evidence.consent_evidence_status_events,,,,,,,M01,Да | Grant/revoke/expire/supersede — новые events/refs. | Granted evidence не редактируется.,Да | Grant/revoke/expire/supersede — новые events/refs. | Granted evidence не редактируется.,,Да | Grant/revoke/expire/supersede — новые events/refs. | Granted evidence не редактируется.,TRUE,TRUE,M01_CASA_Pro_Client_and_Consent_Implementation_and_Acceptance_v1.1,§15 Versioning / immutability,SRC-DOC-M01-I-00186,Объект: consent evidence/status events; Immutable: Да; Versioned change: Grant/revoke/expire/supersede — новые events/refs.; Historical rule: Granted evidence не редактируется.
DC-M01-CAN-0019,M01,identity_version,identity,identity_version.identity,,,,TRUE,,,M01,participant-bound logical identity | Ссылка на current identity_version; не перепривязывает historical objects.,participant-bound logical identity | Ссылка на current identity_version; не перепривязывает historical objects.,,participant-bound logical identity | Ссылка на current identity_version; не перепривязывает historical objects.,,,M01_CASA_Pro_Client_and_Consent_Implementation_and_Acceptance_v1.1,§5 Модель case / participant / identity,SRC-DOC-M01-I-00060,Объект: identity; Scope / изменяемость: participant-bound logical identity; Обязательный контракт: Ссылка на current identity_version; не перепривязывает historical objects.
DC-M01-CAN-0020,M01,identity_version,identity_version_id,identity_version.identity_version_id,,,,TRUE,,,M01,Да | Mismatch/new identity блокирует action до нового допустимого consent.,,,Да | Mismatch/new identity блокирует action до нового допустимого consent.,,,M01_CASA_Pro_Client_and_Consent_Implementation_and_Acceptance_v1.1,§7 Consent model,SRC-DOC-M01-I-00084,Поле / объект: identity_version_id; Обязательно: Да; Implementation rule: Mismatch/new identity блокирует action до нового допустимого consent.
DC-M01-CAN-0021,M01,identity_version,Идентичность,identity_version.идентичность,,,,,,,M01,ФИО + masked ИИН/идентификатор + identity version/status.,,,ФИО + masked ИИН/идентификатор + identity version/status.,,,M01_CASA_Pro_Client_and_Consent_Implementation_and_Acceptance_v1.1,A. Клиент,SRC-DOC-M01-I-00207,Элемент: Идентичность; Показывать: ФИО + masked ИИН/идентификатор + identity version/status.
DC-M01-CAN-0022,M01,identity_version,Редактирование,identity_version.редактирование,,,,,,,M01,CTA только для разрешённых полей; critical identifier correction создаёт новую identity version.,,,CTA только для разрешённых полей; critical identifier correction создаёт новую identity version.,,,M01_CASA_Pro_Client_and_Consent_Implementation_and_Acceptance_v1.1,A. Клиент,SRC-DOC-M01-I-00210,Элемент: Редактирование; Показывать: CTA только для разрешённых полей; critical identifier correction создаёт новую identity version.
DC-M01-CAN-0023,M01,participant,assignment/access,participant.assignment_access,,,,TRUE,,,M01,tenant+case scoped | Пользователь/роль/назначение/action permission; deny-by-default и audit отказа.,,,,,,M01_CASA_Pro_Client_and_Consent_Implementation_and_Acceptance_v1.1,§5 Модель case / participant / identity,SRC-DOC-M01-I-00063,Объект: assignment/access; Scope / изменяемость: tenant+case scoped; Обязательный контракт: Пользователь/роль/назначение/action permission; deny-by-default и audit отказа.
DC-M01-CAN-0024,M01,participant,audit_event,participant.audit_event,,"actor, action, object reference, time, reason и before/after/version refs без лишней PII.",,TRUE,,,M01,"append-only | actor, action, object reference, time, reason и before/after/version refs без лишней PII.",,,"append-only | actor, action, object reference, time, reason и before/after/version refs без лишней PII.",,,M01_CASA_Pro_Client_and_Consent_Implementation_and_Acceptance_v1.1,§5 Модель case / participant / identity,SRC-DOC-M01-I-00064,"Объект: audit_event; Scope / изменяемость: append-only; Обязательный контракт: actor, action, object reference, time, reason и before/after/version refs без лишней PII."
DC-M01-CAN-0025,M01,participant,case_id,participant.case_id,,,,TRUE,,,M01,Да | Согласие принадлежит одному субъекту в одном контуре; AT-CC-003/006.,,,,,,M01_CASA_Pro_Client_and_Consent_Implementation_and_Acceptance_v1.1,§7 Consent model,SRC-DOC-M01-I-00083,Поле / объект: participant_id + case_id + tenant_id; Обязательно: Да; Implementation rule: Согласие принадлежит одному субъекту в одном контуре; AT-CC-003/006.
DC-M01-CAN-0026,M01,participant,consent,participant.consent,,,,TRUE,,,M01,"participant+identity+purpose-bound; versioned | consent_id, exact participant/identity/text/purpose/evidence/status; отдельный lifecycle.",,,"participant+identity+purpose-bound; versioned | consent_id, exact participant/identity/text/purpose/evidence/status; отдельный lifecycle.",TRUE,TRUE,M01_CASA_Pro_Client_and_Consent_Implementation_and_Acceptance_v1.1,§5 Модель case / participant / identity,SRC-DOC-M01-I-00062,"Объект: consent; Scope / изменяемость: participant+identity+purpose-bound; versioned; Обязательный контракт: consent_id, exact participant/identity/text/purpose/evidence/status; отдельный lifecycle."
DC-M01-CAN-0027,M01,participant,mortgage_case,participant.mortgage_case,,,,TRUE,,,M01,"tenant-owned; versioned status | unique case_id, tenant_id, created_by/at, assignment/status references; не контейнер для чужих участников.","tenant-owned; versioned status | unique case_id, tenant_id, created_by/at, assignment/status references; не контейнер для чужих участников.",,"tenant-owned; versioned status | unique case_id, tenant_id, created_by/at, assignment/status references; не контейнер для чужих участников.",,,M01_CASA_Pro_Client_and_Consent_Implementation_and_Acceptance_v1.1,§5 Модель case / participant / identity,SRC-DOC-M01-I-00058,"Объект: mortgage_case; Scope / изменяемость: tenant-owned; versioned status; Обязательный контракт: unique case_id, tenant_id, created_by/at, assignment/status references; не контейнер для чужих участников."
DC-M01-CAN-0028,M01,participant,participant_id,participant.participant_id,,,,TRUE,,,M01,Да | Согласие принадлежит одному субъекту в одном контуре; AT-CC-003/006.,,,,,,M01_CASA_Pro_Client_and_Consent_Implementation_and_Acceptance_v1.1,§7 Consent model,SRC-DOC-M01-I-00083,Поле / объект: participant_id + case_id + tenant_id; Обязательно: Да; Implementation rule: Согласие принадлежит одному субъекту в одном контуре; AT-CC-003/006.
DC-M01-CAN-0029,M01,participant,participant role relation,participant.participant_role_relation,,,,,,,M01,История неизменна | Новая revision с actor/reason/effective time. | Published snapshots сохраняют прежнюю роль.,,,История неизменна | Новая revision с actor/reason/effective time. | Published snapshots сохраняют прежнюю роль.,,,M01_CASA_Pro_Client_and_Consent_Implementation_and_Acceptance_v1.1,§15 Versioning / immutability,SRC-DOC-M01-I-00187,Объект: participant role relation; Immutable: История неизменна; Versioned change: Новая revision с actor/reason/effective time.; Historical rule: Published snapshots сохраняют прежнюю роль.
DC-M01-CAN-0030,M01,participant,PRIMARY_BORROWER,participant.primary_borrower,,,,,,,M01,Основной заёмщик; отдельный participant. | Да для своего профиля после gates. | Собственный identity и consent lifecycle.,,,,,,M01_CASA_Pro_Client_and_Consent_Implementation_and_Acceptance_v1.1,§6 Роли участников,SRC-DOC-M01-I-00069,Роль / связь: PRIMARY_BORROWER; Смысл: Основной заёмщик; отдельный participant.; included_in_analysis: Да для своего профиля после gates.; Consent / данные: Собственный identity и consent lifecycle.
DC-M01-CAN-0031,M01,participant,tenant,participant.tenant,,,,TRUE,,,M01,Контур владения | Каждый case/participant/consent/evidence/audit имеет tenant ownership; cross-tenant access запрещён.,Контур владения | Каждый case/participant/consent/evidence/audit имеет tenant ownership; cross-tenant access запрещён.,,,TRUE,TRUE,M01_CASA_Pro_Client_and_Consent_Implementation_and_Acceptance_v1.1,§5 Модель case / participant / identity,SRC-DOC-M01-I-00057,Объект: tenant; Scope / изменяемость: Контур владения; Обязательный контракт: Каждый case/participant/consent/evidence/audit имеет tenant ownership; cross-tenant access запрещён.
DC-M01-CAN-0032,M01,participant,tenant_id,participant.tenant_id,,,,TRUE,,,M01,Да | Согласие принадлежит одному субъекту в одном контуре; AT-CC-003/006.,,,,,,M01_CASA_Pro_Client_and_Consent_Implementation_and_Acceptance_v1.1,§7 Consent model,SRC-DOC-M01-I-00083,Поле / объект: participant_id + case_id + tenant_id; Обязательно: Да; Implementation rule: Согласие принадлежит одному субъекту в одном контуре; AT-CC-003/006.
DC-M02-CAN-0001,M02,client_check_batch,completed,client_check_batch.completed,,,,,,COMPLETED,M02,"Только terminal, fresh, evidence-valid per-source result с допустимым outcome.",,"Только terminal, fresh, evidence-valid per-source result с допустимым outcome.",,TRUE,TRUE,M02_CASA_Pro_IIN_Check_R0_Implementation_and_Acceptance_v1.0,§9 Batch и coverage,SRC-DOC-M02-I-00104,"Объект/поле: completed; Правило: Только terminal, fresh, evidence-valid per-source result с допустимым outcome."
DC-M02-CAN-0002,M02,client_check_batch,found,client_check_batch.found,,,,,,COMPLETED,M02,completed + found; факт не меняет банковский verdict.,completed + found; факт не меняет банковский verdict.,,,,,M02_CASA_Pro_IIN_Check_R0_Implementation_and_Acceptance_v1.0,§9 Batch и coverage,SRC-DOC-M02-I-00106,Объект/поле: found; Правило: completed + found; факт не меняет банковский verdict.
DC-M02-CAN-0003,M02,client_check_batch,manual/unavailable/blocked/stale,client_check_batch.manual_unavailable_blocked_stale,,,,,,BLOCKED|STALE,M02,Отдельные счётчики; каждый исключает COMPLETE_NO_RECORDS.,,,,,,M02_CASA_Pro_IIN_Check_R0_Implementation_and_Acceptance_v1.0,§9 Batch и coverage,SRC-DOC-M02-I-00107,Объект/поле: manual/unavailable/blocked/stale; Правило: Отдельные счётчики; каждый исключает COMPLETE_NO_RECORDS.
DC-M02-CAN-0004,M02,client_check_batch,overall_status,client_check_batch.overall_status,,,,,,,M02,Детерминированно выводится из results; пользователь не выбирает общий исход вручную.,Детерминированно выводится из results; пользователь не выбирает общий исход вручную.,,,,,M02_CASA_Pro_IIN_Check_R0_Implementation_and_Acceptance_v1.0,§9 Batch и coverage,SRC-DOC-M02-I-00108,Объект/поле: overall_status; Правило: Детерминированно выводится из results; пользователь не выбирает общий исход вручную.
DC-M02-CAN-0005,M02,client_check_batch,proven_negative,client_check_batch.proven_negative,,,,,TRUE,COMPLETED|ZERO,M02,completed + source-specific documented not_found/zero; не empty/null/error.,completed + source-specific documented not_found/zero; не empty/null/error.,,,TRUE,,M02_CASA_Pro_IIN_Check_R0_Implementation_and_Acceptance_v1.0,§9 Batch и coverage,SRC-DOC-M02-I-00105,Объект/поле: proven_negative; Правило: completed + source-specific documented not_found/zero; не empty/null/error.
DC-M02-CAN-0006,M02,consent,error.category,consent.error.category,,,,,,,M02,validation | consent | access | auth | captcha | rate_limit | upstream | schema | evidence | internal,,validation | consent | access | auth | captcha | rate_limit | upstream | schema | evidence | internal,,TRUE,TRUE,CASA_Pro_IIN_Check_Final_Spec_KZ_2026-08-21,§8.3 Enum и инварианты,SRC-DOC-M02-P-00367,Поле: error.category; Допустимые значения: validation | consent | access | auth | captcha | rate_limit | upstream | schema | evidence | internal
DC-M02-CAN-0007,M02,consent,required_total,consent.required_total,,,,TRUE,,,M02,Количество активных required check_type в frozen manifest batch; conditional входит только после доказанного условия и consent scope.,,,,,TRUE,M02_CASA_Pro_IIN_Check_R0_Implementation_and_Acceptance_v1.0,§9 Batch и coverage,SRC-DOC-M02-I-00103,Объект/поле: required_total; Правило: Количество активных required check_type в frozen manifest batch; conditional входит только после доказанного условия и consent scope.
DC-M02-CAN-0008,M02,consent,status,consent.status,,,,TRUE,,COMPLETED|STALE,M02,queued | running | completed | manual_required | consent_required | source_unavailable | stale | legal_unconfirmed | access_required | not_allowed | error,,,,TRUE,,CASA_Pro_IIN_Check_Final_Spec_KZ_2026-08-21,§8.3 Enum и инварианты,SRC-DOC-M02-P-00363,Поле: status; Допустимые значения: queued | running | completed | manual_required | consent_required | source_unavailable | stale | legal_unconfirmed | access_required | not_allowed | error
DC-M02-CAN-0009,M02,manual_check_task,assignee/created_at/due/expiry,manual_check_task.assignee_created_at_due_expiry,,,,,,,M02,Исполнитель и временные границы; истёкшая задача не остаётся fresh.,Исполнитель и временные границы; истёкшая задача не остаётся fresh.,,,,,M02_CASA_Pro_IIN_Check_R0_Implementation_and_Acceptance_v1.0,§11 Manual checks,SRC-DOC-M02-I-00142,Поле manual_check_task: assignee/created_at/due/expiry; Точное требование: Исполнитель и временные границы; истёкшая задача не остаётся fresh.
DC-M02-CAN-0010,M02,manual_check_task,checked_at/source_data_as_of/fresh_until,manual_check_task.checked_at_source_data_as_of_fresh_until,,,,,TRUE,UNKNOWN,M02,Три разные временные характеристики либо явный UNKNOWN.,,,,TRUE,,M02_CASA_Pro_IIN_Check_R0_Implementation_and_Acceptance_v1.0,§11 Manual checks,SRC-DOC-M02-I-00145,Поле manual_check_task: checked_at/source_data_as_of/fresh_until; Точное требование: Три разные временные характеристики либо явный UNKNOWN.
DC-M02-CAN-0011,M02,manual_check_task,comment/actor/audit,manual_check_task.comment_actor_audit,,"Подтверждающий actor, timestamp, before/after/reason/version.",,,,,M02,"Подтверждающий actor, timestamp, before/after/reason/version.",,,"Подтверждающий actor, timestamp, before/after/reason/version.",,,M02_CASA_Pro_IIN_Check_R0_Implementation_and_Acceptance_v1.0,§11 Manual checks,SRC-DOC-M02-I-00146,"Поле manual_check_task: comment/actor/audit; Точное требование: Подтверждающий actor, timestamp, before/after/reason/version."
DC-M02-CAN-0012,M02,manual_check_task,evidence/reference,manual_check_task.evidence_reference,,,,,,,M02,Разрешённый screenshot/document/reference/hash; без избыточных данных третьих лиц.,,,,TRUE,TRUE,M02_CASA_Pro_IIN_Check_R0_Implementation_and_Acceptance_v1.0,§11 Manual checks,SRC-DOC-M02-I-00144,Поле manual_check_task: evidence/reference; Точное требование: Разрешённый screenshot/document/reference/hash; без избыточных данных третьих лиц.
DC-M02-CAN-0013,M02,manual_check_task,instruction,manual_check_task.instruction,,,,,,,M02,"Кратко: что открыть, что ввести самому, какой исход и evidence зафиксировать.",,,,TRUE,TRUE,M02_CASA_Pro_IIN_Check_R0_Implementation_and_Acceptance_v1.0,§11 Manual checks,SRC-DOC-M02-I-00141,"Поле manual_check_task: instruction; Точное требование: Кратко: что открыть, что ввести самому, какой исход и evidence зафиксировать."
DC-M02-CAN-0014,M02,manual_check_task,official_url,manual_check_task.official_url,,,,,,,M02,Только базовый официальный URL; без ИИН в query/path/referrer.,,,,,,M02_CASA_Pro_IIN_Check_R0_Implementation_and_Acceptance_v1.0,§11 Manual checks,SRC-DOC-M02-I-00140,Поле manual_check_task: official_url; Точное требование: Только базовый официальный URL; без ИИН в query/path/referrer.
DC-M02-CAN-0015,M02,manual_check_task,source/check_type,manual_check_task.source_check_type,,,,,,,M02,Ссылка на frozen registry/manifest и конкретный ожидаемый факт.,,,,TRUE,,M02_CASA_Pro_IIN_Check_R0_Implementation_and_Acceptance_v1.0,§11 Manual checks,SRC-DOC-M02-I-00139,Поле manual_check_task: source/check_type; Точное требование: Ссылка на frozen registry/manifest и конкретный ожидаемый факт.
DC-M02-CAN-0016,M02,manual_check_task,status/outcome,manual_check_task.status_outcome,,,,,,,M02,Task state отдельно от observed result; not_found доступен только по допустимому manual contract.,,,,,,M02_CASA_Pro_IIN_Check_R0_Implementation_and_Acceptance_v1.0,§11 Manual checks,SRC-DOC-M02-I-00143,Поле manual_check_task: status/outcome; Точное требование: Task state отдельно от observed result; not_found доступен только по допустимому manual contract.
DC-M03-CAN-0001,M03,consent,Consent,consent.consent,,,,,,,M03,"CH-001–010 | CH-001, CH-005–010",,,"CH-001–010 | CH-001, CH-005–010",,,M03_CASA_Pro_Credit_History_Implementation_and_Acceptance_v1.1,§19 Regression tests,SRC-DOC-M03-I-00356,"Блок: Consent / intake / security / versions; Production Test IDs: CH-001–010; Acceptance Test IDs: CH-001, CH-005–010"
DC-M03-CAN-0002,M03,consent,intake,consent.intake,,,,,,,M03,"CH-001–010 | CH-001, CH-005–010",,,"CH-001–010 | CH-001, CH-005–010",,,M03_CASA_Pro_Credit_History_Implementation_and_Acceptance_v1.1,§19 Regression tests,SRC-DOC-M03-I-00356,"Блок: Consent / intake / security / versions; Production Test IDs: CH-001–010; Acceptance Test IDs: CH-001, CH-005–010"
DC-M03-CAN-0003,M03,consent,security,consent.security,,,,,,,M03,"CH-001–010 | CH-001, CH-005–010",,,"CH-001–010 | CH-001, CH-005–010",,,M03_CASA_Pro_Credit_History_Implementation_and_Acceptance_v1.1,§19 Regression tests,SRC-DOC-M03-I-00356,"Блок: Consent / intake / security / versions; Production Test IDs: CH-001–010; Acceptance Test IDs: CH-001, CH-005–010"
DC-M03-CAN-0004,M03,consent,versions,consent.versions,,,,,,,M03,"CH-001–010 | CH-001, CH-005–010",,,"CH-001–010 | CH-001, CH-005–010",,,M03_CASA_Pro_Credit_History_Implementation_and_Acceptance_v1.1,§19 Regression tests,SRC-DOC-M03-I-00356,"Блок: Consent / intake / security / versions; Production Test IDs: CH-001–010; Acceptance Test IDs: CH-001, CH-005–010"
DC-M03-CAN-0005,M03,consent,Вход,consent.вход,,,,,,,M03,Ручно загруженный PDF ПКО при consent; без личных кабинетов/ЭЦП/паролей,,,,,,CASA_Pro_Credit_History_Engine_Final_Spec_KZ_2026-08-21,§21.1 Manifest v1,SRC-DOC-M03-P-00776,Параметр: Вход; Финальное решение: Ручно загруженный PDF ПКО при consent; без личных кабинетов/ЭЦП/паролей
DC-M03-CAN-0006,M03,credit_history_snapshot,Выход,credit_history_snapshot.выход,,,,,,,M03,"Immutable credit_history_snapshot с current/historical profiles, quality и evidence",,,"Immutable credit_history_snapshot с current/historical profiles, quality и evidence",TRUE,TRUE,CASA_Pro_Credit_History_Engine_Final_Spec_KZ_2026-08-21,§21.1 Manifest v1,SRC-DOC-M03-P-00784,"Параметр: Выход; Финальное решение: Immutable credit_history_snapshot с current/historical profiles, quality и evidence"
DC-M03-CAN-0007,M03,credit_obligation,credit_obligation_lineage,credit_obligation.credit_obligation_lineage,,,,,,,M03,"Каноническая экономическая линия долга | Текущий долг считается здесь, не по source rows","Каноническая экономическая линия долга | Текущий долг считается здесь, не по source rows",,,TRUE,,CASA_Pro_Credit_History_Engine_Final_Spec_KZ_2026-08-21,§8.1 Сущности,SRC-DOC-M03-P-00307,"Сущность: credit_obligation_lineage; Назначение: Каноническая экономическая линия долга; Ключевой инвариант: Текущий долг считается здесь, не по source rows"
DC-M03-CAN-0008,M03,credit_obligation,credit_obligation_record_link,credit_obligation.credit_obligation_record_link,,,,,,,M03,"Решение merge/split с основанием | Обратимо, версионно, аудируемо",,,,,,CASA_Pro_Credit_History_Engine_Final_Spec_KZ_2026-08-21,§8.1 Сущности,SRC-DOC-M03-P-00308,"Сущность: credit_obligation_record_link; Назначение: Решение merge/split с основанием; Ключевой инвариант: Обратимо, версионно, аудируемо"
DC-M03-CAN-0009,M03,credit_obligation,Активные карты,credit_obligation.активные_карты,,,,TRUE,,,M03,"2|Лимит и использование — отдельными строками.|Отдельной таблицы обязательств и карточных полей на экране нет.|ADD|PDF содержит две активные карты, но broker не видит limit/utilized/outstanding/minimum payment отдельно.|Две отдельные строки карт; подписанные limit, utilized, текущий остаток, reported/minimum payment и frequency.|M03 §10; CH-032/035/038/046/089","Отдельной таблицы обязательств и карточных полей на экране нет.|ADD|PDF содержит две активные карты, но broker не видит limit/utilized/outstanding/minimum payment отдельно.|Две отдельные строки карт; подписанные limit, utilized, текущий остаток, reported/minimum payment и frequency.|M03 §10; CH-032/035/038/046/089",,,TRUE,,M03_CASA_Pro_Credit_History_Implementation_and_Acceptance_v1.1,Карточка «Текущие обязательства»|KEEP / CHANGE / REMOVE / ADD,SRC-DOC-M03-I-00097|SRC-DOC-M03-I-00386,"Показатель: Активные карты; Пример для fixture: 2; Правило отображения: Лимит и использование — отдельными строками.|Элемент: Активные карты; Что известно сейчас: Отдельной таблицы обязательств и карточных полей на экране нет.; Решение: ADD; Почему: PDF содержит две активные карты, но broker не видит limit/utilized/outstanding/minimum payment отдельно.; Как должно быть: Две отдельные строки карт; подписанные limit, utilized, текущий остаток, reported/minimum payment и frequency.; Источник: M03 §10; CH-032/035/038/046/089"
DC-M03-CAN-0010,M03,credit_obligation,Активные МФО,credit_obligation.активные_мфо,,,,,,,M03,0 | Закрытые 24 source records остаются в истории.,,,,TRUE,,M03_CASA_Pro_Credit_History_Implementation_and_Acceptance_v1.1,Карточка «Текущие обязательства»,SRC-DOC-M03-I-00098,Показатель: Активные МФО; Пример для fixture: 0; Правило отображения: Закрытые 24 source records остаются в истории.
DC-M03-CAN-0011,M03,credit_obligation,Активные обязательства,credit_obligation.активные_обязательства,,,,TRUE,TRUE,UNKNOWN,M03,"Таблица кредиторов, типов, остатков, платежей, current DPD и качества.|Не заменять UNKNOWN нулём.|3|Только ACTIVE canonical lineages соответствующей роли.","Таблица кредиторов, типов, остатков, платежей, current DPD и качества.|Не заменять UNKNOWN нулём.",,,,,M03_CASA_Pro_Credit_History_Implementation_and_Acceptance_v1.1,B–F. Основные блоки|Карточка «Текущие обязательства»,SRC-DOC-M03-I-00084|SRC-DOC-M03-I-00093,"Блок: Активные обязательства; Что показывает: Таблица кредиторов, типов, остатков, платежей, current DPD и качества.; Запрет: Не заменять UNKNOWN нулём.|Показатель: Активные обязательства; Пример для fixture: 3; Правило отображения: Только ACTIVE canonical lineages соответствующей роли."
DC-M03-CAN-0012,M03,credit_obligation,История,credit_obligation.история,,,,TRUE,,,M03,"В одной компактной таблице смешаны поля документа, counts действующих/завершённых договоров и lifetime DPD. | ADD / CHANGE | Брокер не видит отдельную картину «сейчас» и «раньше». | Две отдельные карточки/раздела; закрытые записи и lifetime DPD только в «Истории». | M03 §§6–9; AT-CH-UX-001","В одной компактной таблице смешаны поля документа, counts действующих/завершённых договоров и lifetime DPD. | ADD / CHANGE | Брокер не видит отдельную картину «сейчас» и «раньше». | Две отдельные карточки/раздела; закрытые записи и lifetime DPD только в «Истории». | M03 §§6–9; AT-CH-UX-001",,,TRUE,,M03_CASA_Pro_Credit_History_Implementation_and_Acceptance_v1.1,KEEP / CHANGE / REMOVE / ADD,SRC-DOC-M03-I-00383,"Элемент: Текущие обязательства / История; Что известно сейчас: В одной компактной таблице смешаны поля документа, counts действующих/завершённых договоров и lifetime DPD.; Решение: ADD / CHANGE; Почему: Брокер не видит отдельную картину «сейчас» и «раньше».; Как должно быть: Две отдельные карточки/раздела; закрытые записи и lifetime DPD только в «Истории».; Источник: M03 §§6–9; AT-CH-UX-001"
DC-M03-CAN-0013,M03,credit_obligation,Платежи из отчёта,credit_obligation.платежи_из_отчёта,,,KZT,,,,M03,"211 711,02 ₸ | Всегда пометка «из отчёта»; не банковский КДН.","211 711,02 ₸ | Всегда пометка «из отчёта»; не банковский КДН.",,,,,M03_CASA_Pro_Credit_History_Implementation_and_Acceptance_v1.1,Карточка «Текущие обязательства»,SRC-DOC-M03-I-00095,"Показатель: Платежи из отчёта; Пример для fixture: 211 711,02 ₸; Правило отображения: Всегда пометка «из отчёта»; не банковский КДН."
DC-M03-CAN-0014,M03,credit_obligation,Текущая просрочка,credit_obligation.текущая_просрочка,,,,TRUE,,,M03,"0 обязательств; max current DPD = 0|Показывать ноль только при известных/подтверждённых current DPD всех значимых active lines.|Показано «Действующие договоры с просрочкой = 1»; рядом сказано, что current и history не смешиваются.|CHANGE — CRITICAL|В активных строках этого PDF current DPD=0; fixture ожидает count=0 и max current DPD=0. Значение 1 нельзя выдавать как текущую просрочку.|Current: «Просрочено сейчас: 0 обязательств; максимум 0 дней». Historical fact вынести в «Историю».|PKO.pdf p.2; AT-CH-BUG-001; CH-053","Показано «Действующие договоры с просрочкой = 1»; рядом сказано, что current и history не смешиваются.|CHANGE — CRITICAL|В активных строках этого PDF current DPD=0; fixture ожидает count=0 и max current DPD=0. Значение 1 нельзя выдавать как текущую просрочку.|Current: «Просрочено сейчас: 0 обязательств; максимум 0 дней». Historical fact вынести в «Историю».|PKO.pdf p.2; AT-CH-BUG-001; CH-053",,,TRUE,,M03_CASA_Pro_Credit_History_Implementation_and_Acceptance_v1.1,Карточка «Текущие обязательства»|KEEP / CHANGE / REMOVE / ADD,SRC-DOC-M03-I-00096|SRC-DOC-M03-I-00384,"Показатель: Текущая просрочка; Пример для fixture: 0 обязательств; max current DPD = 0; Правило отображения: Показывать ноль только при известных/подтверждённых current DPD всех значимых active lines.|Элемент: Текущая просрочка; Что известно сейчас: Показано «Действующие договоры с просрочкой = 1»; рядом сказано, что current и history не смешиваются.; Решение: CHANGE — CRITICAL; Почему: В активных строках этого PDF current DPD=0; fixture ожидает count=0 и max current DPD=0. Значение 1 нельзя выдавать как текущую просрочку.; Как должно быть: Current: «Просрочено сейчас: 0 обязательств; максимум 0 дней». Historical fact вынести в «Историю».; Источник: PKO.pdf p.2; AT-CH-BUG-001; CH-053"
DC-M03-CAN-0015,M03,credit_obligation,Текущие обязательства,credit_obligation.текущие_обязательства,,,,TRUE,,,M03,"Нейтральные totals и только актуальные канонические линии.|Не смешивать закрытые/уступленные записи.|В одной компактной таблице смешаны поля документа, counts действующих/завершённых договоров и lifetime DPD.|ADD / CHANGE|Брокер не видит отдельную картину «сейчас» и «раньше».|Две отдельные карточки/раздела; закрытые записи и lifetime DPD только в «Истории».|M03 §§6–9; AT-CH-UX-001","Нейтральные totals и только актуальные канонические линии.|Не смешивать закрытые/уступленные записи.|В одной компактной таблице смешаны поля документа, counts действующих/завершённых договоров и lifetime DPD.|ADD / CHANGE|Брокер не видит отдельную картину «сейчас» и «раньше».|Две отдельные карточки/раздела; закрытые записи и lifetime DPD только в «Истории».|M03 §§6–9; AT-CH-UX-001",,,TRUE,,M03_CASA_Pro_Credit_History_Implementation_and_Acceptance_v1.1,B–F. Основные блоки|KEEP / CHANGE / REMOVE / ADD,SRC-DOC-M03-I-00083|SRC-DOC-M03-I-00383,"Блок: Текущие обязательства; Что показывает: Нейтральные totals и только актуальные канонические линии.; Запрет: Не смешивать закрытые/уступленные записи.|Элемент: Текущие обязательства / История; Что известно сейчас: В одной компактной таблице смешаны поля документа, counts действующих/завершённых договоров и lifetime DPD.; Решение: ADD / CHANGE; Почему: Брокер не видит отдельную картину «сейчас» и «раньше».; Как должно быть: Две отдельные карточки/раздела; закрытые записи и lifetime DPD только в «Истории».; Источник: M03 §§6–9; AT-CH-UX-001"
DC-M03-CAN-0016,M03,credit_obligation,Текущий остаток,credit_obligation.текущий_остаток,,,KZT,,TRUE,UNKNOWN,M03,"4 737 798,64 ₸ | Точно по валюте; если critical amount UNKNOWN — итог UNKNOWN.",,,,,,M03_CASA_Pro_Credit_History_Implementation_and_Acceptance_v1.1,Карточка «Текущие обязательства»,SRC-DOC-M03-I-00094,"Показатель: Текущий остаток; Пример для fixture: 4 737 798,64 ₸; Правило отображения: Точно по валюте; если critical amount UNKNOWN — итог UNKNOWN."
DC-M03-CAN-0017,M03,credit_report,credit_report_balance_component,credit_report.credit_report_balance_component,,,,,,,M03,Компонент баланса: current/overdue/written_off/forgiven | Ключ type+as_of+currency,,,,,,CASA_Pro_Credit_History_Engine_Final_Spec_KZ_2026-08-21,§8.1 Сущности,SRC-DOC-M03-P-00302,Сущность: credit_report_balance_component; Назначение: Компонент баланса: current/overdue/written_off/forgiven; Ключевой инвариант: Ключ type+as_of+currency
DC-M03-CAN-0018,M03,credit_report,credit_report_contract_record,credit_report.credit_report_contract_record,,,,,,,M03,Один напечатанный блок договора | Никогда не удаляется после dedup,Один напечатанный блок договора | Никогда не удаляется после dedup,,,,,CASA_Pro_Credit_History_Engine_Final_Spec_KZ_2026-08-21,§8.1 Сущности,SRC-DOC-M03-P-00301,Сущность: credit_report_contract_record; Назначение: Один напечатанный блок договора; Ключевой инвариант: Никогда не удаляется после dedup
DC-M03-CAN-0019,M03,credit_report,credit_report_delinquency_observation,credit_report.credit_report_delinquency_observation,,,MONTH,TRUE,,,M03,"Current, lifetime max или monthly наблюдение | observation_kind обязателен",,,,,,CASA_Pro_Credit_History_Engine_Final_Spec_KZ_2026-08-21,§8.1 Сущности,SRC-DOC-M03-P-00303,"Сущность: credit_report_delinquency_observation; Назначение: Current, lifetime max или monthly наблюдение; Ключевой инвариант: observation_kind обязателен"
DC-M03-CAN-0020,M03,credit_report,credit_report_document,credit_report.credit_report_document,,,,,,,M03,Логический отчёт в деле | Не хранит mutable extraction,Логический отчёт в деле | Не хранит mutable extraction,,,,,CASA_Pro_Credit_History_Engine_Final_Spec_KZ_2026-08-21,§8.1 Сущности,SRC-DOC-M03-P-00294,Сущность: credit_report_document; Назначение: Логический отчёт в деле; Ключевой инвариант: Не хранит mutable extraction
DC-M03-CAN-0021,M03,credit_report,credit_report_document_version,credit_report.credit_report_document_version,,,,,,,M03,"Immutable байты, hash, metadata, статусы | Версия всегда привязана к case/participant; SHA-256 даёт duplicate signal, но не склеивает дела","Immutable байты, hash, metadata, статусы | Версия всегда привязана к case/participant; SHA-256 даёт duplicate signal, но не склеивает дела",,"Immutable байты, hash, metadata, статусы | Версия всегда привязана к case/participant; SHA-256 даёт duplicate signal, но не склеивает дела",,,CASA_Pro_Credit_History_Engine_Final_Spec_KZ_2026-08-21,§8.1 Сущности,SRC-DOC-M03-P-00295,"Сущность: credit_report_document_version; Назначение: Immutable байты, hash, metadata, статусы; Ключевой инвариант: Версия всегда привязана к case/participant; SHA-256 даёт duplicate signal, но не склеивает дела"
DC-M03-CAN-0022,M03,credit_report,credit_report_embedded_external_fact,credit_report.credit_report_embedded_external_fact,,,,,,,M03,Госсведение внутри ПКО | Не входит в credit metrics,Госсведение внутри ПКО | Не входит в credit metrics,,,,,CASA_Pro_Credit_History_Engine_Final_Spec_KZ_2026-08-21,§8.1 Сущности,SRC-DOC-M03-P-00306,Сущность: credit_report_embedded_external_fact; Назначение: Госсведение внутри ПКО; Ключевой инвариант: Не входит в credit metrics
DC-M03-CAN-0023,M03,credit_report,credit_report_evidence,credit_report.credit_report_evidence,,,,,,,M03,Ссылка на page+bbox+render crop+text span+hash | Любой факт имеет evidence,,,,TRUE,TRUE,CASA_Pro_Credit_History_Engine_Final_Spec_KZ_2026-08-21,§8.1 Сущности,SRC-DOC-M03-P-00298,Сущность: credit_report_evidence; Назначение: Ссылка на page+bbox+render crop+text span+hash; Ключевой инвариант: Любой факт имеет evidence
DC-M03-CAN-0024,M03,credit_report,credit_report_extracted_field,credit_report.credit_report_extracted_field,,,,,,,M03,Raw/normalized/presence/confidence/validation/review | Исправление создаёт новую revision,,Raw/normalized/presence/confidence/validation/review | Исправление создаёт новую revision,,,,CASA_Pro_Credit_History_Engine_Final_Spec_KZ_2026-08-21,§8.1 Сущности,SRC-DOC-M03-P-00299,Сущность: credit_report_extracted_field; Назначение: Raw/normalized/presence/confidence/validation/review; Ключевой инвариант: Исправление создаёт новую revision
DC-M03-CAN-0025,M03,credit_report,credit_report_page,credit_report.credit_report_page,,,,,,,M03,"Страница, page role, text/OCR coverage, footer number | Непрерывная нумерация проверяется",,"Страница, page role, text/OCR coverage, footer number | Непрерывная нумерация проверяется",,,,CASA_Pro_Credit_History_Engine_Final_Spec_KZ_2026-08-21,§8.1 Сущности,SRC-DOC-M03-P-00296,"Сущность: credit_report_page; Назначение: Страница, page role, text/OCR coverage, footer number; Ключевой инвариант: Непрерывная нумерация проверяется"
DC-M03-CAN-0026,M03,credit_report,credit_report_parse_run,credit_report.credit_report_parse_run,,,,,,,M03,Запуск parser/OCR с версиями и метриками | Два run не перезаписываются,Запуск parser/OCR с версиями и метриками | Два run не перезаписываются,,,,,CASA_Pro_Credit_History_Engine_Final_Spec_KZ_2026-08-21,§8.1 Сущности,SRC-DOC-M03-P-00297,Сущность: credit_report_parse_run; Назначение: Запуск parser/OCR с версиями и метриками; Ключевой инвариант: Два run не перезаписываются
DC-M03-CAN-0027,M03,credit_report,credit_report_profile_snapshot,credit_report.credit_report_profile_snapshot,,,,,,,M03,Immutable current/historical profiles | Ссылка на exact document/parse/review/profile versions,,,Immutable current/historical profiles | Ссылка на exact document/parse/review/profile versions,,,CASA_Pro_Credit_History_Engine_Final_Spec_KZ_2026-08-21,§8.1 Сущности,SRC-DOC-M03-P-00311,Сущность: credit_report_profile_snapshot; Назначение: Immutable current/historical profiles; Ключевой инвариант: Ссылка на exact document/parse/review/profile versions
DC-M03-CAN-0028,M03,credit_report,credit_report_reconciliation_check,credit_report.credit_report_reconciliation_check,,,,,,VERIFIED,M03,Одна проверка итогов | Все critical checks PASS/WAIVED до verified snapshot,,Одна проверка итогов | Все critical checks PASS/WAIVED до verified snapshot,,,,CASA_Pro_Credit_History_Engine_Final_Spec_KZ_2026-08-21,§8.1 Сущности,SRC-DOC-M03-P-00310,Сущность: credit_report_reconciliation_check; Назначение: Одна проверка итогов; Ключевой инвариант: Все critical checks PASS/WAIVED до verified snapshot
DC-M03-CAN-0029,M03,credit_report,credit_report_summary_fact,credit_report.credit_report_summary_fact,,,,,,,M03,Напечатанные итоги/ПКР | Не CASA calculation,Напечатанные итоги/ПКР | Не CASA calculation,,,,,CASA_Pro_Credit_History_Engine_Final_Spec_KZ_2026-08-21,§8.1 Сущности,SRC-DOC-M03-P-00300,Сущность: credit_report_summary_fact; Назначение: Напечатанные итоги/ПКР; Ключевой инвариант: Не CASA calculation
DC-M03-CAN-0030,M03,participant,Владелец отчёта,participant.владелец_отчёта,,,,TRUE,,,M03,Всегда | Сверить маскированные ФИО/идентификатор с participant,,,,,,CASA_Pro_Credit_History_Engine_Final_Spec_KZ_2026-08-21,§13.1 Что подтверждает риелтор,SRC-DOC-M03-P-00474,"Объект: Владелец отчёта; Обязательно, если: Всегда; Действие: Сверить маскированные ФИО/идентификатор с participant"
DC-M04-CAN-0001,M04,external_source_registry,legal_basis_refs,external_source_registry.legal_basis_refs,,,,,,,M04,source registry IDs + effective dates,,,,TRUE,,03_CASA_Pro_Pension_Contribution_Engine_Final_Spec_KZ_2026-08-21,§10.2 Output contract,SRC-DOC-M04-P-00394,Поле: legal_basis_refs; Семантика: source registry IDs + effective dates
DC-M04-CAN-0002,M04,participant,pension_contribution_document,participant.pension_contribution_document,,,,,,,M04,Логический загруженный документ | participant/case/consent/purpose,,,,,,03_CASA_Pro_Pension_Contribution_Engine_Final_Spec_KZ_2026-08-21,§5 Каноническая модель данных,SRC-DOC-M04-P-00172,Entity: pension_contribution_document; Назначение: Логический загруженный документ; Ключевой контракт: participant/case/consent/purpose
DC-M04-CAN-0003,M04,pension_contribution_row,amount,pension_contribution_row.amount,,FieldValue<Money>,,,,ZERO,M04,FieldValue<Money> | Да | Decimal string; explicit zero distinct,,FieldValue<Money> | Да | Decimal string; explicit zero distinct,,,,03_CASA_Pro_Pension_Contribution_Engine_Final_Spec_KZ_2026-08-21,§5.2 Canonical contribution_record,SRC-DOC-M04-P-00212,Поле: amount; Тип: FieldValue<Money>; Critical: Да; Правило: Decimal string; explicit zero distinct
DC-M04-CAN-0004,M04,pension_contribution_row,contribution_period,pension_contribution_row.contribution_period,,,MONTH,,,,M04,FieldValue<month> | Да | Raw MMYYYY → YYYY-MM; never header period,,FieldValue<month> | Да | Raw MMYYYY → YYYY-MM; never header period,,,,03_CASA_Pro_Pension_Contribution_Engine_Final_Spec_KZ_2026-08-21,§5.2 Canonical contribution_record,SRC-DOC-M04-P-00201,Поле: contribution_period; Тип: FieldValue<month>; Critical: Да; Правило: Raw MMYYYY → YYYY-MM; never header period
DC-M04-CAN-0005,M04,pension_contribution_row,contribution_record,pension_contribution_row.contribution_record,,,,,,,M04,Одна напечатанная строка | N per parse; evidence + field envelopes,,,,TRUE,TRUE,03_CASA_Pro_Pension_Contribution_Engine_Final_Spec_KZ_2026-08-21,§5 Каноническая модель данных,SRC-DOC-M04-P-00175,Entity: contribution_record; Назначение: Одна напечатанная строка; Ключевой контракт: N per parse; evidence + field envelopes
DC-M04-CAN-0006,M04,pension_contribution_row,contribution_type,pension_contribution_row.contribution_type,,enum,,,TRUE,UNKNOWN,M04,enum | Да | OPV/OPPV/OPVR/DPV/PENALTY_*/UNKNOWN,,,,,,03_CASA_Pro_Pension_Contribution_Engine_Final_Spec_KZ_2026-08-21,§5.2 Canonical contribution_record,SRC-DOC-M04-P-00198,Поле: contribution_type; Тип: enum; Critical: Да; Правило: OPV/OPPV/OPVR/DPV/PENALTY_*/UNKNOWN
DC-M04-CAN-0007,M04,pension_contribution_row,correction_or_return_reference,pension_contribution_row.correction_or_return_reference,,string?,,,,,M04,string? | Нет | Link to original if source proves,,,,TRUE,,03_CASA_Pro_Pension_Contribution_Engine_Final_Spec_KZ_2026-08-21,"§5.3 contribution_record — quality, effect и evidence",SRC-DOC-M04-P-00224,Поле: correction_or_return_reference; Тип: string?; Critical: Нет; Правило: Link to original if source proves
DC-M04-CAN-0008,M04,pension_contribution_row,critical_field_status,pension_contribution_row.critical_field_status,,enum,,,,FAILED,M04,enum | Да | PASS/NEEDS_REVIEW/FAILED,,,,,,03_CASA_Pro_Pension_Contribution_Engine_Final_Spec_KZ_2026-08-21,"§5.3 contribution_record — quality, effect и evidence",SRC-DOC-M04-P-00228,Поле: critical_field_status; Тип: enum; Critical: Да; Правило: PASS/NEEDS_REVIEW/FAILED
DC-M04-CAN-0009,M04,pension_contribution_row,currency,pension_contribution_row.currency,,string,KZT,,TRUE,UNKNOWN,M04,string | Да | KZT when printed/template-proven; otherwise UNKNOWN,,,,,,03_CASA_Pro_Pension_Contribution_Engine_Final_Spec_KZ_2026-08-21,§5.2 Canonical contribution_record,SRC-DOC-M04-P-00213,Поле: currency; Тип: string; Critical: Да; Правило: KZT when printed/template-proven; otherwise UNKNOWN
DC-M04-CAN-0010,M04,pension_contribution_row,direction,pension_contribution_row.direction,,enum,,,TRUE,UNKNOWN,M04,enum | Нет | CREDIT/DEBIT/UNKNOWN; не выводить из знака без rule,enum | Нет | CREDIT/DEBIT/UNKNOWN; не выводить из знака без rule,,,,,03_CASA_Pro_Pension_Contribution_Engine_Final_Spec_KZ_2026-08-21,"§5.3 contribution_record — quality, effect и evidence",SRC-DOC-M04-P-00220,Поле: direction; Тип: enum; Critical: Нет; Правило: CREDIT/DEBIT/UNKNOWN; не выводить из знака без rule
DC-M04-CAN-0011,M04,pension_contribution_row,document_date,pension_contribution_row.document_date,,FieldValue<date>,,,,,M04,FieldValue<date> | Да | Дата документа/платежа в строке,,FieldValue<date> | Да | Дата документа/платежа в строке,,,,03_CASA_Pro_Pension_Contribution_Engine_Final_Spec_KZ_2026-08-21,§5.2 Canonical contribution_record,SRC-DOC-M04-P-00205,Поле: document_date; Тип: FieldValue<date>; Critical: Да; Правило: Дата документа/платежа в строке
DC-M04-CAN-0012,M04,pension_contribution_row,document_version_id,pension_contribution_row.document_version_id,,string,,,,,M04,string | Да | Exact provenance,,,string | Да | Exact provenance,TRUE,,03_CASA_Pro_Pension_Contribution_Engine_Final_Spec_KZ_2026-08-21,§5.2 Canonical contribution_record,SRC-DOC-M04-P-00196,Поле: document_version_id / parse_run_id; Тип: string; Critical: Да; Правило: Exact provenance
DC-M04-CAN-0013,M04,pension_contribution_row,duplicate_of_record_id,pension_contribution_row.duplicate_of_record_id,,string?,,,,,M04,string? | Нет | Только deterministic/reviewer decision,,,,,,03_CASA_Pro_Pension_Contribution_Engine_Final_Spec_KZ_2026-08-21,"§5.3 contribution_record — quality, effect и evidence",SRC-DOC-M04-P-00223,Поле: duplicate_of_record_id; Тип: string?; Critical: Нет; Правило: Только deterministic/reviewer decision
DC-M04-CAN-0014,M04,pension_contribution_row,duplicate_status,pension_contribution_row.duplicate_status,,enum,,,,CONFIRMED,M04,enum | Да | UNIQUE/EXTRACTION_DUPLICATE/CANDIDATE/CONFIRMED,,,,,,03_CASA_Pro_Pension_Contribution_Engine_Final_Spec_KZ_2026-08-21,"§5.3 contribution_record — quality, effect и evidence",SRC-DOC-M04-P-00222,Поле: duplicate_status; Тип: enum; Critical: Да; Правило: UNIQUE/EXTRACTION_DUPLICATE/CANDIDATE/CONFIRMED
DC-M04-CAN-0015,M04,pension_contribution_row,evidence_id,pension_contribution_row.evidence_id,,string,,,,,M04,string | Да | Encrypted crop/text span; evidence hash,,,,TRUE,TRUE,03_CASA_Pro_Pension_Contribution_Engine_Final_Spec_KZ_2026-08-21,"§5.3 contribution_record — quality, effect и evidence",SRC-DOC-M04-P-00227,Поле: evidence_id; Тип: string; Critical: Да; Правило: Encrypted crop/text span; evidence hash
DC-M04-CAN-0016,M04,pension_contribution_row,parse_run_id,pension_contribution_row.parse_run_id,,string,,,,,M04,string | Да | Exact provenance,,,string | Да | Exact provenance,TRUE,,03_CASA_Pro_Pension_Contribution_Engine_Final_Spec_KZ_2026-08-21,§5.2 Canonical contribution_record,SRC-DOC-M04-P-00196,Поле: document_version_id / parse_run_id; Тип: string; Critical: Да; Правило: Exact provenance
DC-M04-CAN-0017,M04,pension_contribution_row,payment_class,pension_contribution_row.payment_class,,enum,,,TRUE,UNKNOWN,M04,enum | Да | CONTRIBUTION/PENALTY/UNKNOWN,,,,,,03_CASA_Pro_Pension_Contribution_Engine_Final_Spec_KZ_2026-08-21,§5.2 Canonical contribution_record,SRC-DOC-M04-P-00200,Поле: payment_class; Тип: enum; Critical: Да; Правило: CONTRIBUTION/PENALTY/UNKNOWN
DC-M04-CAN-0018,M04,pension_contribution_row,payment_code,pension_contribution_row.payment_code,,FieldValue<string>,,,,ZERO,M04,FieldValue<string> | Да | 3-digit normalized KNP; leading zero,,FieldValue<string> | Да | 3-digit normalized KNP; leading zero,,,,03_CASA_Pro_Pension_Contribution_Engine_Final_Spec_KZ_2026-08-21,§5.2 Canonical contribution_record,SRC-DOC-M04-P-00199,Поле: payment_code; Тип: FieldValue<string>; Critical: Да; Правило: 3-digit normalized KNP; leading zero
DC-M04-CAN-0019,M04,pension_contribution_row,processing_effect,pension_contribution_row.processing_effect,,enum,,,TRUE,UNKNOWN,M04,enum | Да | EFFECTIVE/EXCLUDED/UNKNOWN,,,,,,03_CASA_Pro_Pension_Contribution_Engine_Final_Spec_KZ_2026-08-21,"§5.3 contribution_record — quality, effect и evidence",SRC-DOC-M04-P-00219,Поле: processing_effect; Тип: enum; Critical: Да; Правило: EFFECTIVE/EXCLUDED/UNKNOWN
DC-M04-CAN-0020,M04,pension_contribution_row,received_date,pension_contribution_row.received_date,,FieldValue<date>,,,,,M04,FieldValue<date> | Да | Дата фактического поступления,,FieldValue<date> | Да | Дата фактического поступления,,,,03_CASA_Pro_Pension_Contribution_Engine_Final_Spec_KZ_2026-08-21,§5.2 Canonical contribution_record,SRC-DOC-M04-P-00202,Поле: received_date; Тип: FieldValue<date>; Critical: Да; Правило: Дата фактического поступления
DC-M04-CAN-0021,M04,pension_contribution_row,recipient_identifier,pension_contribution_row.recipient_identifier,,FieldValue<string>,,,,VERIFIED,M04,FieldValue<string> | Нет | Only if printed/verified registry mapping,,FieldValue<string> | Нет | Only if printed/verified registry mapping,,,,03_CASA_Pro_Pension_Contribution_Engine_Final_Spec_KZ_2026-08-21,§5.2 Canonical contribution_record,SRC-DOC-M04-P-00211,Поле: recipient_identifier; Тип: FieldValue<string>; Critical: Нет; Правило: Only if printed/verified registry mapping
DC-M04-CAN-0022,M04,pension_contribution_row,recipient_name,pension_contribution_row.recipient_name,,FieldValue<string>,,,,,M04,FieldValue<string> | Да | Printed recipient,,FieldValue<string> | Да | Printed recipient,,,,03_CASA_Pro_Pension_Contribution_Engine_Final_Spec_KZ_2026-08-21,§5.2 Canonical contribution_record,SRC-DOC-M04-P-00210,Поле: recipient_name; Тип: FieldValue<string>; Critical: Да; Правило: Printed recipient
DC-M04-CAN-0023,M04,pension_contribution_row,record_id,pension_contribution_row.record_id,,string,,,,,M04,string | Да | Immutable ID source row,,,string | Да | Immutable ID source row,TRUE,,03_CASA_Pro_Pension_Contribution_Engine_Final_Spec_KZ_2026-08-21,§5.2 Canonical contribution_record,SRC-DOC-M04-P-00195,Поле: record_id; Тип: string; Critical: Да; Правило: Immutable ID source row
DC-M04-CAN-0024,M04,pension_contribution_row,registry_versions,pension_contribution_row.registry_versions,,object,,,,,M04,object | Да | template/KNP/status/rate dictionaries,,,object | Да | template/KNP/status/rate dictionaries,,,03_CASA_Pro_Pension_Contribution_Engine_Final_Spec_KZ_2026-08-21,"§5.3 contribution_record — quality, effect и evidence",SRC-DOC-M04-P-00231,Поле: registry_versions; Тип: object; Critical: Да; Правило: template/KNP/status/rate dictionaries
DC-M04-CAN-0025,M04,pension_contribution_row,reviewer_decision_id,pension_contribution_row.reviewer_decision_id,,string?,,,,,M04,string? | Нет | Reason + actor + timestamp + before/after hash,,,,,,03_CASA_Pro_Pension_Contribution_Engine_Final_Spec_KZ_2026-08-21,"§5.3 contribution_record — quality, effect и evidence",SRC-DOC-M04-P-00230,Поле: reviewer_decision_id; Тип: string?; Critical: Нет; Правило: Reason + actor + timestamp + before/after hash
DC-M04-CAN-0026,M04,pension_contribution_row,row_fingerprint,pension_contribution_row.row_fingerprint,,,,,,,M04,sha256 | Да | Full reviewed field tuple,,,,,,03_CASA_Pro_Pension_Contribution_Engine_Final_Spec_KZ_2026-08-21,"§5.3 contribution_record — quality, effect и evidence",SRC-DOC-M04-P-00221,Поле: row_fingerprint; Тип: sha256; Critical: Да; Правило: Full reviewed field tuple
DC-M04-CAN-0027,M04,pension_contribution_row,row_review_status,pension_contribution_row.row_review_status,,enum,,,,,M04,enum | Да | EXTRACTED/NEEDS_REVIEW/ACCEPTED/CORRECTED/REJECTED,,,,,,03_CASA_Pro_Pension_Contribution_Engine_Final_Spec_KZ_2026-08-21,"§5.3 contribution_record — quality, effect и evidence",SRC-DOC-M04-P-00229,Поле: row_review_status; Тип: enum; Critical: Да; Правило: EXTRACTED/NEEDS_REVIEW/ACCEPTED/CORRECTED/REJECTED
DC-M04-CAN-0028,M04,pension_contribution_row,sender_identifier,pension_contribution_row.sender_identifier,,FieldValue<string>,,,,,M04,FieldValue<string> | Да | 12 digits in fixture; do not coerce number,,FieldValue<string> | Да | 12 digits in fixture; do not coerce number,,,,03_CASA_Pro_Pension_Contribution_Engine_Final_Spec_KZ_2026-08-21,§5.2 Canonical contribution_record,SRC-DOC-M04-P-00207,Поле: sender_identifier; Тип: FieldValue<string>; Critical: Да; Правило: 12 digits in fixture; do not coerce number
DC-M04-CAN-0029,M04,pension_contribution_row,sender_name,pension_contribution_row.sender_name,,FieldValue<string>,,,,,M04,FieldValue<string> | Да | Display only; exact raw preserved,,FieldValue<string> | Да | Display only; exact raw preserved,,,,03_CASA_Pro_Pension_Contribution_Engine_Final_Spec_KZ_2026-08-21,§5.2 Canonical contribution_record,SRC-DOC-M04-P-00206,Поле: sender_name; Тип: FieldValue<string>; Critical: Да; Правило: Display only; exact raw preserved
DC-M04-CAN-0030,M04,pension_contribution_row,sender_role,pension_contribution_row.sender_role,,,,,,,M04,const | Да | CONTRIBUTION_SENDER; not EMPLOYER,,,,,,03_CASA_Pro_Pension_Contribution_Engine_Final_Spec_KZ_2026-08-21,§5.2 Canonical contribution_record,SRC-DOC-M04-P-00209,Поле: sender_role; Тип: const; Critical: Да; Правило: CONTRIBUTION_SENDER; not EMPLOYER
DC-M04-CAN-0031,M04,pension_contribution_row,sender_type_if_known,pension_contribution_row.sender_type_if_known,,enum,,,TRUE,UNKNOWN,M04,enum | Нет | IP/LEGAL_ENTITY/PHYSICAL_PERSON/PLATFORM/UNKNOWN,,,,,,03_CASA_Pro_Pension_Contribution_Engine_Final_Spec_KZ_2026-08-21,§5.2 Canonical contribution_record,SRC-DOC-M04-P-00208,Поле: sender_type_if_known; Тип: enum; Critical: Нет; Правило: IP/LEGAL_ENTITY/PHYSICAL_PERSON/PLATFORM/UNKNOWN
DC-M04-CAN-0032,M04,pension_contribution_row,sent_date,pension_contribution_row.sent_date,,FieldValue<date>,,,,,M04,FieldValue<date> | Да | Дата отправки; distinct,,FieldValue<date> | Да | Дата отправки; distinct,,,,03_CASA_Pro_Pension_Contribution_Engine_Final_Spec_KZ_2026-08-21,§5.2 Canonical contribution_record,SRC-DOC-M04-P-00203,Поле: sent_date; Тип: FieldValue<date>; Critical: Да; Правило: Дата отправки; distinct
DC-M04-CAN-0033,M04,pension_contribution_row,source_amount,pension_contribution_row.source_amount,,Money + contribution_record_ids,,,,,M04,Money + contribution_record_ids,,,,TRUE,,03_CASA_Pro_Pension_Contribution_Engine_Final_Spec_KZ_2026-08-21,§10.2 Output contract,SRC-DOC-M04-P-00386,Поле: source_amount; Семантика: Money + contribution_record_ids
DC-M04-CAN-0034,M04,pension_contribution_row,source_bbox,pension_contribution_row.source_bbox,,,,,,,M04,BBox | Да | Normalized x/y/w/h + rotation,,,,TRUE,,03_CASA_Pro_Pension_Contribution_Engine_Final_Spec_KZ_2026-08-21,"§5.3 contribution_record — quality, effect и evidence",SRC-DOC-M04-P-00226,Поле: source_bbox; Тип: BBox; Critical: Да; Правило: Normalized x/y/w/h + rotation
DC-M04-CAN-0035,M04,pension_contribution_row,source_document_number,pension_contribution_row.source_document_number,,FieldValue<string>,,,,,M04,FieldValue<string> | Нет | Transaction/document sequence; dedup key,,FieldValue<string> | Нет | Transaction/document sequence; dedup key,,TRUE,,03_CASA_Pro_Pension_Contribution_Engine_Final_Spec_KZ_2026-08-21,§5.2 Canonical contribution_record,SRC-DOC-M04-P-00204,Поле: source_document_number; Тип: FieldValue<string>; Critical: Нет; Правило: Transaction/document sequence; dedup key
DC-M04-CAN-0036,M04,pension_contribution_row,source_page,pension_contribution_row.source_page,,integer,,,,,M04,integer | Да | 1…document.page_count,,,,TRUE,,03_CASA_Pro_Pension_Contribution_Engine_Final_Spec_KZ_2026-08-21,"§5.3 contribution_record — quality, effect и evidence",SRC-DOC-M04-P-00225,Поле: source_page; Тип: integer; Critical: Да; Правило: 1…document.page_count
DC-M04-CAN-0037,M04,pension_contribution_row,source_row_index,pension_contribution_row.source_row_index,,integer,,,,,M04,integer | Да | 1-based reading order after page map,,,,TRUE,,03_CASA_Pro_Pension_Contribution_Engine_Final_Spec_KZ_2026-08-21,§5.2 Canonical contribution_record,SRC-DOC-M04-P-00197,Поле: source_row_index; Тип: integer; Critical: Да; Правило: 1-based reading order after page map
DC-M04-CAN-0038,M04,pension_contribution_row,source_status,pension_contribution_row.source_status,,enum,,,TRUE,UNKNOWN,M04,enum | Да | PROCESSED/RETURNED/REVERSED/REJECTED/UNKNOWN,,,,TRUE,,03_CASA_Pro_Pension_Contribution_Engine_Final_Spec_KZ_2026-08-21,"§5.3 contribution_record — quality, effect и evidence",SRC-DOC-M04-P-00218,Поле: source_status; Тип: enum; Critical: Да; Правило: PROCESSED/RETURNED/REVERSED/REJECTED/UNKNOWN
DC-M04-CAN-0039,M04,pension_contribution_row,source_status_raw,pension_contribution_row.source_status_raw,,string,,,,,M04,string | Да | Напечатанное значение,,,,TRUE,,03_CASA_Pro_Pension_Contribution_Engine_Final_Spec_KZ_2026-08-21,"§5.3 contribution_record — quality, effect и evidence",SRC-DOC-M04-P-00217,Поле: source_status_raw; Тип: string; Critical: Да; Правило: Напечатанное значение
DC-M04-CAN-0040,M04,pension_document,base_estimate,pension_document.base_estimate,,,,,,,M04,Conditional mathematical estimate | rate-context + limitations,,,,,,03_CASA_Pro_Pension_Contribution_Engine_Final_Spec_KZ_2026-08-21,§5 Каноническая модель данных,SRC-DOC-M04-P-00181,Entity: base_estimate; Назначение: Conditional mathematical estimate; Ключевой контракт: rate-context + limitations
DC-M04-CAN-0041,M04,pension_document,contribution_month,pension_document.contribution_month,,,MONTH,,,,M04,Месячный bucket | derived from effective reviewed records + coverage,,,,,,03_CASA_Pro_Pension_Contribution_Engine_Final_Spec_KZ_2026-08-21,§5 Каноническая модель данных,SRC-DOC-M04-P-00176,Entity: contribution_month; Назначение: Месячный bucket; Ключевой контракт: derived from effective reviewed records + coverage
DC-M04-CAN-0042,M04,pension_document,contribution_profile,pension_document.contribution_profile,,,,,,,M04,Neutral metrics + signals | formula/version/input IDs,,,Neutral metrics + signals | formula/version/input IDs,,,03_CASA_Pro_Pension_Contribution_Engine_Final_Spec_KZ_2026-08-21,§5 Каноническая модель данных,SRC-DOC-M04-P-00180,Entity: contribution_profile; Назначение: Neutral metrics + signals; Ключевой контракт: formula/version/input IDs
DC-M04-CAN-0043,M04,pension_document,document_version,pension_document.document_version,,,,,,,M04,Immutable original PDF + SHA-256 + technical metadata | 1 document → N versions,,,Immutable original PDF + SHA-256 + technical metadata | 1 document → N versions,,,03_CASA_Pro_Pension_Contribution_Engine_Final_Spec_KZ_2026-08-21,§5 Каноническая модель данных,SRC-DOC-M04-P-00173,Entity: document_version; Назначение: Immutable original PDF + SHA-256 + technical metadata; Ключевой контракт: 1 document → N versions
DC-M04-CAN-0044,M04,pension_document,parse_run,pension_document.parse_run,,,,,,,M04,Parser/template/OCR run | N runs per version; raw output immutable,,,Parser/template/OCR run | N runs per version; raw output immutable,,,03_CASA_Pro_Pension_Contribution_Engine_Final_Spec_KZ_2026-08-21,§5 Каноническая модель данных,SRC-DOC-M04-P-00174,Entity: parse_run; Назначение: Parser/template/OCR run; Ключевой контракт: N runs per version; raw output immutable
DC-M04-CAN-0045,M04,pension_document,profile_snapshot,pension_document.profile_snapshot,,,,,,,M04,Published immutable payload | exact versions/hash/evidence manifest,,,Published immutable payload | exact versions/hash/evidence manifest,TRUE,TRUE,03_CASA_Pro_Pension_Contribution_Engine_Final_Spec_KZ_2026-08-21,§5 Каноническая модель данных,SRC-DOC-M04-P-00182,Entity: profile_snapshot; Назначение: Published immutable payload; Ключевой контракт: exact versions/hash/evidence manifest
DC-M04-CAN-0046,M04,pension_sender,aliases,pension_sender.aliases,,,,,,,M04,raw names and normalized aliases,,,,,,03_CASA_Pro_Pension_Contribution_Engine_Final_Spec_KZ_2026-08-21,§8 Sender history,SRC-DOC-M04-P-00333,Поле: sender_name / aliases; Семантика: raw names and normalized aliases
DC-M04-CAN-0047,M04,pension_sender,concurrent_periods,pension_sender.concurrent_periods,,,MONTH,,,,M04,months with another sender,,,,,,03_CASA_Pro_Pension_Contribution_Engine_Final_Spec_KZ_2026-08-21,§8 Sender history,SRC-DOC-M04-P-00342,Поле: concurrent_periods; Семантика: months with another sender
DC-M04-CAN-0048,M04,pension_sender,contribution_amounts_by_month,pension_sender.contribution_amounts_by_month,,,MONTH,,,,M04,positive totals by type/sender | pennies/penalties excluded,,,,,,03_CASA_Pro_Pension_Contribution_Engine_Final_Spec_KZ_2026-08-21,§9 Нейтральный contribution profile,SRC-DOC-M04-P-00365,Metric: contribution_amounts_by_month; Definition: positive totals by type/sender; Guard: pennies/penalties excluded
DC-M04-CAN-0049,M04,pension_sender,contribution_count,pension_sender.contribution_count,,,,,,,M04,source row count after extraction dedup,,,,TRUE,,03_CASA_Pro_Pension_Contribution_Engine_Final_Spec_KZ_2026-08-21,§8 Sender history,SRC-DOC-M04-P-00337,Поле: contribution_count; Семантика: source row count after extraction dedup
DC-M04-CAN-0050,M04,pension_sender,contribution_month_count,pension_sender.contribution_month_count,,,MONTH,,,,M04,unique months,,,,,,03_CASA_Pro_Pension_Contribution_Engine_Final_Spec_KZ_2026-08-21,§8 Sender history,SRC-DOC-M04-P-00338,Поле: contribution_month_count; Семантика: unique months
DC-M04-CAN-0051,M04,pension_sender,contribution_sender,pension_sender.contribution_sender,,,,,,,M04,Канонический отправитель | ID-first identity; never auto-employer,,,,,,03_CASA_Pro_Pension_Contribution_Engine_Final_Spec_KZ_2026-08-21,§5 Каноническая модель данных,SRC-DOC-M04-P-00177,Entity: contribution_sender; Назначение: Канонический отправитель; Ключевой контракт: ID-first identity; never auto-employer
DC-M04-CAN-0052,M04,pension_sender,Critical field review,pension_sender.critical_field_review,,Low confidence amount/KNP/sender/date открывает точный crop; correction аудируется.,,,,,M04,Edit видим только для номера документа; нет source/page/crop. | CHANGE / ADD | Для каждого критичного row/header field дать evidence + Confirm/Correct; raw сохраняется. | Backend/Frontend/Parser/QA | CRITICAL | MASTER §9; Spec §5.3/§11.3 | AT-PC-020 | Low confidence amount/KNP/sender/date открывает точный crop; correction аудируется.,,,,TRUE,TRUE,M04_CASA_Pro_Pension_Implementation_and_Acceptance_v1.0,§21 Разбор текущего demo — KEEP / CHANGE / REMOVE / ADD,SRC-DOC-M04-I-00365,Элемент: Critical field review; Что сейчас видно: Edit видим только для номера документа; нет source/page/crop.; Решение: CHANGE / ADD; Как должно быть: Для каждого критичного row/header field дать evidence + Confirm/Correct; raw сохраняется.; Слои: Backend/Frontend/Parser/QA; Priority: CRITICAL; Source: MASTER §9; Spec §5.3/§11.3; Acceptance: AT-PC-020; Definition of Done: Low confidence amount/KNP/sender/date открывает точный crop; correction аудируется.
DC-M04-CAN-0053,M04,pension_sender,current_sender,pension_sender.current_sender,,,,,TRUE,UNKNOWN,M04,sender(s) in latest positive period | single/multiple/unknown status,,,,,,03_CASA_Pro_Pension_Contribution_Engine_Final_Spec_KZ_2026-08-21,§9 Нейтральный contribution profile,SRC-DOC-M04-P-00364,Metric: current_sender; Definition: sender(s) in latest positive period; Guard: single/multiple/unknown status
DC-M04-CAN-0054,M04,pension_sender,first_seen_period,pension_sender.first_seen_period,,,,,,,M04,min/max effective positive period,,,,,,03_CASA_Pro_Pension_Contribution_Engine_Final_Spec_KZ_2026-08-21,§8 Sender history,SRC-DOC-M04-P-00336,Поле: first_seen_period / last_seen_period; Семантика: min/max effective positive period
DC-M04-CAN-0055,M04,pension_sender,last_seen_period,pension_sender.last_seen_period,,,,,,,M04,min/max effective positive period,,,,,,03_CASA_Pro_Pension_Contribution_Engine_Final_Spec_KZ_2026-08-21,§8 Sender history,SRC-DOC-M04-P-00336,Поле: first_seen_period / last_seen_period; Семантика: min/max effective positive period
DC-M04-CAN-0056,M04,pension_sender,one_off,pension_sender.one_off,,,MONTH,,,,M04,true only if exactly one positive month in observed dataset,,,,,,03_CASA_Pro_Pension_Contribution_Engine_Final_Spec_KZ_2026-08-21,§8 Sender history,SRC-DOC-M04-P-00340,Поле: one_off; Семантика: true only if exactly one positive month in observed dataset
DC-M04-CAN-0057,M04,pension_sender,reconciliation_check,pension_sender.reconciliation_check,,Count/sum/date/month/sender/subject/page check,MONTH,,,,M04,Count/sum/date/month/sender/subject/page check | PASS/FAIL/NA/WAIVED,,,,,,03_CASA_Pro_Pension_Contribution_Engine_Final_Spec_KZ_2026-08-21,§5 Каноническая модель данных,SRC-DOC-M04-P-00179,Entity: reconciliation_check; Назначение: Count/sum/date/month/sender/subject/page check; Ключевой контракт: PASS/FAIL/NA/WAIVED
DC-M04-CAN-0058,M04,pension_sender,record N→1 sender,pension_sender.record_n.1_sender,,,,,,,M04,Только после ID-first resolution; ambiguous link = review,,,,,,03_CASA_Pro_Pension_Contribution_Engine_Final_Spec_KZ_2026-08-21,§5.1 Relationships,SRC-DOC-M04-P-00188,Связь: record N→1 sender; Инвариант: Только после ID-first resolution; ambiguous link = review
DC-M04-CAN-0059,M04,pension_sender,returned_after_interruption,pension_sender.returned_after_interruption,,,MONTH,,,,M04,A→B/none→A based on reviewed months,,,,,,03_CASA_Pro_Pension_Contribution_Engine_Final_Spec_KZ_2026-08-21,§8 Sender history,SRC-DOC-M04-P-00341,Поле: returned_after_interruption; Семантика: A→B/none→A based on reviewed months
DC-M04-CAN-0060,M04,pension_sender,sender_buckets,pension_sender.sender_buckets,,array,,,,,M04,array | sender_id + type + positive amount + record_ids,,,,,,03_CASA_Pro_Pension_Contribution_Engine_Final_Spec_KZ_2026-08-21,§7 Contribution history по месяцам,SRC-DOC-M04-P-00296,Поле: sender_buckets; Тип: array; Семантика: sender_id + type + positive amount + record_ids
DC-M04-CAN-0061,M04,pension_sender,sender_id,pension_sender.sender_id,,,,,,,M04,CASA canonical ID,,,,,,03_CASA_Pro_Pension_Contribution_Engine_Final_Spec_KZ_2026-08-21,§8 Sender history,SRC-DOC-M04-P-00331,Поле: sender_id; Семантика: CASA canonical ID
DC-M04-CAN-0062,M04,pension_sender,sender_identifier,pension_sender.sender_identifier,,normalized string; encrypted; masked display,,,,,M04,normalized string; encrypted; masked display,,,,,,03_CASA_Pro_Pension_Contribution_Engine_Final_Spec_KZ_2026-08-21,§8 Sender history,SRC-DOC-M04-P-00332,Поле: sender_identifier; Семантика: normalized string; encrypted; masked display
DC-M04-CAN-0063,M04,pension_sender,Sender label,pension_sender.sender_label,,,,,,,M04,Отправитель в видимой карточке не показан; employer label не наблюдается. | ADD | Показать «Отправитель пенсионных взносов»; не делать вывод о текущем backend. | Backend/Frontend/QA | CRITICAL | Spec §8/§11 | AT-PC-001F/005/019 | Fixture sender видим и не назван employer; identifier masked.,Отправитель в видимой карточке не показан; employer label не наблюдается. | ADD | Показать «Отправитель пенсионных взносов»; не делать вывод о текущем backend. | Backend/Frontend/QA | CRITICAL | Spec §8/§11 | AT-PC-001F/005/019 | Fixture sender видим и не назван employer; identifier masked.,,,TRUE,,M04_CASA_Pro_Pension_Implementation_and_Acceptance_v1.0,§21 Разбор текущего demo — KEEP / CHANGE / REMOVE / ADD,SRC-DOC-M04-I-00367,Элемент: Sender label; Что сейчас видно: Отправитель в видимой карточке не показан; employer label не наблюдается.; Решение: ADD; Как должно быть: Показать «Отправитель пенсионных взносов»; не делать вывод о текущем backend.; Слои: Backend/Frontend/QA; Priority: CRITICAL; Source: Spec §8/§11; Acceptance: AT-PC-001F/005/019; Definition of Done: Fixture sender видим и не назван employer; identifier masked.
DC-M04-CAN-0064,M04,pension_sender,sender_name,pension_sender.sender_name,,,,,,,M04,raw names and normalized aliases,,,,,,03_CASA_Pro_Pension_Contribution_Engine_Final_Spec_KZ_2026-08-21,§8 Sender history,SRC-DOC-M04-P-00333,Поле: sender_name / aliases; Семантика: raw names and normalized aliases
DC-M04-CAN-0065,M04,pension_sender,sender_period_sequence,pension_sender.sender_period_sequence,,,,,,,M04,Непрерывный интервал sender/type | supports change/return/concurrency,,,,,,03_CASA_Pro_Pension_Contribution_Engine_Final_Spec_KZ_2026-08-21,§5 Каноническая модель данных,SRC-DOC-M04-P-00178,Entity: sender_period_sequence; Назначение: Непрерывный интервал sender/type; Ключевой контракт: supports change/return/concurrency
DC-M04-CAN-0066,M04,pension_sender,sender_role,pension_sender.sender_role,,,,,,,M04,CONTRIBUTION_SENDER,,,,,,03_CASA_Pro_Pension_Contribution_Engine_Final_Spec_KZ_2026-08-21,§8 Sender history,SRC-DOC-M04-P-00335,Поле: sender_role; Семантика: CONTRIBUTION_SENDER
DC-M04-CAN-0067,M04,pension_sender,sender_type_if_known,pension_sender.sender_type_if_known,,,,,TRUE,UNKNOWN,M04,IP/LEGAL_ENTITY/PHYSICAL_PERSON/PLATFORM_OPERATOR/UNKNOWN,,,,,,03_CASA_Pro_Pension_Contribution_Engine_Final_Spec_KZ_2026-08-21,§8 Sender history,SRC-DOC-M04-P-00334,Поле: sender_type_if_known; Семантика: IP/LEGAL_ENTITY/PHYSICAL_PERSON/PLATFORM_OPERATOR/UNKNOWN
DC-M04-CAN-0068,M04,pension_sender,sequence_ranges,pension_sender.sequence_ranges,,,,,,,M04,start/end/count by contribution_type,,,,,,03_CASA_Pro_Pension_Contribution_Engine_Final_Spec_KZ_2026-08-21,§8 Sender history,SRC-DOC-M04-P-00339,Поле: sequence_ranges; Семантика: start/end/count by contribution_type
DC-M04-CAN-0069,M04,pension_sender,unique_sender_count,pension_sender.unique_sender_count,,,,,TRUE,UNKNOWN,M04,distinct canonical senders | unknown provisional kept distinct,,,,,,03_CASA_Pro_Pension_Contribution_Engine_Final_Spec_KZ_2026-08-21,§9 Нейтральный contribution profile,SRC-DOC-M04-P-00363,Metric: unique_sender_count; Definition: distinct canonical senders; Guard: unknown provisional kept distinct
DC-M04-CAN-0070,M04,pension_sender,Строки поступлений,pension_sender.строки_поступлений,,Добавить row table: month/date/amount/type-KNP/sender/status/action.,MONTH,,,,M04,"В карточке нет таблицы шести source rows, sender и row-level dates/evidence. | ADD | Добавить row table: month/date/amount/type-KNP/sender/status/action. | Backend/Frontend/Parser/QA | CRITICAL | Spec §11.1–11.2 | AT-PC-001B…H; AT-PC-019 | Fixture показывает 6 точных строк без horizontal scroll на desktop.",,,,TRUE,TRUE,M04_CASA_Pro_Pension_Implementation_and_Acceptance_v1.0,§21 Разбор текущего demo — KEEP / CHANGE / REMOVE / ADD,SRC-DOC-M04-I-00366,"Элемент: Строки поступлений; Что сейчас видно: В карточке нет таблицы шести source rows, sender и row-level dates/evidence.; Решение: ADD; Как должно быть: Добавить row table: month/date/amount/type-KNP/sender/status/action.; Слои: Backend/Frontend/Parser/QA; Priority: CRITICAL; Source: Spec §11.1–11.2; Acceptance: AT-PC-001B…H; AT-PC-019; Definition of Done: Fixture показывает 6 точных строк без horizontal scroll на desktop."
DC-M05-CAN-0001,M05,asset,declared_down_payment_total,asset.declared_down_payment_total,,,,,,DECLARED|VERIFIED,M05,DECLARED/VERIFIED monetary sources по валютам; collateral отдельно. | ADDITIONAL_COLLATERAL; asset value без source.,DECLARED/VERIFIED monetary sources по валютам; collateral отдельно. | ADDITIONAL_COLLATERAL; asset value без source.,,,TRUE,,M05_CASA_Pro_Client_Profile_Implementation_and_Acceptance_v1.1,§24 Neutral M05 calculations,SRC-DOC-M05-I-00304,Показатель: declared_down_payment_total; Разрешённая semantics: DECLARED/VERIFIED monetary sources по валютам; collateral отдельно.; Не включать: ADDITIONAL_COLLATERAL; asset value без source.
DC-M05-CAN-0002,M05,client_profile_snapshot,as_of,client_profile_snapshot.as_of,,,,,,,M05,"schema_version, snapshot_id, case_id, as_of, input_hashes | immutable/versioned/replayable",,,"schema_version, snapshot_id, case_id, as_of, input_hashes | immutable/versioned/replayable",,,M05_CASA_Pro_Client_Profile_Implementation_and_Acceptance_v1.1,§23 Snapshot / downstream contract,SRC-DOC-M05-I-00275,"Блок snapshot: Envelope; Содержание: schema_version, snapshot_id, case_id, as_of, input_hashes; Инвариант: immutable/versioned/replayable"
DC-M05-CAN-0003,M05,client_profile_snapshot,case_id,client_profile_snapshot.case_id,,,,,,,M05,"schema_version, snapshot_id, case_id, as_of, input_hashes | immutable/versioned/replayable",,,"schema_version, snapshot_id, case_id, as_of, input_hashes | immutable/versioned/replayable",,,M05_CASA_Pro_Client_Profile_Implementation_and_Acceptance_v1.1,§23 Snapshot / downstream contract,SRC-DOC-M05-I-00275,"Блок snapshot: Envelope; Содержание: schema_version, snapshot_id, case_id, as_of, input_hashes; Инвариант: immutable/versioned/replayable"
DC-M05-CAN-0004,M05,client_profile_snapshot,credit_history_snapshot_id,client_profile_snapshot.credit_history_snapshot_id,,,,,,,M05,iin_check_batch_id → M02 client_check_batch.batch_id; credit_history_snapshot_id; pension_snapshot_id + selected hashes/quality refs | новой IIN snapshot entity нет; никакого raw PDF,,,,,,M05_CASA_Pro_Client_Profile_Implementation_and_Acceptance_v1.1,§23 Snapshot / downstream contract,SRC-DOC-M05-I-00277,Блок snapshot: Upstream; Содержание: iin_check_batch_id → M02 client_check_batch.batch_id; credit_history_snapshot_id; pension_snapshot_id + selected hashes/quality refs; Инвариант: новой IIN snapshot entity нет; никакого raw PDF
DC-M05-CAN-0005,M05,client_profile_snapshot,iin_check_batch_id,client_profile_snapshot.iin_check_batch_id,,,,,,,M05,iin_check_batch_id → M02 client_check_batch.batch_id; credit_history_snapshot_id; pension_snapshot_id + selected hashes/quality refs | новой IIN snapshot entity нет; никакого raw PDF,,,,,,M05_CASA_Pro_Client_Profile_Implementation_and_Acceptance_v1.1,§23 Snapshot / downstream contract,SRC-DOC-M05-I-00277,Блок snapshot: Upstream; Содержание: iin_check_batch_id → M02 client_check_batch.batch_id; credit_history_snapshot_id; pension_snapshot_id + selected hashes/quality refs; Инвариант: новой IIN snapshot entity нет; никакого raw PDF
DC-M05-CAN-0006,M05,client_profile_snapshot,input_hashes,client_profile_snapshot.input_hashes,,,,,,,M05,"schema_version, snapshot_id, case_id, as_of, input_hashes | immutable/versioned/replayable",,,"schema_version, snapshot_id, case_id, as_of, input_hashes | immutable/versioned/replayable",,,M05_CASA_Pro_Client_Profile_Implementation_and_Acceptance_v1.1,§23 Snapshot / downstream contract,SRC-DOC-M05-I-00275,"Блок snapshot: Envelope; Содержание: schema_version, snapshot_id, case_id, as_of, input_hashes; Инвариант: immutable/versioned/replayable"
DC-M05-CAN-0007,M05,client_profile_snapshot,pension_snapshot_id,client_profile_snapshot.pension_snapshot_id,,,,,,,M05,iin_check_batch_id → M02 client_check_batch.batch_id; credit_history_snapshot_id; pension_snapshot_id + selected hashes/quality refs | новой IIN snapshot entity нет; никакого raw PDF,,,,,,M05_CASA_Pro_Client_Profile_Implementation_and_Acceptance_v1.1,§23 Snapshot / downstream contract,SRC-DOC-M05-I-00277,Блок snapshot: Upstream; Содержание: iin_check_batch_id → M02 client_check_batch.batch_id; credit_history_snapshot_id; pension_snapshot_id + selected hashes/quality refs; Инвариант: новой IIN snapshot entity нет; никакого raw PDF
DC-M05-CAN-0008,M05,client_profile_snapshot,schema_version,client_profile_snapshot.schema_version,,,,,,,M05,"schema_version, snapshot_id, case_id, as_of, input_hashes | immutable/versioned/replayable",,,"schema_version, snapshot_id, case_id, as_of, input_hashes | immutable/versioned/replayable",,,M05_CASA_Pro_Client_Profile_Implementation_and_Acceptance_v1.1,§23 Snapshot / downstream contract,SRC-DOC-M05-I-00275,"Блок snapshot: Envelope; Содержание: schema_version, snapshot_id, case_id, as_of, input_hashes; Инвариант: immutable/versioned/replayable"
DC-M05-CAN-0009,M05,client_profile_snapshot,snapshot_id,client_profile_snapshot.snapshot_id,,,,,,,M05,"schema_version, snapshot_id, case_id, as_of, input_hashes | immutable/versioned/replayable",,,"schema_version, snapshot_id, case_id, as_of, input_hashes | immutable/versioned/replayable",,,M05_CASA_Pro_Client_Profile_Implementation_and_Acceptance_v1.1,§23 Snapshot / downstream contract,SRC-DOC-M05-I-00275,"Блок snapshot: Envelope; Содержание: schema_version, snapshot_id, case_id, as_of, input_hashes; Инвариант: immutable/versioned/replayable"
DC-M05-CAN-0010,M05,client_profile_snapshot,upstream_hashes,client_profile_snapshot.upstream_hashes,,,,,,,M05,iin_check_batch_id → M02 client_check_batch.batch_id; credit_history_snapshot_id; pension_snapshot_id + selected hashes/quality refs | новой IIN snapshot entity нет; никакого raw PDF,,,,,,M05_CASA_Pro_Client_Profile_Implementation_and_Acceptance_v1.1,§23 Snapshot / downstream contract,SRC-DOC-M05-I-00277,Блок snapshot: Upstream; Содержание: iin_check_batch_id → M02 client_check_batch.batch_id; credit_history_snapshot_id; pension_snapshot_id + selected hashes/quality refs; Инвариант: новой IIN snapshot entity нет; никакого raw PDF
DC-M05-CAN-0011,M05,client_profile_snapshot,upstream_quality_refs,client_profile_snapshot.upstream_quality_refs,,,,,,,M05,iin_check_batch_id → M02 client_check_batch.batch_id; credit_history_snapshot_id; pension_snapshot_id + selected hashes/quality refs | новой IIN snapshot entity нет; никакого raw PDF,,,,,,M05_CASA_Pro_Client_Profile_Implementation_and_Acceptance_v1.1,§23 Snapshot / downstream contract,SRC-DOC-M05-I-00277,Блок snapshot: Upstream; Содержание: iin_check_batch_id → M02 client_check_batch.batch_id; credit_history_snapshot_id; pension_snapshot_id + selected hashes/quality refs; Инвариант: новой IIN snapshot entity нет; никакого raw PDF
DC-M05-CAN-0012,M05,down_payment_source,Assets,down_payment_source.assets,,,,,,,M05,owner/value-or-amount/status/availability/link/reconciliation | asset/collateral не cash,owner/value-or-amount/status/availability/link/reconciliation | asset/collateral не cash,,,TRUE,,M05_CASA_Pro_Client_Profile_Implementation_and_Acceptance_v1.1,§23 Snapshot / downstream contract,SRC-DOC-M05-I-00280,Блок snapshot: Assets / down_payment_sources; Содержание: owner/value-or-amount/status/availability/link/reconciliation; Инвариант: asset/collateral не cash
DC-M05-CAN-0013,M05,down_payment_source,declared_available_down_payment,down_payment_source.declared_available_down_payment,,Money?,,,,,M05,Money? | быстрый верхнеуровневый ответ; итог должен сходиться с down_payment_source после заполнения,,,,TRUE,,04_CASA_Pro_Client_Profile_Final_Spec_KZ_2026-08-21,§4 Цель покупки и бюджет,SRC-DOC-M05-P-00052,Поле: declared_available_down_payment; Тип / значения: Money?; Правило: быстрый верхнеуровневый ответ; итог должен сходиться с down_payment_source после заполнения
DC-M05-CAN-0014,M05,down_payment_source,down_payment_sources,down_payment_source.down_payment_sources,,,,,,,M05,owner/value-or-amount/status/availability/link/reconciliation | asset/collateral не cash,owner/value-or-amount/status/availability/link/reconciliation | asset/collateral не cash,,,TRUE,,M05_CASA_Pro_Client_Profile_Implementation_and_Acceptance_v1.1,§23 Snapshot / downstream contract,SRC-DOC-M05-I-00280,Блок snapshot: Assets / down_payment_sources; Содержание: owner/value-or-amount/status/availability/link/reconciliation; Инвариант: asset/collateral не cash
DC-M05-CAN-0015,M05,down_payment_source,sources total,down_payment_source.sources_total,,,,,,,M05,Сумма денежных down_payment_sources по совместимой валюте и status; additional collateral отдельно.,,,,TRUE,,M05_CASA_Pro_Client_Profile_Implementation_and_Acceptance_v1.1,§14 Down payment reconciliation,SRC-DOC-M05-I-00176,Показатель: sources total; Точная семантика M05: Сумма денежных down_payment_sources по совместимой валюте и status; additional collateral отдельно.
DC-M05-CAN-0016,M05,employment,employer_or_business_identifier,employment.employer_or_business_identifier,,string?,,,,,M05,string? | БИН/ИИН только если известен/подтверждён; masked/minimized.,,,,,,M05_CASA_Pro_Client_Profile_Implementation_and_Acceptance_v1.1,§9 Employment,SRC-DOC-M05-I-00110,Поле: employer_or_business_identifier; Тип / enum: string?; Правило: БИН/ИИН только если известен/подтверждён; masked/minimized.
DC-M05-CAN-0017,M05,employment,employment_id,employment.employment_id,,,,,,,M05,ID | отдельная запись на каждое место работы/бизнес,,,,,,04_CASA_Pro_Client_Profile_Final_Spec_KZ_2026-08-21,§6 Занятость,SRC-DOC-M05-P-00071,Поле: employment_id; Тип / enum: ID; Правило: отдельная запись на каждое место работы/бизнес
DC-M05-CAN-0018,M05,employment,employment_status,employment.employment_status,,,,,,,M05,CURRENT / PREVIOUS / PROBATION / LEAVE / MATERNITY_LEAVE / ENDED / UNVERIFIED|статус занятости ≠ вид дохода|Статус занятости не является видом/принятием дохода.,CURRENT / PREVIOUS / PROBATION / LEAVE / MATERNITY_LEAVE / ENDED / UNVERIFIED|Статус занятости не является видом/принятием дохода.,,,,,04_CASA_Pro_Client_Profile_Final_Spec_KZ_2026-08-21|M05_CASA_Pro_Client_Profile_Implementation_and_Acceptance_v1.1,§6 Занятость|§9 Employment,SRC-DOC-M05-P-00078|SRC-DOC-M05-I-00112,Поле: employment_status; Тип / enum: CURRENT / PREVIOUS / PROBATION / LEAVE / MATERNITY_LEAVE / ENDED / UNVERIFIED; Правило: статус занятости ≠ вид дохода|Поле: employment_status; Тип / enum: CURRENT / PREVIOUS / PROBATION / LEAVE / MATERNITY_LEAVE / ENDED / UNVERIFIED; Правило: Статус занятости не является видом/принятием дохода.
DC-M05-CAN-0019,M05,employment,employment_type,employment.employment_type,,Bank mapping отсутствует; enum registry versioned.,,,,,M05,EMPLOYEE / IP_BUSINESS / SELF_EMPLOYED / BUSINESS_OWNER / PUBLIC_SERVICE / MILITARY / NOT_EMPLOYED / OTHER|классификация анкеты; bank-specific mapping позже|Bank mapping отсутствует; enum registry versioned.,,,EMPLOYEE / IP_BUSINESS / SELF_EMPLOYED / BUSINESS_OWNER / PUBLIC_SERVICE / MILITARY / NOT_EMPLOYED / OTHER|Bank mapping отсутствует; enum registry versioned.,,,04_CASA_Pro_Client_Profile_Final_Spec_KZ_2026-08-21|M05_CASA_Pro_Client_Profile_Implementation_and_Acceptance_v1.1,§6 Занятость|§9 Employment,SRC-DOC-M05-P-00073|SRC-DOC-M05-I-00108,Поле: employment_type; Тип / enum: EMPLOYEE / IP_BUSINESS / SELF_EMPLOYED / BUSINESS_OWNER / PUBLIC_SERVICE / MILITARY / NOT_EMPLOYED / OTHER; Правило: классификация анкеты; bank-specific mapping позже|Поле: employment_type; Тип / enum: EMPLOYEE / IP_BUSINESS / SELF_EMPLOYED / BUSINESS_OWNER / PUBLIC_SERVICE / MILITARY / NOT_EMPLOYED / OTHER; Правило: Bank mapping отсутствует; enum registry versioned.
DC-M05-CAN-0020,M05,employment,end_date,employment.end_date,,date/month,MONTH,,,,M05,date/month | Точность даты отдельно; end_date для previous/ended.,,,,,,M05_CASA_Pro_Client_Profile_Implementation_and_Acceptance_v1.1,§9 Employment,SRC-DOC-M05-I-00111,Поле: start_date / end_date; Тип / enum: date/month; Правило: Точность даты отдельно; end_date для previous/ended.
DC-M05-CAN-0021,M05,employment,evidence_status,employment.evidence_status,,,,,,VERIFIED|CONFLICT,M05,NONE / REQUESTED / VERIFIED / CONFLICT / EXPIRED | Evidence status не равен bank acceptance.,NONE / REQUESTED / VERIFIED / CONFLICT / EXPIRED | Evidence status не равен bank acceptance.,,,TRUE,TRUE,M05_CASA_Pro_Client_Profile_Implementation_and_Acceptance_v1.1,§9 Employment,SRC-DOC-M05-I-00114,Поле: evidence_status; Тип / enum: NONE / REQUESTED / VERIFIED / CONFLICT / EXPIRED; Правило: Evidence status не равен bank acceptance.
DC-M05-CAN-0022,M05,employment,position,employment.position,,string?,,TRUE,,,M05,string? | Опционально; не обязательна для быстрого intake.,string? | Опционально; не обязательна для быстрого intake.,,,,,M05_CASA_Pro_Client_Profile_Implementation_and_Acceptance_v1.1,§9 Employment,SRC-DOC-M05-I-00113,Поле: position; Тип / enum: string?; Правило: Опционально; не обязательна для быстрого intake.
DC-M05-CAN-0023,M05,employment,start_date,employment.start_date,,date/month,MONTH,,,,M05,date/month | Точность даты отдельно; end_date для previous/ended.,,,,,,M05_CASA_Pro_Client_Profile_Implementation_and_Acceptance_v1.1,§9 Employment,SRC-DOC-M05-I-00111,Поле: start_date / end_date; Тип / enum: date/month; Правило: Точность даты отдельно; end_date для previous/ended.
DC-M05-CAN-0024,M05,income_source,amount,income_source.amount,,Decimal; заявленная сумма отдельно от verified amount и estimated pension base|Decimal; declared amount отдельно от verified amount и estimated pension base.,,,,VERIFIED|DECLARED,M05,Decimal; заявленная сумма отдельно от verified amount и estimated pension base|Decimal; declared amount отдельно от verified amount и estimated pension base.,,,,TRUE,,04_CASA_Pro_Client_Profile_Final_Spec_KZ_2026-08-21|M05_CASA_Pro_Client_Profile_Implementation_and_Acceptance_v1.1,§7 Источники дохода|§10 Income sources,SRC-DOC-M05-P-00095|SRC-DOC-M05-I-00133,Поле income_source: amount + currency; Правило: Decimal; заявленная сумма отдельно от verified amount и estimated pension base|Поле income_source: amount + currency; Контракт: Decimal; declared amount отдельно от verified amount и estimated pension base.
DC-M05-CAN-0025,M05,income_source,bank_acceptance,income_source.bank_acceptance,,,,,,,M05,ОТСУТСТВУЕТ в этом блоке|Поля нет. accepted_income_by_bank запрещён.,Поля нет. accepted_income_by_bank запрещён.,,,TRUE,,04_CASA_Pro_Client_Profile_Final_Spec_KZ_2026-08-21|M05_CASA_Pro_Client_Profile_Implementation_and_Acceptance_v1.1,§7 Источники дохода|§10 Income sources,SRC-DOC-M05-P-00101|SRC-DOC-M05-I-00139,Поле income_source: bank_acceptance; Правило: ОТСУТСТВУЕТ в этом блоке|Поле income_source: bank_acceptance; Контракт: Поля нет. accepted_income_by_bank запрещён.
DC-M05-CAN-0026,M05,income_source,confirmation_method,income_source.confirmation_method,,,,,,DECLARED,M05,DECLARED / DOCUMENT / BANK_STATEMENT / TAX / PENSION_RELATED / OTHER|DECLARED / DOCUMENT / BANK_STATEMENT / TAX / PENSION_RELATED / OTHER.,,,,TRUE,,04_CASA_Pro_Client_Profile_Final_Spec_KZ_2026-08-21|M05_CASA_Pro_Client_Profile_Implementation_and_Acceptance_v1.1,§7 Источники дохода|§10 Income sources,SRC-DOC-M05-P-00098|SRC-DOC-M05-I-00136,Поле income_source: confirmation_method; Правило: DECLARED / DOCUMENT / BANK_STATEMENT / TAX / PENSION_RELATED / OTHER|Поле income_source: confirmation_method; Контракт: DECLARED / DOCUMENT / BANK_STATEMENT / TAX / PENSION_RELATED / OTHER.
DC-M05-CAN-0027,M05,income_source,currency,income_source.currency,,Decimal; заявленная сумма отдельно от verified amount и estimated pension base|Decimal; declared amount отдельно от verified amount и estimated pension base.,,,,VERIFIED|DECLARED,M05,Decimal; заявленная сумма отдельно от verified amount и estimated pension base|Decimal; declared amount отдельно от verified amount и estimated pension base.,,,,TRUE,,04_CASA_Pro_Client_Profile_Final_Spec_KZ_2026-08-21|M05_CASA_Pro_Client_Profile_Implementation_and_Acceptance_v1.1,§7 Источники дохода|§10 Income sources,SRC-DOC-M05-P-00095|SRC-DOC-M05-I-00133,Поле income_source: amount + currency; Правило: Decimal; заявленная сумма отдельно от verified amount и estimated pension base|Поле income_source: amount + currency; Контракт: Decimal; declared amount отдельно от verified amount и estimated pension base.
DC-M05-CAN-0028,M05,income_source,Employments,income_source.employments,,,,,TRUE,UNKNOWN|VERIFIED,M05,owner/type/amount-or-UNKNOWN/periodicity/status/evidence refs | VERIFIED ≠ bank accepted,,,,TRUE,TRUE,M05_CASA_Pro_Client_Profile_Implementation_and_Acceptance_v1.1,§23 Snapshot / downstream contract,SRC-DOC-M05-I-00279,Блок snapshot: Employments / income_sources; Содержание: owner/type/amount-or-UNKNOWN/periodicity/status/evidence refs; Инвариант: VERIFIED ≠ bank accepted
DC-M05-CAN-0029,M05,income_source,end_date,income_source.end_date,,,,,TRUE,UNKNOWN,M05,период существования источника; UNKNOWN допустим|Период существования; UNKNOWN допустим.,,,,TRUE,,04_CASA_Pro_Client_Profile_Final_Spec_KZ_2026-08-21|M05_CASA_Pro_Client_Profile_Implementation_and_Acceptance_v1.1,§7 Источники дохода|§10 Income sources,SRC-DOC-M05-P-00097|SRC-DOC-M05-I-00135,Поле income_source: start_date / end_date; Правило: период существования источника; UNKNOWN допустим|Поле income_source: start_date / end_date; Контракт: Период существования; UNKNOWN допустим.
DC-M05-CAN-0030,M05,income_source,income_sources,income_source.income_sources,,,,,TRUE,UNKNOWN|VERIFIED,M05,owner/type/amount-or-UNKNOWN/periodicity/status/evidence refs | VERIFIED ≠ bank accepted,,,,TRUE,TRUE,M05_CASA_Pro_Client_Profile_Implementation_and_Acceptance_v1.1,§23 Snapshot / downstream contract,SRC-DOC-M05-I-00279,Блок snapshot: Employments / income_sources; Содержание: owner/type/amount-or-UNKNOWN/periodicity/status/evidence refs; Инвариант: VERIFIED ≠ bank accepted
DC-M05-CAN-0031,M05,income_source,periodicity,income_source.periodicity,,,MONTH,,TRUE,UNKNOWN,M05,MONTHLY / WEEKLY / QUARTERLY / ANNUAL / IRREGULAR / ONE_OFF / UNKNOWN|MONTHLY / WEEKLY / QUARTERLY / ANNUAL / IRREGULAR / ONE_OFF / UNKNOWN.,,,,TRUE,,04_CASA_Pro_Client_Profile_Final_Spec_KZ_2026-08-21|M05_CASA_Pro_Client_Profile_Implementation_and_Acceptance_v1.1,§7 Источники дохода|§10 Income sources,SRC-DOC-M05-P-00096|SRC-DOC-M05-I-00134,Поле income_source: periodicity; Правило: MONTHLY / WEEKLY / QUARTERLY / ANNUAL / IRREGULAR / ONE_OFF / UNKNOWN|Поле income_source: periodicity; Контракт: MONTHLY / WEEKLY / QUARTERLY / ANNUAL / IRREGULAR / ONE_OFF / UNKNOWN.
DC-M05-CAN-0032,M05,income_source,source_snapshot_refs,income_source.source_snapshot_refs,,,,,,,M05,ссылки на pension/client docs; не копировать raw PDF data|Ссылки на upstream/client documents; raw PDF data не копируется.,ссылки на pension/client docs; не копировать raw PDF data|Ссылки на upstream/client documents; raw PDF data не копируется.,,,TRUE,,04_CASA_Pro_Client_Profile_Final_Spec_KZ_2026-08-21|M05_CASA_Pro_Client_Profile_Implementation_and_Acceptance_v1.1,§7 Источники дохода|§10 Income sources,SRC-DOC-M05-P-00100|SRC-DOC-M05-I-00138,Поле income_source: source_snapshot_refs; Правило: ссылки на pension/client docs; не копировать raw PDF data|Поле income_source: source_snapshot_refs; Контракт: Ссылки на upstream/client documents; raw PDF data не копируется.
DC-M05-CAN-0033,M05,income_source,start_date,income_source.start_date,,,,,TRUE,UNKNOWN,M05,период существования источника; UNKNOWN допустим|Период существования; UNKNOWN допустим.,,,,TRUE,,04_CASA_Pro_Client_Profile_Final_Spec_KZ_2026-08-21|M05_CASA_Pro_Client_Profile_Implementation_and_Acceptance_v1.1,§7 Источники дохода|§10 Income sources,SRC-DOC-M05-P-00097|SRC-DOC-M05-I-00135,Поле income_source: start_date / end_date; Правило: период существования источника; UNKNOWN допустим|Поле income_source: start_date / end_date; Контракт: Период существования; UNKNOWN допустим.
DC-M05-CAN-0034,M05,income_source,verification_status,income_source.verification_status,,,,,TRUE,DECLARED|VERIFIED|CONFLICT|UNKNOWN|STALE,M05,DECLARED / EVIDENCE_REQUESTED / VERIFIED / CONFLICT / EXPIRED|DECLARED / EVIDENCE_REQUESTED / VERIFIED / CONFLICT / EXPIRED; общая field quality отдельно включает UNKNOWN/STALE/CORRECTED.,,,,TRUE,TRUE,04_CASA_Pro_Client_Profile_Final_Spec_KZ_2026-08-21|M05_CASA_Pro_Client_Profile_Implementation_and_Acceptance_v1.1,§7 Источники дохода|§10 Income sources,SRC-DOC-M05-P-00099|SRC-DOC-M05-I-00137,Поле income_source: verification_status; Правило: DECLARED / EVIDENCE_REQUESTED / VERIFIED / CONFLICT / EXPIRED|Поле income_source: verification_status; Контракт: DECLARED / EVIDENCE_REQUESTED / VERIFIED / CONFLICT / EXPIRED; общая field quality отдельно включает UNKNOWN/STALE/CORRECTED.
DC-M05-CAN-0035,M05,non_credit_commitment,Non-credit commitments,non_credit_commitment.non_credit_commitments,,,,,,,M05,neutral commitments outside M03 | bank treatment later,,,,,,M05_CASA_Pro_Client_Profile_Implementation_and_Acceptance_v1.1,§23 Snapshot / downstream contract,SRC-DOC-M05-I-00281,Блок snapshot: Non-credit commitments; Содержание: neutral commitments outside M03; Инвариант: bank treatment later
DC-M05-CAN-0036,M05,participant,borrower,participant.borrower,,,,,,,M05,физическое лицо с ролью в деле,,,,,,04_CASA_Pro_Client_Profile_Final_Spec_KZ_2026-08-21,§14 Каноническая модель и snapshot,SRC-DOC-M05-P-00195,Сущность: participant / borrower; Назначение: физическое лицо с ролью в деле
DC-M05-CAN-0037,M05,participant,borrower.role,participant.borrower.role,,,,TRUE,,,M05,да | PRIMARY_BORROWER / SPOUSE / OTHER_PARTICIPANT; co-borrower — отдельная роль/связь,,,,,,04_CASA_Pro_Client_Profile_Final_Spec_KZ_2026-08-21,§5 Участники и семейный контур,SRC-DOC-M05-P-00059,Сущность / поле: borrower.role; Обязательно: да; Решение: PRIMARY_BORROWER / SPOUSE / OTHER_PARTICIPANT; co-borrower — отдельная роль/связь
DC-M05-CAN-0038,M05,participant,citizenship/residency_status,participant.citizenship_residency_status,,,,TRUE,,,M05,Нейтральный факт для будущих программ; источник/status обязательны. | Не eligibility и не bank verdict.,Нейтральный факт для будущих программ; источник/status обязательны. | Не eligibility и не bank verdict.,,,TRUE,,M05_CASA_Pro_Client_Profile_Implementation_and_Acceptance_v1.1,§7 Participant / household,SRC-DOC-M05-I-00089,Объект / поле: citizenship/residency_status; Правило: Нейтральный факт для будущих программ; источник/status обязательны.; Owner / isolation: Не eligibility и не bank verdict.
DC-M05-CAN-0039,M05,participant,co_borrower_relation,participant.co_borrower_relation,,,,,,,M05,Отдельная роль/связь; поддерживает ordinal и relationship_to_primary. | Отдельный participant; никакого наследования данных/consent.,,,,,,M05_CASA_Pro_Client_Profile_Implementation_and_Acceptance_v1.1,§7 Participant / household,SRC-DOC-M05-I-00084,Объект / поле: co_borrower_relation; Правило: Отдельная роль/связь; поддерживает ordinal и relationship_to_primary.; Owner / isolation: Отдельный participant; никакого наследования данных/consent.
DC-M05-CAN-0040,M05,participant,employment_id,participant.employment_id,,,,TRUE,,,M05,ID | Отдельная запись на каждую работу/бизнес; owner обязателен.,,,,,,M05_CASA_Pro_Client_Profile_Implementation_and_Acceptance_v1.1,§9 Employment,SRC-DOC-M05-I-00107,Поле: employment_id / participant_id; Тип / enum: ID; Правило: Отдельная запись на каждую работу/бизнес; owner обязателен.
DC-M05-CAN-0041,M05,participant,household.dependent_count,participant.household.dependent_count,,,,,,,M05,Условное целое; имена иждивенцев без причины не нужны. | Минимизация PII.,Условное целое; имена иждивенцев без причины не нужны. | Минимизация PII.,,,,,M05_CASA_Pro_Client_Profile_Implementation_and_Acceptance_v1.1,§7 Participant / household,SRC-DOC-M05-I-00087,Объект / поле: household.dependent_count; Правило: Условное целое; имена иждивенцев без причины не нужны.; Owner / isolation: Минимизация PII.
DC-M05-CAN-0042,M05,participant,household.member_count,participant.household.member_count,,,,TRUE,,,M05,"Семейный контур; required по Spec. | Case-level summary, но source/actor/status сохраняются.",,,,TRUE,,M05_CASA_Pro_Client_Profile_Implementation_and_Acceptance_v1.1,§7 Participant / household,SRC-DOC-M05-I-00086,"Объект / поле: household.member_count; Правило: Семейный контур; required по Spec.; Owner / isolation: Case-level summary, но source/actor/status сохраняются."
DC-M05-CAN-0043,M05,participant,marital_status,participant.marital_status,,,,,,DECLARED|VERIFIED,M05,DECLARED/VERIFIED; не выводится из household автоматически. | Participant-specific revision/evidence.,DECLARED/VERIFIED; не выводится из household автоматически. | Participant-specific revision/evidence.,,,TRUE,TRUE,M05_CASA_Pro_Client_Profile_Implementation_and_Acceptance_v1.1,§7 Participant / household,SRC-DOC-M05-I-00088,Объект / поле: marital_status; Правило: DECLARED/VERIFIED; не выводится из household автоматически.; Owner / isolation: Participant-specific revision/evidence.
DC-M05-CAN-0044,M05,participant,OTHER_PARTICIPANT,participant.other_participant,,,,,,,M05,"Только при реальной необходимости, предусмотренной registry/spec. | Purpose-bound; не собирать данные «на всякий случай».","Только при реальной необходимости, предусмотренной registry/spec. | Purpose-bound; не собирать данные «на всякий случай».",,,,,M05_CASA_Pro_Client_Profile_Implementation_and_Acceptance_v1.1,§7 Participant / household,SRC-DOC-M05-I-00085,"Объект / поле: OTHER_PARTICIPANT; Правило: Только при реальной необходимости, предусмотренной registry/spec.; Owner / isolation: Purpose-bound; не собирать данные «на всякий случай»."
DC-M05-CAN-0045,M05,participant,participant,participant.participant,,,,,,,M05,физическое лицо с ролью в деле,,,,,,04_CASA_Pro_Client_Profile_Final_Spec_KZ_2026-08-21,§14 Каноническая модель и snapshot,SRC-DOC-M05-P-00195,Сущность: participant / borrower; Назначение: физическое лицо с ролью в деле
DC-M05-CAN-0046,M05,participant,participant consent status,participant.participant_consent_status,,,,TRUE,,,M05,для соответствующих обработок | согласие принадлежит конкретному субъекту; не наследуется от основного заёмщика,для соответствующих обработок | согласие принадлежит конкретному субъекту; не наследуется от основного заёмщика,,,,,04_CASA_Pro_Client_Profile_Final_Spec_KZ_2026-08-21,§5 Участники и семейный контур,SRC-DOC-M05-P-00067,Сущность / поле: participant consent status; Обязательно: для соответствующих обработок; Решение: согласие принадлежит конкретному субъекту; не наследуется от основного заёмщика
DC-M05-CAN-0047,M05,participant,participant_id,participant.participant_id,,,,TRUE,,,M05,ID|владелец занятости|Отдельная запись на каждую работу/бизнес; owner обязателен.,,,,,,04_CASA_Pro_Client_Profile_Final_Spec_KZ_2026-08-21|M05_CASA_Pro_Client_Profile_Implementation_and_Acceptance_v1.1,§6 Занятость|§9 Employment,SRC-DOC-M05-P-00072|SRC-DOC-M05-I-00107,Поле: participant_id; Тип / enum: ID; Правило: владелец занятости|Поле: employment_id / participant_id; Тип / enum: ID; Правило: Отдельная запись на каждую работу/бизнес; owner обязателен.
DC-M05-CAN-0048,M05,participant,Participants,participant.participants,,,,,,,M05,"participant_id, role; M01 binding/included context | данные не смешиваются","participant_id, role; M01 binding/included context | данные не смешиваются",,,,,M05_CASA_Pro_Client_Profile_Implementation_and_Acceptance_v1.1,§23 Snapshot / downstream contract,SRC-DOC-M05-I-00276,"Блок snapshot: Participants; Содержание: participant_id, role; M01 binding/included context; Инвариант: данные не смешиваются"
DC-M05-CAN-0049,M05,participant,PRIMARY_BORROWER,participant.primary_borrower,,,,TRUE,,,M05,Обязательный participant из M01; не создаётся параллельно в M05. | Собственные identity/consent/employment/income/assets/commitments/snapshots.,Обязательный participant из M01; не создаётся параллельно в M05. | Собственные identity/consent/employment/income/assets/commitments/snapshots.,,,,,M05_CASA_Pro_Client_Profile_Implementation_and_Acceptance_v1.1,§7 Participant / household,SRC-DOC-M05-I-00082,Объект / поле: PRIMARY_BORROWER; Правило: Обязательный participant из M01; не создаётся параллельно в M05.; Owner / isolation: Собственные identity/consent/employment/income/assets/commitments/snapshots.
DC-M05-CAN-0050,M05,participant,SPOUSE,participant.spouse,,,,,,,M05,Создаётся только если супруг есть; не становится co-borrower автоматически. | included_in_analysis=false до явного решения; отдельный consent.,Создаётся только если супруг есть; не становится co-borrower автоматически. | included_in_analysis=false до явного решения; отдельный consent.,,,,,M05_CASA_Pro_Client_Profile_Implementation_and_Acceptance_v1.1,§7 Participant / household,SRC-DOC-M05-I-00083,Объект / поле: SPOUSE; Правило: Создаётся только если супруг есть; не становится co-borrower автоматически.; Owner / isolation: included_in_analysis=false до явного решения; отдельный consent.
DC-M05-CAN-0051,M05,participant,spouse participant,participant.spouse_participant,,,,TRUE,,,M05,если есть супруг | супруг не становится созаёмщиком автоматически,если есть супруг | супруг не становится созаёмщиком автоматически,,,,,04_CASA_Pro_Client_Profile_Final_Spec_KZ_2026-08-21,§5 Участники и семейный контур,SRC-DOC-M05-P-00065,Сущность / поле: spouse participant; Обязательно: если есть супруг; Решение: супруг не становится созаёмщиком автоматически
DC-M05-CAN-0052,M05,pension_sender,employer_or_business_name,pension_sender.employer_or_business_name,,string,,,,DECLARED|VERIFIED,M05,string|может быть user-declared или verified; не заменяется pension sender молча|USER_DECLARED/VERIFIED; pension sender не заменяет значение.,string|может быть user-declared или verified; не заменяется pension sender молча|USER_DECLARED/VERIFIED; pension sender не заменяет значение.,,,,,04_CASA_Pro_Client_Profile_Final_Spec_KZ_2026-08-21|M05_CASA_Pro_Client_Profile_Implementation_and_Acceptance_v1.1,§6 Занятость|§9 Employment,SRC-DOC-M05-P-00074|SRC-DOC-M05-I-00109,Поле: employer_or_business_name; Тип / enum: string; Правило: может быть user-declared или verified; не заменяется pension sender молча|Поле: employer_or_business_name; Тип / enum: string; Правило: USER_DECLARED/VERIFIED; pension sender не заменяет значение.
DC-M06-CAN-0001,M06,calculation_run,actor,calculation_run.actor,,System or authorized actor; ISO timestamp.,,,,,M06,System or authorized actor; ISO timestamp.|ISO time; authorized user or system.,,ISO time; authorized user or system.,,,,M06_CASA_Pro_Calculation_Engine_Production_Spec_v1.4|M06_CASA_Pro_Calculation_Engine_Implementation_and_Acceptance_v1.1,§21 Calculation run|§15 Calculation run,SRC-DOC-M06-P-00275|SRC-DOC-M06-I-00207,Field: calculated_at / actor; Contract: System or authorized actor; ISO timestamp.|Field: calculated_at / actor; Storage/validation: ISO time; authorized user or system.
DC-M06-CAN-0002,M06,calculation_run,calculated_at,calculation_run.calculated_at,,System or authorized actor; ISO timestamp.,,,,,M06,System or authorized actor; ISO timestamp.|ISO time; authorized user or system.,,ISO time; authorized user or system.,,,,M06_CASA_Pro_Calculation_Engine_Production_Spec_v1.4|M06_CASA_Pro_Calculation_Engine_Implementation_and_Acceptance_v1.1,§21 Calculation run|§15 Calculation run,SRC-DOC-M06-P-00275|SRC-DOC-M06-I-00207,Field: calculated_at / actor; Contract: System or authorized actor; ISO timestamp.|Field: calculated_at / actor; Storage/validation: ISO time; authorized user or system.
DC-M06-CAN-0003,M06,calculation_run,calculation_run_id,calculation_run.calculation_run_id,,,,,,,M06,Unique immutable run ID; idempotency key maps identical request to same run or exact replay result.|Unique immutable identifier.,,Unique immutable identifier.,Unique immutable run ID; idempotency key maps identical request to same run or exact replay result.|Unique immutable identifier.,,,M06_CASA_Pro_Calculation_Engine_Production_Spec_v1.4|M06_CASA_Pro_Calculation_Engine_Implementation_and_Acceptance_v1.1,§21 Calculation run|§15 Calculation run,SRC-DOC-M06-P-00267|SRC-DOC-M06-I-00199,Field: calculation_run_id; Contract: Unique immutable run ID; idempotency key maps identical request to same run or exact replay result.|Field: calculation_run_id; Storage/validation: Unique immutable identifier.
DC-M06-CAN-0004,M06,calculation_run,case_id,calculation_run.case_id,,,,TRUE,,,M06,M01 access scope; no cross-tenant existence leak.|Required; M01 authorization guard; no cross-tenant leak.,,Required; M01 authorization guard; no cross-tenant leak.,,,,M06_CASA_Pro_Calculation_Engine_Production_Spec_v1.4|M06_CASA_Pro_Calculation_Engine_Implementation_and_Acceptance_v1.1,§21 Calculation run|§15 Calculation run,SRC-DOC-M06-P-00268|SRC-DOC-M06-I-00200,Field: tenant_id / case_id; Contract: M01 access scope; no cross-tenant existence leak.|Field: tenant_id / case_id; Storage/validation: Required; M01 authorization guard; no cross-tenant leak.
DC-M06-CAN-0005,M06,calculation_run,idempotency_key,calculation_run.idempotency_key,,,,TRUE,,,M06,Required request header; stored with canonical request hash.,,Required request header; stored with canonical request hash.,,,,M06_CASA_Pro_Calculation_Engine_Implementation_and_Acceptance_v1.1,§15 Calculation run,SRC-DOC-M06-I-00209,Field: idempotency_key; Storage/validation: Required request header; stored with canonical request hash.
DC-M06-CAN-0006,M06,calculation_run,inputs.annuity_payment.annual_nominal_rate_percent,calculation_run.inputs.annuity_payment.annual_nominal_rate_percent,,"Decimal(7,4) percent, e.g. 12.5000",,TRUE,,,M06,"calculation_request.parameters.annual_nominal_rate_percent | Decimal(7,4) percent, e.g. 12.5000 | Да | PARAMETER_CONFIRMED",,,,TRUE,,M06_CASA_Pro_Calculation_Engine_Production_Spec_v1.4,§7 Input contracts,SRC-DOC-M06-P-00101,"M06 input path: calculation_run.inputs.annuity_payment.annual_nominal_rate_percent; Exact source binding: calculation_request.parameters.annual_nominal_rate_percent; Type / unit: Decimal(7,4) percent, e.g. 12.5000; Required: Да; Allowed states: PARAMETER_CONFIRMED"
DC-M06-CAN-0007,M06,calculation_run,inputs.annuity_payment.payment_frequency,calculation_run.inputs.annuity_payment.payment_frequency,,enum,MONTH,TRUE,,,M06,constant MONTHLY | enum | Да | MONTHLY only,,,,TRUE,,M06_CASA_Pro_Calculation_Engine_Production_Spec_v1.4,§7 Input contracts,SRC-DOC-M06-P-00103,M06 input path: calculation_run.inputs.annuity_payment.payment_frequency; Exact source binding: constant MONTHLY; Type / unit: enum; Required: Да; Allowed states: MONTHLY only
DC-M06-CAN-0008,M06,calculation_run,inputs.annuity_payment.principal,calculation_run.inputs.annuity_payment.principal,,Money KZT,KZT,TRUE,,COMPLETED,M06,result[casa.required_financing/1.0.0].value | Money KZT | Да | COMPLETED / COMPLETED_WITH_LIMITATIONS,,,,TRUE,,M06_CASA_Pro_Calculation_Engine_Production_Spec_v1.4,§7 Input contracts,SRC-DOC-M06-P-00100,M06 input path: calculation_run.inputs.annuity_payment.principal; Exact source binding: result[casa.required_financing/1.0.0].value; Type / unit: Money KZT; Required: Да; Allowed states: COMPLETED / COMPLETED_WITH_LIMITATIONS
DC-M06-CAN-0009,M06,calculation_run,inputs.annuity_payment.term_months,calculation_run.inputs.annuity_payment.term_months,,integer months,MONTH,TRUE,,,M06,calculation_request.parameters.term_months | integer months | Да | >0,,calculation_request.parameters.term_months | integer months | Да | >0,,TRUE,,M06_CASA_Pro_Calculation_Engine_Production_Spec_v1.4,§7 Input contracts,SRC-DOC-M06-P-00102,M06 input path: calculation_run.inputs.annuity_payment.term_months; Exact source binding: calculation_request.parameters.term_months; Type / unit: integer months; Required: Да; Allowed states: >0
DC-M06-CAN-0010,M06,calculation_run,inputs.required_financing.available_now_down_payment,calculation_run.inputs.required_financing.available_now_down_payment,,"Money{amount Decimal(20,2), currency='KZT'}",KZT,TRUE,,CONFIRMED|VERIFIED|DECLARED,M06,"client_profile_snapshot::metric(available_now_total) | Money{amount Decimal(20,2), currency='KZT'} | Да | CONFIRMED/VERIFIED; DECLARED/EVIDENCE_REQUESTED → limitation",,,,TRUE,TRUE,M06_CASA_Pro_Calculation_Engine_Production_Spec_v1.4,§7 Input contracts,SRC-DOC-M06-P-00099,"M06 input path: calculation_run.inputs.required_financing.available_now_down_payment; Exact source binding: client_profile_snapshot::metric(available_now_total); Type / unit: Money{amount Decimal(20,2), currency='KZT'}; Required: Да; Allowed states: CONFIRMED/VERIFIED; DECLARED/EVIDENCE_REQUESTED → limitation"
DC-M06-CAN-0011,M06,calculation_run,inputs.required_financing.target_price,calculation_run.inputs.required_financing.target_price,,"Money{amount Decimal(20,2), currency='KZT'}",KZT,TRUE,,CONFIRMED|VERIFIED|DECLARED,M06,"client_profile_snapshot.purchase_goal.target_price_max | Money{amount Decimal(20,2), currency='KZT'} | Да | CONFIRMED/VERIFIED; DECLARED → limitation",,,,TRUE,,M06_CASA_Pro_Calculation_Engine_Production_Spec_v1.4,§7 Input contracts,SRC-DOC-M06-P-00098,"M06 input path: calculation_run.inputs.required_financing.target_price; Exact source binding: client_profile_snapshot.purchase_goal.target_price_max; Type / unit: Money{amount Decimal(20,2), currency='KZT'}; Required: Да; Allowed states: CONFIRMED/VERIFIED; DECLARED → limitation"
DC-M06-CAN-0012,M06,calculation_run,parameters,calculation_run.parameters,,,,,,,M06,Explicit rate/term for CALC-F-002 with source/channel/actor; no scenario entity.|Rate/term/frequency with source/channel/actor; no scenario entity.,,Rate/term/frequency with source/channel/actor; no scenario entity.,,TRUE,,M06_CASA_Pro_Calculation_Engine_Production_Spec_v1.4|M06_CASA_Pro_Calculation_Engine_Implementation_and_Acceptance_v1.1,§21 Calculation run|§15 Calculation run,SRC-DOC-M06-P-00273|SRC-DOC-M06-I-00205,Field: parameters; Contract: Explicit rate/term for CALC-F-002 with source/channel/actor; no scenario entity.|Field: parameters; Storage/validation: Rate/term/frequency with source/channel/actor; no scenario entity.
DC-M06-CAN-0013,M06,calculation_run,participant_scope,calculation_run.participant_scope,,,,,,,M06,Exact participant IDs/roles/included_in_analysis refs. No implicit spouse/co-borrower sum.|Exact participant IDs/roles/included_in_analysis references; no implicit sums.,,Exact participant IDs/roles/included_in_analysis references; no implicit sums.,,,,M06_CASA_Pro_Calculation_Engine_Production_Spec_v1.4|M06_CASA_Pro_Calculation_Engine_Implementation_and_Acceptance_v1.1,§21 Calculation run|§15 Calculation run,SRC-DOC-M06-P-00269|SRC-DOC-M06-I-00201,Field: participant_scope; Contract: Exact participant IDs/roles/included_in_analysis refs. No implicit spouse/co-borrower sum.|Field: participant_scope; Storage/validation: Exact participant IDs/roles/included_in_analysis references; no implicit sums.
DC-M06-CAN-0014,M06,calculation_run,requested_calculations,calculation_run.requested_calculations,,,,,TRUE,UNKNOWN,M06,Ordered formula IDs + versions; unknown/disabled ID rejected safely.|Ordered allowlisted formula IDs/versions.,,Ordered allowlisted formula IDs/versions.,Ordered formula IDs + versions; unknown/disabled ID rejected safely.|Ordered allowlisted formula IDs/versions.,,,M06_CASA_Pro_Calculation_Engine_Production_Spec_v1.4|M06_CASA_Pro_Calculation_Engine_Implementation_and_Acceptance_v1.1,§21 Calculation run|§15 Calculation run,SRC-DOC-M06-P-00272|SRC-DOC-M06-I-00204,Field: requested_calculations; Contract: Ordered formula IDs + versions; unknown/disabled ID rejected safely.|Field: requested_calculations; Storage/validation: Ordered allowlisted formula IDs/versions.
DC-M06-CAN-0015,M06,calculation_run,results,calculation_run.results,,,,,,,M06,Per formula value/status/reason/blocking refs.|Per formula raw/persisted/display/status/limitations/blocking refs.,,Per formula raw/persisted/display/status/limitations/blocking refs.,,,,M06_CASA_Pro_Calculation_Engine_Production_Spec_v1.4|M06_CASA_Pro_Calculation_Engine_Implementation_and_Acceptance_v1.1,§21 Calculation run|§15 Calculation run,SRC-DOC-M06-P-00276|SRC-DOC-M06-I-00208,Field: results / blockers; Contract: Per formula value/status/reason/blocking refs.|Field: results / blockers; Storage/validation: Per formula raw/persisted/display/status/limitations/blocking refs.
DC-M06-CAN-0016,M06,calculation_run,results[casa.required_financing/1.0.0].value,calculation_run.results[casa.required_financing_1.0.0].value,,calculation_run.results[casa.required_financing/1.0.0].value; Money KZT.,KZT,TRUE,,,M06,calculation_run.results[casa.required_financing/1.0.0].value; Money KZT.,,,,,,M06_CASA_Pro_Calculation_Engine_Production_Spec_v1.4,CALC-F-001 — Требуемая сумма финансирования,SRC-DOC-M06-P-00128,Элемент: Output; Contract: calculation_run.results[casa.required_financing/1.0.0].value; Money KZT.
DC-M06-CAN-0017,M06,calculation_run,selected_upstream_refs,calculation_run.selected_upstream_refs,,,,,,,M06,M02 iin_check_batch_id + M03/M04 snapshot IDs/hashes carried by M05.,,M02 iin_check_batch_id + M03/M04 snapshot IDs/hashes carried by M05.,,,,M06_CASA_Pro_Calculation_Engine_Implementation_and_Acceptance_v1.1,§15 Calculation run,SRC-DOC-M06-I-00203,Field: selected_upstream_refs; Storage/validation: M02 iin_check_batch_id + M03/M04 snapshot IDs/hashes carried by M05.
DC-M06-CAN-0018,M06,calculation_run,tenant_id,calculation_run.tenant_id,,,,TRUE,,,M06,M01 access scope; no cross-tenant existence leak.|Required; M01 authorization guard; no cross-tenant leak.,,Required; M01 authorization guard; no cross-tenant leak.,,,,M06_CASA_Pro_Calculation_Engine_Production_Spec_v1.4|M06_CASA_Pro_Calculation_Engine_Implementation_and_Acceptance_v1.1,§21 Calculation run|§15 Calculation run,SRC-DOC-M06-P-00268|SRC-DOC-M06-I-00200,Field: tenant_id / case_id; Contract: M01 access scope; no cross-tenant existence leak.|Field: tenant_id / case_id; Storage/validation: Required; M01 authorization guard; no cross-tenant leak.
DC-M06-CAN-0019,M06,calculation_snapshot,blockers[].blocking_input_refs,calculation_snapshot.blockers[].blocking_input_refs,,,,TRUE,TRUE,BLOCKED,M06,"code, human reason, blocking_input_refs|null value when blocked|null when blocked",,,,,,M06_CASA_Pro_Calculation_Engine_Production_Spec_v1.4|M06_CASA_Pro_Calculation_Engine_Implementation_and_Acceptance_v1.1,§22 Calculation snapshot|§16 Calculation snapshot,SRC-DOC-M06-P-00287|SRC-DOC-M06-I-00230,"Block: Blockers; Required content: code, human reason, blocking_input_refs; Invariant: null value when blocked|Block: Blockers; Required payload: code, human reason, blocking_input_refs; Invariant: null when blocked"
DC-M06-CAN-0020,M06,calculation_snapshot,blockers[].code,calculation_snapshot.blockers[].code,,,,TRUE,TRUE,BLOCKED,M06,"code, human reason, blocking_input_refs|null value when blocked|null when blocked",,,,,,M06_CASA_Pro_Calculation_Engine_Production_Spec_v1.4|M06_CASA_Pro_Calculation_Engine_Implementation_and_Acceptance_v1.1,§22 Calculation snapshot|§16 Calculation snapshot,SRC-DOC-M06-P-00287|SRC-DOC-M06-I-00230,"Block: Blockers; Required content: code, human reason, blocking_input_refs; Invariant: null value when blocked|Block: Blockers; Required payload: code, human reason, blocking_input_refs; Invariant: null when blocked"
DC-M06-CAN-0021,M06,calculation_snapshot,blockers[].human_reason,calculation_snapshot.blockers[].human_reason,,,,TRUE,TRUE,BLOCKED,M06,"code, human reason, blocking_input_refs|null value when blocked|null when blocked",,,,,,M06_CASA_Pro_Calculation_Engine_Production_Spec_v1.4|M06_CASA_Pro_Calculation_Engine_Implementation_and_Acceptance_v1.1,§22 Calculation snapshot|§16 Calculation snapshot,SRC-DOC-M06-P-00287|SRC-DOC-M06-I-00230,"Block: Blockers; Required content: code, human reason, blocking_input_refs; Invariant: null value when blocked|Block: Blockers; Required payload: code, human reason, blocking_input_refs; Invariant: null when blocked"
DC-M06-CAN-0022,M06,calculation_snapshot,calculated_at,calculation_snapshot.calculated_at,,,,TRUE,,,M06,"schema_version, calculation_snapshot_id, tenant_id, case_id, status, calculated_at|immutable",,,"schema_version, calculation_snapshot_id, tenant_id, case_id, status, calculated_at|immutable",,,M06_CASA_Pro_Calculation_Engine_Production_Spec_v1.4|M06_CASA_Pro_Calculation_Engine_Implementation_and_Acceptance_v1.1,§22 Calculation snapshot|§16 Calculation snapshot,SRC-DOC-M06-P-00281|SRC-DOC-M06-I-00224,"Block: Envelope; Required content: schema_version, calculation_snapshot_id, tenant_id, case_id, status, calculated_at; Invariant: immutable|Block: Envelope; Required payload: schema_version, calculation_snapshot_id, tenant_id, case_id, status, calculated_at; Invariant: immutable"
DC-M06-CAN-0023,M06,calculation_snapshot,calculation_snapshot_id,calculation_snapshot.calculation_snapshot_id,,,,TRUE,,,M06,"schema_version, calculation_snapshot_id, tenant_id, case_id, status, calculated_at|immutable",,,"schema_version, calculation_snapshot_id, tenant_id, case_id, status, calculated_at|immutable",,,M06_CASA_Pro_Calculation_Engine_Production_Spec_v1.4|M06_CASA_Pro_Calculation_Engine_Implementation_and_Acceptance_v1.1,§22 Calculation snapshot|§16 Calculation snapshot,SRC-DOC-M06-P-00281|SRC-DOC-M06-I-00224,"Block: Envelope; Required content: schema_version, calculation_snapshot_id, tenant_id, case_id, status, calculated_at; Invariant: immutable|Block: Envelope; Required payload: schema_version, calculation_snapshot_id, tenant_id, case_id, status, calculated_at; Invariant: immutable"
DC-M06-CAN-0024,M06,calculation_snapshot,canonicalization_version,calculation_snapshot.canonicalization_version,,,,TRUE,,,M06,"input_hash, output_hash, replay_hash + canonicalization version|deterministic|input_hash, output_hash, replay_hash + CASA-CJ-1 version",,,"input_hash, output_hash, replay_hash + canonicalization version|deterministic|input_hash, output_hash, replay_hash + CASA-CJ-1 version",,,M06_CASA_Pro_Calculation_Engine_Production_Spec_v1.4|M06_CASA_Pro_Calculation_Engine_Implementation_and_Acceptance_v1.1,§22 Calculation snapshot|§16 Calculation snapshot,SRC-DOC-M06-P-00288|SRC-DOC-M06-I-00231,"Block: Hashes; Required content: input_hash, output_hash, replay_hash + canonicalization version; Invariant: deterministic|Block: Hashes; Required payload: input_hash, output_hash, replay_hash + CASA-CJ-1 version; Invariant: deterministic"
DC-M06-CAN-0025,M06,calculation_snapshot,case_id,calculation_snapshot.case_id,,,,TRUE,,,M06,"schema_version, calculation_snapshot_id, tenant_id, case_id, status, calculated_at|immutable",,,"schema_version, calculation_snapshot_id, tenant_id, case_id, status, calculated_at|immutable",,,M06_CASA_Pro_Calculation_Engine_Production_Spec_v1.4|M06_CASA_Pro_Calculation_Engine_Implementation_and_Acceptance_v1.1,§22 Calculation snapshot|§16 Calculation snapshot,SRC-DOC-M06-P-00281|SRC-DOC-M06-I-00224,"Block: Envelope; Required content: schema_version, calculation_snapshot_id, tenant_id, case_id, status, calculated_at; Invariant: immutable|Block: Envelope; Required payload: schema_version, calculation_snapshot_id, tenant_id, case_id, status, calculated_at; Invariant: immutable"
DC-M06-CAN-0026,M06,calculation_snapshot,client_profile_snapshot_hash,calculation_snapshot.client_profile_snapshot_hash,,,,TRUE,,,M06,client_profile_snapshot_id/hash/schema|no raw PDF|sole profile source,,,,TRUE,,M06_CASA_Pro_Calculation_Engine_Production_Spec_v1.4|M06_CASA_Pro_Calculation_Engine_Implementation_and_Acceptance_v1.1,§22 Calculation snapshot|§16 Calculation snapshot,SRC-DOC-M06-P-00282|SRC-DOC-M06-I-00225,Block: Profile; Required content: client_profile_snapshot_id/hash/schema; Invariant: no raw PDF|Block: Profile; Required payload: client_profile_snapshot_id/hash/schema; Invariant: sole profile source
DC-M06-CAN-0027,M06,calculation_snapshot,client_profile_snapshot_id,calculation_snapshot.client_profile_snapshot_id,,,,TRUE,,,M06,client_profile_snapshot_id/hash/schema|no raw PDF|sole profile source,,,,TRUE,,M06_CASA_Pro_Calculation_Engine_Production_Spec_v1.4|M06_CASA_Pro_Calculation_Engine_Implementation_and_Acceptance_v1.1,§22 Calculation snapshot|§16 Calculation snapshot,SRC-DOC-M06-P-00282|SRC-DOC-M06-I-00225,Block: Profile; Required content: client_profile_snapshot_id/hash/schema; Invariant: no raw PDF|Block: Profile; Required payload: client_profile_snapshot_id/hash/schema; Invariant: sole profile source
DC-M06-CAN-0028,M06,calculation_snapshot,client_profile_snapshot_schema,calculation_snapshot.client_profile_snapshot_schema,,,,TRUE,,,M06,client_profile_snapshot_id/hash/schema|no raw PDF|sole profile source,,,,TRUE,,M06_CASA_Pro_Calculation_Engine_Production_Spec_v1.4|M06_CASA_Pro_Calculation_Engine_Implementation_and_Acceptance_v1.1,§22 Calculation snapshot|§16 Calculation snapshot,SRC-DOC-M06-P-00282|SRC-DOC-M06-I-00225,Block: Profile; Required content: client_profile_snapshot_id/hash/schema; Invariant: no raw PDF|Block: Profile; Required payload: client_profile_snapshot_id/hash/schema; Invariant: sole profile source
DC-M06-CAN-0029,M06,calculation_snapshot,credit_history_snapshot_hash,calculation_snapshot.credit_history_snapshot_hash,,,,TRUE,,,M06,iin_check_batch_id; credit_history_snapshot_id/hash; pension_snapshot_id/hash|selected refs only|refs only,,,,,,M06_CASA_Pro_Calculation_Engine_Production_Spec_v1.4|M06_CASA_Pro_Calculation_Engine_Implementation_and_Acceptance_v1.1,§22 Calculation snapshot|§16 Calculation snapshot,SRC-DOC-M06-P-00283|SRC-DOC-M06-I-00226,Block: Upstream; Required content: iin_check_batch_id; credit_history_snapshot_id/hash; pension_snapshot_id/hash; Invariant: selected refs only|Block: Upstream; Required payload: iin_check_batch_id; credit_history_snapshot_id/hash; pension_snapshot_id/hash; Invariant: refs only
DC-M06-CAN-0030,M06,calculation_snapshot,credit_history_snapshot_id,calculation_snapshot.credit_history_snapshot_id,,,,TRUE,,,M06,iin_check_batch_id; credit_history_snapshot_id/hash; pension_snapshot_id/hash|selected refs only|refs only,,,,,,M06_CASA_Pro_Calculation_Engine_Production_Spec_v1.4|M06_CASA_Pro_Calculation_Engine_Implementation_and_Acceptance_v1.1,§22 Calculation snapshot|§16 Calculation snapshot,SRC-DOC-M06-P-00283|SRC-DOC-M06-I-00226,Block: Upstream; Required content: iin_check_batch_id; credit_history_snapshot_id/hash; pension_snapshot_id/hash; Invariant: selected refs only|Block: Upstream; Required payload: iin_check_batch_id; credit_history_snapshot_id/hash; pension_snapshot_id/hash; Invariant: refs only
DC-M06-CAN-0031,M06,calculation_snapshot,decimal_context_version,calculation_snapshot.decimal_context_version,,,,TRUE,,,M06,"engine_version, decimal_context_version|auditable",,,"engine_version, decimal_context_version|auditable",,,M06_CASA_Pro_Calculation_Engine_Production_Spec_v1.4|M06_CASA_Pro_Calculation_Engine_Implementation_and_Acceptance_v1.1,§22 Calculation snapshot|§16 Calculation snapshot,SRC-DOC-M06-P-00289|SRC-DOC-M06-I-00232,"Block: Engine; Required content: engine_version, decimal_context_version; Invariant: auditable|Block: Engine; Required payload: engine_version, decimal_context_version; Invariant: auditable"
DC-M06-CAN-0032,M06,calculation_snapshot,engine_version,calculation_snapshot.engine_version,,,,TRUE,,,M06,"engine_version, decimal_context_version|auditable",,,"engine_version, decimal_context_version|auditable",,,M06_CASA_Pro_Calculation_Engine_Production_Spec_v1.4|M06_CASA_Pro_Calculation_Engine_Implementation_and_Acceptance_v1.1,§22 Calculation snapshot|§16 Calculation snapshot,SRC-DOC-M06-P-00289|SRC-DOC-M06-I-00232,"Block: Engine; Required content: engine_version, decimal_context_version; Invariant: auditable|Block: Engine; Required payload: engine_version, decimal_context_version; Invariant: auditable"
DC-M06-CAN-0033,M06,calculation_snapshot,formula_registry_version,calculation_snapshot.formula_registry_version,,,,TRUE,,,M06,registry version + per-output formula_id/version/origin/effective context|replay exact|registry version + per output formula_id/version/origin/effective context|exact replay,,,registry version + per-output formula_id/version/origin/effective context|replay exact|registry version + per output formula_id/version/origin/effective context|exact replay,,,M06_CASA_Pro_Calculation_Engine_Production_Spec_v1.4|M06_CASA_Pro_Calculation_Engine_Implementation_and_Acceptance_v1.1,§22 Calculation snapshot|§16 Calculation snapshot,SRC-DOC-M06-P-00284|SRC-DOC-M06-I-00227,Block: Formula; Required content: registry version + per-output formula_id/version/origin/effective context; Invariant: replay exact|Block: Formula; Required payload: registry version + per output formula_id/version/origin/effective context; Invariant: exact replay
DC-M06-CAN-0034,M06,calculation_snapshot,iin_check_batch_id,calculation_snapshot.iin_check_batch_id,,,,TRUE,,,M06,iin_check_batch_id; credit_history_snapshot_id/hash; pension_snapshot_id/hash|selected refs only|refs only,,,,,,M06_CASA_Pro_Calculation_Engine_Production_Spec_v1.4|M06_CASA_Pro_Calculation_Engine_Implementation_and_Acceptance_v1.1,§22 Calculation snapshot|§16 Calculation snapshot,SRC-DOC-M06-P-00283|SRC-DOC-M06-I-00226,Block: Upstream; Required content: iin_check_batch_id; credit_history_snapshot_id/hash; pension_snapshot_id/hash; Invariant: selected refs only|Block: Upstream; Required payload: iin_check_batch_id; credit_history_snapshot_id/hash; pension_snapshot_id/hash; Invariant: refs only
DC-M06-CAN-0035,M06,calculation_snapshot,input_hash,calculation_snapshot.input_hash,,,,TRUE,,,M06,"input_hash, output_hash, replay_hash + canonicalization version|deterministic|input_hash, output_hash, replay_hash + CASA-CJ-1 version",,,"input_hash, output_hash, replay_hash + canonicalization version|deterministic|input_hash, output_hash, replay_hash + CASA-CJ-1 version",,,M06_CASA_Pro_Calculation_Engine_Production_Spec_v1.4|M06_CASA_Pro_Calculation_Engine_Implementation_and_Acceptance_v1.1,§22 Calculation snapshot|§16 Calculation snapshot,SRC-DOC-M06-P-00288|SRC-DOC-M06-I-00231,"Block: Hashes; Required content: input_hash, output_hash, replay_hash + canonicalization version; Invariant: deterministic|Block: Hashes; Required payload: input_hash, output_hash, replay_hash + CASA-CJ-1 version; Invariant: deterministic"
DC-M06-CAN-0036,M06,calculation_snapshot,inputs[].source_hash,calculation_snapshot.inputs[].source_hash,,,,TRUE,,,M06,"canonical values, units, statuses, source paths/metrics, source IDs/hashes|no hidden default|canonical values, units, statuses, source paths/metrics, IDs/hashes|no hidden defaults",,,,TRUE,,M06_CASA_Pro_Calculation_Engine_Production_Spec_v1.4|M06_CASA_Pro_Calculation_Engine_Implementation_and_Acceptance_v1.1,§22 Calculation snapshot|§16 Calculation snapshot,SRC-DOC-M06-P-00285|SRC-DOC-M06-I-00228,"Block: Inputs; Required content: canonical values, units, statuses, source paths/metrics, source IDs/hashes; Invariant: no hidden default|Block: Inputs; Required payload: canonical values, units, statuses, source paths/metrics, IDs/hashes; Invariant: no hidden defaults"
DC-M06-CAN-0037,M06,calculation_snapshot,inputs[].source_id,calculation_snapshot.inputs[].source_id,,,,TRUE,,,M06,"canonical values, units, statuses, source paths/metrics, source IDs/hashes|no hidden default|canonical values, units, statuses, source paths/metrics, IDs/hashes|no hidden defaults",,,,TRUE,,M06_CASA_Pro_Calculation_Engine_Production_Spec_v1.4|M06_CASA_Pro_Calculation_Engine_Implementation_and_Acceptance_v1.1,§22 Calculation snapshot|§16 Calculation snapshot,SRC-DOC-M06-P-00285|SRC-DOC-M06-I-00228,"Block: Inputs; Required content: canonical values, units, statuses, source paths/metrics, source IDs/hashes; Invariant: no hidden default|Block: Inputs; Required payload: canonical values, units, statuses, source paths/metrics, IDs/hashes; Invariant: no hidden defaults"
DC-M06-CAN-0038,M06,calculation_snapshot,inputs[].source_metric,calculation_snapshot.inputs[].source_metric,,,,TRUE,,,M06,"canonical values, units, statuses, source paths/metrics, source IDs/hashes|no hidden default|canonical values, units, statuses, source paths/metrics, IDs/hashes|no hidden defaults",,,,TRUE,,M06_CASA_Pro_Calculation_Engine_Production_Spec_v1.4|M06_CASA_Pro_Calculation_Engine_Implementation_and_Acceptance_v1.1,§22 Calculation snapshot|§16 Calculation snapshot,SRC-DOC-M06-P-00285|SRC-DOC-M06-I-00228,"Block: Inputs; Required content: canonical values, units, statuses, source paths/metrics, source IDs/hashes; Invariant: no hidden default|Block: Inputs; Required payload: canonical values, units, statuses, source paths/metrics, IDs/hashes; Invariant: no hidden defaults"
DC-M06-CAN-0039,M06,calculation_snapshot,inputs[].source_path,calculation_snapshot.inputs[].source_path,,,,TRUE,,,M06,"canonical values, units, statuses, source paths/metrics, source IDs/hashes|no hidden default|canonical values, units, statuses, source paths/metrics, IDs/hashes|no hidden defaults",,,,TRUE,,M06_CASA_Pro_Calculation_Engine_Production_Spec_v1.4|M06_CASA_Pro_Calculation_Engine_Implementation_and_Acceptance_v1.1,§22 Calculation snapshot|§16 Calculation snapshot,SRC-DOC-M06-P-00285|SRC-DOC-M06-I-00228,"Block: Inputs; Required content: canonical values, units, statuses, source paths/metrics, source IDs/hashes; Invariant: no hidden default|Block: Inputs; Required payload: canonical values, units, statuses, source paths/metrics, IDs/hashes; Invariant: no hidden defaults"
DC-M06-CAN-0040,M06,calculation_snapshot,inputs[].status,calculation_snapshot.inputs[].status,,,,TRUE,,,M06,"canonical values, units, statuses, source paths/metrics, source IDs/hashes|no hidden default|canonical values, units, statuses, source paths/metrics, IDs/hashes|no hidden defaults",,,,TRUE,,M06_CASA_Pro_Calculation_Engine_Production_Spec_v1.4|M06_CASA_Pro_Calculation_Engine_Implementation_and_Acceptance_v1.1,§22 Calculation snapshot|§16 Calculation snapshot,SRC-DOC-M06-P-00285|SRC-DOC-M06-I-00228,"Block: Inputs; Required content: canonical values, units, statuses, source paths/metrics, source IDs/hashes; Invariant: no hidden default|Block: Inputs; Required payload: canonical values, units, statuses, source paths/metrics, IDs/hashes; Invariant: no hidden defaults"
DC-M06-CAN-0041,M06,calculation_snapshot,inputs[].unit,calculation_snapshot.inputs[].unit,,,,TRUE,,,M06,"canonical values, units, statuses, source paths/metrics, source IDs/hashes|no hidden default|canonical values, units, statuses, source paths/metrics, IDs/hashes|no hidden defaults",,,,TRUE,,M06_CASA_Pro_Calculation_Engine_Production_Spec_v1.4|M06_CASA_Pro_Calculation_Engine_Implementation_and_Acceptance_v1.1,§22 Calculation snapshot|§16 Calculation snapshot,SRC-DOC-M06-P-00285|SRC-DOC-M06-I-00228,"Block: Inputs; Required content: canonical values, units, statuses, source paths/metrics, source IDs/hashes; Invariant: no hidden default|Block: Inputs; Required payload: canonical values, units, statuses, source paths/metrics, IDs/hashes; Invariant: no hidden defaults"
DC-M06-CAN-0042,M06,calculation_snapshot,inputs[].value,calculation_snapshot.inputs[].value,,,,TRUE,,,M06,"canonical values, units, statuses, source paths/metrics, source IDs/hashes|no hidden default|canonical values, units, statuses, source paths/metrics, IDs/hashes|no hidden defaults",,,,TRUE,,M06_CASA_Pro_Calculation_Engine_Production_Spec_v1.4|M06_CASA_Pro_Calculation_Engine_Implementation_and_Acceptance_v1.1,§22 Calculation snapshot|§16 Calculation snapshot,SRC-DOC-M06-P-00285|SRC-DOC-M06-I-00228,"Block: Inputs; Required content: canonical values, units, statuses, source paths/metrics, source IDs/hashes; Invariant: no hidden default|Block: Inputs; Required payload: canonical values, units, statuses, source paths/metrics, IDs/hashes; Invariant: no hidden defaults"
DC-M06-CAN-0043,M06,calculation_snapshot,output_hash,calculation_snapshot.output_hash,,,,TRUE,,,M06,"input_hash, output_hash, replay_hash + canonicalization version|deterministic|input_hash, output_hash, replay_hash + CASA-CJ-1 version",,,"input_hash, output_hash, replay_hash + canonicalization version|deterministic|input_hash, output_hash, replay_hash + CASA-CJ-1 version",,,M06_CASA_Pro_Calculation_Engine_Production_Spec_v1.4|M06_CASA_Pro_Calculation_Engine_Implementation_and_Acceptance_v1.1,§22 Calculation snapshot|§16 Calculation snapshot,SRC-DOC-M06-P-00288|SRC-DOC-M06-I-00231,"Block: Hashes; Required content: input_hash, output_hash, replay_hash + canonicalization version; Invariant: deterministic|Block: Hashes; Required payload: input_hash, output_hash, replay_hash + CASA-CJ-1 version; Invariant: deterministic"
DC-M06-CAN-0044,M06,calculation_snapshot,outputs[].display_value,calculation_snapshot.outputs[].display_value,,,,TRUE,,,M06,"raw/persisted/display values, status, quality limitations|no bank verdict|raw, persisted, display, status, limitations",,,,,,M06_CASA_Pro_Calculation_Engine_Production_Spec_v1.4|M06_CASA_Pro_Calculation_Engine_Implementation_and_Acceptance_v1.1,§22 Calculation snapshot|§16 Calculation snapshot,SRC-DOC-M06-P-00286|SRC-DOC-M06-I-00229,"Block: Outputs; Required content: raw/persisted/display values, status, quality limitations; Invariant: no bank verdict|Block: Outputs; Required payload: raw, persisted, display, status, limitations; Invariant: no bank verdict"
DC-M06-CAN-0045,M06,calculation_snapshot,outputs[].formula_effective_context,calculation_snapshot.outputs[].formula_effective_context,,,,TRUE,,,M06,registry version + per-output formula_id/version/origin/effective context|replay exact|registry version + per output formula_id/version/origin/effective context|exact replay,,,registry version + per-output formula_id/version/origin/effective context|replay exact|registry version + per output formula_id/version/origin/effective context|exact replay,,,M06_CASA_Pro_Calculation_Engine_Production_Spec_v1.4|M06_CASA_Pro_Calculation_Engine_Implementation_and_Acceptance_v1.1,§22 Calculation snapshot|§16 Calculation snapshot,SRC-DOC-M06-P-00284|SRC-DOC-M06-I-00227,Block: Formula; Required content: registry version + per-output formula_id/version/origin/effective context; Invariant: replay exact|Block: Formula; Required payload: registry version + per output formula_id/version/origin/effective context; Invariant: exact replay
DC-M06-CAN-0046,M06,calculation_snapshot,outputs[].formula_id,calculation_snapshot.outputs[].formula_id,,,,TRUE,,,M06,registry version + per-output formula_id/version/origin/effective context|replay exact|registry version + per output formula_id/version/origin/effective context|exact replay,,,registry version + per-output formula_id/version/origin/effective context|replay exact|registry version + per output formula_id/version/origin/effective context|exact replay,,,M06_CASA_Pro_Calculation_Engine_Production_Spec_v1.4|M06_CASA_Pro_Calculation_Engine_Implementation_and_Acceptance_v1.1,§22 Calculation snapshot|§16 Calculation snapshot,SRC-DOC-M06-P-00284|SRC-DOC-M06-I-00227,Block: Formula; Required content: registry version + per-output formula_id/version/origin/effective context; Invariant: replay exact|Block: Formula; Required payload: registry version + per output formula_id/version/origin/effective context; Invariant: exact replay
DC-M06-CAN-0047,M06,calculation_snapshot,outputs[].formula_origin,calculation_snapshot.outputs[].formula_origin,,,,TRUE,,,M06,registry version + per-output formula_id/version/origin/effective context|replay exact|registry version + per output formula_id/version/origin/effective context|exact replay,,,registry version + per-output formula_id/version/origin/effective context|replay exact|registry version + per output formula_id/version/origin/effective context|exact replay,,,M06_CASA_Pro_Calculation_Engine_Production_Spec_v1.4|M06_CASA_Pro_Calculation_Engine_Implementation_and_Acceptance_v1.1,§22 Calculation snapshot|§16 Calculation snapshot,SRC-DOC-M06-P-00284|SRC-DOC-M06-I-00227,Block: Formula; Required content: registry version + per-output formula_id/version/origin/effective context; Invariant: replay exact|Block: Formula; Required payload: registry version + per output formula_id/version/origin/effective context; Invariant: exact replay
DC-M06-CAN-0048,M06,calculation_snapshot,outputs[].formula_version,calculation_snapshot.outputs[].formula_version,,,,TRUE,,,M06,registry version + per-output formula_id/version/origin/effective context|replay exact|registry version + per output formula_id/version/origin/effective context|exact replay,,,registry version + per-output formula_id/version/origin/effective context|replay exact|registry version + per output formula_id/version/origin/effective context|exact replay,,,M06_CASA_Pro_Calculation_Engine_Production_Spec_v1.4|M06_CASA_Pro_Calculation_Engine_Implementation_and_Acceptance_v1.1,§22 Calculation snapshot|§16 Calculation snapshot,SRC-DOC-M06-P-00284|SRC-DOC-M06-I-00227,Block: Formula; Required content: registry version + per-output formula_id/version/origin/effective context; Invariant: replay exact|Block: Formula; Required payload: registry version + per output formula_id/version/origin/effective context; Invariant: exact replay
DC-M06-CAN-0049,M06,calculation_snapshot,outputs[].persisted_value,calculation_snapshot.outputs[].persisted_value,,,,TRUE,,,M06,"raw/persisted/display values, status, quality limitations|no bank verdict|raw, persisted, display, status, limitations",,,,,,M06_CASA_Pro_Calculation_Engine_Production_Spec_v1.4|M06_CASA_Pro_Calculation_Engine_Implementation_and_Acceptance_v1.1,§22 Calculation snapshot|§16 Calculation snapshot,SRC-DOC-M06-P-00286|SRC-DOC-M06-I-00229,"Block: Outputs; Required content: raw/persisted/display values, status, quality limitations; Invariant: no bank verdict|Block: Outputs; Required payload: raw, persisted, display, status, limitations; Invariant: no bank verdict"
DC-M06-CAN-0050,M06,calculation_snapshot,outputs[].quality_limitations,calculation_snapshot.outputs[].quality_limitations,,,,TRUE,,,M06,"raw/persisted/display values, status, quality limitations|no bank verdict|raw, persisted, display, status, limitations",,,,,,M06_CASA_Pro_Calculation_Engine_Production_Spec_v1.4|M06_CASA_Pro_Calculation_Engine_Implementation_and_Acceptance_v1.1,§22 Calculation snapshot|§16 Calculation snapshot,SRC-DOC-M06-P-00286|SRC-DOC-M06-I-00229,"Block: Outputs; Required content: raw/persisted/display values, status, quality limitations; Invariant: no bank verdict|Block: Outputs; Required payload: raw, persisted, display, status, limitations; Invariant: no bank verdict"
DC-M06-CAN-0051,M06,calculation_snapshot,outputs[].raw_value,calculation_snapshot.outputs[].raw_value,,,,TRUE,,,M06,"raw/persisted/display values, status, quality limitations|no bank verdict|raw, persisted, display, status, limitations",,,,,,M06_CASA_Pro_Calculation_Engine_Production_Spec_v1.4|M06_CASA_Pro_Calculation_Engine_Implementation_and_Acceptance_v1.1,§22 Calculation snapshot|§16 Calculation snapshot,SRC-DOC-M06-P-00286|SRC-DOC-M06-I-00229,"Block: Outputs; Required content: raw/persisted/display values, status, quality limitations; Invariant: no bank verdict|Block: Outputs; Required payload: raw, persisted, display, status, limitations; Invariant: no bank verdict"
DC-M06-CAN-0052,M06,calculation_snapshot,outputs[].status,calculation_snapshot.outputs[].status,,,,TRUE,,,M06,"raw/persisted/display values, status, quality limitations|no bank verdict|raw, persisted, display, status, limitations",,,,,,M06_CASA_Pro_Calculation_Engine_Production_Spec_v1.4|M06_CASA_Pro_Calculation_Engine_Implementation_and_Acceptance_v1.1,§22 Calculation snapshot|§16 Calculation snapshot,SRC-DOC-M06-P-00286|SRC-DOC-M06-I-00229,"Block: Outputs; Required content: raw/persisted/display values, status, quality limitations; Invariant: no bank verdict|Block: Outputs; Required payload: raw, persisted, display, status, limitations; Invariant: no bank verdict"
DC-M06-CAN-0053,M06,calculation_snapshot,pension_snapshot_hash,calculation_snapshot.pension_snapshot_hash,,,,TRUE,,,M06,iin_check_batch_id; credit_history_snapshot_id/hash; pension_snapshot_id/hash|selected refs only|refs only,,,,,,M06_CASA_Pro_Calculation_Engine_Production_Spec_v1.4|M06_CASA_Pro_Calculation_Engine_Implementation_and_Acceptance_v1.1,§22 Calculation snapshot|§16 Calculation snapshot,SRC-DOC-M06-P-00283|SRC-DOC-M06-I-00226,Block: Upstream; Required content: iin_check_batch_id; credit_history_snapshot_id/hash; pension_snapshot_id/hash; Invariant: selected refs only|Block: Upstream; Required payload: iin_check_batch_id; credit_history_snapshot_id/hash; pension_snapshot_id/hash; Invariant: refs only
DC-M06-CAN-0054,M06,calculation_snapshot,pension_snapshot_id,calculation_snapshot.pension_snapshot_id,,,,TRUE,,,M06,iin_check_batch_id; credit_history_snapshot_id/hash; pension_snapshot_id/hash|selected refs only|refs only,,,,,,M06_CASA_Pro_Calculation_Engine_Production_Spec_v1.4|M06_CASA_Pro_Calculation_Engine_Implementation_and_Acceptance_v1.1,§22 Calculation snapshot|§16 Calculation snapshot,SRC-DOC-M06-P-00283|SRC-DOC-M06-I-00226,Block: Upstream; Required content: iin_check_batch_id; credit_history_snapshot_id/hash; pension_snapshot_id/hash; Invariant: selected refs only|Block: Upstream; Required payload: iin_check_batch_id; credit_history_snapshot_id/hash; pension_snapshot_id/hash; Invariant: refs only
DC-M06-CAN-0055,M06,calculation_snapshot,replay_hash,calculation_snapshot.replay_hash,,,,TRUE,,,M06,"input_hash, output_hash, replay_hash + canonicalization version|deterministic|input_hash, output_hash, replay_hash + CASA-CJ-1 version",,,"input_hash, output_hash, replay_hash + canonicalization version|deterministic|input_hash, output_hash, replay_hash + CASA-CJ-1 version",,,M06_CASA_Pro_Calculation_Engine_Production_Spec_v1.4|M06_CASA_Pro_Calculation_Engine_Implementation_and_Acceptance_v1.1,§22 Calculation snapshot|§16 Calculation snapshot,SRC-DOC-M06-P-00288|SRC-DOC-M06-I-00231,"Block: Hashes; Required content: input_hash, output_hash, replay_hash + canonicalization version; Invariant: deterministic|Block: Hashes; Required payload: input_hash, output_hash, replay_hash + CASA-CJ-1 version; Invariant: deterministic"
DC-M06-CAN-0056,M06,calculation_snapshot,schema_version,calculation_snapshot.schema_version,,,,TRUE,,,M06,"schema_version, calculation_snapshot_id, tenant_id, case_id, status, calculated_at|immutable",,,"schema_version, calculation_snapshot_id, tenant_id, case_id, status, calculated_at|immutable",,,M06_CASA_Pro_Calculation_Engine_Production_Spec_v1.4|M06_CASA_Pro_Calculation_Engine_Implementation_and_Acceptance_v1.1,§22 Calculation snapshot|§16 Calculation snapshot,SRC-DOC-M06-P-00281|SRC-DOC-M06-I-00224,"Block: Envelope; Required content: schema_version, calculation_snapshot_id, tenant_id, case_id, status, calculated_at; Invariant: immutable|Block: Envelope; Required payload: schema_version, calculation_snapshot_id, tenant_id, case_id, status, calculated_at; Invariant: immutable"
DC-M06-CAN-0057,M06,calculation_snapshot,status,calculation_snapshot.status,,,,TRUE,,,M06,"schema_version, calculation_snapshot_id, tenant_id, case_id, status, calculated_at|immutable|superseded_by/status only; payload not edited|historical replay|superseded_by/status metadata; payload never updated",,,"schema_version, calculation_snapshot_id, tenant_id, case_id, status, calculated_at|immutable|superseded_by/status only; payload not edited|historical replay|superseded_by/status metadata; payload never updated",,,M06_CASA_Pro_Calculation_Engine_Production_Spec_v1.4|M06_CASA_Pro_Calculation_Engine_Implementation_and_Acceptance_v1.1,§22 Calculation snapshot|§16 Calculation snapshot,SRC-DOC-M06-P-00281|SRC-DOC-M06-P-00290|SRC-DOC-M06-I-00224|SRC-DOC-M06-I-00233,"Block: Envelope; Required content: schema_version, calculation_snapshot_id, tenant_id, case_id, status, calculated_at; Invariant: immutable|Block: Lifecycle; Required content: superseded_by/status only; payload not edited; Invariant: historical replay|Block: Envelope; Required payload: schema_version, calculation_snapshot_id, tenant_id, case_id, status, calculated_at; Invariant: immutable|Block: Lifecycle; Required payload: superseded_by/status metadata; payload never updated; Invariant: historical replay"
DC-M06-CAN-0058,M06,calculation_snapshot,superseded_by,calculation_snapshot.superseded_by,,,,TRUE,,,M06,superseded_by/status only; payload not edited|historical replay|superseded_by/status metadata; payload never updated,,,superseded_by/status only; payload not edited|historical replay|superseded_by/status metadata; payload never updated,,,M06_CASA_Pro_Calculation_Engine_Production_Spec_v1.4|M06_CASA_Pro_Calculation_Engine_Implementation_and_Acceptance_v1.1,§22 Calculation snapshot|§16 Calculation snapshot,SRC-DOC-M06-P-00290|SRC-DOC-M06-I-00233,Block: Lifecycle; Required content: superseded_by/status only; payload not edited; Invariant: historical replay|Block: Lifecycle; Required payload: superseded_by/status metadata; payload never updated; Invariant: historical replay
DC-M06-CAN-0059,M06,calculation_snapshot,tenant_id,calculation_snapshot.tenant_id,,,,TRUE,,,M06,"schema_version, calculation_snapshot_id, tenant_id, case_id, status, calculated_at|immutable",,,"schema_version, calculation_snapshot_id, tenant_id, case_id, status, calculated_at|immutable",,,M06_CASA_Pro_Calculation_Engine_Production_Spec_v1.4|M06_CASA_Pro_Calculation_Engine_Implementation_and_Acceptance_v1.1,§22 Calculation snapshot|§16 Calculation snapshot,SRC-DOC-M06-P-00281|SRC-DOC-M06-I-00224,"Block: Envelope; Required content: schema_version, calculation_snapshot_id, tenant_id, case_id, status, calculated_at; Invariant: immutable|Block: Envelope; Required payload: schema_version, calculation_snapshot_id, tenant_id, case_id, status, calculated_at; Invariant: immutable"
DC-M06-CAN-0060,M06,client_profile_snapshot,A_now,client_profile_snapshot.a_now,,,,,,,M06,client_profile_snapshot::metric(available_now_total); only usable monetary sources. Future/restricted/unavailable/additional collateral уже исключены M05.,,,,TRUE,,M06_CASA_Pro_Calculation_Engine_Production_Spec_v1.4,CALC-F-001 — Требуемая сумма финансирования,SRC-DOC-M06-P-00127,Элемент: A_now; Contract: client_profile_snapshot::metric(available_now_total); only usable monetary sources. Future/restricted/unavailable/additional collateral уже исключены M05.
DC-M06-CAN-0061,M06,client_profile_snapshot,client_profile_snapshot_id/hash,client_profile_snapshot.client_profile_snapshot_id_hash,,,,TRUE,,,M06,Required and immutable; sole profile data source.|Required exact immutable M05 snapshot.,,Required exact immutable M05 snapshot.,Required and immutable; sole profile data source.|Required exact immutable M05 snapshot.,TRUE,,M06_CASA_Pro_Calculation_Engine_Production_Spec_v1.4|M06_CASA_Pro_Calculation_Engine_Implementation_and_Acceptance_v1.1,§21 Calculation run|§15 Calculation run,SRC-DOC-M06-P-00270|SRC-DOC-M06-I-00202,Field: client_profile_snapshot_id/hash; Contract: Required and immutable; sole profile data source.|Field: client_profile_snapshot_id/hash; Storage/validation: Required exact immutable M05 snapshot.
DC-M06-CAN-0062,M06,client_profile_snapshot,P,client_profile_snapshot.p,,target_price = client_profile_snapshot.purchase_goal.target_price_max; Money KZT; не valuation и не budget bank limit.|client_profile_snapshot.purchase_goal.target_price_max; Money KZT; no valuation semantics.,KZT,,,,M06,target_price = client_profile_snapshot.purchase_goal.target_price_max; Money KZT; не valuation и не budget bank limit.|client_profile_snapshot.purchase_goal.target_price_max; Money KZT; no valuation semantics.,target_price = client_profile_snapshot.purchase_goal.target_price_max; Money KZT; не valuation и не budget bank limit.,,,,,M06_CASA_Pro_Calculation_Engine_Production_Spec_v1.4|M06_CASA_Pro_Calculation_Engine_Implementation_and_Acceptance_v1.1,CALC-F-001 — Требуемая сумма финансирования|§7 CALC-F-001 — требуемое финансирование,SRC-DOC-M06-P-00126|SRC-DOC-M06-I-00088,Элемент: P; Contract: target_price = client_profile_snapshot.purchase_goal.target_price_max; Money KZT; не valuation и не budget bank limit.|Item: P; Implementation contract: client_profile_snapshot.purchase_goal.target_price_max; Money KZT; no valuation semantics.
DC-M06-CAN-0063,M06,client_profile_snapshot,required_financing.available_now_down_payment,client_profile_snapshot.required_financing.available_now_down_payment,,"Money Decimal(20,2), KZT",KZT,TRUE,,,M06,"client_profile_snapshot::metric(available_now_total) | Money Decimal(20,2), KZT | Да",,,,TRUE,,M06_CASA_Pro_Calculation_Engine_Implementation_and_Acceptance_v1.1,Exact input bindings,SRC-DOC-M06-I-00061,"M06 input: required_financing.available_now_down_payment; Exact source: client_profile_snapshot::metric(available_now_total); Type/unit: Money Decimal(20,2), KZT; Required: Да"
DC-M06-CAN-0064,M06,client_profile_snapshot,required_financing.target_price,client_profile_snapshot.required_financing.target_price,,"Money Decimal(20,2), KZT",KZT,TRUE,,,M06,"client_profile_snapshot.purchase_goal.target_price_max | Money Decimal(20,2), KZT | Да",,,,TRUE,,M06_CASA_Pro_Calculation_Engine_Implementation_and_Acceptance_v1.1,Exact input bindings,SRC-DOC-M06-I-00060,"M06 input: required_financing.target_price; Exact source: client_profile_snapshot.purchase_goal.target_price_max; Type/unit: Money Decimal(20,2), KZT; Required: Да"
DC-M06-CAN-0065,M06,client_profile_snapshot,snapshot_id,client_profile_snapshot.snapshot_id,,,,TRUE,,,M06,Exact client_profile_snapshot_id supplied in run request.,,,,,,M06_CASA_Pro_Calculation_Engine_Implementation_and_Acceptance_v1.1,M05 Metric Resolver,SRC-DOC-M06-I-00130,Field: snapshot_id; Required binding: Exact client_profile_snapshot_id supplied in run request.
DC-M06-CAN-0066,M06,credit_history_snapshot,count,credit_history_snapshot.count,,,,,,,M06,"Текущая просрочка, не historical max | UPSTREAM_M03 | Нет | credit_history_snapshot current metrics","Текущая просрочка, не historical max | UPSTREAM_M03 | Нет | credit_history_snapshot current metrics",,,,,M06_CASA_Pro_Calculation_Engine_Production_Spec_v1.4,§5 Calculation Inventory,SRC-DOC-M06-P-00064,"Показатель: current DPD / count; Точный смысл: Текущая просрочка, не historical max; Owner: UPSTREAM_M03; В M06 1.0: Нет; Contract / why: credit_history_snapshot current metrics"
DC-M06-CAN-0067,M06,credit_history_snapshot,current DPD,credit_history_snapshot.current_dpd,,,,,,,M06,"Текущая просрочка, не historical max | UPSTREAM_M03 | Нет | credit_history_snapshot current metrics","Текущая просрочка, не historical max | UPSTREAM_M03 | Нет | credit_history_snapshot current metrics",,,,,M06_CASA_Pro_Calculation_Engine_Production_Spec_v1.4,§5 Calculation Inventory,SRC-DOC-M06-P-00064,"Показатель: current DPD / count; Точный смысл: Текущая просрочка, не historical max; Owner: UPSTREAM_M03; В M06 1.0: Нет; Contract / why: credit_history_snapshot current metrics"
DC-M06-CAN-0068,M06,credit_history_snapshot,selected_upstream_refs,credit_history_snapshot.selected_upstream_refs,,,,,,,M06,M02 iin_check_batch_id + M03 credit_history_snapshot_id/hash + M04 pension_snapshot_id/hash as carried by M05.,,,,,,M06_CASA_Pro_Calculation_Engine_Production_Spec_v1.4,§21 Calculation run,SRC-DOC-M06-P-00271,Field: selected_upstream_refs; Contract: M02 iin_check_batch_id + M03 credit_history_snapshot_id/hash + M04 pension_snapshot_id/hash as carried by M05.
DC-M06-CAN-0069,M06,credit_history_snapshot,обязательства,credit_history_snapshot.обязательства,,,,TRUE,,,M06,Сумма source-reported payments; не regulatory payment | UPSTREAM_M03 | Нет | credit_history_snapshot.total_reported_payment_by_currency,Сумма source-reported payments; не regulatory payment | UPSTREAM_M03 | Нет | credit_history_snapshot.total_reported_payment_by_currency,,,TRUE,,M06_CASA_Pro_Calculation_Engine_Production_Spec_v1.4,§5 Calculation Inventory,SRC-DOC-M06-P-00063,Показатель: Текущие платежи / обязательства; Точный смысл: Сумма source-reported payments; не regulatory payment; Owner: UPSTREAM_M03; В M06 1.0: Нет; Contract / why: credit_history_snapshot.total_reported_payment_by_currency
DC-M06-CAN-0070,M06,credit_history_snapshot,Текущие платежи,credit_history_snapshot.текущие_платежи,,,,TRUE,,,M06,Сумма source-reported payments; не regulatory payment | UPSTREAM_M03 | Нет | credit_history_snapshot.total_reported_payment_by_currency,Сумма source-reported payments; не regulatory payment | UPSTREAM_M03 | Нет | credit_history_snapshot.total_reported_payment_by_currency,,,TRUE,,M06_CASA_Pro_Calculation_Engine_Production_Spec_v1.4,§5 Calculation Inventory,SRC-DOC-M06-P-00063,Показатель: Текущие платежи / обязательства; Точный смысл: Сумма source-reported payments; не regulatory payment; Owner: UPSTREAM_M03; В M06 1.0: Нет; Contract / why: credit_history_snapshot.total_reported_payment_by_currency
DC-M06-CAN-0071,M06,credit_history_snapshot,Текущий остаток долга,credit_history_snapshot.текущий_остаток_долга,,,,,,,M06,Source-backed aggregate по active obligations | UPSTREAM_M03 | Нет | credit_history_snapshot.total_outstanding_by_currency,,,,TRUE,,M06_CASA_Pro_Calculation_Engine_Production_Spec_v1.4,§5 Calculation Inventory,SRC-DOC-M06-P-00062,Показатель: Текущий остаток долга; Точный смысл: Source-backed aggregate по active obligations; Owner: UPSTREAM_M03; В M06 1.0: Нет; Contract / why: credit_history_snapshot.total_outstanding_by_currency
DC-M06-CAN-0072,M06,formula_registry,effective context,formula_registry.effective_context,,,,,,,M06,23.08.2026 → open | 23.08.2026 → open | current context from 18.08.2026,,,,,,M06_CASA_Pro_Calculation_Engine_Implementation_and_Acceptance_v1.1,§6 Formula Registry implementation,SRC-DOC-M06-I-00074,Field: effective context; CALC-F-001: 23.08.2026 → open; CALC-F-002: 23.08.2026 → open; REG-F-001: current context from 18.08.2026
DC-M06-CAN-0073,M06,formula_registry,execution,formula_registry.execution,,,,TRUE,TRUE,,M06,enabled | enabled | value=null; REGULATORY_INPUT_REQUIRED,,,,,,M06_CASA_Pro_Calculation_Engine_Implementation_and_Acceptance_v1.1,§6 Formula Registry implementation,SRC-DOC-M06-I-00076,Field: execution; CALC-F-001: enabled; CALC-F-002: enabled; REG-F-001: value=null; REGULATORY_INPUT_REQUIRED
DC-M06-CAN-0074,M06,formula_registry,expression,formula_registry.expression,,,,,,,M06,"F=max(P−A_now,0) | approved annuity branches | KDN=(Σ(PNZ_i+PP_i)+PZ)/D",,,,,,M06_CASA_Pro_Calculation_Engine_Implementation_and_Acceptance_v1.1,§6 Formula Registry implementation,SRC-DOC-M06-I-00075,"Field: expression; CALC-F-001: F=max(P−A_now,0); CALC-F-002: approved annuity branches; REG-F-001: KDN=(Σ(PNZ_i+PP_i)+PZ)/D"
DC-M06-CAN-0075,M06,formula_registry,formula_id,formula_registry.formula_id,,,,,,,M06,CALC-F-001 | CALC-F-002 | REG-F-001,,,,,,M06_CASA_Pro_Calculation_Engine_Implementation_and_Acceptance_v1.1,§6 Formula Registry implementation,SRC-DOC-M06-I-00069,Field: formula_id; CALC-F-001: CALC-F-001; CALC-F-002: CALC-F-002; REG-F-001: REG-F-001
DC-M06-CAN-0076,M06,formula_registry,formula_registry_version,formula_registry.formula_registry_version,,,,,,,M06,Frozen registry release for the run.|Frozen registry release used by run.,,Frozen registry release used by run.,Frozen registry release for the run.|Frozen registry release used by run.,,,M06_CASA_Pro_Calculation_Engine_Production_Spec_v1.4|M06_CASA_Pro_Calculation_Engine_Implementation_and_Acceptance_v1.1,§21 Calculation run|§15 Calculation run,SRC-DOC-M06-P-00274|SRC-DOC-M06-I-00206,Field: formula_registry_version; Contract: Frozen registry release for the run.|Field: formula_registry_version; Storage/validation: Frozen registry release used by run.
DC-M06-CAN-0077,M06,formula_registry,formula_version,formula_registry.formula_version,,,,,,,M06,1.0.0 | 1.0.0 | 2025-52/2026-92,,,1.0.0 | 1.0.0 | 2025-52/2026-92,,,M06_CASA_Pro_Calculation_Engine_Implementation_and_Acceptance_v1.1,§6 Formula Registry implementation,SRC-DOC-M06-I-00071,Field: formula_version; CALC-F-001: 1.0.0; CALC-F-002: 1.0.0; REG-F-001: 2025-52/2026-92
DC-M06-CAN-0078,M06,formula_registry,machine_name,formula_registry.machine_name,,,,TRUE,,,M06,casa.required_financing | casa.annuity_payment_by_parameters | reg.kz.kdn.bank,,,,,,M06_CASA_Pro_Calculation_Engine_Implementation_and_Acceptance_v1.1,§6 Formula Registry implementation,SRC-DOC-M06-I-00070,Field: machine_name; CALC-F-001: casa.required_financing; CALC-F-002: casa.annuity_payment_by_parameters; REG-F-001: reg.kz.kdn.bank
DC-M06-CAN-0079,M06,formula_registry,origin,formula_registry.origin,,,,,,,M06,CASA_NEUTRAL / M06 | CASA_NEUTRAL / M06 | REGULATORY_KZ / NBRK-Bank,,,,,,M06_CASA_Pro_Calculation_Engine_Implementation_and_Acceptance_v1.1,§6 Formula Registry implementation,SRC-DOC-M06-I-00072,Field: origin / owner; CALC-F-001: CASA_NEUTRAL / M06; CALC-F-002: CASA_NEUTRAL / M06; REG-F-001: REGULATORY_KZ / NBRK-Bank
DC-M06-CAN-0080,M06,formula_registry,owner,formula_registry.owner,,,,,,,M06,CASA_NEUTRAL / M06 | CASA_NEUTRAL / M06 | REGULATORY_KZ / NBRK-Bank,,,,,,M06_CASA_Pro_Calculation_Engine_Implementation_and_Acceptance_v1.1,§6 Formula Registry implementation,SRC-DOC-M06-I-00072,Field: origin / owner; CALC-F-001: CASA_NEUTRAL / M06; CALC-F-002: CASA_NEUTRAL / M06; REG-F-001: REGULATORY_KZ / NBRK-Bank
DC-M06-CAN-0081,M06,formula_registry,release,formula_registry.release,,,,,,,M06,1.0 / APPROVED | 1.0 / APPROVED | not executable 1.0 / DISABLED,,,,,,M06_CASA_Pro_Calculation_Engine_Implementation_and_Acceptance_v1.1,§6 Formula Registry implementation,SRC-DOC-M06-I-00073,Field: release / status; CALC-F-001: 1.0 / APPROVED; CALC-F-002: 1.0 / APPROVED; REG-F-001: not executable 1.0 / DISABLED
DC-M06-CAN-0082,M06,formula_registry,status,formula_registry.status,,,,,,,M06,1.0 / APPROVED | 1.0 / APPROVED | not executable 1.0 / DISABLED,,,,,,M06_CASA_Pro_Calculation_Engine_Implementation_and_Acceptance_v1.1,§6 Formula Registry implementation,SRC-DOC-M06-I-00073,Field: release / status; CALC-F-001: 1.0 / APPROVED; CALC-F-002: 1.0 / APPROVED; REG-F-001: not executable 1.0 / DISABLED
