requirement_id,canonical_key,release,applicability,module_id,module_name,requirement_level,category,subsystem,requirement,expected_behavior,forbidden_behavior,input,output,state_or_status,source_documents,source_versions,source_sections,source_extract_ids,acceptance_test_ids,priority,criticality,implementation_layer,dependency,release_gate,open_gate_ids,developer_task_ids,notes
M01-CAN-0001,m01.current_1_0.product_semantic.a309a5a4a017726c,1.0,CURRENT_1_0,M01,Клиент и согласие,PRODUCT_SEMANTIC,STATE,A. Клиент,Элемент: Идентичность; Показывать: ФИО + masked ИИН/идентификатор + identity version/status.,Элемент: Идентичность; Показывать: ФИО + masked ИИН/идентификатор + identity version/status.,,,,,M01_CASA_Pro_Client_and_Consent_Implementation_and_Acceptance_v1.1,1.1,A. Клиент,SRC-DOC-M01-I-00207,,,,MULTI_LAYER,,,,,Canonicalized from 1 candidate row(s); source text preserved in 10_SOURCE_EXTRACTS.csv.
M01-CAN-0002,m01.current_1_0.product_semantic.b345f8c1a50ff562,1.0,CURRENT_1_0,M01,Клиент и согласие,PRODUCT_SEMANTIC,STATE,A. Клиент,"Элемент: Case; Показывать: Короткий case reference/status; смена клиента — навигация, не перепривязка текущих данных.","Элемент: Case; Показывать: Короткий case reference/status; смена клиента — навигация, не перепривязка текущих данных.",,,,,M01_CASA_Pro_Client_and_Consent_Implementation_and_Acceptance_v1.1,1.1,A. Клиент,SRC-DOC-M01-I-00209,,,,MULTI_LAYER,,,,,Canonicalized from 1 candidate row(s); source text preserved in 10_SOURCE_EXTRACTS.csv.
M01-CAN-0003,m01.current_1_0.data_contract.6b35dea5d5081816,1.0,CURRENT_1_0,M01,Клиент и согласие,DATA_CONTRACT,DATA_MODEL,A. Клиент,Элемент: Редактирование; Показывать: CTA только для разрешённых полей; critical identifier correction создаёт новую identity version.,Элемент: Редактирование; Показывать: CTA только для разрешённых полей; critical identifier correction создаёт новую identity version.,,,,,M01_CASA_Pro_Client_and_Consent_Implementation_and_Acceptance_v1.1,1.1,A. Клиент,SRC-DOC-M01-I-00210,,,CRITICAL,DATA,,,,,Canonicalized from 1 candidate row(s); source text preserved in 10_SOURCE_EXTRACTS.csv.
M01-CAN-0004,m01.current_1_0.security_control.a914c6006932f465,1.0,CURRENT_1_0,M01,Клиент и согласие,SECURITY_CONTROL,CONSENT,B. Согласие,Блок: Версия и время; Показывать: consent text version; confirmed_at; renewal reason/expiry only if approved policy.,Блок: Версия и время; Показывать: consent text version; confirmed_at; renewal reason/expiry only if approved policy.,,,,,M01_CASA_Pro_Client_and_Consent_Implementation_and_Acceptance_v1.1,1.1,B. Согласие,SRC-DOC-M01-I-00215,,,,LEGAL,,,,,Canonicalized from 1 candidate row(s); source text preserved in 10_SOURCE_EXTRACTS.csv.
M01-CAN-0005,m01.current_1_0.security_control.c4ae87bdbd996e64,1.0,CURRENT_1_0,M01,Клиент и согласие,SECURITY_CONTROL,CONSENT,B. Согласие,Блок: Evidence; Показывать: Подтверждено / не доказано + допустимая ссылка на детали; raw evidence скрыт.,Блок: Evidence; Показывать: Подтверждено / не доказано + допустимая ссылка на детали; raw evidence скрыт.,,,,,M01_CASA_Pro_Client_and_Consent_Implementation_and_Acceptance_v1.1,1.1,B. Согласие,SRC-DOC-M01-I-00216,,,,MULTI_LAYER,,,,,Canonicalized from 1 candidate row(s); source text preserved in 10_SOURCE_EXTRACTS.csv.
M01-CAN-0006,m01.current_1_0.security_control.d278fcd755ee9c79,1.0,CURRENT_1_0,M01,Клиент и согласие,SECURITY_CONTROL,CONSENT,B. Согласие,Блок: CTA; Показывать: Запросить / повторить / отозвать / получить новую версию — только разрешённое текущим state и permissions.,Блок: CTA; Показывать: Запросить / повторить / отозвать / получить новую версию — только разрешённое текущим state и permissions.,,,,,M01_CASA_Pro_Client_and_Consent_Implementation_and_Acceptance_v1.1,1.1,B. Согласие,SRC-DOC-M01-I-00217,,,,MULTI_LAYER,,,,,Canonicalized from 1 candidate row(s); source text preserved in 10_SOURCE_EXTRACTS.csv.
M01-CAN-0007,m01.current_1_0.security_control.ef38216e39ca373f,1.0,CURRENT_1_0,M01,Клиент и согласие,SECURITY_CONTROL,CONSENT,B. Согласие,Блок: Предупреждение; Показывать: Текущий consent не предоставляет CASA direct bureau/ENPF access и не разрешает credentials.,Блок: Предупреждение; Показывать: Текущий consent не предоставляет CASA direct bureau/ENPF access и не разрешает credentials.,,,,,M01_CASA_Pro_Client_and_Consent_Implementation_and_Acceptance_v1.1,1.1,B. Согласие,SRC-DOC-M01-I-00218,,,,LEGAL,,,,,Canonicalized from 1 candidate row(s); source text preserved in 10_SOURCE_EXTRACTS.csv.
M01-CAN-0008,m01.current_1_0.security_control.fb3d03721b749e83,1.0,CURRENT_1_0,M01,Клиент и согласие,SECURITY_CONTROL,CONSENT,C. Дополнительные участники,"Для каждого: ФИО/маска, роль, included_in_analysis, identity status, consent status и один разрешённый CTA. Данные/согласия участников не объединяются.","Для каждого: ФИО/маска, роль, included_in_analysis, identity status, consent status и один разрешённый CTA. Данные/согласия участников не объединяются.",,,,,M01_CASA_Pro_Client_and_Consent_Implementation_and_Acceptance_v1.1,1.1,C. Дополнительные участники,SRC-DOC-M01-I-00220,,,,LEGAL,,,,,Canonicalized from 1 candidate row(s); source text preserved in 10_SOURCE_EXTRACTS.csv.
M01-CAN-0009,m01.current_1_0.security_control.b3c9523b65da8a1a,1.0,CURRENT_1_0,M01,Клиент и согласие,SECURITY_CONTROL,SECURITY,Consent preflight,"Вход: tenant/case/participant/identity_version + action/purpose + caller context. Выход: allow=false/true, matched consent_id/text_version/evidence_ref, authorization/audit refs и safe deny reason. Full ИИН не передаётся.","Вход: tenant/case/participant/identity_version + action/purpose + caller context. Выход: allow=false/true, matched consent_id/text_version/evidence_ref, authorization/audit refs и safe deny reason. Full ИИН не передаётся.",,,,,M01_CASA_Pro_Client_and_Consent_Implementation_and_Acceptance_v1.1,1.1,Consent preflight,SRC-DOC-M01-I-00249,,,,SECURITY|LEGAL,,,,,Canonicalized from 1 candidate row(s); source text preserved in 10_SOURCE_EXTRACTS.csv.
M01-CAN-0010,m01.current_1_0.implementation_detail.38d9cbe0955a4506,1.0,CURRENT_1_0,M01,Клиент и согласие,IMPLEMENTATION_DETAIL,API,Consent preflight,API surface: POST /api/v2/cases; Контракт: Idempotent case create; tenant ownership + audit.,API surface: POST /api/v2/cases; Контракт: Idempotent case create; tenant ownership + audit.,,,,,M01_CASA_Pro_Client_and_Consent_Implementation_and_Acceptance_v1.1,1.1,Consent preflight,SRC-DOC-M01-I-00251,,,,BACKEND|SECURITY,,,,,Canonicalized from 1 candidate row(s); source text preserved in 10_SOURCE_EXTRACTS.csv.
M01-CAN-0011,m01.current_1_0.implementation_detail.748fc14e0b42b5c1,1.0,CURRENT_1_0,M01,Клиент и согласие,IMPLEMENTATION_DETAIL,API,Consent preflight,API surface: POST /api/v2/cases/{case_id}/participants; Контракт: Отдельный participant/role; no consent inheritance.,API surface: POST /api/v2/cases/{case_id}/participants; Контракт: Отдельный participant/role; no consent inheritance.,,,,,M01_CASA_Pro_Client_and_Consent_Implementation_and_Acceptance_v1.1,1.1,Consent preflight,SRC-DOC-M01-I-00252,,,,BACKEND|LEGAL,,,,,Canonicalized from 1 candidate row(s); source text preserved in 10_SOURCE_EXTRACTS.csv.
M01-CAN-0012,m01.current_1_0.implementation_detail.d7bb666a3032da2a,1.0,CURRENT_1_0,M01,Клиент и согласие,IMPLEMENTATION_DETAIL,API,Consent preflight,API surface: POST /api/v2/participants/{participant_id}/identity-versions; Контракт: New immutable version; old refs preserved.,API surface: POST /api/v2/participants/{participant_id}/identity-versions; Контракт: New immutable version; old refs preserved.,,,,,M01_CASA_Pro_Client_and_Consent_Implementation_and_Acceptance_v1.1,1.1,Consent preflight,SRC-DOC-M01-I-00253,,,,BACKEND,,,,,Canonicalized from 1 candidate row(s); source text preserved in 10_SOURCE_EXTRACTS.csv.
M01-CAN-0013,m01.current_1_0.implementation_detail.da4fcfd0952729dc,1.0,CURRENT_1_0,M01,Клиент и согласие,IMPLEMENTATION_DETAIL,API,Consent preflight,API surface: POST /api/v2/participants/{participant_id}/consent-requests; Контракт: Request exact approved text/purposes; channel adapter only if enabled.,API surface: POST /api/v2/participants/{participant_id}/consent-requests; Контракт: Request exact approved text/purposes; channel adapter only if enabled.,,,,,M01_CASA_Pro_Client_and_Consent_Implementation_and_Acceptance_v1.1,1.1,Consent preflight,SRC-DOC-M01-I-00254,,,,BACKEND|LEGAL,,,,,Canonicalized from 1 candidate row(s); source text preserved in 10_SOURCE_EXTRACTS.csv.
M01-CAN-0014,m01.current_1_0.implementation_detail.c3bbf0f3f32407eb,1.0,CURRENT_1_0,M01,Клиент и согласие,IMPLEMENTATION_DETAIL,API,Consent preflight,API surface: POST /api/v2/consents/{consent_id}:record-confirmation; Контракт: Internal approved adapter + evidence validation; broker impersonation forbidden.,API surface: POST /api/v2/consents/{consent_id}:record-confirmation; Контракт: Internal approved adapter + evidence validation; broker impersonation forbidden.,,,,,M01_CASA_Pro_Client_and_Consent_Implementation_and_Acceptance_v1.1,1.1,Consent preflight,SRC-DOC-M01-I-00255,,,,BACKEND|FRONTEND|LEGAL,,,,,Canonicalized from 1 candidate row(s); source text preserved in 10_SOURCE_EXTRACTS.csv.
M01-CAN-0015,m01.current_1_0.implementation_detail.fd91b07e9b5d35d2,1.0,CURRENT_1_0,M01,Клиент и согласие,IMPLEMENTATION_DETAIL,API,Consent preflight,API surface: POST /api/v2/consents/{consent_id}:revoke; Контракт: Append-only revoke event + policy evaluation.,API surface: POST /api/v2/consents/{consent_id}:revoke; Контракт: Append-only revoke event + policy evaluation.,,,,,M01_CASA_Pro_Client_and_Consent_Implementation_and_Acceptance_v1.1,1.1,Consent preflight,SRC-DOC-M01-I-00256,,,,BACKEND|LEGAL,,,,,Canonicalized from 1 candidate row(s); source text preserved in 10_SOURCE_EXTRACTS.csv.
M01-CAN-0016,m01.current_1_0.implementation_detail.6200095d2266efc5,1.0,CURRENT_1_0,M01,Клиент и согласие,IMPLEMENTATION_DETAIL,API,Consent preflight,API surface: POST /api/v2/consent-preflight; Контракт: Allow/deny for exact participant/identity/action/purpose; emits audit ref.,API surface: POST /api/v2/consent-preflight; Контракт: Allow/deny for exact participant/identity/action/purpose; emits audit ref.,,,,,M01_CASA_Pro_Client_and_Consent_Implementation_and_Acceptance_v1.1,1.1,Consent preflight,SRC-DOC-M01-I-00257,,,,BACKEND|LEGAL,,,,,Canonicalized from 1 candidate row(s); source text preserved in 10_SOURCE_EXTRACTS.csv.
M01-CAN-0017,m01.current_1_0.implementation_detail.0469e1c96c631690,1.0,CURRENT_1_0,M01,Клиент и согласие,IMPLEMENTATION_DETAIL,API,Credential rejection,"Не существует UI field, API property, database column или log field для eGov/КГД/ЕНПФ/бюро passwords, OTP, ЭЦП, cookies или client session credentials. Попытка передачи возвращает: «CASA не принимает пароли, коды подтверждения или ЭЦП. Получите документ самостоятельно и загрузите разрешённый PDF».","Не существует UI field, API property, database column или log field для eGov/КГД/ЕНПФ/бюро passwords, OTP, ЭЦП, cookies или client session credentials. Попытка передачи возвращает: «CASA не принимает пароли, коды подтверждения или ЭЦП. Получите документ самостоятельно и загрузите разрешённый PDF».",,,,,M01_CASA_Pro_Client_and_Consent_Implementation_and_Acceptance_v1.1,1.1,Credential rejection,SRC-DOC-M01-I-00180,,,,BACKEND|FRONTEND|DATA|PARSER,,,,,Canonicalized from 1 candidate row(s); source text preserved in 10_SOURCE_EXTRACTS.csv.
M01-CAN-0018,m01.current_1_0.security_control.35394c0b144b240e,1.0,CURRENT_1_0,M01,Клиент и согласие,SECURITY_CONTROL,CONSENT,Engineering DONE,case/participant ownership однозначны; participant consent никогда не наследуется; purpose обязателен;,case/participant ownership однозначны; participant consent никогда не наследуется; purpose обязателен;,,,,,M01_CASA_Pro_Client_and_Consent_Implementation_and_Acceptance_v1.1,1.1,Engineering DONE,SRC-DOC-M01-I-00320,,,,LEGAL,,,,,Canonicalized from 1 candidate row(s); source text preserved in 10_SOURCE_EXTRACTS.csv.
M01-CAN-0019,m01.current_1_0.data_contract.dfee28867429a6f0,1.0,CURRENT_1_0,M01,Клиент и согласие,DATA_CONTRACT,SNAPSHOT,Engineering DONE,identity correction создаёт новую version; historical batches/documents/snapshots не перепривязываются;,identity correction создаёт новую version; historical batches/documents/snapshots не перепривязываются;,,,,,M01_CASA_Pro_Client_and_Consent_Implementation_and_Acceptance_v1.1,1.1,Engineering DONE,SRC-DOC-M01-I-00321,,,,DATA,,,,,Canonicalized from 1 candidate row(s); source text preserved in 10_SOURCE_EXTRACTS.csv.
M01-CAN-0020,m01.current_1_0.product_semantic.1a1fc2cf958dcf30,1.0,CURRENT_1_0,M01,Клиент и согласие,PRODUCT_SEMANTIC,BUSINESS_RULE,Engineering DONE,absence/expiry/revocation/purpose mismatch блокируют protected actions до downstream side effect;,absence/expiry/revocation/purpose mismatch блокируют protected actions до downstream side effect;,,,,,M01_CASA_Pro_Client_and_Consent_Implementation_and_Acceptance_v1.1,1.1,Engineering DONE,SRC-DOC-M01-I-00322,,,,MULTI_LAYER,,,,,Canonicalized from 1 candidate row(s); source text preserved in 10_SOURCE_EXTRACTS.csv.
M01-CAN-0021,m01.current_1_0.security_control.49c0560a9830af1f,1.0,CURRENT_1_0,M01,Клиент и согласие,SECURITY_CONTROL,SECURITY,Engineering DONE,"tenant/case/assignment/action guards, no-existence-leak и append-only audit проходят negative tests;","tenant/case/assignment/action guards, no-existence-leak и append-only audit проходят negative tests;",,,,,M01_CASA_Pro_Client_and_Consent_Implementation_and_Acceptance_v1.1,1.1,Engineering DONE,SRC-DOC-M01-I-00323,,,,QA|SECURITY,,,,,Canonicalized from 1 candidate row(s); source text preserved in 10_SOURCE_EXTRACTS.csv.
M01-CAN-0022,m01.current_1_0.implementation_detail.ee8d2d851e346d58,1.0,CURRENT_1_0,M01,Клиент и согласие,IMPLEMENTATION_DETAIL,API,Engineering DONE,нет UI/API/DB/log fields для credentials; direct bureau/ENPF calls отсутствуют;,нет UI/API/DB/log fields для credentials; direct bureau/ENPF calls отсутствуют;,,,,,M01_CASA_Pro_Client_and_Consent_Implementation_and_Acceptance_v1.1,1.1,Engineering DONE,SRC-DOC-M01-I-00324,,,,BACKEND|FRONTEND|DATA,,,,,Canonicalized from 1 candidate row(s); source text preserved in 10_SOURCE_EXTRACTS.csv.
M01-CAN-0023,m01.current_1_0.security_control.303d261462d50c9c,1.0,CURRENT_1_0,M01,Клиент и согласие,SECURITY_CONTROL,SECURITY,Engineering DONE,PII/log/export masking и immutable replay refs работают; human UI не показывает technical codes основным текстом;,PII/log/export masking и immutable replay refs работают; human UI не показывает technical codes основным текстом;,,,,,M01_CASA_Pro_Client_and_Consent_Implementation_and_Acceptance_v1.1,1.1,Engineering DONE,SRC-DOC-M01-I-00325,,,,FRONTEND|SECURITY,,,,,Canonicalized from 1 candidate row(s); source text preserved in 10_SOURCE_EXTRACTS.csv.
M01-CAN-0024,m01.current_1_0.security_control.67d38450c6d36eba,1.0,CURRENT_1_0,M01,Клиент и согласие,SECURITY_CONTROL,SECURITY,Engineering DONE,M01 НЕ DONE ДЛЯ ENGINEERING  Если ownership неоднозначен; consent другого participant используется; purpose отсутствует; revoke не блокирует; identity history мутирует; tenant isolation нарушена; credentials сохраняются; audit/PII controls не доказаны; spouse auto co-borrower; integration scope расширен.: M01 НЕ DONE ДЛЯ ENGINEERING  Если ownership неоднозначен; consent другого participant используется; purpose отсутствует; revoke не блокирует; identity history мутирует; tenant isolation нарушена; credentials сохраняются; audit/PII controls не доказаны; spouse auto co-borrower; integration scope расширен.,M01 НЕ DONE ДЛЯ ENGINEERING  Если ownership неоднозначен; consent другого participant используется; purpose отсутствует; revoke не блокирует; identity history мутирует; tenant isolation нарушена; credentials сохраняются; audit/PII controls не доказаны; spouse auto co-borrower; integration scope расширен.: M01 НЕ DONE ДЛЯ ENGINEERING  Если ownership неоднозначен; consent другого participant используется; purpose отсутствует; revoke не блокирует; identity history мутирует; tenant isolation нарушена; credentials сохраняются; audit/PII controls не доказаны; spouse auto co-borrower; integration scope расширен.,,,,,M01_CASA_Pro_Client_and_Consent_Implementation_and_Acceptance_v1.1,1.1,Engineering DONE,SRC-DOC-M01-I-00327,,,,SECURITY|LEGAL|PRODUCT,,,,,Canonicalized from 1 candidate row(s); source text preserved in 10_SOURCE_EXTRACTS.csv.
M01-CAN-0025,m01.current_1_0.security_control.5f08d40d116a03e8,1.0,CURRENT_1_0,M01,Клиент и согласие,SECURITY_CONTROL,CONSENT,Supersede,Причина: Новая consent text version; Новая версия: Новый request/grant с exact text hash/purposes.; Старое состояние: Старый consent SUPERSEDED; не расширяется.,Причина: Новая consent text version; Новая версия: Новый request/grant с exact text hash/purposes.; Старое состояние: Старый consent SUPERSEDED; не расширяется.,,,,,M01_CASA_Pro_Client_and_Consent_Implementation_and_Acceptance_v1.1,1.1,Supersede,SRC-DOC-M01-I-00129,,,,LEGAL,,,,,Canonicalized from 1 candidate row(s); source text preserved in 10_SOURCE_EXTRACTS.csv.
M01-CAN-0026,m01.current_1_0.security_control.e43990615bc11a31,1.0,CURRENT_1_0,M01,Клиент и согласие,SECURITY_CONTROL,CONSENT,Supersede,"Причина: Новая identity_version; Новая версия: Preflight требует consent, допустимый для новой identity version.; Старое состояние: История прежней identity не перепривязывается.","Причина: Новая identity_version; Новая версия: Preflight требует consent, допустимый для новой identity version.; Старое состояние: История прежней identity не перепривязывается.",,,,,M01_CASA_Pro_Client_and_Consent_Implementation_and_Acceptance_v1.1,1.1,Supersede,SRC-DOC-M01-I-00131,,,,LEGAL,,,,,Canonicalized from 1 candidate row(s); source text preserved in 10_SOURCE_EXTRACTS.csv.
M01-CAN-0027,m01.current_1_0.security_control.9ac63efe73e8ff63,1.0,CURRENT_1_0,M01,Клиент и согласие,SECURITY_CONTROL,SECURITY,Supersede,"RETENTION СРОК НЕ ПРИДУМЫВАТЬ  В коде хранится retention_policy_id/version и результат policy evaluation. Число дней/лет, delete timing и legal hold закрываются Product/Legal/Security artifact; до этого production data use BLOCKED.: RETENTION СРОК НЕ ПРИДУМЫВАТЬ  В коде хранится retention_policy_id/version и результат policy evaluation. Число дней/лет, delete timing и legal hold закрываются Product/Legal/Security artifact; до этого production data use BLOCKED.","RETENTION СРОК НЕ ПРИДУМЫВАТЬ  В коде хранится retention_policy_id/version и результат policy evaluation. Число дней/лет, delete timing и legal hold закрываются Product/Legal/Security artifact; до этого production data use BLOCKED.: RETENTION СРОК НЕ ПРИДУМЫВАТЬ  В коде хранится retention_policy_id/version и результат policy evaluation. Число дней/лет, delete timing и legal hold закрываются Product/Legal/Security artifact; до этого production data use BLOCKED.",,,,BLOCKED,M01_CASA_Pro_Client_and_Consent_Implementation_and_Acceptance_v1.1,1.1,Supersede,SRC-DOC-M01-I-00133,,,,DATA|SECURITY|LEGAL|PRODUCT,,,,,Canonicalized from 1 candidate row(s); source text preserved in 10_SOURCE_EXTRACTS.csv.
M01-CAN-0028,m01.current_1_0.boundary.9da60b5b87dade00,1.0,CURRENT_1_0,M01,Клиент и согласие,BOUNDARY,FORBIDDEN,§11 Consent evidence,"Группа: Субъект; Минимальные поля: consent_id, tenant_id, case_id, participant_id, identity_version_id; Инвариант: Нельзя подменить участника или identity version.",,"Группа: Субъект; Минимальные поля: consent_id, tenant_id, case_id, participant_id, identity_version_id; Инвариант: Нельзя подменить участника или identity version.",,,,M01_CASA_Pro_Client_and_Consent_Implementation_and_Acceptance_v1.1,1.1,§11 Consent evidence,SRC-DOC-M01-I-00137,,,,SECURITY|LEGAL,,,,,Canonicalized from 1 candidate row(s); source text preserved in 10_SOURCE_EXTRACTS.csv.
M01-CAN-0029,m01.current_1_0.security_control.43676be3309796f7,1.0,CURRENT_1_0,M01,Клиент и согласие,SECURITY_CONTROL,CONSENT,§11 Consent evidence,"Группа: Текст и цель; Минимальные поля: consent_text_version, content hash/reference, purpose grants, manifest/source scope если применимо; Инвариант: UI copy не заменяет immutable artifact.","Группа: Текст и цель; Минимальные поля: consent_text_version, content hash/reference, purpose grants, manifest/source scope если применимо; Инвариант: UI copy не заменяет immutable artifact.",,,,,M01_CASA_Pro_Client_and_Consent_Implementation_and_Acceptance_v1.1,1.1,§11 Consent evidence,SRC-DOC-M01-I-00138,,,,FRONTEND|LEGAL|PRODUCT,,,,,Canonicalized from 1 candidate row(s); source text preserved in 10_SOURCE_EXTRACTS.csv.
M01-CAN-0030,m01.current_1_0.security_control.a5d9917de3c7ab38,1.0,CURRENT_1_0,M01,Клиент и согласие,SECURITY_CONTROL,CONSENT,§11 Consent evidence,"Группа: Подтверждение; Минимальные поля: approved confirmation_method_code/version, channel/actor, confirmed_at; Инвариант: Только утверждённый method adapter; demo SMS не считается.","Группа: Подтверждение; Минимальные поля: approved confirmation_method_code/version, channel/actor, confirmed_at; Инвариант: Только утверждённый method adapter; demo SMS не считается.",,,,,M01_CASA_Pro_Client_and_Consent_Implementation_and_Acceptance_v1.1,1.1,§11 Consent evidence,SRC-DOC-M01-I-00139,,,,MULTI_LAYER,,,,,Canonicalized from 1 candidate row(s); source text preserved in 10_SOURCE_EXTRACTS.csv.
M01-CAN-0031,m01.current_1_0.security_control.1b44ed316c32e229,1.0,CURRENT_1_0,M01,Клиент и согласие,SECURITY_CONTROL,CONSENT,§11 Consent evidence,"Группа: Evidence; Минимальные поля: evidence/reference/hash, validator version/status; Инвариант: Без валидного evidence consent не ACTIVE.","Группа: Evidence; Минимальные поля: evidence/reference/hash, validator version/status; Инвариант: Без валидного evidence consent не ACTIVE.",,,,,M01_CASA_Pro_Client_and_Consent_Implementation_and_Acceptance_v1.1,1.1,§11 Consent evidence,SRC-DOC-M01-I-00140,,,,LEGAL,,,,,Canonicalized from 1 candidate row(s); source text preserved in 10_SOURCE_EXTRACTS.csv.
M01-CAN-0032,m01.current_1_0.security_control.6863fa4cddcf65ec,1.0,CURRENT_1_0,M01,Клиент и согласие,SECURITY_CONTROL,CONSENT,§11 Consent evidence,"Группа: Lifecycle; Минимальные поля: status, granted/revoked/expired/superseded refs and timestamps; Инвариант: История append-only; before/after references.","Группа: Lifecycle; Минимальные поля: status, granted/revoked/expired/superseded refs and timestamps; Инвариант: История append-only; before/after references.",,,,,M01_CASA_Pro_Client_and_Consent_Implementation_and_Acceptance_v1.1,1.1,§11 Consent evidence,SRC-DOC-M01-I-00141,,,,MULTI_LAYER,,,,,Canonicalized from 1 candidate row(s); source text preserved in 10_SOURCE_EXTRACTS.csv.
M01-CAN-0033,m01.current_1_0.security_control.c9db7e4fb49d77f7,1.0,CURRENT_1_0,M01,Клиент и согласие,SECURITY_CONTROL,CONSENT,§11 Consent evidence,"Группа: Policy; Минимальные поля: retention_policy_id/version, access/export impact refs; Инвариант: Raw evidence минимизируется; exact policy outside M01.","Группа: Policy; Минимальные поля: retention_policy_id/version, access/export impact refs; Инвариант: Raw evidence минимизируется; exact policy outside M01.",,,,,M01_CASA_Pro_Client_and_Consent_Implementation_and_Acceptance_v1.1,1.1,§11 Consent evidence,SRC-DOC-M01-I-00142,,,,MULTI_LAYER,,,,,Canonicalized from 1 candidate row(s); source text preserved in 10_SOURCE_EXTRACTS.csv.
M01-CAN-0034,m01.current_1_0.security_control.83917e095936abfa,1.0,CURRENT_1_0,M01,Клиент и согласие,SECURITY_CONTROL,CONSENT,§11 Consent evidence,"Группа: Audit; Минимальные поля: created_by/at, source/channel, audit_event_ids; Инвариант: Доказуемая связь request→response→grant→revoke.","Группа: Audit; Минимальные поля: created_by/at, source/channel, audit_event_ids; Инвариант: Доказуемая связь request→response→grant→revoke.",,,,,M01_CASA_Pro_Client_and_Consent_Implementation_and_Acceptance_v1.1,1.1,§11 Consent evidence,SRC-DOC-M01-I-00143,,,,MULTI_LAYER,,,,,Canonicalized from 1 candidate row(s); source text preserved in 10_SOURCE_EXTRACTS.csv.
M01-CAN-0035,m01.current_1_0.security_control.904f1ab98e1cbb8d,1.0,CURRENT_1_0,M01,Клиент и согласие,SECURITY_CONTROL,CONSENT,§11 Consent evidence,"CONFIRMATION METHOD OPEN  До утверждения способа подтверждения production adapter disabled. Инженерная приёмка использует синтетический evidence fixture; она не доказывает юридическую достаточность SMS, ссылки, OTP или другого канала.: CONFIRMATION METHOD OPEN  До утверждения способа подтверждения production adapter disabled. Инженерная приёмка использует синтетический evidence fixture; она не доказывает юридическую достаточность SMS, ссылки, OTP или другого канала.","CONFIRMATION METHOD OPEN  До утверждения способа подтверждения production adapter disabled. Инженерная приёмка использует синтетический evidence fixture; она не доказывает юридическую достаточность SMS, ссылки, OTP или другого канала.: CONFIRMATION METHOD OPEN  До утверждения способа подтверждения production adapter disabled. Инженерная приёмка использует синтетический evidence fixture; она не доказывает юридическую достаточность SMS, ссылки, OTP или другого канала.",,,,DISABLED,M01_CASA_Pro_Client_and_Consent_Implementation_and_Acceptance_v1.1,1.1,§11 Consent evidence,SRC-DOC-M01-I-00144,,,,QA|PRODUCT,,,,,Canonicalized from 1 candidate row(s); source text preserved in 10_SOURCE_EXTRACTS.csv.
M01-CAN-0036,m01.current_1_0.boundary.e505fc7a6dd3c685,1.0,CURRENT_1_0,M01,Клиент и согласие,BOUNDARY,FORBIDDEN,§12 Access control,Actor: Назначенный пользователь tenant; Scope: Только assigned case/participant и разрешённые actions; Разрешено: Создать/редактировать разрешённые M01 данные; запросить/revoke по permission; открыть audit summary; Запрещено: Не подтверждать за participant; не читать другой tenant; не видеть secrets/raw evidence; Test: AT-CC-006/009/011,,Actor: Назначенный пользователь tenant; Scope: Только assigned case/participant и разрешённые actions; Разрешено: Создать/редактировать разрешённые M01 данные; запросить/revoke по permission; открыть audit summary; Запрещено: Не подтверждать за participant; не читать другой tenant; не видеть secrets/raw evidence; Test: AT-CC-006/009/011,,,,M01_CASA_Pro_Client_and_Consent_Implementation_and_Acceptance_v1.1,1.1,§12 Access control,SRC-DOC-M01-I-00148,AT-CC-006,,,QA|SECURITY|PRODUCT,,,,M01-TASK-017,Canonicalized from 1 candidate row(s); source text preserved in 10_SOURCE_EXTRACTS.csv.
M01-CAN-0037,m01.current_1_0.boundary.dc8f88229f756794,1.0,CURRENT_1_0,M01,Клиент и согласие,BOUNDARY,FORBIDDEN,§12 Access control,"Actor: Tenant administrator — только если роль уже существует; Scope: Свой tenant; административные permissions; Разрешено: Назначение/отзыв assignment, restricted audit/admin metadata по current RBAC; Запрещено: Не получает автоматический доступ к client content без необходимости; Test: AT-CC-006; RG1/RG12",,"Actor: Tenant administrator — только если роль уже существует; Scope: Свой tenant; административные permissions; Разрешено: Назначение/отзыв assignment, restricted audit/admin metadata по current RBAC; Запрещено: Не получает автоматический доступ к client content без необходимости; Test: AT-CC-006; RG1/RG12",,,,M01_CASA_Pro_Client_and_Consent_Implementation_and_Acceptance_v1.1,1.1,§12 Access control,SRC-DOC-M01-I-00149,AT-CC-006,,,DATA|QA|SECURITY|PRODUCT,,RG1|RG12,RG1|RG12,M01-TASK-017,Canonicalized from 1 candidate row(s); source text preserved in 10_SOURCE_EXTRACTS.csv.
M01-CAN-0038,m01.current_1_0.boundary.a983074e8dcb1522,1.0,CURRENT_1_0,M01,Клиент и согласие,BOUNDARY,FORBIDDEN,§12 Access control,"Actor: Participant confirmation channel; Scope: Только собственный consent request/evidence surface; Разрешено: Увидеть утверждённый текст/цели; подтвердить/отклонить утверждённым способом; Запрещено: Нет доступа к case, чужим participant, внутренним notes и broker actions; Test: AT-CC-002/003/013",,"Actor: Participant confirmation channel; Scope: Только собственный consent request/evidence surface; Разрешено: Увидеть утверждённый текст/цели; подтвердить/отклонить утверждённым способом; Запрещено: Нет доступа к case, чужим participant, внутренним notes и broker actions; Test: AT-CC-002/003/013",,,,M01_CASA_Pro_Client_and_Consent_Implementation_and_Acceptance_v1.1,1.1,§12 Access control,SRC-DOC-M01-I-00150,AT-CC-002,,,FRONTEND|QA|LEGAL|PRODUCT,,,,M01-TASK-006|M01-TASK-007|M01-TASK-008|M01-TASK-010|M01-TASK-012|M01-TASK-020,Canonicalized from 1 candidate row(s); source text preserved in 10_SOURCE_EXTRACTS.csv.
M01-CAN-0039,m01.current_1_0.boundary.480391bbcfd13a7d,1.0,CURRENT_1_0,M01,Клиент и согласие,BOUNDARY,FORBIDDEN,§12 Access control,Actor: Support с JIT — если предусмотрено security architecture; Scope: Exact case/object; approval + TTL; Разрешено: Минимальный временный доступ с audit; Запрещено: По умолчанию no content; не экспортировать/изменять consent; Test: CH-081; AT-CC-006/009,,Actor: Support с JIT — если предусмотрено security architecture; Scope: Exact case/object; approval + TTL; Разрешено: Минимальный временный доступ с audit; Запрещено: По умолчанию no content; не экспортировать/изменять consent; Test: CH-081; AT-CC-006/009,,,,M01_CASA_Pro_Client_and_Consent_Implementation_and_Acceptance_v1.1,1.1,§12 Access control,SRC-DOC-M01-I-00151,CH-081|AT-CC-006,,,DATA|QA|SECURITY|LEGAL|PRODUCT,,,,M01-TASK-017,Canonicalized from 1 candidate row(s); source text preserved in 10_SOURCE_EXTRACTS.csv.
M01-CAN-0040,m01.current_1_0.boundary.f58e622ba026a7fa,1.0,CURRENT_1_0,M01,Клиент и согласие,BOUNDARY,FORBIDDEN,§12 Access control,Actor: Неназначенный пользователь; Scope: Нет case assignment; Разрешено: Нет; Запрещено: Deny/404 без existence leak; audit denial; Test: CH-080; AT-CC-006,,Actor: Неназначенный пользователь; Scope: Нет case assignment; Разрешено: Нет; Запрещено: Deny/404 без existence leak; audit denial; Test: CH-080; AT-CC-006,,,,M01_CASA_Pro_Client_and_Consent_Implementation_and_Acceptance_v1.1,1.1,§12 Access control,SRC-DOC-M01-I-00152,CH-080|AT-CC-006,,,QA|PRODUCT,,,,M01-TASK-017,Canonicalized from 1 candidate row(s); source text preserved in 10_SOURCE_EXTRACTS.csv.
M01-CAN-0041,m01.current_1_0.boundary.d08d57c28d3eac7b,1.0,CURRENT_1_0,M01,Клиент и согласие,BOUNDARY,FORBIDDEN,§12 Access control,"Actor: Пользователь другого tenant; Scope: Cross-tenant; Разрешено: Нет; Запрещено: Deny/404; ни masked data, ни existence leak; Test: IIN T-033; CH-079; CP-033; AT-CC-006",,"Actor: Пользователь другого tenant; Scope: Cross-tenant; Разрешено: Нет; Запрещено: Deny/404; ни masked data, ни existence leak; Test: IIN T-033; CH-079; CP-033; AT-CC-006",,,,M01_CASA_Pro_Client_and_Consent_Implementation_and_Acceptance_v1.1,1.1,§12 Access control,SRC-DOC-M01-I-00153,CH-079|CP-033|AT-CC-006,,,DATA|QA|SECURITY|PRODUCT,,,,M03-TASK-020|M05-TASK-030|M01-TASK-017,Canonicalized from 1 candidate row(s); source text preserved in 10_SOURCE_EXTRACTS.csv.
M01-CAN-0042,m01.current_1_0.security_control.17764b9920b13f3b,1.0,CURRENT_1_0,M01,Клиент и согласие,SECURITY_CONTROL,SECURITY,§13 Audit,Событие: case.created; Когда: Создан ипотечный кейс; Минимальная запись: actor/time/tenant/case/version/source,Событие: case.created; Когда: Создан ипотечный кейс; Минимальная запись: actor/time/tenant/case/version/source,,,,,M01_CASA_Pro_Client_and_Consent_Implementation_and_Acceptance_v1.1,1.1,§13 Audit,SRC-DOC-M01-I-00158,,,,SECURITY,,,,,Canonicalized from 1 candidate row(s); source text preserved in 10_SOURCE_EXTRACTS.csv.
M01-CAN-0043,m01.current_1_0.security_control.2738e99ca1ed245e,1.0,CURRENT_1_0,M01,Клиент и согласие,SECURITY_CONTROL,AUDIT,§13 Audit,Событие: participant.added / role.changed; Когда: Добавлен участник или изменена role relation/included flag; Минимальная запись: participant + before/after ref + reason,Событие: participant.added / role.changed; Когда: Добавлен участник или изменена role relation/included flag; Минимальная запись: participant + before/after ref + reason,,,,,M01_CASA_Pro_Client_and_Consent_Implementation_and_Acceptance_v1.1,1.1,§13 Audit,SRC-DOC-M01-I-00159,,,,MULTI_LAYER,,,,,Canonicalized from 1 candidate row(s); source text preserved in 10_SOURCE_EXTRACTS.csv.
M01-CAN-0044,m01.current_1_0.data_contract.0209017aae0bf8f7,1.0,CURRENT_1_0,M01,Клиент и согласие,DATA_CONTRACT,DATA_MODEL,§13 Audit,Событие: identity.version_created; Когда: Создана/исправлена critical identity; Минимальная запись: old/new version refs; masked diff; actor/reason,Событие: identity.version_created; Когда: Создана/исправлена critical identity; Минимальная запись: old/new version refs; masked diff; actor/reason,,,,,M01_CASA_Pro_Client_and_Consent_Implementation_and_Acceptance_v1.1,1.1,§13 Audit,SRC-DOC-M01-I-00160,,,CRITICAL,DATA,,,,,Canonicalized from 1 candidate row(s); source text preserved in 10_SOURCE_EXTRACTS.csv.
M01-CAN-0045,m01.current_1_0.security_control.dff0cdfa142ccc12,1.0,CURRENT_1_0,M01,Клиент и согласие,SECURITY_CONTROL,CONSENT,§13 Audit,Событие: consent.requested; Когда: Создан request; Минимальная запись: participant/identity/text/purposes/channel ref,Событие: consent.requested; Когда: Создан request; Минимальная запись: participant/identity/text/purposes/channel ref,,,,,M01_CASA_Pro_Client_and_Consent_Implementation_and_Acceptance_v1.1,1.1,§13 Audit,SRC-DOC-M01-I-00161,,,,LEGAL,,,,,Canonicalized from 1 candidate row(s); source text preserved in 10_SOURCE_EXTRACTS.csv.
M01-CAN-0046,m01.current_1_0.security_control.b58f013d85511c38,1.0,CURRENT_1_0,M01,Клиент и согласие,SECURITY_CONTROL,CONSENT,§13 Audit,Событие: consent.granted; Когда: Approved method дал valid evidence; Минимальная запись: evidence hash/ref + method/version + timestamp,Событие: consent.granted; Когда: Approved method дал valid evidence; Минимальная запись: evidence hash/ref + method/version + timestamp,,,,,M01_CASA_Pro_Client_and_Consent_Implementation_and_Acceptance_v1.1,1.1,§13 Audit,SRC-DOC-M01-I-00162,,,,LEGAL,,,,,Canonicalized from 1 candidate row(s); source text preserved in 10_SOURCE_EXTRACTS.csv.
M01-CAN-0047,m01.current_1_0.security_control.c45cf0980c3b122f,1.0,CURRENT_1_0,M01,Клиент и согласие,SECURITY_CONTROL,CONSENT,§13 Audit,Событие: consent.revoked / expired / superseded; Когда: Lifecycle transition; Минимальная запись: old/new status refs + actor/reason/policy evaluation ref,Событие: consent.revoked / expired / superseded; Когда: Lifecycle transition; Минимальная запись: old/new status refs + actor/reason/policy evaluation ref,,,,,M01_CASA_Pro_Client_and_Consent_Implementation_and_Acceptance_v1.1,1.1,§13 Audit,SRC-DOC-M01-I-00163,,,,LEGAL,,,,,Canonicalized from 1 candidate row(s); source text preserved in 10_SOURCE_EXTRACTS.csv.
M01-CAN-0048,m01.current_1_0.security_control.e509ee21e9d7e108,1.0,CURRENT_1_0,M01,Клиент и согласие,SECURITY_CONTROL,SECURITY,§13 Audit,Событие: protected_action.blocked; Когда: Consent/access/identity/purpose preflight deny; Минимальная запись: action/object/deny reason code без PII,Событие: protected_action.blocked; Когда: Consent/access/identity/purpose preflight deny; Минимальная запись: action/object/deny reason code без PII,,,,BLOCKED,M01_CASA_Pro_Client_and_Consent_Implementation_and_Acceptance_v1.1,1.1,§13 Audit,SRC-DOC-M01-I-00164,,,,DATA|SECURITY|LEGAL,,,,,Canonicalized from 1 candidate row(s); source text preserved in 10_SOURCE_EXTRACTS.csv.
M01-CAN-0049,m01.current_1_0.security_control.a864affacdf9afec,1.0,CURRENT_1_0,M01,Клиент и согласие,SECURITY_CONTROL,CONSENT,§13 Audit,"Событие: document.upload / processing request; Когда: Downstream protected action; Минимальная запись: document ref, consent preflight/audit refs; raw text absent","Событие: document.upload / processing request; Когда: Downstream protected action; Минимальная запись: document ref, consent preflight/audit refs; raw text absent",,,,,M01_CASA_Pro_Client_and_Consent_Implementation_and_Acceptance_v1.1,1.1,§13 Audit,SRC-DOC-M01-I-00165,,,,LEGAL,,,,,Canonicalized from 1 candidate row(s); source text preserved in 10_SOURCE_EXTRACTS.csv.
M01-CAN-0050,m01.current_1_0.security_control.da0a9eae8f873adf,1.0,CURRENT_1_0,M01,Клиент и согласие,SECURITY_CONTROL,SECURITY,§13 Audit,Событие: access.view / export; Когда: Чувствительный view/export; Минимальная запись: actor/object/purpose/result; no raw PII in message,Событие: access.view / export; Когда: Чувствительный view/export; Минимальная запись: actor/object/purpose/result; no raw PII in message,,,,,M01_CASA_Pro_Client_and_Consent_Implementation_and_Acceptance_v1.1,1.1,§13 Audit,SRC-DOC-M01-I-00166,,,,DATA|SECURITY,,,,,Canonicalized from 1 candidate row(s); source text preserved in 10_SOURCE_EXTRACTS.csv.
M01-CAN-0051,m01.current_1_0.data_contract.8dfea28282131475,1.0,CURRENT_1_0,M01,Клиент и согласие,DATA_CONTRACT,SNAPSHOT,§13 Audit,Событие: correction / snapshot.publish; Когда: Critical correction или publish; Минимальная запись: before/after/version/reason/snapshot hash ref,Событие: correction / snapshot.publish; Когда: Critical correction или publish; Минимальная запись: before/after/version/reason/snapshot hash ref,,,,,M01_CASA_Pro_Client_and_Consent_Implementation_and_Acceptance_v1.1,1.1,§13 Audit,SRC-DOC-M01-I-00167,,,CRITICAL,DATA,,,,,Canonicalized from 1 candidate row(s); source text preserved in 10_SOURCE_EXTRACTS.csv.
M01-CAN-0052,m01.current_1_0.security_control.899716b9ef08a19e,1.0,CURRENT_1_0,M01,Клиент и согласие,SECURITY_CONTROL,SECURITY,§13 Audit,Событие: security.access_denied; Когда: Cross-tenant/unassigned/JIT failure; Минимальная запись: safe actor/context/reason; no existence details,Событие: security.access_denied; Когда: Cross-tenant/unassigned/JIT failure; Минимальная запись: safe actor/context/reason; no existence details,,,,,M01_CASA_Pro_Client_and_Consent_Implementation_and_Acceptance_v1.1,1.1,§13 Audit,SRC-DOC-M01-I-00168,,,,SECURITY,,,,,Canonicalized from 1 candidate row(s); source text preserved in 10_SOURCE_EXTRACTS.csv.
M01-CAN-0053,m01.current_1_0.security_control.172af7d6fd4b85f5,1.0,CURRENT_1_0,M01,Клиент и согласие,SECURITY_CONTROL,AUDIT,§13 Audit,"APPEND-ONLY  Audit events не редактируются задним числом. Человеческое описание не содержит полный ИИН, raw PDF text, contract IDs, passwords/OTP/ЭЦП/cookies, tokens или данные другого participant.: APPEND-ONLY  Audit events не редактируются задним числом. Человеческое описание не содержит полный ИИН, raw PDF text, contract IDs, passwords/OTP/ЭЦП/cookies, tokens или данные другого participant.","APPEND-ONLY  Audit events не редактируются задним числом. Человеческое описание не содержит полный ИИН, raw PDF text, contract IDs, passwords/OTP/ЭЦП/cookies, tokens или данные другого participant.: APPEND-ONLY  Audit events не редактируются задним числом. Человеческое описание не содержит полный ИИН, raw PDF text, contract IDs, passwords/OTP/ЭЦП/cookies, tokens или данные другого participant.",,,,,M01_CASA_Pro_Client_and_Consent_Implementation_and_Acceptance_v1.1,1.1,§13 Audit,SRC-DOC-M01-I-00169,,,,PARSER,,,,,Canonicalized from 1 candidate row(s); source text preserved in 10_SOURCE_EXTRACTS.csv.
M01-CAN-0054,m01.current_1_0.boundary.3b026ed3a7bbb871,1.0,CURRENT_1_0,M01,Клиент и согласие,BOUNDARY,FORBIDDEN,§14 PII / security,Поверхность: UI; MUST: Masked ИИН/идентификаторы; доступ только assigned role; purpose/status human text.; MUST NOT: Показывать full IIN без отдельной необходимости/authorization; internal legal codes как главный текст.,,Поверхность: UI; MUST: Masked ИИН/идентификаторы; доступ только assigned role; purpose/status human text.; MUST NOT: Показывать full IIN без отдельной необходимости/authorization; internal legal codes как главный текст.,,,,M01_CASA_Pro_Client_and_Consent_Implementation_and_Acceptance_v1.1,1.1,§14 PII / security,SRC-DOC-M01-I-00173,,,,FRONTEND|LEGAL,,,,,Canonicalized from 1 candidate row(s); source text preserved in 10_SOURCE_EXTRACTS.csv.
M01-CAN-0055,m01.current_1_0.boundary.7225d74632f98ad5,1.0,CURRENT_1_0,M01,Клиент и согласие,BOUNDARY,FORBIDDEN,§14 PII / security,"Поверхность: Logs/APM/traces/analytics; MUST: Stable opaque IDs, deny category, correlation ID.; MUST NOT: Full ИИН/ФИО, phone, contract IDs, raw PDF text, evidence content, secrets.",,"Поверхность: Logs/APM/traces/analytics; MUST: Stable opaque IDs, deny category, correlation ID.; MUST NOT: Full ИИН/ФИО, phone, contract IDs, raw PDF text, evidence content, secrets.",,,,M01_CASA_Pro_Client_and_Consent_Implementation_and_Acceptance_v1.1,1.1,§14 PII / security,SRC-DOC-M01-I-00174,,,,PARSER,,,,,Canonicalized from 1 candidate row(s); source text preserved in 10_SOURCE_EXTRACTS.csv.
M01-CAN-0056,m01.current_1_0.boundary.60d1aaa514a8aa83,1.0,CURRENT_1_0,M01,Клиент и согласие,BOUNDARY,FORBIDDEN,§14 PII / security,Поверхность: API/URL; MUST: Opaque references; object-level authorization; IIN vault/token reference.; MUST NOT: ИИН в path/query/referrer; credentials fields/endpoints.,,Поверхность: API/URL; MUST: Opaque references; object-level authorization; IIN vault/token reference.; MUST NOT: ИИН в path/query/referrer; credentials fields/endpoints.,,,,M01_CASA_Pro_Client_and_Consent_Implementation_and_Acceptance_v1.1,1.1,§14 PII / security,SRC-DOC-M01-I-00175,,,,BACKEND|DATA,,,,,Canonicalized from 1 candidate row(s); source text preserved in 10_SOURCE_EXTRACTS.csv.
M01-CAN-0057,m01.current_1_0.boundary.77cc4fad14cc0b56,1.0,CURRENT_1_0,M01,Клиент и согласие,BOUNDARY,FORBIDDEN,§14 PII / security,"Поверхность: Exports/client conclusion; MUST: Masked identity и allowlisted M01 contract.; MUST NOT: Full ИИН, internal notes, raw evidence, credentials, данные другого participant.",,"Поверхность: Exports/client conclusion; MUST: Masked identity и allowlisted M01 contract.; MUST NOT: Full ИИН, internal notes, raw evidence, credentials, данные другого participant.",,,,M01_CASA_Pro_Client_and_Consent_Implementation_and_Acceptance_v1.1,1.1,§14 PII / security,SRC-DOC-M01-I-00176,,,,MULTI_LAYER,,,,,Canonicalized from 1 candidate row(s); source text preserved in 10_SOURCE_EXTRACTS.csv.
M01-CAN-0058,m01.current_1_0.boundary.c68e49a5e270df3c,1.0,CURRENT_1_0,M01,Клиент и согласие,BOUNDARY,FORBIDDEN,§14 PII / security,Поверхность: Storage; MUST: Encrypted protected identity/evidence contour; versioned policy refs.; MUST NOT: Password/OTP/ЭЦП/cookies/client session tokens; unapproved raw retention.,,Поверхность: Storage; MUST: Encrypted protected identity/evidence contour; versioned policy refs.; MUST NOT: Password/OTP/ЭЦП/cookies/client session tokens; unapproved raw retention.,,,,M01_CASA_Pro_Client_and_Consent_Implementation_and_Acceptance_v1.1,1.1,§14 PII / security,SRC-DOC-M01-I-00177,,,,MULTI_LAYER,,,,,Canonicalized from 1 candidate row(s); source text preserved in 10_SOURCE_EXTRACTS.csv.
M01-CAN-0059,m01.current_1_0.boundary.159ceb20973985e9,1.0,CURRENT_1_0,M01,Клиент и согласие,BOUNDARY,FORBIDDEN,§14 PII / security,Поверхность: Support/admin; MUST: JIT/approval/TTL/audit where architecture provides it.; MUST NOT: Default content access или copying client data to tickets.,,Поверхность: Support/admin; MUST: JIT/approval/TTL/audit where architecture provides it.; MUST NOT: Default content access или copying client data to tickets.,,,,M01_CASA_Pro_Client_and_Consent_Implementation_and_Acceptance_v1.1,1.1,§14 PII / security,SRC-DOC-M01-I-00178,,,,DATA,,,,,Canonicalized from 1 candidate row(s); source text preserved in 10_SOURCE_EXTRACTS.csv.
M01-CAN-0060,m01.current_1_0.data_contract.02c0865022002d35,1.0,CURRENT_1_0,M01,Клиент и согласие,DATA_CONTRACT,SNAPSHOT,§15 Versioning / immutability,Объект: identity_version; Immutable: Да; Versioned change: Исправление critical identity создаёт новую version + supersedes_id.; Historical rule: Старые results/snapshots остаются у старой версии.,Объект: identity_version; Immutable: Да; Versioned change: Исправление critical identity создаёт новую version + supersedes_id.; Historical rule: Старые results/snapshots остаются у старой версии.,,,,,M01_CASA_Pro_Client_and_Consent_Implementation_and_Acceptance_v1.1,1.1,§15 Versioning / immutability,SRC-DOC-M01-I-00184,,,CRITICAL,DATA,,,,,Canonicalized from 1 candidate row(s); source text preserved in 10_SOURCE_EXTRACTS.csv.
M01-CAN-0061,m01.current_1_0.security_control.fe98b16f28481b39,1.0,CURRENT_1_0,M01,Клиент и согласие,SECURITY_CONTROL,CONSENT,§15 Versioning / immutability,Объект: consent text artifact; Immutable: Да после approval; Versioned change: Новый текст/цели = новая version/hash.; Historical rule: Старый grant не расширяется.,Объект: consent text artifact; Immutable: Да после approval; Versioned change: Новый текст/цели = новая version/hash.; Historical rule: Старый grant не расширяется.,,,,,M01_CASA_Pro_Client_and_Consent_Implementation_and_Acceptance_v1.1,1.1,§15 Versioning / immutability,SRC-DOC-M01-I-00185,,,,LEGAL,,,,,Canonicalized from 1 candidate row(s); source text preserved in 10_SOURCE_EXTRACTS.csv.
M01-CAN-0062,m01.current_1_0.security_control.a9875327dc46c2fb,1.0,CURRENT_1_0,M01,Клиент и согласие,SECURITY_CONTROL,CONSENT,§15 Versioning / immutability,Объект: consent evidence/status events; Immutable: Да; Versioned change: Grant/revoke/expire/supersede — новые events/refs.; Historical rule: Granted evidence не редактируется.,Объект: consent evidence/status events; Immutable: Да; Versioned change: Grant/revoke/expire/supersede — новые events/refs.; Historical rule: Granted evidence не редактируется.,,,,,M01_CASA_Pro_Client_and_Consent_Implementation_and_Acceptance_v1.1,1.1,§15 Versioning / immutability,SRC-DOC-M01-I-00186,,,,LEGAL,,,,,Canonicalized from 1 candidate row(s); source text preserved in 10_SOURCE_EXTRACTS.csv.
M01-CAN-0063,m01.current_1_0.data_contract.51b4a49e1865e713,1.0,CURRENT_1_0,M01,Клиент и согласие,DATA_CONTRACT,SNAPSHOT,§15 Versioning / immutability,Объект: participant role relation; Immutable: История неизменна; Versioned change: Новая revision с actor/reason/effective time.; Historical rule: Published snapshots сохраняют прежнюю роль.,Объект: participant role relation; Immutable: История неизменна; Versioned change: Новая revision с actor/reason/effective time.; Historical rule: Published snapshots сохраняют прежнюю роль.,,,,,M01_CASA_Pro_Client_and_Consent_Implementation_and_Acceptance_v1.1,1.1,§15 Versioning / immutability,SRC-DOC-M01-I-00187,,,,DATA,,,,,Canonicalized from 1 candidate row(s); source text preserved in 10_SOURCE_EXTRACTS.csv.
M01-CAN-0064,m01.current_1_0.data_contract.06d20f06988d2d6c,1.0,CURRENT_1_0,M01,Клиент и согласие,DATA_CONTRACT,SNAPSHOT,§15 Versioning / immutability,Объект: downstream document/result/snapshot; Immutable: Да после publish/intake contract; Versioned change: New upload/parse/refresh/publish version.; Historical rule: M01 только хранит/передаёт exact refs.,Объект: downstream document/result/snapshot; Immutable: Да после publish/intake contract; Versioned change: New upload/parse/refresh/publish version.; Historical rule: M01 только хранит/передаёт exact refs.,,,,,M01_CASA_Pro_Client_and_Consent_Implementation_and_Acceptance_v1.1,1.1,§15 Versioning / immutability,SRC-DOC-M01-I-00188,,,,DATA,,,,,Canonicalized from 1 candidate row(s); source text preserved in 10_SOURCE_EXTRACTS.csv.
M01-CAN-0065,m01.current_1_0.data_contract.1dde0425826d124c,1.0,CURRENT_1_0,M01,Клиент и согласие,DATA_CONTRACT,SNAPSHOT,§15 Versioning / immutability,Объект: audit_event; Immutable: Append-only; Versioned change: Только новый correcting event/ref.; Historical rule: Нет hard rewrite; retention policy отдельно.,Объект: audit_event; Immutable: Append-only; Versioned change: Только новый correcting event/ref.; Historical rule: Нет hard rewrite; retention policy отдельно.,,,,,M01_CASA_Pro_Client_and_Consent_Implementation_and_Acceptance_v1.1,1.1,§15 Versioning / immutability,SRC-DOC-M01-I-00189,,,,DATA,,,,,Canonicalized from 1 candidate row(s); source text preserved in 10_SOURCE_EXTRACTS.csv.
M01-CAN-0066,m01.current_1_0.security_control.c95cde8567c10d59,1.0,CURRENT_1_0,M01,Клиент и согласие,SECURITY_CONTROL,CONSENT,§15 Versioning / immutability,"REPLAY  Downstream trace хранит exact case_id, participant_id, identity_version_id, consent_id/text version/evidence ref и audit/version refs. Позднее изменение M01 не меняет прежний snapshot payload/hash.: REPLAY  Downstream trace хранит exact case_id, participant_id, identity_version_id, consent_id/text version/evidence ref и audit/version refs. Позднее изменение M01 не меняет прежний snapshot payload/hash.","REPLAY  Downstream trace хранит exact case_id, participant_id, identity_version_id, consent_id/text version/evidence ref и audit/version refs. Позднее изменение M01 не меняет прежний snapshot payload/hash.: REPLAY  Downstream trace хранит exact case_id, participant_id, identity_version_id, consent_id/text version/evidence ref и audit/version refs. Позднее изменение M01 не меняет прежний snapshot payload/hash.",,,,,M01_CASA_Pro_Client_and_Consent_Implementation_and_Acceptance_v1.1,1.1,§15 Versioning / immutability,SRC-DOC-M01-I-00190,,,,DATA|LEGAL,,,,,Canonicalized from 1 candidate row(s); source text preserved in 10_SOURCE_EXTRACTS.csv.
M01-CAN-0067,m01.current_1_0.security_control.fa53704673289daa,1.0,CURRENT_1_0,M01,Клиент и согласие,SECURITY_CONTROL,SECURITY,§16 User flow,Шаг: 1. Клиент; Что видит брокер: Выбран клиент; видит основной identity display.; Что делает: Создаёт/выбирает клиента.; Что делает CASA: Проверяет tenant/assignment; не создаёт consent boolean.; Состояние: CLIENT_SELECTED; Blocker: Access denied,Шаг: 1. Клиент; Что видит брокер: Выбран клиент; видит основной identity display.; Что делает: Создаёт/выбирает клиента.; Что делает CASA: Проверяет tenant/assignment; не создаёт consent boolean.; Состояние: CLIENT_SELECTED; Blocker: Access denied,,,,,M01_CASA_Pro_Client_and_Consent_Implementation_and_Acceptance_v1.1,1.1,§16 User flow,SRC-DOC-M01-I-00194,,,,SECURITY|LEGAL,,,,,Canonicalized from 1 candidate row(s); source text preserved in 10_SOURCE_EXTRACTS.csv.
M01-CAN-0068,m01.current_1_0.security_control.64088aee6967cdfe,1.0,CURRENT_1_0,M01,Клиент и согласие,SECURITY_CONTROL,SECURITY,§16 User flow,Шаг: 2. Case; Что видит брокер: Видит case reference/status.; Что делает: Создаёт ипотечный кейс.; Что делает CASA: Создаёт unique case_id в tenant; audit.; Состояние: CASE_CREATED; Blocker: Duplicate/idempotency,Шаг: 2. Case; Что видит брокер: Видит case reference/status.; Что делает: Создаёт ипотечный кейс.; Что делает CASA: Создаёт unique case_id в tenant; audit.; Состояние: CASE_CREATED; Blocker: Duplicate/idempotency,,,,,M01_CASA_Pro_Client_and_Consent_Implementation_and_Acceptance_v1.1,1.1,§16 User flow,SRC-DOC-M01-I-00195,,,,SECURITY,,,,,Canonicalized from 1 candidate row(s); source text preserved in 10_SOURCE_EXTRACTS.csv.
M01-CAN-0069,m01.current_1_0.product_semantic.ea0198c66f42d6e8,1.0,CURRENT_1_0,M01,Клиент и согласие,PRODUCT_SEMANTIC,STATE,§16 User flow,Шаг: 3. Participant; Что видит брокер: Основной заёмщик и список участников.; Что делает: Добавляет spouse/co-borrower при необходимости.; Что делает CASA: Создаёт отдельный participant/role/included flag.; Состояние: PARTICIPANTS_READY; Blocker: Role/ownership invalid,Шаг: 3. Participant; Что видит брокер: Основной заёмщик и список участников.; Что делает: Добавляет spouse/co-borrower при необходимости.; Что делает CASA: Создаёт отдельный participant/role/included flag.; Состояние: PARTICIPANTS_READY; Blocker: Role/ownership invalid,,,,,M01_CASA_Pro_Client_and_Consent_Implementation_and_Acceptance_v1.1,1.1,§16 User flow,SRC-DOC-M01-I-00196,,,,MULTI_LAYER,,,,,Canonicalized from 1 candidate row(s); source text preserved in 10_SOURCE_EXTRACTS.csv.
M01-CAN-0070,m01.current_1_0.product_semantic.af04c30a8e2dc757,1.0,CURRENT_1_0,M01,Клиент и согласие,PRODUCT_SEMANTIC,STATE,§16 User flow,Шаг: 4. Identity; Что видит брокер: ФИО + masked ИИН + версия.; Что делает: Подтверждает/исправляет allowed fields.; Что делает CASA: Создаёт identity_version; старое immutable.; Состояние: IDENTITY_READY; Blocker: Invalid/subject mismatch,Шаг: 4. Identity; Что видит брокер: ФИО + masked ИИН + версия.; Что делает: Подтверждает/исправляет allowed fields.; Что делает CASA: Создаёт identity_version; старое immutable.; Состояние: IDENTITY_READY; Blocker: Invalid/subject mismatch,,,,,M01_CASA_Pro_Client_and_Consent_Implementation_and_Acceptance_v1.1,1.1,§16 User flow,SRC-DOC-M01-I-00197,,,,DATA,,,,,Canonicalized from 1 candidate row(s); source text preserved in 10_SOURCE_EXTRACTS.csv.
M01-CAN-0071,m01.current_1_0.security_control.1d7d476be82cec18,1.0,CURRENT_1_0,M01,Клиент и согласие,SECURITY_CONTROL,CONSENT,§16 User flow,"Шаг: 5. Consent request; Что видит брокер: Понятные цели, text version, открытые gates.; Что делает: Запрашивает согласие.; Что делает CASA: Создаёт request для participant/identity/purposes; approved channel only.; Состояние: NOT_REQUESTED→PENDING; Blocker: AT-CC-013/method off","Шаг: 5. Consent request; Что видит брокер: Понятные цели, text version, открытые gates.; Что делает: Запрашивает согласие.; Что делает CASA: Создаёт request для participant/identity/purposes; approved channel only.; Состояние: NOT_REQUESTED→PENDING; Blocker: AT-CC-013/method off",,,,,M01_CASA_Pro_Client_and_Consent_Implementation_and_Acceptance_v1.1,1.1,§16 User flow,SRC-DOC-M01-I-00198,AT-CC-013,,,LEGAL,,AT-CC-013,AT-CC-013,,Canonicalized from 1 candidate row(s); source text preserved in 10_SOURCE_EXTRACTS.csv.
M01-CAN-0072,m01.current_1_0.product_semantic.5764eeb6960844be,1.0,CURRENT_1_0,M01,Клиент и согласие,PRODUCT_SEMANTIC,STATE,§16 User flow,Шаг: 6. Ответ; Что видит брокер: Ожидает/действует/отклонено/нужно обновить.; Что делает: Не подтверждает за клиента.; Что делает CASA: Валидирует evidence; создаёт grant/status event.; Состояние: PENDING→ACTIVE/deny; Blocker: Evidence invalid,Шаг: 6. Ответ; Что видит брокер: Ожидает/действует/отклонено/нужно обновить.; Что делает: Не подтверждает за клиента.; Что делает CASA: Валидирует evidence; создаёт grant/status event.; Состояние: PENDING→ACTIVE/deny; Blocker: Evidence invalid,,,,,M01_CASA_Pro_Client_and_Consent_Implementation_and_Acceptance_v1.1,1.1,§16 User flow,SRC-DOC-M01-I-00199,,,,MULTI_LAYER,,,,,Canonicalized from 1 candidate row(s); source text preserved in 10_SOURCE_EXTRACTS.csv.
M01-CAN-0073,m01.current_1_0.security_control.6dfa1401dfe58fd8,1.0,CURRENT_1_0,M01,Клиент и согласие,SECURITY_CONTROL,SECURITY,§16 User flow,Шаг: 7. Downstream preflight; Что видит брокер: Разрешённое действие или человеческий blocker.; Что делает: Запускает M02/M03/M04/M05 action.; Что делает CASA: Сверяет tenant/case/participant/identity/purpose/text/status/evidence.; Состояние: ALLOW/DENY; Blocker: Consent/access mismatch,Шаг: 7. Downstream preflight; Что видит брокер: Разрешённое действие или человеческий blocker.; Что делает: Запускает M02/M03/M04/M05 action.; Что делает CASA: Сверяет tenant/case/participant/identity/purpose/text/status/evidence.; Состояние: ALLOW/DENY; Blocker: Consent/access mismatch,,,,,M01_CASA_Pro_Client_and_Consent_Implementation_and_Acceptance_v1.1,1.1,§16 User flow,SRC-DOC-M01-I-00200,,,,SECURITY|LEGAL,,,,,Canonicalized from 1 candidate row(s); source text preserved in 10_SOURCE_EXTRACTS.csv.
M01-CAN-0074,m01.current_1_0.product_semantic.576cc5ae1030173e,1.0,CURRENT_1_0,M01,Клиент и согласие,PRODUCT_SEMANTIC,STATE,§16 User flow,Шаг: 8. Revoke/supersede; Что видит брокер: История видима; новые действия остановлены.; Что делает: Отзывает/получает новую версию по permission.; Что делает CASA: Append-only event + policy evaluation; no rewrite.; Состояние: REVOKED/SUPERSEDED; Blocker: Policy/legal hold,Шаг: 8. Revoke/supersede; Что видит брокер: История видима; новые действия остановлены.; Что делает: Отзывает/получает новую версию по permission.; Что делает CASA: Append-only event + policy evaluation; no rewrite.; Состояние: REVOKED/SUPERSEDED; Blocker: Policy/legal hold,,,,,M01_CASA_Pro_Client_and_Consent_Implementation_and_Acceptance_v1.1,1.1,§16 User flow,SRC-DOC-M01-I-00201,,,,LEGAL,,,,,Canonicalized from 1 candidate row(s); source text preserved in 10_SOURCE_EXTRACTS.csv.
M01-CAN-0075,m01.current_1_0.product_semantic.303712bd1c415ae0,1.0,CURRENT_1_0,M01,Клиент и согласие,PRODUCT_SEMANTIC,STATE,§16 User flow,Шаг: 9. Audit; Что видит брокер: Свернутый блок истории.; Что делает: Открывает допустимые детали.; Что делает CASA: Возвращает redacted event timeline.; Состояние: HISTORY; Blocker: Insufficient permission,Шаг: 9. Audit; Что видит брокер: Свернутый блок истории.; Что делает: Открывает допустимые детали.; Что делает CASA: Возвращает redacted event timeline.; Состояние: HISTORY; Blocker: Insufficient permission,,,,,M01_CASA_Pro_Client_and_Consent_Implementation_and_Acceptance_v1.1,1.1,§16 User flow,SRC-DOC-M01-I-00202,,,,MULTI_LAYER,,,,,Canonicalized from 1 candidate row(s); source text preserved in 10_SOURCE_EXTRACTS.csv.
M01-CAN-0076,m01.current_1_0.security_control.733ce34e4b8d9741,1.0,CURRENT_1_0,M01,Клиент и согласие,SECURITY_CONTROL,CONSENT,§18 Statuses / human messages,Internal condition: NOT_REQUESTED / CONSENT_REQUIRED; Короткий статус: Требуется согласие; Текст брокеру: Для этого действия нужно действующее согласие клиента.; Действие: Запросить согласие; Влияние: Все protected actions blocked,Internal condition: NOT_REQUESTED / CONSENT_REQUIRED; Короткий статус: Требуется согласие; Текст брокеру: Для этого действия нужно действующее согласие клиента.; Действие: Запросить согласие; Влияние: Все protected actions blocked,,,,BLOCKED,M01_CASA_Pro_Client_and_Consent_Implementation_and_Acceptance_v1.1,1.1,§18 Statuses / human messages,SRC-DOC-M01-I-00226,,,,LEGAL,,,,,Canonicalized from 1 candidate row(s); source text preserved in 10_SOURCE_EXTRACTS.csv.
M01-CAN-0077,m01.current_1_0.product_semantic.f99255d81c5591a4,1.0,CURRENT_1_0,M01,Клиент и согласие,PRODUCT_SEMANTIC,STATE,§18 Statuses / human messages,Internal condition: PENDING (demo/current UI); Короткий статус: Ожидается ответ; Текст брокеру: Запрос отправлен. Ожидаем ответ клиента.; Действие: Открыть детали / отменить по policy; Влияние: Processing blocked,Internal condition: PENDING (demo/current UI); Короткий статус: Ожидается ответ; Текст брокеру: Запрос отправлен. Ожидаем ответ клиента.; Действие: Открыть детали / отменить по policy; Влияние: Processing blocked,,,,BLOCKED,M01_CASA_Pro_Client_and_Consent_Implementation_and_Acceptance_v1.1,1.1,§18 Statuses / human messages,SRC-DOC-M01-I-00227,,,,FRONTEND,,,,,Canonicalized from 1 candidate row(s); source text preserved in 10_SOURCE_EXTRACTS.csv.
M01-CAN-0078,m01.current_1_0.security_control.47ba4263839e49b3,1.0,CURRENT_1_0,M01,Клиент и согласие,SECURITY_CONTROL,CONSENT,§18 Statuses / human messages,Internal condition: ACTIVE; Короткий статус: Согласие действует; Текст брокеру: Согласие подтверждено для перечисленных действий.; Действие: Открыть scope / отозвать; Влияние: Только matching purpose allowed,Internal condition: ACTIVE; Короткий статус: Согласие действует; Текст брокеру: Согласие подтверждено для перечисленных действий.; Действие: Открыть scope / отозвать; Влияние: Только matching purpose allowed,,,,,M01_CASA_Pro_Client_and_Consent_Implementation_and_Acceptance_v1.1,1.1,§18 Statuses / human messages,SRC-DOC-M01-I-00228,,,,LEGAL|PRODUCT,,,,,Canonicalized from 1 candidate row(s); source text preserved in 10_SOURCE_EXTRACTS.csv.
M01-CAN-0079,m01.current_1_0.security_control.0a4b316c37acaa16,1.0,CURRENT_1_0,M01,Клиент и согласие,SECURITY_CONTROL,CONSENT,§18 Statuses / human messages,Internal condition: EXPIRED; Короткий статус: Срок завершён; Текст брокеру: Срок действия согласия завершён. Нужно новое согласие.; Действие: Запросить новое; Влияние: New actions blocked,Internal condition: EXPIRED; Короткий статус: Срок завершён; Текст брокеру: Срок действия согласия завершён. Нужно новое согласие.; Действие: Запросить новое; Влияние: New actions blocked,,,,BLOCKED,M01_CASA_Pro_Client_and_Consent_Implementation_and_Acceptance_v1.1,1.1,§18 Statuses / human messages,SRC-DOC-M01-I-00229,,,,LEGAL,,,,,Canonicalized from 1 candidate row(s); source text preserved in 10_SOURCE_EXTRACTS.csv.
M01-CAN-0080,m01.current_1_0.security_control.89125a2f58cbd198,1.0,CURRENT_1_0,M01,Клиент и согласие,SECURITY_CONTROL,CONSENT,§18 Statuses / human messages,Internal condition: REVOKED; Короткий статус: Отозвано; Текст брокеру: Согласие отозвано. Новые действия остановлены.; Действие: Открыть историю; Влияние: New actions/refresh/snapshot blocked,Internal condition: REVOKED; Короткий статус: Отозвано; Текст брокеру: Согласие отозвано. Новые действия остановлены.; Действие: Открыть историю; Влияние: New actions/refresh/snapshot blocked,,,,BLOCKED,M01_CASA_Pro_Client_and_Consent_Implementation_and_Acceptance_v1.1,1.1,§18 Statuses / human messages,SRC-DOC-M01-I-00230,,,,DATA|LEGAL,,,,,Canonicalized from 1 candidate row(s); source text preserved in 10_SOURCE_EXTRACTS.csv.
M01-CAN-0081,m01.current_1_0.security_control.c02036a96b00ca56,1.0,CURRENT_1_0,M01,Клиент и согласие,SECURITY_CONTROL,CONSENT,§18 Statuses / human messages,Internal condition: SUPERSEDED; Короткий статус: Нужна новая версия; Текст брокеру: Требуется согласие на новую версию текста или целей.; Действие: Запросить новую версию; Влияние: Old grant cannot expand,Internal condition: SUPERSEDED; Короткий статус: Нужна новая версия; Текст брокеру: Требуется согласие на новую версию текста или целей.; Действие: Запросить новую версию; Влияние: Old grant cannot expand,,,,,M01_CASA_Pro_Client_and_Consent_Implementation_and_Acceptance_v1.1,1.1,§18 Statuses / human messages,SRC-DOC-M01-I-00231,,,,LEGAL,,,,,Canonicalized from 1 candidate row(s); source text preserved in 10_SOURCE_EXTRACTS.csv.
M01-CAN-0082,m01.current_1_0.security_control.98eab6d1d875581a,1.0,CURRENT_1_0,M01,Клиент и согласие,SECURITY_CONTROL,CONSENT,§18 Statuses / human messages,Internal condition: PURPOSE_MISMATCH; Короткий статус: Не подходит к действию; Текст брокеру: Это согласие не разрешает выбранное действие.; Действие: Запросить нужный scope; Влияние: Exact action denied,Internal condition: PURPOSE_MISMATCH; Короткий статус: Не подходит к действию; Текст брокеру: Это согласие не разрешает выбранное действие.; Действие: Запросить нужный scope; Влияние: Exact action denied,,,,,M01_CASA_Pro_Client_and_Consent_Implementation_and_Acceptance_v1.1,1.1,§18 Statuses / human messages,SRC-DOC-M01-I-00232,,,,LEGAL|PRODUCT,,,,,Canonicalized from 1 candidate row(s); source text preserved in 10_SOURCE_EXTRACTS.csv.
M01-CAN-0083,m01.current_1_0.security_control.63175b05d2f36780,1.0,CURRENT_1_0,M01,Клиент и согласие,SECURITY_CONTROL,CONSENT,§18 Statuses / human messages,Internal condition: IDENTITY_VERSION_MISMATCH; Короткий статус: Изменились данные личности; Текст брокеру: После изменения идентификатора требуется актуальное согласие.; Действие: Запросить новое; Влияние: Old identity grant not reused,Internal condition: IDENTITY_VERSION_MISMATCH; Короткий статус: Изменились данные личности; Текст брокеру: После изменения идентификатора требуется актуальное согласие.; Действие: Запросить новое; Влияние: Old identity grant not reused,,,,,M01_CASA_Pro_Client_and_Consent_Implementation_and_Acceptance_v1.1,1.1,§18 Statuses / human messages,SRC-DOC-M01-I-00233,,,,LEGAL,,,,,Canonicalized from 1 candidate row(s); source text preserved in 10_SOURCE_EXTRACTS.csv.
M01-CAN-0084,m01.current_1_0.security_control.f9503f59326790fd,1.0,CURRENT_1_0,M01,Клиент и согласие,SECURITY_CONTROL,CONSENT,§18 Statuses / human messages,Internal condition: EVIDENCE_INVALID; Короткий статус: Не подтверждено; Текст брокеру: Подтверждение согласия не доказано.; Действие: Повторить approved flow / review; Влияние: No ACTIVE status,Internal condition: EVIDENCE_INVALID; Короткий статус: Не подтверждено; Текст брокеру: Подтверждение согласия не доказано.; Действие: Повторить approved flow / review; Влияние: No ACTIVE status,,,,,M01_CASA_Pro_Client_and_Consent_Implementation_and_Acceptance_v1.1,1.1,§18 Statuses / human messages,SRC-DOC-M01-I-00234,,,,LEGAL,,,,,Canonicalized from 1 candidate row(s); source text preserved in 10_SOURCE_EXTRACTS.csv.
M01-CAN-0085,m01.current_1_0.boundary.aa5c4944a1740529,1.0,CURRENT_1_0,M01,Клиент и согласие,BOUNDARY,FORBIDDEN,§18 Statuses / human messages,Internal condition: ACCESS_DENIED; Короткий статус: Доступ запрещён; Текст брокеру: У вас нет доступа к этому клиенту или действию.; Действие: Вернуться / обратиться к администратору; Влияние: No existence details,,Internal condition: ACCESS_DENIED; Короткий статус: Доступ запрещён; Текст брокеру: У вас нет доступа к этому клиенту или действию.; Действие: Вернуться / обратиться к администратору; Влияние: No existence details,,,,M01_CASA_Pro_Client_and_Consent_Implementation_and_Acceptance_v1.1,1.1,§18 Statuses / human messages,SRC-DOC-M01-I-00235,,,,MULTI_LAYER,,,,,Canonicalized from 1 candidate row(s); source text preserved in 10_SOURCE_EXTRACTS.csv.
M01-CAN-0086,m01.current_1_0.product_semantic.553bf1d20c97395d,1.0,CURRENT_1_0,M01,Клиент и согласие,PRODUCT_SEMANTIC,STATE,§18 Statuses / human messages,Internal condition: NOT_INCLUDED; Короткий статус: Не включён в анализ; Текст брокеру: Участник не включён в текущий анализ.; Действие: Изменить только по разрешённому flow; Влияние: No data processing,Internal condition: NOT_INCLUDED; Короткий статус: Не включён в анализ; Текст брокеру: Участник не включён в текущий анализ.; Действие: Изменить только по разрешённому flow; Влияние: No data processing,,,,,M01_CASA_Pro_Client_and_Consent_Implementation_and_Acceptance_v1.1,1.1,§18 Statuses / human messages,SRC-DOC-M01-I-00236,,,,DATA,,,,,Canonicalized from 1 candidate row(s); source text preserved in 10_SOURCE_EXTRACTS.csv.
M01-CAN-0087,m01.current_1_0.security_control.4f6047bc4f894c69,1.0,CURRENT_1_0,M01,Клиент и согласие,SECURITY_CONTROL,CONSENT,§18 Statuses / human messages,Точные backend enum names и transitions должны совпасть с approved consent artifact/state registry. Таблица задаёт required human semantics и safe-deny behaviour; demo labels не закрывают AT-CC-013.,Точные backend enum names и transitions должны совпасть с approved consent artifact/state registry. Таблица задаёт required human semantics и safe-deny behaviour; demo labels не закрывают AT-CC-013.,,,,,M01_CASA_Pro_Client_and_Consent_Implementation_and_Acceptance_v1.1,1.1,§18 Statuses / human messages,SRC-DOC-M01-I-00237,AT-CC-013,,,BACKEND|LEGAL,,AT-CC-013,AT-CC-013,,Canonicalized from 1 candidate row(s); source text preserved in 10_SOURCE_EXTRACTS.csv.
M01-CAN-0088,m01.current_1_0.security_control.c2ca2106b356f896,1.0,CURRENT_1_0,M01,Клиент и согласие,SECURITY_CONTROL,SECURITY,§19 Downstream contract,"Передаёт: tenant_id + case_id reference; Не передаёт: Credentials, OTP, ЭЦП, cookies или client session tokens","Передаёт: tenant_id + case_id reference; Не передаёт: Credentials, OTP, ЭЦП, cookies или client session tokens",,,,,M01_CASA_Pro_Client_and_Consent_Implementation_and_Acceptance_v1.1,1.1,§19 Downstream contract,SRC-DOC-M01-I-00241,,,,SECURITY,,,,,Canonicalized from 1 candidate row(s); source text preserved in 10_SOURCE_EXTRACTS.csv.
M01-CAN-0089,m01.current_1_0.security_control.48ef943127d46250,1.0,CURRENT_1_0,M01,Клиент и согласие,SECURITY_CONTROL,CONSENT,§19 Downstream contract,Передаёт: participant_id + participant role + included_in_analysis; Не передаёт: Данные/consent другого participant,Передаёт: participant_id + participant role + included_in_analysis; Не передаёт: Данные/consent другого participant,,,,,M01_CASA_Pro_Client_and_Consent_Implementation_and_Acceptance_v1.1,1.1,§19 Downstream contract,SRC-DOC-M01-I-00242,,,,LEGAL,,,,,Canonicalized from 1 candidate row(s); source text preserved in 10_SOURCE_EXTRACTS.csv.
M01-CAN-0090,m01.current_1_0.data_contract.ab7831398edf4a24,1.0,CURRENT_1_0,M01,Клиент и согласие,DATA_CONTRACT,DATA_MODEL,§19 Downstream contract,"Передаёт: identity_version_id/reference + masked identity display; Не передаёт: Полный ИИН там, где достаточно vault/token/reference","Передаёт: identity_version_id/reference + masked identity display; Не передаёт: Полный ИИН там, где достаточно vault/token/reference",,,,,M01_CASA_Pro_Client_and_Consent_Implementation_and_Acceptance_v1.1,1.1,§19 Downstream contract,SRC-DOC-M01-I-00243,,,,DATA,,,,,Canonicalized from 1 candidate row(s); source text preserved in 10_SOURCE_EXTRACTS.csv.
M01-CAN-0091,m01.current_1_0.security_control.aa5fbf0517bce789,1.0,CURRENT_1_0,M01,Клиент и согласие,SECURITY_CONTROL,CONSENT,§19 Downstream contract,Передаёт: consent_id/status + approved purpose codes + consent_text_version; Не передаёт: Юридические предположения или незакрытый purpose как approved,Передаёт: consent_id/status + approved purpose codes + consent_text_version; Не передаёт: Юридические предположения или незакрытый purpose как approved,,,,,M01_CASA_Pro_Client_and_Consent_Implementation_and_Acceptance_v1.1,1.1,§19 Downstream contract,SRC-DOC-M01-I-00244,,,,LEGAL,,,,,Canonicalized from 1 candidate row(s); source text preserved in 10_SOURCE_EXTRACTS.csv.
M01-CAN-0092,m01.current_1_0.security_control.43c6f7a4ca36c7c5,1.0,CURRENT_1_0,M01,Клиент и согласие,SECURITY_CONTROL,CONSENT,§19 Downstream contract,Передаёт: consent_evidence_reference/hash/status + evaluated_at; Не передаёт: Raw consent evidence без отдельной authorization/policy,Передаёт: consent_evidence_reference/hash/status + evaluated_at; Не передаёт: Raw consent evidence без отдельной authorization/policy,,,,,M01_CASA_Pro_Client_and_Consent_Implementation_and_Acceptance_v1.1,1.1,§19 Downstream contract,SRC-DOC-M01-I-00245,,,,LEGAL,,,,,Canonicalized from 1 candidate row(s); source text preserved in 10_SOURCE_EXTRACTS.csv.
M01-CAN-0093,m01.current_1_0.product_semantic.62c320c82806b486,1.0,CURRENT_1_0,M01,Клиент и согласие,PRODUCT_SEMANTIC,BUSINESS_RULE,§19 Downstream contract,"Передаёт: authorization context + assignment/action decision; Не передаёт: Доход, занятость, активы, ПВ, budget, credit/pension facts","Передаёт: authorization context + assignment/action decision; Не передаёт: Доход, занятость, активы, ПВ, budget, credit/pension facts",,,,,M01_CASA_Pro_Client_and_Consent_Implementation_and_Acceptance_v1.1,1.1,§19 Downstream contract,SRC-DOC-M01-I-00246,,,,MULTI_LAYER,,,,,Canonicalized from 1 candidate row(s); source text preserved in 10_SOURCE_EXTRACTS.csv.
M01-CAN-0094,m01.current_1_0.product_semantic.8e74979bedbeb3af,1.0,CURRENT_1_0,M01,Клиент и согласие,PRODUCT_SEMANTIC,CALCULATION,§19 Downstream contract,"Передаёт: audit/version refs + deny reason code; Не передаёт: Bank verdict, Calculation Engine result, программы, квартиры или CASA Score","Передаёт: audit/version refs + deny reason code; Не передаёт: Bank verdict, Calculation Engine result, программы, квартиры или CASA Score",,,,,M01_CASA_Pro_Client_and_Consent_Implementation_and_Acceptance_v1.1,1.1,§19 Downstream contract,SRC-DOC-M01-I-00247,,,,MULTI_LAYER,,,,,Canonicalized from 1 candidate row(s); source text preserved in 10_SOURCE_EXTRACTS.csv.
M01-CAN-0095,m01.current_1_0.security_control.9ba97acfe77cd423,1.0,CURRENT_1_0,M01,Клиент и согласие,SECURITY_CONTROL,CONSENT,§2 Назначение,M01 создаёт однозначную цепочку: пользователь CASA → ипотечный кейс → участник → версия личности → согласие на конкретные цели → права доступа → журнал действий → разрешение или блокировка следующего модуля.,M01 создаёт однозначную цепочку: пользователь CASA → ипотечный кейс → участник → версия личности → согласие на конкретные цели → права доступа → журнал действий → разрешение или блокировка следующего модуля.,,,,,M01_CASA_Pro_Client_and_Consent_Implementation_and_Acceptance_v1.1,1.1,§2 Назначение,SRC-DOC-M01-I-00022,,,,LEGAL,,,,,Canonicalized from 1 candidate row(s); source text preserved in 10_SOURCE_EXTRACTS.csv.
M01-CAN-0096,m01.current_1_0.security_control.de3d1fbbc9c35867,1.0,CURRENT_1_0,M01,Клиент и согласие,SECURITY_CONTROL,CONSENT,§2 Назначение,"CONSENT ≠ BOOLEAN  Недостаточно consent=true/false. Нужны субъект, identity version, purpose, версия текста, подтверждённый способ, evidence, время, статус, отзыв/замена и точный перечень разрешённых действий.: CONSENT ≠ BOOLEAN  Недостаточно consent=true/false. Нужны субъект, identity version, purpose, версия текста, подтверждённый способ, evidence, время, статус, отзыв/замена и точный перечень разрешённых действий.","CONSENT ≠ BOOLEAN  Недостаточно consent=true/false. Нужны субъект, identity version, purpose, версия текста, подтверждённый способ, evidence, время, статус, отзыв/замена и точный перечень разрешённых действий.: CONSENT ≠ BOOLEAN  Недостаточно consent=true/false. Нужны субъект, identity version, purpose, версия текста, подтверждённый способ, evidence, время, статус, отзыв/замена и точный перечень разрешённых действий.",,,,,M01_CASA_Pro_Client_and_Consent_Implementation_and_Acceptance_v1.1,1.1,§2 Назначение,SRC-DOC-M01-I-00023,,,,LEGAL,,,,,Canonicalized from 1 candidate row(s); source text preserved in 10_SOURCE_EXTRACTS.csv.
M01-CAN-0097,m01.current_1_0.boundary.f604efd943068699,1.0,CURRENT_1_0,M01,Клиент и согласие,BOUNDARY,FORBIDDEN,§21 Разбор текущего demo,"ГРАНИЦА НАБЛЮДЕНИЯ  На двух кадрах виден modal consent и часть блока за ним. По screenshot нельзя установить backend binding, фактическую отправку SMS, evidence, ACL, audit immutability или юридическую достаточность.: ГРАНИЦА НАБЛЮДЕНИЯ  На двух кадрах виден modal consent и часть блока за ним. По screenshot нельзя установить backend binding, фактическую отправку SMS, evidence, ACL, audit immutability или юридическую достаточность.",,"ГРАНИЦА НАБЛЮДЕНИЯ  На двух кадрах виден modal consent и часть блока за ним. По screenshot нельзя установить backend binding, фактическую отправку SMS, evidence, ACL, audit immutability или юридическую достаточность.: ГРАНИЦА НАБЛЮДЕНИЯ  На двух кадрах виден modal consent и часть блока за ним. По screenshot нельзя установить backend binding, фактическую отправку SMS, evidence, ACL, audit immutability или юридическую достаточность.",,,,M01_CASA_Pro_Client_and_Consent_Implementation_and_Acceptance_v1.1,1.1,§21 Разбор текущего demo,SRC-DOC-M01-I-00278,,,,BACKEND|SECURITY|LEGAL,,,,,Canonicalized from 1 candidate row(s); source text preserved in 10_SOURCE_EXTRACTS.csv.
M01-CAN-0098,m01.current_1_0.security_control.12ebc71385f267ff,1.0,CURRENT_1_0,M01,Клиент и согласие,SECURITY_CONTROL,CONSENT,§21 Разбор текущего demo,Что реально видно: Заголовок «Согласие на обработку данных»; Что правильно: Понятная цель modal.; Риск / неизвестно: Слишком общий заголовок не доказывает purpose limitation.; Regression requirement: Показать exact action groups/text version; AT-CC-002/013.,Что реально видно: Заголовок «Согласие на обработку данных»; Что правильно: Понятная цель modal.; Риск / неизвестно: Слишком общий заголовок не доказывает purpose limitation.; Regression requirement: Показать exact action groups/text version; AT-CC-002/013.,,,,,M01_CASA_Pro_Client_and_Consent_Implementation_and_Acceptance_v1.1,1.1,§21 Разбор текущего demo,SRC-DOC-M01-I-00280,AT-CC-002,,,LEGAL,,,,M01-TASK-006|M01-TASK-007|M01-TASK-008|M01-TASK-010|M01-TASK-012|M01-TASK-020,Canonicalized from 1 candidate row(s); source text preserved in 10_SOURCE_EXTRACTS.csv.
M01-CAN-0099,m01.current_1_0.implementation_detail.83617c6b8496e43a,1.0,CURRENT_1_0,M01,Клиент и согласие,IMPLEMENTATION_DETAIL,API,§21 Разбор текущего demo,"Что реально видно: ФИО, телефон, «версия текста 1.1»; Что правильно: Версия текста видима.; Риск / неизвестно: Не видны participant/identity binding и evidence; допустимость полного телефона зависит от access policy.; Regression requirement: Participant/identity/text refs в API; masking/access tests AT-CC-002/006/011.","Что реально видно: ФИО, телефон, «версия текста 1.1»; Что правильно: Версия текста видима.; Риск / неизвестно: Не видны participant/identity binding и evidence; допустимость полного телефона зависит от access policy.; Regression requirement: Participant/identity/text refs в API; masking/access tests AT-CC-002/006/011.",,,,,M01_CASA_Pro_Client_and_Consent_Implementation_and_Acceptance_v1.1,1.1,§21 Разбор текущего demo,SRC-DOC-M01-I-00281,AT-CC-002,,,BACKEND|QA,,,,M01-TASK-006|M01-TASK-007|M01-TASK-008|M01-TASK-010|M01-TASK-012|M01-TASK-020,Canonicalized from 1 candidate row(s); source text preserved in 10_SOURCE_EXTRACTS.csv.
M01-CAN-0100,m01.current_1_0.product_semantic.4b993ab9453477b8,1.0,CURRENT_1_0,M01,Клиент и согласие,PRODUCT_SEMANTIC,CALCULATION,§21 Разбор текущего demo,"Что реально видно: Список из 7 пунктов; Что правильно: Пользователь видит, на что якобы соглашается.; Риск / неизвестно: Смешаны M02/M03/M04/M05 и будущие расчёты/программы/квартиры/заключение; точные codes не показаны.; Regression requirement: Purpose registry exact; unsupported items disabled; AT-CC-002/007/013.","Что реально видно: Список из 7 пунктов; Что правильно: Пользователь видит, на что якобы соглашается.; Риск / неизвестно: Смешаны M02/M03/M04/M05 и будущие расчёты/программы/квартиры/заключение; точные codes не показаны.; Regression requirement: Purpose registry exact; unsupported items disabled; AT-CC-002/007/013.",,,,DISABLED,M01_CASA_Pro_Client_and_Consent_Implementation_and_Acceptance_v1.1,1.1,§21 Разбор текущего demo,SRC-DOC-M01-I-00282,AT-CC-002,,,MULTI_LAYER,,,,M01-TASK-006|M01-TASK-007|M01-TASK-008|M01-TASK-010|M01-TASK-012|M01-TASK-020,Canonicalized from 1 candidate row(s); source text preserved in 10_SOURCE_EXTRACTS.csv.
M01-CAN-0101,m01.current_1_0.boundary.4badbd0b72bb3ceb,1.0,CURRENT_1_0,M01,Клиент и согласие,BOUNDARY,SCOPE,§21 Разбор текущего demo,"Что реально видно: Banner: Phase 0, SMS не отправляется, OD-001 open; Что правильно: Честно указана demo-граница и legal open decision.; Риск / неизвестно: Не является approved confirmation method.; Regression requirement: Production adapter off пока AT-CC-013/OD-001 open.","Что реально видно: Banner: Phase 0, SMS не отправляется, OD-001 open; Что правильно: Честно указана demo-граница и legal open decision.; Риск / неизвестно: Не является approved confirmation method.; Regression requirement: Production adapter off пока AT-CC-013/OD-001 open.",,,,,M01_CASA_Pro_Client_and_Consent_Implementation_and_Acceptance_v1.1,1.1,§21 Разбор текущего demo,SRC-DOC-M01-I-00283,AT-CC-013,,,LEGAL|PRODUCT,,OD-001|AT-CC-013,OD-001|AT-CC-013,,Canonicalized from 1 candidate row(s); source text preserved in 10_SOURCE_EXTRACTS.csv.
M01-CAN-0102,m01.current_1_0.security_control.8137acac823a0836,1.0,CURRENT_1_0,M01,Клиент и согласие,SECURITY_CONTROL,CONSENT,§21 Разбор текущего demo,"Что реально видно: Кнопка «Отправить SMS-согласие» при banner «SMS не отправляется»; Что правильно: Есть один главный CTA.; Риск / неизвестно: Видимая семантическая коллизия: пользователь может решить, что SMS отправлено.; Regression requirement: В demo: «Создать запрос согласия (демо)»/«Создать ссылку»; никаких SMS claims.","Что реально видно: Кнопка «Отправить SMS-согласие» при banner «SMS не отправляется»; Что правильно: Есть один главный CTA.; Риск / неизвестно: Видимая семантическая коллизия: пользователь может решить, что SMS отправлено.; Regression requirement: В demo: «Создать запрос согласия (демо)»/«Создать ссылку»; никаких SMS claims.",,,,,M01_CASA_Pro_Client_and_Consent_Implementation_and_Acceptance_v1.1,1.1,§21 Разбор текущего demo,SRC-DOC-M01-I-00284,,,,LEGAL,,,,,Canonicalized from 1 candidate row(s); source text preserved in 10_SOURCE_EXTRACTS.csv.
M01-CAN-0103,m01.current_1_0.product_semantic.4109bfc0c4fa0372,1.0,CURRENT_1_0,M01,Клиент и согласие,PRODUCT_SEMANTIC,STATE,§21 Разбор текущего demo,"Что реально видно: Скрин 2: «Ссылка отправлена… ожидаем ответ», «Клиент открыл ссылку»; Что правильно: Промежуточный pending state понятен.; Риск / неизвестно: Фактический канал/evidence/backend неизвестны; full phone показан.; Regression requirement: State/evidence audit; approved masking policy; AT-CC-009/011/013.","Что реально видно: Скрин 2: «Ссылка отправлена… ожидаем ответ», «Клиент открыл ссылку»; Что правильно: Промежуточный pending state понятен.; Риск / неизвестно: Фактический канал/evidence/backend неизвестны; full phone показан.; Regression requirement: State/evidence audit; approved masking policy; AT-CC-009/011/013.",,,,,M01_CASA_Pro_Client_and_Consent_Implementation_and_Acceptance_v1.1,1.1,§21 Разбор текущего demo,SRC-DOC-M01-I-00285,AT-CC-009,,,BACKEND,,,,M01-TASK-011|M01-TASK-018|M01-TASK-023,Canonicalized from 1 candidate row(s); source text preserved in 10_SOURCE_EXTRACTS.csv.
M01-CAN-0104,m01.current_1_0.boundary.9f1f8cb5231187ff,1.0,CURRENT_1_0,M01,Клиент и согласие,BOUNDARY,FORBIDDEN,§21 Разбор текущего demo,Что реально видно: «Клиент подтвердил (демо)» / «Клиент отклонил (демо)»; Что правильно: Demo помечен явно.; Риск / неизвестно: В production broker не должен impersonate participant.; Regression requirement: Demo-only controls hidden in production; confirmation adapter test.,,Что реально видно: «Клиент подтвердил (демо)» / «Клиент отклонил (демо)»; Что правильно: Demo помечен явно.; Риск / неизвестно: В production broker не должен impersonate participant.; Regression requirement: Demo-only controls hidden in production; confirmation adapter test.,,,,M01_CASA_Pro_Client_and_Consent_Implementation_and_Acceptance_v1.1,1.1,§21 Разбор текущего demo,SRC-DOC-M01-I-00286,,,,FRONTEND|QA|PRODUCT,,,,,Canonicalized from 1 candidate row(s); source text preserved in 10_SOURCE_EXTRACTS.csv.
M01-CAN-0105,m01.current_1_0.product_semantic.0c130bc5e792b897,1.0,CURRENT_1_0,M01,Клиент и согласие,PRODUCT_SEMANTIC,BUSINESS_RULE,§21 Разбор текущего demo,"Что реально видно: «Сменить клиента»; Что правильно: Понятная навигация.; Риск / неизвестно: Не видно, это navigation или rebinding текущего case/documents.; Regression requirement: Switch never rebinds artifacts; AT-CC-001/003/008.","Что реально видно: «Сменить клиента»; Что правильно: Понятная навигация.; Риск / неизвестно: Не видно, это navigation или rebinding текущего case/documents.; Regression requirement: Switch never rebinds artifacts; AT-CC-001/003/008.",,,,,M01_CASA_Pro_Client_and_Consent_Implementation_and_Acceptance_v1.1,1.1,§21 Разбор текущего demo,SRC-DOC-M01-I-00287,AT-CC-001,,,MULTI_LAYER,,,,M01-TASK-002|M01-TASK-003|M01-TASK-025|M01-TASK-026,Canonicalized from 1 candidate row(s); source text preserved in 10_SOURCE_EXTRACTS.csv.
M01-CAN-0106,m01.current_1_0.boundary.4acf1cbf303d8df8,1.0,CURRENT_1_0,M01,Клиент и согласие,BOUNDARY,FORBIDDEN,§21 Разбор текущего demo,"Что реально видно: За modal видны financial summary cards: «Подтв. доход 650 000 ₸», «Бюджет квартиры 30 000 000 ₸»; Что правильно: Полезно как общий case summary.; Риск / неизвестно: Это не M01 data ownership; нельзя хранить/редактировать как Client & Consent fields.; Regression requirement: Ownership M05/Calculation; M01 contract excludes income/budget.",,"Что реально видно: За modal видны financial summary cards: «Подтв. доход 650 000 ₸», «Бюджет квартиры 30 000 000 ₸»; Что правильно: Полезно как общий case summary.; Риск / неизвестно: Это не M01 data ownership; нельзя хранить/редактировать как Client & Consent fields.; Regression requirement: Ownership M05/Calculation; M01 contract excludes income/budget.",,,,M01_CASA_Pro_Client_and_Consent_Implementation_and_Acceptance_v1.1,1.1,§21 Разбор текущего demo,SRC-DOC-M01-I-00288,,,,DATA|LEGAL,,,,,Canonicalized from 1 candidate row(s); source text preserved in 10_SOURCE_EXTRACTS.csv.
M01-CAN-0107,m01.current_1_0.boundary.6b96f257ccbfdda2,1.0,CURRENT_1_0,M01,Клиент и согласие,BOUNDARY,FORBIDDEN,§21 Разбор текущего demo,"Что реально видно: Masked ИИН, role, case status, revoke и audit details; Что правильно: На приложенных кадрах не читаются/закрыты modal.; Риск / неизвестно: Нельзя подтвердить наличие или корректность.; Regression requirement: Отдельные UI regressions AT-CC-005/008/009/011/014.",,"Что реально видно: Masked ИИН, role, case status, revoke и audit details; Что правильно: На приложенных кадрах не читаются/закрыты modal.; Риск / неизвестно: Нельзя подтвердить наличие или корректность.; Regression requirement: Отдельные UI regressions AT-CC-005/008/009/011/014.",,,,M01_CASA_Pro_Client_and_Consent_Implementation_and_Acceptance_v1.1,1.1,§21 Разбор текущего demo,SRC-DOC-M01-I-00289,AT-CC-005,,,FRONTEND,,,,M01-TASK-013,Canonicalized from 1 candidate row(s); source text preserved in 10_SOURCE_EXTRACTS.csv.
M01-CAN-0108,m01.current_1_0.boundary.980bad0104db4b5e,1.0,CURRENT_1_0,M01,Клиент и согласие,BOUNDARY,SCOPE,§22 KEEP / CHANGE / REMOVE / ADD,Решение: KEEP; Элемент: Modal title + visible text version; Точное действие: Сохранить понятный заголовок и version label; добавить exact participant/action scope.; Layers: FE; Priority: P1; Acceptance: AT-CC-002/013,Решение: KEEP; Элемент: Modal title + visible text version; Точное действие: Сохранить понятный заголовок и version label; добавить exact participant/action scope.; Layers: FE; Priority: P1; Acceptance: AT-CC-002/013,,,,,M01_CASA_Pro_Client_and_Consent_Implementation_and_Acceptance_v1.1,1.1,§22 KEEP / CHANGE / REMOVE / ADD,SRC-DOC-M01-I-00293,AT-CC-002,P1,,PRODUCT,,,,M01-TASK-006|M01-TASK-007|M01-TASK-008|M01-TASK-010|M01-TASK-012|M01-TASK-020,Canonicalized from 1 candidate row(s); source text preserved in 10_SOURCE_EXTRACTS.csv.
M01-CAN-0109,m01.current_1_0.product_semantic.70b4177f2c659fec,1.0,CURRENT_1_0,M01,Клиент и согласие,PRODUCT_SEMANTIC,BUSINESS_RULE,§22 KEEP / CHANGE / REMOVE / ADD,"Решение: KEEP; Элемент: Purpose summary; Точное действие: Сохранить readable summary, но строить из approved purpose registry, а не hardcoded list.; Layers: BE/FE/Data; Priority: P0; Acceptance: AT-CC-002/007/013","Решение: KEEP; Элемент: Purpose summary; Точное действие: Сохранить readable summary, но строить из approved purpose registry, а не hardcoded list.; Layers: BE/FE/Data; Priority: P0; Acceptance: AT-CC-002/007/013",,,,,M01_CASA_Pro_Client_and_Consent_Implementation_and_Acceptance_v1.1,1.1,§22 KEEP / CHANGE / REMOVE / ADD,SRC-DOC-M01-I-00294,AT-CC-002,P0,,DATA,,,,M01-TASK-006|M01-TASK-007|M01-TASK-008|M01-TASK-010|M01-TASK-012|M01-TASK-020,Canonicalized from 1 candidate row(s); source text preserved in 10_SOURCE_EXTRACTS.csv.
M01-CAN-0110,m01.current_1_0.product_semantic.e7a3e66003fd3271,1.0,CURRENT_1_0,M01,Клиент и согласие,PRODUCT_SEMANTIC,BUSINESS_RULE,§22 KEEP / CHANGE / REMOVE / ADD,Решение: KEEP; Элемент: Phase 0 warning; Точное действие: Сохранить до production; показывать exact open gate и отсутствие реального канала.; Layers: FE/Product; Priority: P0; Acceptance: AT-CC-013,Решение: KEEP; Элемент: Phase 0 warning; Точное действие: Сохранить до production; показывать exact open gate и отсутствие реального канала.; Layers: FE/Product; Priority: P0; Acceptance: AT-CC-013,,,,,M01_CASA_Pro_Client_and_Consent_Implementation_and_Acceptance_v1.1,1.1,§22 KEEP / CHANGE / REMOVE / ADD,SRC-DOC-M01-I-00295,AT-CC-013,P0,,PRODUCT,,AT-CC-013,AT-CC-013,,Canonicalized from 1 candidate row(s); source text preserved in 10_SOURCE_EXTRACTS.csv.
M01-CAN-0111,m01.current_1_0.product_semantic.f180fdca67390447,1.0,CURRENT_1_0,M01,Клиент и согласие,PRODUCT_SEMANTIC,STATE,§22 KEEP / CHANGE / REMOVE / ADD,Решение: CHANGE; Элемент: Pending/opened statuses; Точное действие: Связать с request/evidence state и audit; не считать opened=granted.; Layers: BE/FE/Data; Priority: P0; Acceptance: AT-CC-002/004/009,Решение: CHANGE; Элемент: Pending/opened statuses; Точное действие: Связать с request/evidence state и audit; не считать opened=granted.; Layers: BE/FE/Data; Priority: P0; Acceptance: AT-CC-002/004/009,,,,,M01_CASA_Pro_Client_and_Consent_Implementation_and_Acceptance_v1.1,1.1,§22 KEEP / CHANGE / REMOVE / ADD,SRC-DOC-M01-I-00298,AT-CC-002,P0,,DATA,,,,M01-TASK-006|M01-TASK-007|M01-TASK-008|M01-TASK-010|M01-TASK-012|M01-TASK-020,Canonicalized from 1 candidate row(s); source text preserved in 10_SOURCE_EXTRACTS.csv.
M01-CAN-0112,m01.current_1_0.security_control.6b1fd9a94b0a08d0,1.0,CURRENT_1_0,M01,Клиент и согласие,SECURITY_CONTROL,CONSENT,§22 KEEP / CHANGE / REMOVE / ADD,"Решение: CHANGE; Элемент: Financial cards inside Client & Consent area; Точное действие: Не удалять из общего case UX автоматически; перенести ownership/rendering в M05/Calculation summary, исключить из M01 model.; Layers: FE/Data; Priority: P1; Acceptance: MASTER §13; AT-CC-014 boundary","Решение: CHANGE; Элемент: Financial cards inside Client & Consent area; Точное действие: Не удалять из общего case UX автоматически; перенести ownership/rendering в M05/Calculation summary, исключить из M01 model.; Layers: FE/Data; Priority: P1; Acceptance: MASTER §13; AT-CC-014 boundary",,,,,M01_CASA_Pro_Client_and_Consent_Implementation_and_Acceptance_v1.1,1.1,§22 KEEP / CHANGE / REMOVE / ADD,SRC-DOC-M01-I-00299,AT-CC-014,P1,,DATA|LEGAL,,,,,Canonicalized from 1 candidate row(s); source text preserved in 10_SOURCE_EXTRACTS.csv.
M01-CAN-0113,m01.current_1_0.ux_requirement.5b6d4ebe9f919610,1.0,CURRENT_1_0,M01,Клиент и согласие,UX_REQUIREMENT,UI,§22 KEEP / CHANGE / REMOVE / ADD,Решение: REMOVE; Элемент: Production broker confirm/decline impersonation; Точное действие: Demo buttons допустимы только под hard demo flag; в production убрать.; Layers: FE/BE/Sec; Priority: P0; Acceptance: AT-CC-009/013,Решение: REMOVE; Элемент: Production broker confirm/decline impersonation; Точное действие: Demo buttons допустимы только под hard demo flag; в production убрать.; Layers: FE/BE/Sec; Priority: P0; Acceptance: AT-CC-009/013,,,,,M01_CASA_Pro_Client_and_Consent_Implementation_and_Acceptance_v1.1,1.1,§22 KEEP / CHANGE / REMOVE / ADD,SRC-DOC-M01-I-00300,AT-CC-009,P0,,FRONTEND|PRODUCT,,,,M01-TASK-011|M01-TASK-018|M01-TASK-023,Canonicalized from 1 candidate row(s); source text preserved in 10_SOURCE_EXTRACTS.csv.
M01-CAN-0114,m01.current_1_0.product_semantic.0055e698d76f2d2d,1.0,CURRENT_1_0,M01,Клиент и согласие,PRODUCT_SEMANTIC,STATE,§22 KEEP / CHANGE / REMOVE / ADD,Решение: ADD; Элемент: Per-purpose scope/status; Точное действие: Показать current allowed actions; unsupported/open purposes не выглядят active.; Layers: BE/FE; Priority: P0; Acceptance: AT-CC-002/004/007/013,Решение: ADD; Элемент: Per-purpose scope/status; Точное действие: Показать current allowed actions; unsupported/open purposes не выглядят active.; Layers: BE/FE; Priority: P0; Acceptance: AT-CC-002/004/007/013,,,,,M01_CASA_Pro_Client_and_Consent_Implementation_and_Acceptance_v1.1,1.1,§22 KEEP / CHANGE / REMOVE / ADD,SRC-DOC-M01-I-00302,AT-CC-002,P0,,PRODUCT,,,,M01-TASK-006|M01-TASK-007|M01-TASK-008|M01-TASK-010|M01-TASK-012|M01-TASK-020,Canonicalized from 1 candidate row(s); source text preserved in 10_SOURCE_EXTRACTS.csv.
M01-CAN-0115,m01.current_1_0.product_semantic.bfb1882519858574,1.0,CURRENT_1_0,M01,Клиент и согласие,PRODUCT_SEMANTIC,STATE,§22 KEEP / CHANGE / REMOVE / ADD,"Решение: ADD; Элемент: Evidence and lifecycle summary; Точное действие: confirmed_at, text version, method ref/status, revoke/supersede reason; raw hidden.; Layers: BE/FE/Data; Priority: P0; Acceptance: AT-CC-002/005/009","Решение: ADD; Элемент: Evidence and lifecycle summary; Точное действие: confirmed_at, text version, method ref/status, revoke/supersede reason; raw hidden.; Layers: BE/FE/Data; Priority: P0; Acceptance: AT-CC-002/005/009",,,,,M01_CASA_Pro_Client_and_Consent_Implementation_and_Acceptance_v1.1,1.1,§22 KEEP / CHANGE / REMOVE / ADD,SRC-DOC-M01-I-00303,AT-CC-002,P0,,DATA,,,,M01-TASK-006|M01-TASK-007|M01-TASK-008|M01-TASK-010|M01-TASK-012|M01-TASK-020,Canonicalized from 1 candidate row(s); source text preserved in 10_SOURCE_EXTRACTS.csv.
M01-CAN-0116,m01.current_1_0.security_control.3384ca427bb60354,1.0,CURRENT_1_0,M01,Клиент и согласие,SECURITY_CONTROL,AUDIT,§22 KEEP / CHANGE / REMOVE / ADD,Решение: ADD; Элемент: Audit details; Точное действие: Свернутый redacted timeline с role-based access.; Layers: BE/FE; Priority: P1; Acceptance: AT-CC-006/009/011,Решение: ADD; Элемент: Audit details; Точное действие: Свернутый redacted timeline с role-based access.; Layers: BE/FE; Priority: P1; Acceptance: AT-CC-006/009/011,,,,,M01_CASA_Pro_Client_and_Consent_Implementation_and_Acceptance_v1.1,1.1,§22 KEEP / CHANGE / REMOVE / ADD,SRC-DOC-M01-I-00304,AT-CC-006,P1,,MULTI_LAYER,,,,M01-TASK-017,Canonicalized from 1 candidate row(s); source text preserved in 10_SOURCE_EXTRACTS.csv.
M01-CAN-0117,m01.current_1_0.security_control.11eeaf7ef3b1beca,1.0,CURRENT_1_0,M01,Клиент и согласие,SECURITY_CONTROL,CONSENT,§23 Current implementation → target,Current issue: Общий consent modal не доказывает participant/purpose binding; Expected behaviour: Exact participant + identity + approved purpose/text/evidence.; Change required: Consent registry + preflight + UI scope.; Layers: Data/BE/FE/QA; Priority: P0; Source: MASTER §7; IIN §3.1; CH §6.1; Acceptance: AT-CC-002/003/004; Definition of Done: Mismatch action denied; no cross-participant use.,Current issue: Общий consent modal не доказывает participant/purpose binding; Expected behaviour: Exact participant + identity + approved purpose/text/evidence.; Change required: Consent registry + preflight + UI scope.; Layers: Data/BE/FE/QA; Priority: P0; Source: MASTER §7; IIN §3.1; CH §6.1; Acceptance: AT-CC-002/003/004; Definition of Done: Mismatch action denied; no cross-participant use.,,,,,M01_CASA_Pro_Client_and_Consent_Implementation_and_Acceptance_v1.1,1.1,§23 Current implementation → target,SRC-DOC-M01-I-00308,AT-CC-002,P0,,FRONTEND|DATA|QA|LEGAL|PRODUCT,,,,M01-TASK-006|M01-TASK-007|M01-TASK-008|M01-TASK-010|M01-TASK-012|M01-TASK-020,Canonicalized from 1 candidate row(s); source text preserved in 10_SOURCE_EXTRACTS.csv.
M01-CAN-0118,m01.current_1_0.ux_requirement.335e829682abab74,1.0,CURRENT_1_0,M01,Клиент и согласие,UX_REQUIREMENT,UI,§23 Current implementation → target,Current issue: SMS CTA противоречит Phase 0 banner; Expected behaviour: UI не утверждает несуществующую отправку/approved method.; Change required: Demo-safe copy; adapter disabled until gate.; Layers: BE/FE/Product; Priority: P0; Source: Screenshot OD-001; AT-CC-013; Acceptance: AT-CC-010/013; Definition of Done: Network SMS=0; production blocked.,Current issue: SMS CTA противоречит Phase 0 banner; Expected behaviour: UI не утверждает несуществующую отправку/approved method.; Change required: Demo-safe copy; adapter disabled until gate.; Layers: BE/FE/Product; Priority: P0; Source: Screenshot OD-001; AT-CC-013; Acceptance: AT-CC-010/013; Definition of Done: Network SMS=0; production blocked.,,,,DISABLED|BLOCKED,M01_CASA_Pro_Client_and_Consent_Implementation_and_Acceptance_v1.1,1.1,§23 Current implementation → target,SRC-DOC-M01-I-00309,AT-CC-013|AT-CC-010,P0,,FRONTEND|PRODUCT,,OD-001|AT-CC-013,OD-001|AT-CC-013,M01-TASK-022,Canonicalized from 1 candidate row(s); source text preserved in 10_SOURCE_EXTRACTS.csv.
M01-CAN-0119,m01.current_1_0.implementation_detail.2b83c2e0afde362d,1.0,CURRENT_1_0,M01,Клиент и согласие,IMPLEMENTATION_DETAIL,API,§23 Current implementation → target,Current issue: Purpose list смешивает модульные и будущие действия; Expected behaviour: Only approved 1.0 purpose codes active; ownership clear.; Change required: Registry-driven list + OPEN/DISABLED items.; Layers: Data/BE/FE/Legal; Priority: P0; Source: CH §6.1; IIN §7; CP RG-CP-02; Acceptance: AT-CC-002/007/013; Definition of Done: No silent future API/calculation consent.,Current issue: Purpose list смешивает модульные и будущие действия; Expected behaviour: Only approved 1.0 purpose codes active; ownership clear.; Change required: Registry-driven list + OPEN/DISABLED items.; Layers: Data/BE/FE/Legal; Priority: P0; Source: CH §6.1; IIN §7; CP RG-CP-02; Acceptance: AT-CC-002/007/013; Definition of Done: No silent future API/calculation consent.,,,,DISABLED,M01_CASA_Pro_Client_and_Consent_Implementation_and_Acceptance_v1.1,1.1,§23 Current implementation → target,SRC-DOC-M01-I-00310,CP-02|AT-CC-002,P0,,BACKEND|DATA|LEGAL,,RG-CP-02,RG-CP-02,M01-TASK-006|M01-TASK-007|M01-TASK-008|M01-TASK-010|M01-TASK-012|M01-TASK-020,Canonicalized from 1 candidate row(s); source text preserved in 10_SOURCE_EXTRACTS.csv.
M01-CAN-0120,m01.current_1_0.product_semantic.6a9984a6d41be3b2,1.0,CURRENT_1_0,M01,Клиент и согласие,PRODUCT_SEMANTIC,STATE,§23 Current implementation → target,"Current issue: Opened/pending может быть принят за granted; Expected behaviour: Opened, confirmed and evidence-valid ACTIVE distinct.; Change required: State machine + evidence validator + human copy.; Layers: BE/FE/QA; Priority: P0; Source: IIN T-003/T-004; demo; Acceptance: AT-CC-002/004/009; Definition of Done: Protected actions denied before ACTIVE.","Current issue: Opened/pending может быть принят за granted; Expected behaviour: Opened, confirmed and evidence-valid ACTIVE distinct.; Change required: State machine + evidence validator + human copy.; Layers: BE/FE/QA; Priority: P0; Source: IIN T-003/T-004; demo; Acceptance: AT-CC-002/004/009; Definition of Done: Protected actions denied before ACTIVE.",,,,CONFIRMED,M01_CASA_Pro_Client_and_Consent_Implementation_and_Acceptance_v1.1,1.1,§23 Current implementation → target,SRC-DOC-M01-I-00311,AT-CC-002,P0,,QA,,,,M01-TASK-006|M01-TASK-007|M01-TASK-008|M01-TASK-010|M01-TASK-012|M01-TASK-020,Canonicalized from 1 candidate row(s); source text preserved in 10_SOURCE_EXTRACTS.csv.
M01-CAN-0121,m01.current_1_0.ux_requirement.c1389f2d51a54e98,1.0,CURRENT_1_0,M01,Клиент и согласие,UX_REQUIREMENT,UI,§23 Current implementation → target,Current issue: Demo broker buttons могут имитировать клиента; Expected behaviour: Production confirmation only approved participant channel.; Change required: Hard demo flag; internal adapter authorization.; Layers: BE/FE/Sec; Priority: P0; Source: AT-CC-013; Acceptance: AT-CC-009/013; Definition of Done: Broker cannot record participant evidence.,Current issue: Demo broker buttons могут имитировать клиента; Expected behaviour: Production confirmation only approved participant channel.; Change required: Hard demo flag; internal adapter authorization.; Layers: BE/FE/Sec; Priority: P0; Source: AT-CC-013; Acceptance: AT-CC-009/013; Definition of Done: Broker cannot record participant evidence.,,,,,M01_CASA_Pro_Client_and_Consent_Implementation_and_Acceptance_v1.1,1.1,§23 Current implementation → target,SRC-DOC-M01-I-00312,AT-CC-013|AT-CC-009,P0,,FRONTEND|PRODUCT,,AT-CC-013,AT-CC-013,M01-TASK-011|M01-TASK-018|M01-TASK-023,Canonicalized from 1 candidate row(s); source text preserved in 10_SOURCE_EXTRACTS.csv.
M01-CAN-0122,m01.current_1_0.security_control.133d298fdfde4aa0,1.0,CURRENT_1_0,M01,Клиент и согласие,SECURITY_CONTROL,CONSENT,§23 Current implementation → target,Current issue: Financial values visually inside client block; Expected behaviour: M01 shows identity/role/consent only; finance owned by M05/Calculation.; Change required: Move ownership; downstream references only.; Layers: FE/Data; Priority: P1; Source: MASTER §13; CP Spec; Acceptance: AT-CC-014; Definition of Done: M01 schema/contract contains no income/budget.,Current issue: Financial values visually inside client block; Expected behaviour: M01 shows identity/role/consent only; finance owned by M05/Calculation.; Change required: Move ownership; downstream references only.; Layers: FE/Data; Priority: P1; Source: MASTER §13; CP Spec; Acceptance: AT-CC-014; Definition of Done: M01 schema/contract contains no income/budget.,,,,,M01_CASA_Pro_Client_and_Consent_Implementation_and_Acceptance_v1.1,1.1,§23 Current implementation → target,SRC-DOC-M01-I-00313,AT-CC-014,P1,,DATA|LEGAL,,,,,Canonicalized from 1 candidate row(s); source text preserved in 10_SOURCE_EXTRACTS.csv.
M01-CAN-0123,m01.current_1_0.product_semantic.0c2ea3303329844a,1.0,CURRENT_1_0,M01,Клиент и согласие,PRODUCT_SEMANTIC,BUSINESS_RULE,§23 Current implementation → target,Current issue: Switch client behaviour not provable by screenshot; Expected behaviour: Navigation never rebinds current artifacts.; Change required: Explicit case switch + unsaved warning/id checks.; Layers: BE/FE/QA; Priority: P0; Source: AT-CC-001/003/008; Acceptance: AT-CC-001/003/008; Definition of Done: Old case/participant refs unchanged.,Current issue: Switch client behaviour not provable by screenshot; Expected behaviour: Navigation never rebinds current artifacts.; Change required: Explicit case switch + unsaved warning/id checks.; Layers: BE/FE/QA; Priority: P0; Source: AT-CC-001/003/008; Acceptance: AT-CC-001/003/008; Definition of Done: Old case/participant refs unchanged.,,,,,M01_CASA_Pro_Client_and_Consent_Implementation_and_Acceptance_v1.1,1.1,§23 Current implementation → target,SRC-DOC-M01-I-00314,AT-CC-001,P0,,QA,,,,M01-TASK-002|M01-TASK-003|M01-TASK-025|M01-TASK-026,Canonicalized from 1 candidate row(s); source text preserved in 10_SOURCE_EXTRACTS.csv.
M01-CAN-0124,m01.current_1_0.data_contract.72e4a9f2e9662c9a,1.0,CURRENT_1_0,M01,Клиент и согласие,DATA_CONTRACT,SNAPSHOT,§23 Current implementation → target,Current issue: Revoke/audit/masked IIN not assessable on attached frames; Expected behaviour: Required UI and backend evidence exist independent of screenshot.; Change required: Implement cards/timeline/masking + regressions.; Layers: BE/FE/Sec/QA; Priority: P0; Source: Matrix AT-CC-005/009/011; Acceptance: AT-CC-005/009/011; Definition of Done: Revocation blocks new actions; audit immutable; UI masked.,Current issue: Revoke/audit/masked IIN not assessable on attached frames; Expected behaviour: Required UI and backend evidence exist independent of screenshot.; Change required: Implement cards/timeline/masking + regressions.; Layers: BE/FE/Sec/QA; Priority: P0; Source: Matrix AT-CC-005/009/011; Acceptance: AT-CC-005/009/011; Definition of Done: Revocation blocks new actions; audit immutable; UI masked.,,,,,M01_CASA_Pro_Client_and_Consent_Implementation_and_Acceptance_v1.1,1.1,§23 Current implementation → target,SRC-DOC-M01-I-00315,AT-CC-005,P0,,BACKEND|FRONTEND|QA,,,,M01-TASK-013,Canonicalized from 1 candidate row(s); source text preserved in 10_SOURCE_EXTRACTS.csv.
M01-CAN-0125,m01.current_1_0.boundary.fbc43009db843553,1.0,CURRENT_1_0,M01,Клиент и согласие,BOUNDARY,FORBIDDEN,§25 Engineering Done vs Production Ready,"Статус: ENGINEERING DONE; Условие: Data model, preflight, lifecycle, access, audit, masking, UI и synthetic AT-CC regressions реализованы.; Что можно: Разрабатывать/тестировать на обезличенных fixtures; downstream integration contract готов.; Что нельзя: Обрабатывать реальные client data через неутверждённый consent/confirmation method.",,"Статус: ENGINEERING DONE; Условие: Data model, preflight, lifecycle, access, audit, masking, UI и synthetic AT-CC regressions реализованы.; Что можно: Разрабатывать/тестировать на обезличенных fixtures; downstream integration contract готов.; Что нельзя: Обрабатывать реальные client data через неутверждённый consent/confirmation method.",,,,M01_CASA_Pro_Client_and_Consent_Implementation_and_Acceptance_v1.1,1.1,§25 Engineering Done vs Production Ready,SRC-DOC-M01-I-00340,AT-CC,,,FRONTEND|DATA|QA|LEGAL,,,,,Canonicalized from 1 candidate row(s); source text preserved in 10_SOURCE_EXTRACTS.csv.
M01-CAN-0126,m01.current_1_0.boundary.907920ceb1f0bc5b,1.0,CURRENT_1_0,M01,Клиент и согласие,BOUNDARY,FORBIDDEN,§25 Engineering Done vs Production Ready,"Статус: PRODUCTION LEGAL BLOCKED; Условие: AT-CC-013 или применимый legal/security gate OPEN.; Что можно: Показывать честный blocker; держать production adapters/actions disabled.; Что нельзя: Ставить PASS, отправлять якобы SMS, считать demo confirmation действительным consent.",,"Статус: PRODUCTION LEGAL BLOCKED; Условие: AT-CC-013 или применимый legal/security gate OPEN.; Что можно: Показывать честный blocker; держать production adapters/actions disabled.; Что нельзя: Ставить PASS, отправлять якобы SMS, считать demo confirmation действительным consent.",,,BLOCKED|DISABLED,M01_CASA_Pro_Client_and_Consent_Implementation_and_Acceptance_v1.1,1.1,§25 Engineering Done vs Production Ready,SRC-DOC-M01-I-00341,AT-CC-013,,,SECURITY|LEGAL|PRODUCT,,AT-CC-013,AT-CC-013,,Canonicalized from 1 candidate row(s); source text preserved in 10_SOURCE_EXTRACTS.csv.
M01-CAN-0127,m01.current_1_0.boundary.4773c32a237510d1,1.0,CURRENT_1_0,M01,Клиент и согласие,BOUNDARY,FORBIDDEN,§25 Engineering Done vs Production Ready,Статус: PRODUCTION READY; Условие: Approved RU/KZ consent artifact + purposes/lifecycle/method/revoke/retention impact + применимые legal/security gates + AT-CC PASS.; Что можно: Включить только утверждённые channel/action flags.; Что нельзя: Расширять purposes/API access без новой версии/approval.,,Статус: PRODUCTION READY; Условие: Approved RU/KZ consent artifact + purposes/lifecycle/method/revoke/retention impact + применимые legal/security gates + AT-CC PASS.; Что можно: Включить только утверждённые channel/action flags.; Что нельзя: Расширять purposes/API access без новой версии/approval.,,,,M01_CASA_Pro_Client_and_Consent_Implementation_and_Acceptance_v1.1,1.1,§25 Engineering Done vs Production Ready,SRC-DOC-M01-I-00342,AT-CC,,,BACKEND|SECURITY|LEGAL|PRODUCT,,,,,Canonicalized from 1 candidate row(s); source text preserved in 10_SOURCE_EXTRACTS.csv.
M01-CAN-0128,m01.current_1_0.data_contract.9ffaf13c88c35f52,1.0,CURRENT_1_0,M01,Клиент и согласие,DATA_CONTRACT,PROVENANCE,§25 Engineering Done vs Production Ready,"SAFE DEFAULT  Если approval reference отсутствует, истёк или не совпадает с text/purpose/method version, production preflight возвращает deny. Разработчик не может снять gate конфигурацией среды без versioned approval evidence.: SAFE DEFAULT  Если approval reference отсутствует, истёк или не совпадает с text/purpose/method version, production preflight возвращает deny. Разработчик не может снять gate конфигурацией среды без versioned approval evidence.","SAFE DEFAULT  Если approval reference отсутствует, истёк или не совпадает с text/purpose/method version, production preflight возвращает deny. Разработчик не может снять gate конфигурацией среды без versioned approval evidence.: SAFE DEFAULT  Если approval reference отсутствует, истёк или не совпадает с text/purpose/method version, production preflight возвращает deny. Разработчик не может снять gate конфигурацией среды без versioned approval evidence.",,,,,M01_CASA_Pro_Client_and_Consent_Implementation_and_Acceptance_v1.1,1.1,§25 Engineering Done vs Production Ready,SRC-DOC-M01-I-00343,,,,PRODUCT,,,,,Canonicalized from 1 candidate row(s); source text preserved in 10_SOURCE_EXTRACTS.csv.
M01-CAN-0129,m01.current_1_0.boundary.702ad67e1ce60768,1.0,CURRENT_1_0,M01,Клиент и согласие,BOUNDARY,FORBIDDEN,§5 Модель case / participant / identity,Объект: tenant; Scope / изменяемость: Контур владения; Обязательный контракт: Каждый case/participant/consent/evidence/audit имеет tenant ownership; cross-tenant access запрещён.,,Объект: tenant; Scope / изменяемость: Контур владения; Обязательный контракт: Каждый case/participant/consent/evidence/audit имеет tenant ownership; cross-tenant access запрещён.,,,,M01_CASA_Pro_Client_and_Consent_Implementation_and_Acceptance_v1.1,1.1,§5 Модель case / participant / identity,SRC-DOC-M01-I-00057,,,,SECURITY|LEGAL|PRODUCT,,,,,Canonicalized from 1 candidate row(s); source text preserved in 10_SOURCE_EXTRACTS.csv.
M01-CAN-0130,m01.current_1_0.security_control.25f90a10e2ad8928,1.0,CURRENT_1_0,M01,Клиент и согласие,SECURITY_CONTROL,SECURITY,§5 Модель case / participant / identity,"Объект: mortgage_case; Scope / изменяемость: tenant-owned; versioned status; Обязательный контракт: unique case_id, tenant_id, created_by/at, assignment/status references; не контейнер для чужих участников.","Объект: mortgage_case; Scope / изменяемость: tenant-owned; versioned status; Обязательный контракт: unique case_id, tenant_id, created_by/at, assignment/status references; не контейнер для чужих участников.",,,,,M01_CASA_Pro_Client_and_Consent_Implementation_and_Acceptance_v1.1,1.1,§5 Модель case / participant / identity,SRC-DOC-M01-I-00058,,,,SECURITY|PRODUCT,,,,,Canonicalized from 1 candidate row(s); source text preserved in 10_SOURCE_EXTRACTS.csv.
M01-CAN-0131,m01.current_1_0.security_control.914a14a029845c8b,1.0,CURRENT_1_0,M01,Клиент и согласие,SECURITY_CONTROL,SECURITY,§5 Модель case / participant / identity,"Объект: participant; Scope / изменяемость: tenant+case-owned; отдельный субъект; Обязательный контракт: unique participant_id, case_id, role relation, status, included_in_analysis; собственные документы/facts/snapshots.","Объект: participant; Scope / изменяемость: tenant+case-owned; отдельный субъект; Обязательный контракт: unique participant_id, case_id, role relation, status, included_in_analysis; собственные документы/facts/snapshots.",,,,,M01_CASA_Pro_Client_and_Consent_Implementation_and_Acceptance_v1.1,1.1,§5 Модель case / participant / identity,SRC-DOC-M01-I-00059,,,,DATA|SECURITY|PRODUCT,,,,,Canonicalized from 1 candidate row(s); source text preserved in 10_SOURCE_EXTRACTS.csv.
M01-CAN-0132,m01.current_1_0.data_contract.f7fdefadf67953aa,1.0,CURRENT_1_0,M01,Клиент и согласие,DATA_CONTRACT,DATA_MODEL,§5 Модель case / participant / identity,Объект: identity; Scope / изменяемость: participant-bound logical identity; Обязательный контракт: Ссылка на current identity_version; не перепривязывает historical objects.,Объект: identity; Scope / изменяемость: participant-bound logical identity; Обязательный контракт: Ссылка на current identity_version; не перепривязывает historical objects.,,,,,M01_CASA_Pro_Client_and_Consent_Implementation_and_Acceptance_v1.1,1.1,§5 Модель case / participant / identity,SRC-DOC-M01-I-00060,,,,DATA|PRODUCT,,,,,Canonicalized from 1 candidate row(s); source text preserved in 10_SOURCE_EXTRACTS.csv.
M01-CAN-0133,m01.current_1_0.data_contract.2d5e3ad77341c149,1.0,CURRENT_1_0,M01,Клиент и согласие,DATA_CONTRACT,SNAPSHOT,§5 Модель case / participant / identity,"Объект: identity_version; Scope / изменяемость: immutable; superseding; Обязательный контракт: identity_version_id/ordinal, participant_id, protected identifier reference, masked display, actor/time/reason, supersedes_id.","Объект: identity_version; Scope / изменяемость: immutable; superseding; Обязательный контракт: identity_version_id/ordinal, participant_id, protected identifier reference, masked display, actor/time/reason, supersedes_id.",,,,,M01_CASA_Pro_Client_and_Consent_Implementation_and_Acceptance_v1.1,1.1,§5 Модель case / participant / identity,SRC-DOC-M01-I-00061,,,,PRODUCT,,,,,Canonicalized from 1 candidate row(s); source text preserved in 10_SOURCE_EXTRACTS.csv.
M01-CAN-0134,m01.current_1_0.security_control.df78009d05d6fb85,1.0,CURRENT_1_0,M01,Клиент и согласие,SECURITY_CONTROL,CONSENT,§5 Модель case / participant / identity,"Объект: consent; Scope / изменяемость: participant+identity+purpose-bound; versioned; Обязательный контракт: consent_id, exact participant/identity/text/purpose/evidence/status; отдельный lifecycle.","Объект: consent; Scope / изменяемость: participant+identity+purpose-bound; versioned; Обязательный контракт: consent_id, exact participant/identity/text/purpose/evidence/status; отдельный lifecycle.",,,,,M01_CASA_Pro_Client_and_Consent_Implementation_and_Acceptance_v1.1,1.1,§5 Модель case / participant / identity,SRC-DOC-M01-I-00062,,,,LEGAL|PRODUCT,,,,,Canonicalized from 1 candidate row(s); source text preserved in 10_SOURCE_EXTRACTS.csv.
M01-CAN-0135,m01.current_1_0.security_control.e24a609fb17e4f75,1.0,CURRENT_1_0,M01,Клиент и согласие,SECURITY_CONTROL,SECURITY,§5 Модель case / participant / identity,Объект: assignment/access; Scope / изменяемость: tenant+case scoped; Обязательный контракт: Пользователь/роль/назначение/action permission; deny-by-default и audit отказа.,Объект: assignment/access; Scope / изменяемость: tenant+case scoped; Обязательный контракт: Пользователь/роль/назначение/action permission; deny-by-default и audit отказа.,,,,,M01_CASA_Pro_Client_and_Consent_Implementation_and_Acceptance_v1.1,1.1,§5 Модель case / participant / identity,SRC-DOC-M01-I-00063,,,,SECURITY|PRODUCT,,,,,Canonicalized from 1 candidate row(s); source text preserved in 10_SOURCE_EXTRACTS.csv.
M01-CAN-0136,m01.current_1_0.security_control.d937c226fc1e0f8e,1.0,CURRENT_1_0,M01,Клиент и согласие,SECURITY_CONTROL,SECURITY,§5 Модель case / participant / identity,"Объект: audit_event; Scope / изменяемость: append-only; Обязательный контракт: actor, action, object reference, time, reason и before/after/version refs без лишней PII.","Объект: audit_event; Scope / изменяемость: append-only; Обязательный контракт: actor, action, object reference, time, reason и before/after/version refs без лишней PII.",,,,,M01_CASA_Pro_Client_and_Consent_Implementation_and_Acceptance_v1.1,1.1,§5 Модель case / participant / identity,SRC-DOC-M01-I-00064,,,,DATA|SECURITY|PRODUCT,,,,,Canonicalized from 1 candidate row(s); source text preserved in 10_SOURCE_EXTRACTS.csv.
M01-CAN-0137,m01.current_1_0.security_control.cee81b6f4fa2c7af,1.0,CURRENT_1_0,M01,Клиент и согласие,SECURITY_CONTROL,CONSENT,§5 Модель case / participant / identity,"IDENTITY НЕ МУТИРУЕТ ИСТОРИЮ  Исправление ИИН/критичного идентификатора создаёт новую identity_version. Старые M02 batches, M03/M04 documents и snapshots остаются у прежней версии; следующий action использует новую версию и проходит consent preflight заново.: IDENTITY НЕ МУТИРУЕТ ИСТОРИЮ  Исправление ИИН/критичного идентификатора создаёт новую identity_version. Старые M02 batches, M03/M04 documents и snapshots остаются у прежней версии; следующий action использует новую версию и проходит consent preflight заново.","IDENTITY НЕ МУТИРУЕТ ИСТОРИЮ  Исправление ИИН/критичного идентификатора создаёт новую identity_version. Старые M02 batches, M03/M04 documents и snapshots остаются у прежней версии; следующий action использует новую версию и проходит consent preflight заново.: IDENTITY НЕ МУТИРУЕТ ИСТОРИЮ  Исправление ИИН/критичного идентификатора создаёт новую identity_version. Старые M02 batches, M03/M04 documents и snapshots остаются у прежней версии; следующий action использует новую версию и проходит consent preflight заново.",,,,,M01_CASA_Pro_Client_and_Consent_Implementation_and_Acceptance_v1.1,1.1,§5 Модель case / participant / identity,SRC-DOC-M01-I-00065,,,,DATA|LEGAL,,,,,Canonicalized from 1 candidate row(s); source text preserved in 10_SOURCE_EXTRACTS.csv.
M01-CAN-0138,m01.current_1_0.security_control.184b2555350e49d6,1.0,CURRENT_1_0,M01,Клиент и согласие,SECURITY_CONTROL,CONSENT,§6 Роли участников,Роль / связь: PRIMARY_BORROWER; Смысл: Основной заёмщик; отдельный participant.; included_in_analysis: Да для своего профиля после gates.; Consent / данные: Собственный identity и consent lifecycle.,Роль / связь: PRIMARY_BORROWER; Смысл: Основной заёмщик; отдельный participant.; included_in_analysis: Да для своего профиля после gates.; Consent / данные: Собственный identity и consent lifecycle.,,,,,M01_CASA_Pro_Client_and_Consent_Implementation_and_Acceptance_v1.1,1.1,§6 Роли участников,SRC-DOC-M01-I-00069,,,,LEGAL,,,,,Canonicalized from 1 candidate row(s); source text preserved in 10_SOURCE_EXTRACTS.csv.
M01-CAN-0139,m01.current_1_0.security_control.2cbbeb912f72026d,1.0,CURRENT_1_0,M01,Клиент и согласие,SECURITY_CONTROL,CONSENT,§6 Роли участников,Роль / связь: SPOUSE; Смысл: Супруг; семейная связь не равна созаёмщику.; included_in_analysis: false до явного выбора и допустимого downstream scope.; Consent / данные: Не наследует consent основного заёмщика; данные не загружаются без собственного основания.,Роль / связь: SPOUSE; Смысл: Супруг; семейная связь не равна созаёмщику.; included_in_analysis: false до явного выбора и допустимого downstream scope.; Consent / данные: Не наследует consent основного заёмщика; данные не загружаются без собственного основания.,,,,,M01_CASA_Pro_Client_and_Consent_Implementation_and_Acceptance_v1.1,1.1,§6 Роли участников,SRC-DOC-M01-I-00070,,,,LEGAL|PRODUCT,,,,,Canonicalized from 1 candidate row(s); source text preserved in 10_SOURCE_EXTRACTS.csv.
M01-CAN-0140,m01.current_1_0.security_control.460016e540b7ab0f,1.0,CURRENT_1_0,M01,Клиент и согласие,SECURITY_CONTROL,CONSENT,§6 Роли участников,"Роль / связь: CO-BORROWER relation/role; Смысл: Отдельная роль/связь Client Profile Spec; может быть несколько с ordinal.; included_in_analysis: Только после явного включения.; Consent / данные: Отдельный participant, identity, consent, документы и snapshots.","Роль / связь: CO-BORROWER relation/role; Смысл: Отдельная роль/связь Client Profile Spec; может быть несколько с ordinal.; included_in_analysis: Только после явного включения.; Consent / данные: Отдельный participant, identity, consent, документы и snapshots.",,,,,M01_CASA_Pro_Client_and_Consent_Implementation_and_Acceptance_v1.1,1.1,§6 Роли участников,SRC-DOC-M01-I-00071,,,,DATA|LEGAL,,,,,Canonicalized from 1 candidate row(s); source text preserved in 10_SOURCE_EXTRACTS.csv.
M01-CAN-0141,m01.current_1_0.security_control.f341010a3d7715c6,1.0,CURRENT_1_0,M01,Клиент и согласие,SECURITY_CONTROL,CONSENT,§6 Роли участников,"Роль / связь: OTHER_PARTICIPANT; Смысл: Только при реальной необходимости, уже предусмотренной Client Profile Spec.; included_in_analysis: По явной purpose/role policy.; Consent / данные: Никакого автоматического доступа к данным других участников.","Роль / связь: OTHER_PARTICIPANT; Смысл: Только при реальной необходимости, уже предусмотренной Client Profile Spec.; included_in_analysis: По явной purpose/role policy.; Consent / данные: Никакого автоматического доступа к данным других участников.",,,,,M01_CASA_Pro_Client_and_Consent_Implementation_and_Acceptance_v1.1,1.1,§6 Роли участников,SRC-DOC-M01-I-00072,,,,LEGAL,,,,,Canonicalized from 1 candidate row(s); source text preserved in 10_SOURCE_EXTRACTS.csv.
M01-CAN-0142,m01.current_1_0.security_control.3417fbfa0132a2c5,1.0,CURRENT_1_0,M01,Клиент и согласие,SECURITY_CONTROL,CONSENT,§6 Роли участников,"СУПРУГ ≠ СОЗАЁМЩИК  Наличие семейной связи не означает объединение доходов, участие в расчёте, разрешение на ИИН-check или обработку документов. Преобразования роли нет: создаётся отдельная co-borrower relation/role и отдельное consent.: СУПРУГ ≠ СОЗАЁМЩИК  Наличие семейной связи не означает объединение доходов, участие в расчёте, разрешение на ИИН-check или обработку документов. Преобразования роли нет: создаётся отдельная co-borrower relation/role и отдельное consent.","СУПРУГ ≠ СОЗАЁМЩИК  Наличие семейной связи не означает объединение доходов, участие в расчёте, разрешение на ИИН-check или обработку документов. Преобразования роли нет: создаётся отдельная co-borrower relation/role и отдельное consent.: СУПРУГ ≠ СОЗАЁМЩИК  Наличие семейной связи не означает объединение доходов, участие в расчёте, разрешение на ИИН-check или обработку документов. Преобразования роли нет: создаётся отдельная co-borrower relation/role и отдельное consent.",,,,,M01_CASA_Pro_Client_and_Consent_Implementation_and_Acceptance_v1.1,1.1,§6 Роли участников,SRC-DOC-M01-I-00073,,,,LEGAL,,,,,Canonicalized from 1 candidate row(s); source text preserved in 10_SOURCE_EXTRACTS.csv.
M01-CAN-0143,m01.current_1_0.security_control.e15d834a3b2ca273,1.0,CURRENT_1_0,M01,Клиент и согласие,SECURITY_CONTROL,CONSENT,§7 Consent model,Поле / объект: consent_id; Обязательно: Да; Implementation rule: Уникальный immutable reference; не boolean field на client.,Поле / объект: consent_id; Обязательно: Да; Implementation rule: Уникальный immutable reference; не boolean field на client.,,,,,M01_CASA_Pro_Client_and_Consent_Implementation_and_Acceptance_v1.1,1.1,§7 Consent model,SRC-DOC-M01-I-00082,,,,DATA|LEGAL,,,,,Canonicalized from 1 candidate row(s); source text preserved in 10_SOURCE_EXTRACTS.csv.
M01-CAN-0144,m01.current_1_0.security_control.c80863fe098155df,1.0,CURRENT_1_0,M01,Клиент и согласие,SECURITY_CONTROL,SECURITY,§7 Consent model,Поле / объект: participant_id + case_id + tenant_id; Обязательно: Да; Implementation rule: Согласие принадлежит одному субъекту в одном контуре; AT-CC-003/006.,Поле / объект: participant_id + case_id + tenant_id; Обязательно: Да; Implementation rule: Согласие принадлежит одному субъекту в одном контуре; AT-CC-003/006.,,,,,M01_CASA_Pro_Client_and_Consent_Implementation_and_Acceptance_v1.1,1.1,§7 Consent model,SRC-DOC-M01-I-00083,AT-CC-003,,,SECURITY|LEGAL,,,,M01-TASK-004|M01-TASK-021,Canonicalized from 1 candidate row(s); source text preserved in 10_SOURCE_EXTRACTS.csv.
M01-CAN-0145,m01.current_1_0.security_control.ffadd5e8d3b4f16b,1.0,CURRENT_1_0,M01,Клиент и согласие,SECURITY_CONTROL,CONSENT,§7 Consent model,Поле / объект: identity_version_id; Обязательно: Да; Implementation rule: Mismatch/new identity блокирует action до нового допустимого consent.,Поле / объект: identity_version_id; Обязательно: Да; Implementation rule: Mismatch/new identity блокирует action до нового допустимого consent.,,,,,M01_CASA_Pro_Client_and_Consent_Implementation_and_Acceptance_v1.1,1.1,§7 Consent model,SRC-DOC-M01-I-00084,,,,LEGAL,,,,,Canonicalized from 1 candidate row(s); source text preserved in 10_SOURCE_EXTRACTS.csv.
M01-CAN-0146,m01.current_1_0.security_control.315bc584c818d31a,1.0,CURRENT_1_0,M01,Клиент и согласие,SECURITY_CONTROL,CONSENT,§7 Consent model,Поле / объект: purpose grant(s); Обязательно: Да; Implementation rule: Нормализованные approved purpose codes; каждая цель разрешает только свой action set.,Поле / объект: purpose grant(s); Обязательно: Да; Implementation rule: Нормализованные approved purpose codes; каждая цель разрешает только свой action set.,,,,,M01_CASA_Pro_Client_and_Consent_Implementation_and_Acceptance_v1.1,1.1,§7 Consent model,SRC-DOC-M01-I-00085,,,,MULTI_LAYER,,,,,Canonicalized from 1 candidate row(s); source text preserved in 10_SOURCE_EXTRACTS.csv.
M01-CAN-0147,m01.current_1_0.security_control.4129201921e5467c,1.0,CURRENT_1_0,M01,Клиент и согласие,SECURITY_CONTROL,CONSENT,§7 Consent model,Поле / объект: consent_text_version + hash/ref; Обязательно: Да; Implementation rule: Ссылка на approved immutable artifact; текст не хранится как mutable UI string.,Поле / объект: consent_text_version + hash/ref; Обязательно: Да; Implementation rule: Ссылка на approved immutable artifact; текст не хранится как mutable UI string.,,,,,M01_CASA_Pro_Client_and_Consent_Implementation_and_Acceptance_v1.1,1.1,§7 Consent model,SRC-DOC-M01-I-00086,,,,FRONTEND|LEGAL,,,,,Canonicalized from 1 candidate row(s); source text preserved in 10_SOURCE_EXTRACTS.csv.
M01-CAN-0148,m01.current_1_0.security_control.fd4e6a75c1175e10,1.0,CURRENT_1_0,M01,Клиент и согласие,SECURITY_CONTROL,CONSENT,§7 Consent model,Поле / объект: status + status history; Обязательно: Да; Implementation rule: Active/expired/revoked/superseded conditions различаются; transitions append-only.,Поле / объект: status + status history; Обязательно: Да; Implementation rule: Active/expired/revoked/superseded conditions различаются; transitions append-only.,,,,,M01_CASA_Pro_Client_and_Consent_Implementation_and_Acceptance_v1.1,1.1,§7 Consent model,SRC-DOC-M01-I-00087,,,,MULTI_LAYER,,,,,Canonicalized from 1 candidate row(s); source text preserved in 10_SOURCE_EXTRACTS.csv.
M01-CAN-0149,m01.current_1_0.security_control.4c9011df2f22c5a1,1.0,CURRENT_1_0,M01,Клиент и согласие,SECURITY_CONTROL,CONSENT,§7 Consent model,Поле / объект: granted_at / revoked_at; Обязательно: По событию; Implementation rule: Timestamp + actor/channel/evidence. expires_at только если утверждён policy.,Поле / объект: granted_at / revoked_at; Обязательно: По событию; Implementation rule: Timestamp + actor/channel/evidence. expires_at только если утверждён policy.,,,,,M01_CASA_Pro_Client_and_Consent_Implementation_and_Acceptance_v1.1,1.1,§7 Consent model,SRC-DOC-M01-I-00088,,,,MULTI_LAYER,,,,,Canonicalized from 1 candidate row(s); source text preserved in 10_SOURCE_EXTRACTS.csv.
M01-CAN-0150,m01.current_1_0.security_control.50d059d0178680d7,1.0,CURRENT_1_0,M01,Клиент и согласие,SECURITY_CONTROL,CONSENT,§7 Consent model,Поле / объект: confirmation_method; Обязательно: Только approved; Implementation rule: Registry/reference. SMS/OTP не становится production method из demo screenshot.,Поле / объект: confirmation_method; Обязательно: Только approved; Implementation rule: Registry/reference. SMS/OTP не становится production method из demo screenshot.,,,,,M01_CASA_Pro_Client_and_Consent_Implementation_and_Acceptance_v1.1,1.1,§7 Consent model,SRC-DOC-M01-I-00089,,,,PRODUCT,,,,,Canonicalized from 1 candidate row(s); source text preserved in 10_SOURCE_EXTRACTS.csv.
M01-CAN-0151,m01.current_1_0.security_control.4fcb19cf2138bc0c,1.0,CURRENT_1_0,M01,Клиент и согласие,SECURITY_CONTROL,CONSENT,§7 Consent model,Поле / объект: evidence/reference; Обязательно: Да для ACTIVE; Implementation rule: Без evidence согласие не считается доказанным; hash/reference и audit linkage.,Поле / объект: evidence/reference; Обязательно: Да для ACTIVE; Implementation rule: Без evidence согласие не считается доказанным; hash/reference и audit linkage.,,,,,M01_CASA_Pro_Client_and_Consent_Implementation_and_Acceptance_v1.1,1.1,§7 Consent model,SRC-DOC-M01-I-00090,,,,LEGAL,,,,,Canonicalized from 1 candidate row(s); source text preserved in 10_SOURCE_EXTRACTS.csv.
M01-CAN-0152,m01.current_1_0.security_control.03602315a2a0866c,1.0,CURRENT_1_0,M01,Клиент и согласие,SECURITY_CONTROL,CONSENT,§7 Consent model,Поле / объект: retention impact ref; Обязательно: Да как policy ref; Implementation rule: Без числа в business logic; отзыв запускает approved policy evaluation.,Поле / объект: retention impact ref; Обязательно: Да как policy ref; Implementation rule: Без числа в business logic; отзыв запускает approved policy evaluation.,,,,,M01_CASA_Pro_Client_and_Consent_Implementation_and_Acceptance_v1.1,1.1,§7 Consent model,SRC-DOC-M01-I-00091,,,,MULTI_LAYER,,,,,Canonicalized from 1 candidate row(s); source text preserved in 10_SOURCE_EXTRACTS.csv.
M01-CAN-0153,m01.current_1_0.security_control.3de8f1a95f2034eb,1.0,CURRENT_1_0,M01,Клиент и согласие,SECURITY_CONTROL,CONSENT,§7 Consent model,Поле / объект: created/updated/supersedes; Обязательно: Да; Implementation rule: Новая версия не перезаписывает прежний consent/evidence.,Поле / объект: created/updated/supersedes; Обязательно: Да; Implementation rule: Новая версия не перезаписывает прежний consent/evidence.,,,,,M01_CASA_Pro_Client_and_Consent_Implementation_and_Acceptance_v1.1,1.1,§7 Consent model,SRC-DOC-M01-I-00092,,,,LEGAL,,,,,Canonicalized from 1 candidate row(s); source text preserved in 10_SOURCE_EXTRACTS.csv.
M01-CAN-0154,m01.current_1_0.security_control.f46aa736045d319b,1.0,CURRENT_1_0,M01,Клиент и согласие,SECURITY_CONTROL,CONSENT,§7 Consent model,"LEGAL / PRODUCT APPROVAL REQUIRED  Если точный текст, purposes, confirmation method, срок, отзыв или retention impact отсутствуют, production grant не создаётся. Engineering fixture использует только синтетический approved test artifact и не изображается как реальное согласие.: LEGAL / PRODUCT APPROVAL REQUIRED  Если точный текст, purposes, confirmation method, срок, отзыв или retention impact отсутствуют, production grant не создаётся. Engineering fixture использует только синтетический approved test artifact и не изображается как реальное согласие.","LEGAL / PRODUCT APPROVAL REQUIRED  Если точный текст, purposes, confirmation method, срок, отзыв или retention impact отсутствуют, production grant не создаётся. Engineering fixture использует только синтетический approved test artifact и не изображается как реальное согласие.: LEGAL / PRODUCT APPROVAL REQUIRED  Если точный текст, purposes, confirmation method, срок, отзыв или retention impact отсутствуют, production grant не создаётся. Engineering fixture использует только синтетический approved test artifact и не изображается как реальное согласие.",,,,,M01_CASA_Pro_Client_and_Consent_Implementation_and_Acceptance_v1.1,1.1,§7 Consent model,SRC-DOC-M01-I-00093,,,,QA|LEGAL|PRODUCT,,,,,Canonicalized from 1 candidate row(s); source text preserved in 10_SOURCE_EXTRACTS.csv.
M01-CAN-0155,m01.current_1_0.implementation_detail.c55d3988fc3ced3e,1.0,CURRENT_1_0,M01,Клиент и согласие,IMPLEMENTATION_DETAIL,API,§8 Purpose model,"Purpose: mortgage_preanalysis_official_registry_checks; Модуль: M02 IIN Check; Что разрешает: Разрешает approved manifest registry checks конкретного participant.; Что НЕ разрешает: Не разрешает КИ/ЕНПФ, Client Profile, direct APIs или новый source вне manifest.; Consent scope: Participant + identity version + manifest/source scope.; Тест: IIN T-003/T-004/T-007; AT-CC-002…004","Purpose: mortgage_preanalysis_official_registry_checks; Модуль: M02 IIN Check; Что разрешает: Разрешает approved manifest registry checks конкретного participant.; Что НЕ разрешает: Не разрешает КИ/ЕНПФ, Client Profile, direct APIs или новый source вне manifest.; Consent scope: Participant + identity version + manifest/source scope.; Тест: IIN T-003/T-004/T-007; AT-CC-002…004",,,,,M01_CASA_Pro_Client_and_Consent_Implementation_and_Acceptance_v1.1,1.1,§8 Purpose model,SRC-DOC-M01-I-00097,AT-CC-002,,,BACKEND|LEGAL|PRODUCT,,,,M01-TASK-006|M01-TASK-007|M01-TASK-008|M01-TASK-010|M01-TASK-012|M01-TASK-020,Canonicalized from 1 candidate row(s); source text preserved in 10_SOURCE_EXTRACTS.csv.
M01-CAN-0156,m01.current_1_0.security_control.317ed31feeda6dc6,1.0,CURRENT_1_0,M01,Клиент и согласие,SECURITY_CONTROL,CONSENT,§8 Purpose model,Purpose: credit_report_upload; Модуль: M03 Credit History; Что разрешает: Выдать upload grant и принять вручную полученный клиентом PDF.; Что НЕ разрешает: Не разрешает direct bureau access и не заменяет extraction/analysis purpose.; Consent scope: Participant + exact document type.; Тест: CH-001/CH-002; AT-CC-002/004/007,Purpose: credit_report_upload; Модуль: M03 Credit History; Что разрешает: Выдать upload grant и принять вручную полученный клиентом PDF.; Что НЕ разрешает: Не разрешает direct bureau access и не заменяет extraction/analysis purpose.; Consent scope: Participant + exact document type.; Тест: CH-001/CH-002; AT-CC-002/004/007,,,,,M01_CASA_Pro_Client_and_Consent_Implementation_and_Acceptance_v1.1,1.1,§8 Purpose model,SRC-DOC-M01-I-00098,CH-001|CH-002|AT-CC-002,,,PARSER|LEGAL|PRODUCT,,,,M03-TASK-001|M01-TASK-006|M01-TASK-007|M01-TASK-008|M01-TASK-010|M01-TASK-012|M01-TASK-020,Canonicalized from 1 candidate row(s); source text preserved in 10_SOURCE_EXTRACTS.csv.
M01-CAN-0157,m01.current_1_0.security_control.b072009a40a7d656,1.0,CURRENT_1_0,M01,Клиент и согласие,SECURITY_CONTROL,CONSENT,§8 Purpose model,Purpose: credit_report_extraction; Модуль: M03 Credit History; Что разрешает: Запустить extraction/OCR разрешённого PDF.; Что НЕ разрешает: Не разрешает bank decision или обработку другого participant.; Consent scope: Participant + document version.; Тест: CH-002/CH-003; AT-CC-002…005,Purpose: credit_report_extraction; Модуль: M03 Credit History; Что разрешает: Запустить extraction/OCR разрешённого PDF.; Что НЕ разрешает: Не разрешает bank decision или обработку другого participant.; Consent scope: Participant + document version.; Тест: CH-002/CH-003; AT-CC-002…005,,,,,M01_CASA_Pro_Client_and_Consent_Implementation_and_Acceptance_v1.1,1.1,§8 Purpose model,SRC-DOC-M01-I-00099,CH-002|CH-003|AT-CC-002,,,PARSER|LEGAL|PRODUCT,,,,M01-TASK-006|M01-TASK-007|M01-TASK-008|M01-TASK-010|M01-TASK-012|M01-TASK-020,Canonicalized from 1 candidate row(s); source text preserved in 10_SOURCE_EXTRACTS.csv.
M01-CAN-0158,m01.current_1_0.security_control.9bb2b5fe21be79b4,1.0,CURRENT_1_0,M01,Клиент и согласие,SECURITY_CONTROL,CONSENT,§8 Purpose model,Purpose: credit_history_analysis; Модуль: M03 Credit History; Что разрешает: Нормализовать нейтральные факты и профили КИ.; Что НЕ разрешает: Не разрешает bank verdict/Bank Rules и direct bureau access.; Consent scope: Participant + current identity + approved PDF scope.; Тест: CH §6.1; AT-CC-002/007,Purpose: credit_history_analysis; Модуль: M03 Credit History; Что разрешает: Нормализовать нейтральные факты и профили КИ.; Что НЕ разрешает: Не разрешает bank verdict/Bank Rules и direct bureau access.; Consent scope: Participant + current identity + approved PDF scope.; Тест: CH §6.1; AT-CC-002/007,,,,,M01_CASA_Pro_Client_and_Consent_Implementation_and_Acceptance_v1.1,1.1,§8 Purpose model,SRC-DOC-M01-I-00100,AT-CC-002,,,PARSER|LEGAL|PRODUCT,,,,M01-TASK-006|M01-TASK-007|M01-TASK-008|M01-TASK-010|M01-TASK-012|M01-TASK-020,Canonicalized from 1 candidate row(s); source text preserved in 10_SOURCE_EXTRACTS.csv.
M01-CAN-0159,m01.current_1_0.security_control.74e33c5a4785c991,1.0,CURRENT_1_0,M01,Клиент и согласие,SECURITY_CONTROL,CONSENT,§8 Purpose model,Purpose: internal_snapshot_use; Модуль: M03 Credit History; Что разрешает: Создать/использовать immutable neutral snapshot внутри CASA.; Что НЕ разрешает: Не разрешает внешнюю передачу или будущие rules автоматически.; Consent scope: Participant + exact snapshot purpose.; Тест: CH §6.1/OQ-01; AT-CC-002/012/013,Purpose: internal_snapshot_use; Модуль: M03 Credit History; Что разрешает: Создать/использовать immutable neutral snapshot внутри CASA.; Что НЕ разрешает: Не разрешает внешнюю передачу или будущие rules автоматически.; Consent scope: Participant + exact snapshot purpose.; Тест: CH §6.1/OQ-01; AT-CC-002/012/013,,,,,M01_CASA_Pro_Client_and_Consent_Implementation_and_Acceptance_v1.1,1.1,§8 Purpose model,SRC-DOC-M01-I-00101,AT-CC-002,,,DATA|LEGAL|PRODUCT,,OQ-01,OQ-01,M01-TASK-006|M01-TASK-007|M01-TASK-008|M01-TASK-010|M01-TASK-012|M01-TASK-020,Canonicalized from 1 candidate row(s); source text preserved in 10_SOURCE_EXTRACTS.csv.
M01-CAN-0160,m01.current_1_0.boundary.5a97828f7f386876,1.0,CURRENT_1_0,M01,Клиент и согласие,BOUNDARY,FORBIDDEN,§8 Purpose model,Purpose: OPEN: pension purpose codes; Модуль: M04 Pension; Что разрешает: Требуемая manual PDF processing должна быть purpose-bound.; Что НЕ разрешает: Demo-label «Обработка выписки ЕНПФ» не является утверждённым code/contract; direct ENPF/eGov запрещён.; Consent scope: LEGAL/PRODUCT approval по Pension RG-03.; Тест: Pension §1/§13.1/RG-03; AT-CC-004/007/013,,Purpose: OPEN: pension purpose codes; Модуль: M04 Pension; Что разрешает: Требуемая manual PDF processing должна быть purpose-bound.; Что НЕ разрешает: Demo-label «Обработка выписки ЕНПФ» не является утверждённым code/contract; direct ENPF/eGov запрещён.; Consent scope: LEGAL/PRODUCT approval по Pension RG-03.; Тест: Pension §1/§13.1/RG-03; AT-CC-004/007/013,,,,M01_CASA_Pro_Client_and_Consent_Implementation_and_Acceptance_v1.1,1.1,§8 Purpose model,SRC-DOC-M01-I-00102,AT-CC-004,,,PARSER|LEGAL|PRODUCT,,RG-03,RG-03,M01-TASK-009|M01-TASK-014,Canonicalized from 1 candidate row(s); source text preserved in 10_SOURCE_EXTRACTS.csv.
M01-CAN-0161,m01.current_1_0.security_control.2748b43bb37741b8,1.0,CURRENT_1_0,M01,Клиент и согласие,SECURITY_CONTROL,CONSENT,§8 Purpose model,"Purpose: OPEN: manual financial data / related participants; Модуль: M05 Client Profile; Что разрешает: После RG-CP-02 — только approved manual data и конкретный participant.; Что НЕ разрешает: Не разрешает автоматически данные spouse/co-borrower, расчёты или bank rules.; Consent scope: Отдельный participant + approved scope.; Тест: CP RG-CP-02; CP-003/004; AT-CC-003/014","Purpose: OPEN: manual financial data / related participants; Модуль: M05 Client Profile; Что разрешает: После RG-CP-02 — только approved manual data и конкретный participant.; Что НЕ разрешает: Не разрешает автоматически данные spouse/co-borrower, расчёты или bank rules.; Consent scope: Отдельный participant + approved scope.; Тест: CP RG-CP-02; CP-003/004; AT-CC-003/014",,,,,M01_CASA_Pro_Client_and_Consent_Implementation_and_Acceptance_v1.1,1.1,§8 Purpose model,SRC-DOC-M01-I-00103,CP-02|CP-003|AT-CC-003,,,DATA|LEGAL|PRODUCT,,RG-CP-02,RG-CP-02,M01-TASK-004|M01-TASK-021,Canonicalized from 1 candidate row(s); source text preserved in 10_SOURCE_EXTRACTS.csv.
M01-CAN-0162,m01.current_1_0.security_control.278abcff9c2f55f8,1.0,CURRENT_1_0,M01,Клиент и согласие,SECURITY_CONTROL,CONSENT,§8 Purpose model,"Purpose: НЕ УТВЕРЖДЕНО В M01; Модуль: Расчёты / программы / квартиры / заключение; Что разрешает: M01 не выдаёт grant на основании demo-списка.; Что НЕ разрешает: Не включать автоматически в consent 1.0 и не считать закрытым AT-CC-013.; Consent scope: Отдельный будущий approved artifact, вне scope M01.; Тест: MASTER boundaries; AT-CC-013","Purpose: НЕ УТВЕРЖДЕНО В M01; Модуль: Расчёты / программы / квартиры / заключение; Что разрешает: M01 не выдаёт grant на основании demo-списка.; Что НЕ разрешает: Не включать автоматически в consent 1.0 и не считать закрытым AT-CC-013.; Consent scope: Отдельный будущий approved artifact, вне scope M01.; Тест: MASTER boundaries; AT-CC-013",,,,,M01_CASA_Pro_Client_and_Consent_Implementation_and_Acceptance_v1.1,1.1,§8 Purpose model,SRC-DOC-M01-I-00104,AT-CC-013,,,LEGAL|PRODUCT,,AT-CC-013,AT-CC-013,,Canonicalized from 1 candidate row(s); source text preserved in 10_SOURCE_EXTRACTS.csv.
M01-CAN-0163,m01.current_1_0.security_control.c8225ff09410cffd,1.0,CURRENT_1_0,M01,Клиент и согласие,SECURITY_CONTROL,CONSENT,§8 Purpose model,Правило registry: неизвестный/disabled purpose → deny. Расширение списка целей или полей создаёт новую consent_text_version и требует решения Product/Legal; существующее согласие не расширяется молча.,Правило registry: неизвестный/disabled purpose → deny. Расширение списка целей или полей создаёт новую consent_text_version и требует решения Product/Legal; существующее согласие не расширяется молча.,,,,DISABLED,M01_CASA_Pro_Client_and_Consent_Implementation_and_Acceptance_v1.1,1.1,§8 Purpose model,SRC-DOC-M01-I-00105,,,,LEGAL|PRODUCT,,,,,Canonicalized from 1 candidate row(s); source text preserved in 10_SOURCE_EXTRACTS.csv.
M01-CAN-0164,m01.current_1_0.security_control.28bf685075eb959d,1.0,CURRENT_1_0,M01,Клиент и согласие,SECURITY_CONTROL,CONSENT,§9 Consent lifecycle,Business condition: NOT_REQUESTED (видно в demo); Что видит брокер: Для этого действия нужно согласие клиента.; Разрешено: Создать request только после case/participant/identity/access checks.; Заблокировано / audit: Все protected actions; consent.requested при создании.,Business condition: NOT_REQUESTED (видно в demo); Что видит брокер: Для этого действия нужно согласие клиента.; Разрешено: Создать request только после case/participant/identity/access checks.; Заблокировано / audit: Все protected actions; consent.requested при создании.,,,,,M01_CASA_Pro_Client_and_Consent_Implementation_and_Acceptance_v1.1,1.1,§9 Consent lifecycle,SRC-DOC-M01-I-00109,,,,LEGAL,,,,,Canonicalized from 1 candidate row(s); source text preserved in 10_SOURCE_EXTRACTS.csv.
M01-CAN-0165,m01.current_1_0.boundary.973460e8af579ed7,1.0,CURRENT_1_0,M01,Клиент и согласие,BOUNDARY,FORBIDDEN,§9 Consent lifecycle,Business condition: PENDING (видно в demo); Что видит брокер: Запрос отправлен. Ожидаем ответ клиента.; Разрешено: Просмотр статуса/отмена по policy; повтор без идемпотентности запрещён.; Заблокировано / audit: Processing/upload/check/snapshot; request status events.,,Business condition: PENDING (видно в demo); Что видит брокер: Запрос отправлен. Ожидаем ответ клиента.; Разрешено: Просмотр статуса/отмена по policy; повтор без идемпотентности запрещён.; Заблокировано / audit: Processing/upload/check/snapshot; request status events.,,,,M01_CASA_Pro_Client_and_Consent_Implementation_and_Acceptance_v1.1,1.1,§9 Consent lifecycle,SRC-DOC-M01-I-00110,,,,DATA,,,,,Canonicalized from 1 candidate row(s); source text preserved in 10_SOURCE_EXTRACTS.csv.
M01-CAN-0166,m01.current_1_0.security_control.925a9a83ac0adb15,1.0,CURRENT_1_0,M01,Клиент и согласие,SECURITY_CONTROL,CONSENT,§9 Consent lifecycle,"Business condition: ACTIVE; Что видит брокер: Согласие действует для перечисленных действий.; Разрешено: Только actions, совпадающие participant/identity/purpose/text/evidence/access.; Заблокировано / audit: Любой другой purpose; consent.granted.","Business condition: ACTIVE; Что видит брокер: Согласие действует для перечисленных действий.; Разрешено: Только actions, совпадающие participant/identity/purpose/text/evidence/access.; Заблокировано / audit: Любой другой purpose; consent.granted.",,,,,M01_CASA_Pro_Client_and_Consent_Implementation_and_Acceptance_v1.1,1.1,§9 Consent lifecycle,SRC-DOC-M01-I-00111,,,,LEGAL,,,,,Canonicalized from 1 candidate row(s); source text preserved in 10_SOURCE_EXTRACTS.csv.
M01-CAN-0167,m01.current_1_0.security_control.09a630d14e74d9c7,1.0,CURRENT_1_0,M01,Клиент и согласие,SECURITY_CONTROL,CONSENT,§9 Consent lifecycle,Business condition: EXPIRED; Что видит брокер: Срок действия завершён. Нужно новое согласие.; Разрешено: История только по retention/access policy.; Заблокировано / audit: Новые actions/refresh/snapshot; consent.expired.,Business condition: EXPIRED; Что видит брокер: Срок действия завершён. Нужно новое согласие.; Разрешено: История только по retention/access policy.; Заблокировано / audit: Новые actions/refresh/snapshot; consent.expired.,,,,,M01_CASA_Pro_Client_and_Consent_Implementation_and_Acceptance_v1.1,1.1,§9 Consent lifecycle,SRC-DOC-M01-I-00112,,,,DATA|LEGAL,,,,,Canonicalized from 1 candidate row(s); source text preserved in 10_SOURCE_EXTRACTS.csv.
M01-CAN-0168,m01.current_1_0.security_control.6f7f225c525e54f5,1.0,CURRENT_1_0,M01,Клиент и согласие,SECURITY_CONTROL,CONSENT,§9 Consent lifecycle,Business condition: REVOKED; Что видит брокер: Согласие отозвано. Новые действия остановлены.; Разрешено: Исторический audit/read только по policy.; Заблокировано / audit: Новые actions/refresh/snapshot; consent.revoked.,Business condition: REVOKED; Что видит брокер: Согласие отозвано. Новые действия остановлены.; Разрешено: Исторический audit/read только по policy.; Заблокировано / audit: Новые actions/refresh/snapshot; consent.revoked.,,,,,M01_CASA_Pro_Client_and_Consent_Implementation_and_Acceptance_v1.1,1.1,§9 Consent lifecycle,SRC-DOC-M01-I-00113,,,,DATA|LEGAL,,,,,Canonicalized from 1 candidate row(s); source text preserved in 10_SOURCE_EXTRACTS.csv.
M01-CAN-0169,m01.current_1_0.security_control.61c1c1c10d0aa8ec,1.0,CURRENT_1_0,M01,Клиент и согласие,SECURITY_CONTROL,CONSENT,§9 Consent lifecycle,Business condition: SUPERSEDED; Что видит брокер: Нужна новая версия согласия.; Разрешено: Старая версия остаётся historical/read-only по policy.; Заблокировано / audit: Новые actions по старой версии; consent.superseded.,Business condition: SUPERSEDED; Что видит брокер: Нужна новая версия согласия.; Разрешено: Старая версия остаётся historical/read-only по policy.; Заблокировано / audit: Новые actions по старой версии; consent.superseded.,,,,,M01_CASA_Pro_Client_and_Consent_Implementation_and_Acceptance_v1.1,1.1,§9 Consent lifecycle,SRC-DOC-M01-I-00114,,,,LEGAL,,,,,Canonicalized from 1 candidate row(s); source text preserved in 10_SOURCE_EXTRACTS.csv.
M01-CAN-0170,m01.current_1_0.security_control.0acdb4939710027a,1.0,CURRENT_1_0,M01,Клиент и согласие,SECURITY_CONTROL,CONSENT,§9 Consent lifecycle,Business condition: PURPOSE/IDENTITY MISMATCH; Что видит брокер: Это согласие не подходит для выбранного действия/участника.; Разрешено: Запросить корректный scope после approval.; Заблокировано / audit: Action denied + protected_action.blocked.,Business condition: PURPOSE/IDENTITY MISMATCH; Что видит брокер: Это согласие не подходит для выбранного действия/участника.; Разрешено: Запросить корректный scope после approval.; Заблокировано / audit: Action denied + protected_action.blocked.,,,,BLOCKED,M01_CASA_Pro_Client_and_Consent_Implementation_and_Acceptance_v1.1,1.1,§9 Consent lifecycle,SRC-DOC-M01-I-00115,,,,LEGAL|PRODUCT,,,,,Canonicalized from 1 candidate row(s); source text preserved in 10_SOURCE_EXTRACTS.csv.
M01-CAN-0171,m01.current_1_0.boundary.cb528a690664eba1,1.0,CURRENT_1_0,M01,Клиент и согласие,BOUNDARY,FORBIDDEN,§9 Consent lifecycle,Business condition: EVIDENCE INVALID/ABSENT; Что видит брокер: Подтверждение согласия не доказано.; Разрешено: Review/re-request approved method.; Заблокировано / audit: ACTIVE запрещён; evidence failure audit.,,Business condition: EVIDENCE INVALID/ABSENT; Что видит брокер: Подтверждение согласия не доказано.; Разрешено: Review/re-request approved method.; Заблокировано / audit: ACTIVE запрещён; evidence failure audit.,,,,M01_CASA_Pro_Client_and_Consent_Implementation_and_Acceptance_v1.1,1.1,§9 Consent lifecycle,SRC-DOC-M01-I-00116,,,,LEGAL,,,,,Canonicalized from 1 candidate row(s); source text preserved in 10_SOURCE_EXTRACTS.csv.
M01-CAN-0172,m01.current_1_0.security_control.bca4be14f965f621,1.0,CURRENT_1_0,M01,Клиент и согласие,SECURITY_CONTROL,CONSENT,§9 Consent lifecycle,НЕ КАНОНИЗИРОВАТЬ DEMO  Кнопки «Клиент подтвердил (демо)» и «Клиент отклонил (демо)» доказывают только демонстрационный flow. Точные production states/confirmation method закрепляет AT-CC-013 artifact; broker не может подтверждать согласие за клиента.: НЕ КАНОНИЗИРОВАТЬ DEMO  Кнопки «Клиент подтвердил (демо)» и «Клиент отклонил (демо)» доказывают только демонстрационный flow. Точные production states/confirmation method закрепляет AT-CC-013 artifact; broker не может подтверждать согласие за клиента.,НЕ КАНОНИЗИРОВАТЬ DEMO  Кнопки «Клиент подтвердил (демо)» и «Клиент отклонил (демо)» доказывают только демонстрационный flow. Точные production states/confirmation method закрепляет AT-CC-013 artifact; broker не может подтверждать согласие за клиента.: НЕ КАНОНИЗИРОВАТЬ DEMO  Кнопки «Клиент подтвердил (демо)» и «Клиент отклонил (демо)» доказывают только демонстрационный flow. Точные production states/confirmation method закрепляет AT-CC-013 artifact; broker не может подтверждать согласие за клиента.,,,,,M01_CASA_Pro_Client_and_Consent_Implementation_and_Acceptance_v1.1,1.1,§9 Consent lifecycle,SRC-DOC-M01-I-00117,AT-CC-013,,,FRONTEND|LEGAL|PRODUCT,,AT-CC-013,AT-CC-013,,Canonicalized from 1 candidate row(s); source text preserved in 10_SOURCE_EXTRACTS.csv.
M01-CAN-0173,m01.current_1_0.data_contract.57a7c84ac532fa34,1.0,CURRENT_1_0,M01,Клиент и согласие,DATA_CONTRACT,SNAPSHOT,Входит в M01,immutable identity versions; критичное исправление создаёт новую версию;,immutable identity versions; критичное исправление создаёт новую версию;,,,,,M01_CASA_Pro_Client_and_Consent_Implementation_and_Acceptance_v1.1,1.1,Входит в M01,SRC-DOC-M01-I-00040,,,,DATA,,,,,Canonicalized from 1 candidate row(s); source text preserved in 10_SOURCE_EXTRACTS.csv.
M01-CAN-0174,m01.current_1_0.security_control.2c9924f7014c9c26,1.0,CURRENT_1_0,M01,Клиент и согласие,SECURITY_CONTROL,CONSENT,Входит в M01,"purpose-bound consent, versioned consent text reference, evidence, lifecycle, revoke/supersede и preflight;","purpose-bound consent, versioned consent text reference, evidence, lifecycle, revoke/supersede и preflight;",,,,,M01_CASA_Pro_Client_and_Consent_Implementation_and_Acceptance_v1.1,1.1,Входит в M01,SRC-DOC-M01-I-00041,,,,LEGAL,,,,,Canonicalized from 1 candidate row(s); source text preserved in 10_SOURCE_EXTRACTS.csv.
M01-CAN-0175,m01.current_1_0.security_control.569998210c5c9774,1.0,CURRENT_1_0,M01,Клиент и согласие,SECURITY_CONTROL,SECURITY,Входит в M01,"append-only audit, PII masking/redaction, запрет credentials и stable downstream contract;","append-only audit, PII masking/redaction, запрет credentials и stable downstream contract;",,,,,M01_CASA_Pro_Client_and_Consent_Implementation_and_Acceptance_v1.1,1.1,Входит в M01,SRC-DOC-M01-I-00043,,,,SECURITY,,,,,Canonicalized from 1 candidate row(s); source text preserved in 10_SOURCE_EXTRACTS.csv.
M01-CAN-0176,m01.current_1_0.security_control.0797d8aeba2956ea,1.0,CURRENT_1_0,M01,Клиент и согласие,SECURITY_CONTROL,CONSENT,Входит в M01,broker UI карточки клиента/участников/согласия и traceability AT-CC-001…014.,broker UI карточки клиента/участников/согласия и traceability AT-CC-001…014.,,,,,M01_CASA_Pro_Client_and_Consent_Implementation_and_Acceptance_v1.1,1.1,Входит в M01,SRC-DOC-M01-I-00044,AT-CC-001,,,FRONTEND|LEGAL,,,,M01-TASK-002|M01-TASK-003|M01-TASK-025|M01-TASK-026,Canonicalized from 1 candidate row(s); source text preserved in 10_SOURCE_EXTRACTS.csv.
M01-CAN-0177,m01.current_1_0.security_control.3a875421b9a52acc,1.0,CURRENT_1_0,M01,Клиент и согласие,SECURITY_CONTROL,CONSENT,Не входит,"Не реализовывать: Юридический текст; Граница: M01 не пишет финальный RU/KZ consent text, срок, способ подтверждения, controller/processor rules или retention period.","Не реализовывать: Юридический текст; Граница: M01 не пишет финальный RU/KZ consent text, срок, способ подтверждения, controller/processor rules или retention period.",,,,,M01_CASA_Pro_Client_and_Consent_Implementation_and_Acceptance_v1.1,1.1,Не входит,SRC-DOC-M01-I-00047,,,,LEGAL,,,,,Canonicalized from 1 candidate row(s); source text preserved in 10_SOURCE_EXTRACTS.csv.
M01-CAN-0178,m01.current_1_0.boundary.198e5929cfe89029,1.0,CURRENT_1_0,M01,Клиент и согласие,BOUNDARY,FUTURE_BOUNDARY,Не входит,"Не реализовывать: Client Profile; Граница: Нет занятости, доходов, семьи/household questionnaire, активов, ПВ, бюджета и missing mortgage questionnaire data.","Не реализовывать: Client Profile; Граница: Нет занятости, доходов, семьи/household questionnaire, активов, ПВ, бюджета и missing mortgage questionnaire data.",,,,,M01_CASA_Pro_Client_and_Consent_Implementation_and_Acceptance_v1.1,1.1,Не входит,SRC-DOC-M01-I-00048,,,,DATA,,,,,Canonicalized from 1 candidate row(s); source text preserved in 10_SOURCE_EXTRACTS.csv.
M01-CAN-0179,m01.current_1_0.product_semantic.995f580c17b411d4,1.0,CURRENT_1_0,M01,Клиент и согласие,PRODUCT_SEMANTIC,PARSER,Не входит,Не реализовывать: Парсинг документов; Граница: M01 не извлекает КИ/пенсионные и не исполняет ИИН-check; он только отдаёт allow/deny prerequisites.,Не реализовывать: Парсинг документов; Граница: M01 не извлекает КИ/пенсионные и не исполняет ИИН-check; он только отдаёт allow/deny prerequisites.,,,,,M01_CASA_Pro_Client_and_Consent_Implementation_and_Acceptance_v1.1,1.1,Не входит,SRC-DOC-M01-I-00049,,,,MULTI_LAYER,,,,,Canonicalized from 1 candidate row(s); source text preserved in 10_SOURCE_EXTRACTS.csv.
M01-CAN-0180,m01.current_1_0.implementation_detail.7c8dd875d79e8eaa,1.0,CURRENT_1_0,M01,Клиент и согласие,IMPLEMENTATION_DETAIL,API,Не входит,Не реализовывать: Direct bureau/ENPF; Граница: Текущая версия — ручная загрузка PDF; consent 1.x не расширяется на будущий API access.,Не реализовывать: Direct bureau/ENPF; Граница: Текущая версия — ручная загрузка PDF; consent 1.x не расширяется на будущий API access.,,,,,M01_CASA_Pro_Client_and_Consent_Implementation_and_Acceptance_v1.1,1.1,Не входит,SRC-DOC-M01-I-00050,,,,BACKEND|PARSER|LEGAL,,,,,Canonicalized from 1 candidate row(s); source text preserved in 10_SOURCE_EXTRACTS.csv.
M01-CAN-0181,m01.current_1_0.implementation_detail.daa9529afacc7bdc,1.0,CURRENT_1_0,M01,Клиент и согласие,IMPLEMENTATION_DETAIL,API,Не входит,"Не реализовывать: Credentials; Граница: Нет полей/endpoints/storage/logs для password, OTP, ЭЦП, cookies или токенов клиентских кабинетов.","Не реализовывать: Credentials; Граница: Нет полей/endpoints/storage/logs для password, OTP, ЭЦП, cookies или токенов клиентских кабинетов.",,,,,M01_CASA_Pro_Client_and_Consent_Implementation_and_Acceptance_v1.1,1.1,Не входит,SRC-DOC-M01-I-00051,,,,MULTI_LAYER,,,,,Canonicalized from 1 candidate row(s); source text preserved in 10_SOURCE_EXTRACTS.csv.
M01-CAN-0182,m01.current_1_0.product_semantic.8bf768fabe112d77,1.0,CURRENT_1_0,M01,Клиент и согласие,PRODUCT_SEMANTIC,CALCULATION,Не входит,"Не реализовывать: Calculation/Bank Rules; Граница: Нет ипотечных расчётов, выбора программ, bank verdict, CASA Score, сценариев или квартир.","Не реализовывать: Calculation/Bank Rules; Граница: Нет ипотечных расчётов, выбора программ, bank verdict, CASA Score, сценариев или квартир.",,,,,M01_CASA_Pro_Client_and_Consent_Implementation_and_Acceptance_v1.1,1.1,Не входит,SRC-DOC-M01-I-00052,,,,MULTI_LAYER,,,,,Canonicalized from 1 candidate row(s); source text preserved in 10_SOURCE_EXTRACTS.csv.
M01-CAN-0183,m01.current_1_0.boundary.db9b09e18ebd9518,1.0,CURRENT_1_0,M01,Клиент и согласие,BOUNDARY,FUTURE_BOUNDARY,Не входит,"Не реализовывать: Новые роли/цели; Граница: Только роли и purposes, доказанные источниками; всё остальное OPEN/DISABLED до approval.","Не реализовывать: Новые роли/цели; Граница: Только роли и purposes, доказанные источниками; всё остальное OPEN/DISABLED до approval.",,,,DISABLED,M01_CASA_Pro_Client_and_Consent_Implementation_and_Acceptance_v1.1,1.1,Не входит,SRC-DOC-M01-I-00053,,,,MULTI_LAYER,,,,,Canonicalized from 1 candidate row(s); source text preserved in 10_SOURCE_EXTRACTS.csv.
M01-CAN-0184,m01.current_1_0.security_control.f430c25729b90bb1,1.0,CURRENT_1_0,M01,Клиент и согласие,SECURITY_CONTROL,CONSENT,Правила изменений,Добавление participant не копирует identity/consent/documents из основного участника.,Добавление participant не копирует identity/consent/documents из основного участника.,,,,,M01_CASA_Pro_Client_and_Consent_Implementation_and_Acceptance_v1.1,1.1,Правила изменений,SRC-DOC-M01-I-00075,,,,LEGAL,,,,,Canonicalized from 1 candidate row(s); source text preserved in 10_SOURCE_EXTRACTS.csv.
M01-CAN-0185,m01.current_1_0.data_contract.488d913bd8ceaeb6,1.0,CURRENT_1_0,M01,Клиент и согласие,DATA_CONTRACT,SNAPSHOT,Правила изменений,Смена роли создаёт аудируемую revision/relationship version; published snapshots не переписываются.,Смена роли создаёт аудируемую revision/relationship version; published snapshots не переписываются.,,,,,M01_CASA_Pro_Client_and_Consent_Implementation_and_Acceptance_v1.1,1.1,Правила изменений,SRC-DOC-M01-I-00076,,,,DATA,,,,,Canonicalized from 1 candidate row(s); source text preserved in 10_SOURCE_EXTRACTS.csv.
M01-CAN-0186,m01.current_1_0.security_control.35bafd99194f9276,1.0,CURRENT_1_0,M01,Клиент и согласие,SECURITY_CONTROL,SECURITY,Транзакционный порядок отзыва,Проверить tenant/case/participant/action permission и optimistic concurrency текущей consent version.,Проверить tenant/case/participant/action permission и optimistic concurrency текущей consent version.,,,,,M01_CASA_Pro_Client_and_Consent_Implementation_and_Acceptance_v1.1,1.1,Транзакционный порядок отзыва,SRC-DOC-M01-I-00121,,,,SECURITY|LEGAL,,,,,Canonicalized from 1 candidate row(s); source text preserved in 10_SOURCE_EXTRACTS.csv.
M01-CAN-0187,m01.current_1_0.product_semantic.66a4466b2720efc9,1.0,CURRENT_1_0,M01,Клиент и согласие,PRODUCT_SEMANTIC,STATE,Транзакционный порядок отзыва,"Создать immutable status event REVOKED с actor, timestamp, reason/reference; не редактировать granted evidence.","Создать immutable status event REVOKED с actor, timestamp, reason/reference; не редактировать granted evidence.",,,,,M01_CASA_Pro_Client_and_Consent_Implementation_and_Acceptance_v1.1,1.1,Транзакционный порядок отзыва,SRC-DOC-M01-I-00122,,,,MULTI_LAYER,,,,,Canonicalized from 1 candidate row(s); source text preserved in 10_SOURCE_EXTRACTS.csv.
M01-CAN-0188,m01.current_1_0.data_contract.ef69caeaa8407760,1.0,CURRENT_1_0,M01,Клиент и согласие,DATA_CONTRACT,SNAPSHOT,Транзакционный порядок отзыва,"Немедленно сделать preflight deny для соответствующих purpose: new checks, new parse, refresh, new snapshot и иные protected actions.","Немедленно сделать preflight deny для соответствующих purpose: new checks, new parse, refresh, new snapshot и иные protected actions.",,,,,M01_CASA_Pro_Client_and_Consent_Implementation_and_Acceptance_v1.1,1.1,Транзакционный порядок отзыва,SRC-DOC-M01-I-00123,,,,DATA,,,,,Canonicalized from 1 candidate row(s); source text preserved in 10_SOURCE_EXTRACTS.csv.
M01-CAN-0189,m01.current_1_0.security_control.ac1c3b1a245e1ae0,1.0,CURRENT_1_0,M01,Клиент и согласие,SECURITY_CONTROL,CONSENT,Транзакционный порядок отзыва,Не перепривязывать и не переписывать старые batches/documents/snapshots; они сохраняют exact consent/evidence refs.,Не перепривязывать и не переписывать старые batches/documents/snapshots; они сохраняют exact consent/evidence refs.,,,,,M01_CASA_Pro_Client_and_Consent_Implementation_and_Acceptance_v1.1,1.1,Транзакционный порядок отзыва,SRC-DOC-M01-I-00124,,,,DATA|LEGAL,,,,,Canonicalized from 1 candidate row(s); source text preserved in 10_SOURCE_EXTRACTS.csv.
M01-CAN-0190,m01.current_1_0.ux_requirement.f143cf1ac05deabe,1.0,CURRENT_1_0,M01,Клиент и согласие,UX_REQUIREMENT,UI,Транзакционный порядок отзыва,Показать брокеру человеческий статус и разрешённый CTA; записать downstream blocks и audit evidence.,Показать брокеру человеческий статус и разрешённый CTA; записать downstream blocks и audit evidence.,,,,,M01_CASA_Pro_Client_and_Consent_Implementation_and_Acceptance_v1.1,1.1,Транзакционный порядок отзыва,SRC-DOC-M01-I-00126,,,,MULTI_LAYER,,,,,Canonicalized from 1 candidate row(s); source text preserved in 10_SOURCE_EXTRACTS.csv.
