requirement_id,canonical_key,release,applicability,module_id,module_name,requirement_level,category,subsystem,requirement,expected_behavior,forbidden_behavior,input,output,state_or_status,source_documents,source_versions,source_sections,source_extract_ids,acceptance_test_ids,priority,criticality,implementation_layer,dependency,release_gate,open_gate_ids,developer_task_ids,notes
M02-CAN-0001,m02.current_1_0.product_semantic.f66c576c3696f6ac,1.0,CURRENT_1_0,M02,Проверка по ИИН,PRODUCT_SEMANTIC,VALIDATION,P-01. АИС ОИП: исполнительные производства и временное ограничение на выезд,"Официальные источники, проверено 21.08.2026: [S05], [S06], [S07], [S08].","Официальные источники, проверено 21.08.2026: [S05], [S06], [S07], [S08].",,,,,CASA_Pro_IIN_Check_Final_Spec_KZ_2026-08-21,2026-08-21,P-01. АИС ОИП: исполнительные производства и временное ограничение на выезд,SRC-DOC-M02-P-00116,,,,MULTI_LAYER,,,,,Canonicalized from 1 candidate row(s); source text preserved in 10_SOURCE_EXTRACTS.csv.
M02-CAN-0002,m02.current_1_0.security_control.a8bf3a41f3454d5f,1.0,CURRENT_1_0,M02,Проверка по ИИН,SECURITY_CONTROL,CONSENT,P-01. АИС ОИП: исполнительные производства и временное ограничение на выезд,"1. Что можно узнать: 4. Согласие; Факт присутствия в реестре должников по исполнительным производствам; номер и даты производства, категория, сумма взыскания и публичные реквизиты исполнителя. Документация также предусматривает поля начала/окончания ограничения на выезд.: Для CASA — да, предметное. Публичный статус набора не отменяет обработку ИИН и связанного результата. LEGAL_REVIEW_REQUIRED.","1. Что можно узнать: 4. Согласие; Факт присутствия в реестре должников по исполнительным производствам; номер и даты производства, категория, сумма взыскания и публичные реквизиты исполнителя. Документация также предусматривает поля начала/окончания ограничения на выезд.: Для CASA — да, предметное. Публичный статус набора не отменяет обработку ИИН и связанного результата. LEGAL_REVIEW_REQUIRED.",,,,,CASA_Pro_IIN_Check_Final_Spec_KZ_2026-08-21,2026-08-21,P-01. АИС ОИП: исполнительные производства и временное ограничение на выезд,SRC-DOC-M02-P-00120,,,,LEGAL,,,,,Canonicalized from 1 candidate row(s); source text preserved in 10_SOURCE_EXTRACTS.csv.
M02-CAN-0003,m02.current_1_0.product_semantic.556d5c2068beaafc,1.0,CURRENT_1_0,M02,Проверка по ИИН,PRODUCT_SEMANTIC,API,P-01. АИС ОИП: исполнительные производства и временное ограничение на выезд,"1. Что можно узнать: 5. Авторизация клиента; Факт присутствия в реестре должников по исполнительным производствам; номер и даты производства, категория, сумма взыскания и публичные реквизиты исполнителя. Документация также предусматривает поля начала/окончания ограничения на выезд.: Нет для Open Data API и публичной формы.","1. Что можно узнать: 5. Авторизация клиента; Факт присутствия в реестре должников по исполнительным производствам; номер и даты производства, категория, сумма взыскания и публичные реквизиты исполнителя. Документация также предусматривает поля начала/окончания ограничения на выезд.: Нет для Open Data API и публичной формы.",,,,,CASA_Pro_IIN_Check_Final_Spec_KZ_2026-08-21,2026-08-21,P-01. АИС ОИП: исполнительные производства и временное ограничение на выезд,SRC-DOC-M02-P-00121,,,,BACKEND|DATA,,,,,Canonicalized from 1 candidate row(s); source text preserved in 10_SOURCE_EXTRACTS.csv.
M02-CAN-0004,m02.current_1_0.product_semantic.ca0ecdf421033f7f,1.0,CURRENT_1_0,M02,Проверка по ИИН,PRODUCT_SEMANTIC,API,P-01. АИС ОИП: исполнительные производства и временное ограничение на выезд,"1. Что можно узнать: 6. Договор/API; Факт присутствия в реестре должников по исполнительным производствам; номер и даты производства, категория, сумма взыскания и публичные реквизиты исполнителя. Документация также предусматривает поля начала/окончания ограничения на выезд.: API key и принятие пользовательского соглашения обязательны. Отдельное требование договора в опубликованных материалах не подтверждено.","1. Что можно узнать: 6. Договор/API; Факт присутствия в реестре должников по исполнительным производствам; номер и даты производства, категория, сумма взыскания и публичные реквизиты исполнителя. Документация также предусматривает поля начала/окончания ограничения на выезд.: API key и принятие пользовательского соглашения обязательны. Отдельное требование договора в опубликованных материалах не подтверждено.",,,,,CASA_Pro_IIN_Check_Final_Spec_KZ_2026-08-21,2026-08-21,P-01. АИС ОИП: исполнительные производства и временное ограничение на выезд,SRC-DOC-M02-P-00122,,,,BACKEND,,,,,Canonicalized from 1 candidate row(s); source text preserved in 10_SOURCE_EXTRACTS.csv.
M02-CAN-0005,m02.current_1_0.product_semantic.ced8bc072fd324be,1.0,CURRENT_1_0,M02,Проверка по ИИН,PRODUCT_SEMANTIC,API,P-01. АИС ОИП: исполнительные производства и временное ограничение на выезд,"1. Что можно узнать: 7. CAPTCHA; Факт присутствия в реестре должников по исполнительным производствам; номер и даты производства, категория, сумма взыскания и публичные реквизиты исполнителя. Документация также предусматривает поля начала/окончания ограничения на выезд.: В API нет; официальный ручной реестр использует код с картинки.","1. Что можно узнать: 7. CAPTCHA; Факт присутствия в реестре должников по исполнительным производствам; номер и даты производства, категория, сумма взыскания и публичные реквизиты исполнителя. Документация также предусматривает поля начала/окончания ограничения на выезд.: В API нет; официальный ручной реестр использует код с картинки.",,,,,CASA_Pro_IIN_Check_Final_Spec_KZ_2026-08-21,2026-08-21,P-01. АИС ОИП: исполнительные производства и временное ограничение на выезд,SRC-DOC-M02-P-00123,,,,BACKEND,,,,,Canonicalized from 1 candidate row(s); source text preserved in 10_SOURCE_EXTRACTS.csv.
M02-CAN-0006,m02.current_1_0.product_semantic.6d0a15ddba975570,1.0,CURRENT_1_0,M02,Проверка по ИИН,PRODUCT_SEMANTIC,API,P-01. АИС ОИП: исполнительные производства и временное ограничение на выезд,"1. Что можно узнать: 8. Законная автоматизация; Факт присутствия в реестре должников по исполнительным производствам; номер и даты производства, категория, сумма взыскания и публичные реквизиты исполнителя. Документация также предусматривает поля начала/окончания ограничения на выезд.: Технически подтверждена только через официальный API. Включить после API key, field allowlist, consent и legal approval. Не парсить сайт.","1. Что можно узнать: 8. Законная автоматизация; Факт присутствия в реестре должников по исполнительным производствам; номер и даты производства, категория, сумма взыскания и публичные реквизиты исполнителя. Документация также предусматривает поля начала/окончания ограничения на выезд.: Технически подтверждена только через официальный API. Включить после API key, field allowlist, consent и legal approval. Не парсить сайт.",,,,,CASA_Pro_IIN_Check_Final_Spec_KZ_2026-08-21,2026-08-21,P-01. АИС ОИП: исполнительные производства и временное ограничение на выезд,SRC-DOC-M02-P-00124,,,,BACKEND|DATA|LEGAL,,,,,Canonicalized from 1 candidate row(s); source text preserved in 10_SOURCE_EXTRACTS.csv.
M02-CAN-0007,m02.current_1_0.product_semantic.e6ec151242121b89,1.0,CURRENT_1_0,M02,Проверка по ИИН,PRODUCT_SEMANTIC,VALIDATION,P-01. АИС ОИП: исполнительные производства и временное ограничение на выезд,"1. Что можно узнать: 9. Только ручная проверка; Факт присутствия в реестре должников по исполнительным производствам; номер и даты производства, категория, сумма взыскания и публичные реквизиты исполнителя. Документация также предусматривает поля начала/окончания ограничения на выезд.: Fallback — открыть официальный реестр без автоматического заполнения/перехвата CAPTCHA.","1. Что можно узнать: 9. Только ручная проверка; Факт присутствия в реестре должников по исполнительным производствам; номер и даты производства, категория, сумма взыскания и публичные реквизиты исполнителя. Документация также предусматривает поля начала/окончания ограничения на выезд.: Fallback — открыть официальный реестр без автоматического заполнения/перехвата CAPTCHA.",,,,,CASA_Pro_IIN_Check_Final_Spec_KZ_2026-08-21,2026-08-21,P-01. АИС ОИП: исполнительные производства и временное ограничение на выезд,SRC-DOC-M02-P-00125,,,,MULTI_LAYER,,,,,Canonicalized from 1 candidate row(s); source text preserved in 10_SOURCE_EXTRACTS.csv.
M02-CAN-0008,m02.current_1_0.product_semantic.5d76eb6e5088ad5a,1.0,CURRENT_1_0,M02,Проверка по ИИН,PRODUCT_SEMANTIC,BUSINESS_RULE,P-01. АИС ОИП: исполнительные производства и временное ограничение на выезд,"1. Что можно узнать: 10. Что сохранять; Факт присутствия в реестре должников по исполнительным производствам; номер и даты производства, категория, сумма взыскания и публичные реквизиты исполнителя. Документация также предусматривает поля начала/окончания ограничения на выезд.: `registry_presence`, № производства, даты, категория, recovery amount, restriction dates, source response code/ID/time/hash. Не сохранять ИИН взыскателя/исполнителя и лишние третьесторонние данные.","1. Что можно узнать: 10. Что сохранять; Факт присутствия в реестре должников по исполнительным производствам; номер и даты производства, категория, сумма взыскания и публичные реквизиты исполнителя. Документация также предусматривает поля начала/окончания ограничения на выезд.: `registry_presence`, № производства, даты, категория, recovery amount, restriction dates, source response code/ID/time/hash. Не сохранять ИИН взыскателя/исполнителя и лишние третьесторонние данные.",,,,,CASA_Pro_IIN_Check_Final_Spec_KZ_2026-08-21,2026-08-21,P-01. АИС ОИП: исполнительные производства и временное ограничение на выезд,SRC-DOC-M02-P-00126,,,,MULTI_LAYER,,,,,Canonicalized from 1 candidate row(s); source text preserved in 10_SOURCE_EXTRACTS.csv.
M02-CAN-0009,m02.current_1_0.product_semantic.40f4306de714e575,1.0,CURRENT_1_0,M02,Проверка по ИИН,PRODUCT_SEMANTIC,BUSINESS_RULE,P-01. АИС ОИП: исполнительные производства и временное ограничение на выезд,"1. Что можно узнать: 11. Срок актуальности; Факт присутствия в реестре должников по исполнительным производствам; номер и даты производства, категория, сумма взыскания и публичные реквизиты исполнителя. Документация также предусматривает поля начала/окончания ограничения на выезд.: CASA policy: 24 часа. Отдельно хранить `source_data_as_of`; официальное обновление — по мере необходимости.","1. Что можно узнать: 11. Срок актуальности; Факт присутствия в реестре должников по исполнительным производствам; номер и даты производства, категория, сумма взыскания и публичные реквизиты исполнителя. Документация также предусматривает поля начала/окончания ограничения на выезд.: CASA policy: 24 часа. Отдельно хранить `source_data_as_of`; официальное обновление — по мере необходимости.",,,,,CASA_Pro_IIN_Check_Final_Spec_KZ_2026-08-21,2026-08-21,P-01. АИС ОИП: исполнительные производства и временное ограничение на выезд,SRC-DOC-M02-P-00127,,,,DATA,,,,,Canonicalized from 1 candidate row(s); source text preserved in 10_SOURCE_EXTRACTS.csv.
M02-CAN-0010,m02.current_1_0.product_semantic.5ae4102e9edb25e1,1.0,CURRENT_1_0,M02,Проверка по ИИН,PRODUCT_SEMANTIC,BUSINESS_RULE,P-01. АИС ОИП: исполнительные производства и временное ограничение на выезд,"1. Что можно узнать: 12. Недоступность; Факт присутствия в реестре должников по исполнительным производствам; номер и даты производства, категория, сумма взыскания и публичные реквизиты исполнителя. Документация также предусматривает поля начала/окончания ограничения на выезд.: Два ограниченных retry с backoff → `SOURCE_UNAVAILABLE` → ручная карточка. Никогда не создавать `NOT_FOUND` из timeout/5xx/HTML/CAPTCHA.","1. Что можно узнать: 12. Недоступность; Факт присутствия в реестре должников по исполнительным производствам; номер и даты производства, категория, сумма взыскания и публичные реквизиты исполнителя. Документация также предусматривает поля начала/окончания ограничения на выезд.: Два ограниченных retry с backoff → `SOURCE_UNAVAILABLE` → ручная карточка. Никогда не создавать `NOT_FOUND` из timeout/5xx/HTML/CAPTCHA.",,,,,CASA_Pro_IIN_Check_Final_Spec_KZ_2026-08-21,2026-08-21,P-01. АИС ОИП: исполнительные производства и временное ограничение на выезд,SRC-DOC-M02-P-00128,,,,MULTI_LAYER,,,,,Canonicalized from 1 candidate row(s); source text preserved in 10_SOURCE_EXTRACTS.csv.
M02-CAN-0011,m02.current_1_0.security_control.7401342641f5241c,1.0,CURRENT_1_0,M02,Проверка по ИИН,SECURITY_CONTROL,CONSENT,P-01. АИС ОИП: исполнительные производства и временное ограничение на выезд,"1. Что можно узнать: 14. Юрист; Факт присутствия в реестре должников по исполнительным производствам; номер и даты производства, категория, сумма взыскания и публичные реквизиты исполнителя. Документация также предусматривает поля начала/окончания ограничения на выезд.: Подтвердить коммерческое использование open data, текст согласия, срок/объём хранения, допустимость evidence, роли CASA/риелтора и обращение с данными третьих лиц.","1. Что можно узнать: 14. Юрист; Факт присутствия в реестре должников по исполнительным производствам; номер и даты производства, категория, сумма взыскания и публичные реквизиты исполнителя. Документация также предусматривает поля начала/окончания ограничения на выезд.: Подтвердить коммерческое использование open data, текст согласия, срок/объём хранения, допустимость evidence, роли CASA/риелтора и обращение с данными третьих лиц.",,,,,CASA_Pro_IIN_Check_Final_Spec_KZ_2026-08-21,2026-08-21,P-01. АИС ОИП: исполнительные производства и временное ограничение на выезд,SRC-DOC-M02-P-00130,,,,DATA|LEGAL,,,,,Canonicalized from 1 candidate row(s); source text preserved in 10_SOURCE_EXTRACTS.csv.
M02-CAN-0012,m02.current_1_0.product_semantic.ced70ece0dfcba83,1.0,CURRENT_1_0,M02,Проверка по ИИН,PRODUCT_SEMANTIC,VALIDATION,P-02. ЕНИС: исполнительные надписи нотариусов,"Официальные источники, проверено 21.08.2026: [S09].","Официальные источники, проверено 21.08.2026: [S09].",,,,,CASA_Pro_IIN_Check_Final_Spec_KZ_2026-08-21,2026-08-21,P-02. ЕНИС: исполнительные надписи нотариусов,SRC-DOC-M02-P-00132,,,,MULTI_LAYER,,,,,Canonicalized from 1 candidate row(s); source text preserved in 10_SOURCE_EXTRACTS.csv.
M02-CAN-0013,m02.current_1_0.product_semantic.16349b138614ad19,1.0,CURRENT_1_0,M02,Проверка по ИИН,PRODUCT_SEMANTIC,BUSINESS_RULE,P-02. ЕНИС: исполнительные надписи нотариусов,"1. Что можно узнать: 2. Поиск по ИИН; Наличие исполнительной надписи и реквизиты, которые отображает официальный сервис.: Да: форма требует ИИН/БИН должника.","1. Что можно узнать: 2. Поиск по ИИН; Наличие исполнительной надписи и реквизиты, которые отображает официальный сервис.: Да: форма требует ИИН/БИН должника.",,,,,CASA_Pro_IIN_Check_Final_Spec_KZ_2026-08-21,2026-08-21,P-02. ЕНИС: исполнительные надписи нотариусов,SRC-DOC-M02-P-00134,,,,MULTI_LAYER,,,,,Canonicalized from 1 candidate row(s); source text preserved in 10_SOURCE_EXTRACTS.csv.
M02-CAN-0014,m02.current_1_0.product_semantic.2bdf461ee88d52a1,1.0,CURRENT_1_0,M02,Проверка по ИИН,PRODUCT_SEMANTIC,BUSINESS_RULE,P-02. ЕНИС: исполнительные надписи нотариусов,"1. Что можно узнать: 3. Публичность; Наличие исполнительной надписи и реквизиты, которые отображает официальный сервис.: Публичная страница ЕНИС без входа.","1. Что можно узнать: 3. Публичность; Наличие исполнительной надписи и реквизиты, которые отображает официальный сервис.: Публичная страница ЕНИС без входа.",,,,,CASA_Pro_IIN_Check_Final_Spec_KZ_2026-08-21,2026-08-21,P-02. ЕНИС: исполнительные надписи нотариусов,SRC-DOC-M02-P-00135,,,,MULTI_LAYER,,,,,Canonicalized from 1 candidate row(s); source text preserved in 10_SOURCE_EXTRACTS.csv.
M02-CAN-0015,m02.current_1_0.security_control.0fdb6dc9281bd06b,1.0,CURRENT_1_0,M02,Проверка по ИИН,SECURITY_CONTROL,CONSENT,P-02. ЕНИС: исполнительные надписи нотариусов,"1. Что можно узнать: 4. Согласие; Наличие исполнительной надписи и реквизиты, которые отображает официальный сервис.: Для CASA — да; LEGAL_REVIEW_REQUIRED для обработки и фиксации результата.","1. Что можно узнать: 4. Согласие; Наличие исполнительной надписи и реквизиты, которые отображает официальный сервис.: Для CASA — да; LEGAL_REVIEW_REQUIRED для обработки и фиксации результата.",,,,,CASA_Pro_IIN_Check_Final_Spec_KZ_2026-08-21,2026-08-21,P-02. ЕНИС: исполнительные надписи нотариусов,SRC-DOC-M02-P-00136,,,,LEGAL,,,,,Canonicalized from 1 candidate row(s); source text preserved in 10_SOURCE_EXTRACTS.csv.
M02-CAN-0016,m02.current_1_0.product_semantic.825ee137dd880815,1.0,CURRENT_1_0,M02,Проверка по ИИН,PRODUCT_SEMANTIC,BUSINESS_RULE,P-02. ЕНИС: исполнительные надписи нотариусов,"1. Что можно узнать: 5. Авторизация клиента; Наличие исполнительной надписи и реквизиты, которые отображает официальный сервис.: Нет.","1. Что можно узнать: 5. Авторизация клиента; Наличие исполнительной надписи и реквизиты, которые отображает официальный сервис.: Нет.",,,,,CASA_Pro_IIN_Check_Final_Spec_KZ_2026-08-21,2026-08-21,P-02. ЕНИС: исполнительные надписи нотариусов,SRC-DOC-M02-P-00137,,,,MULTI_LAYER,,,,,Canonicalized from 1 candidate row(s); source text preserved in 10_SOURCE_EXTRACTS.csv.
M02-CAN-0017,m02.current_1_0.product_semantic.78855757c54ef04b,1.0,CURRENT_1_0,M02,Проверка по ИИН,PRODUCT_SEMANTIC,API,P-02. ЕНИС: исполнительные надписи нотариусов,"1. Что можно узнать: 6. Договор/API; Наличие исполнительной надписи и реквизиты, которые отображает официальный сервис.: Публично документированный API не найден; договор не подтверждён.","1. Что можно узнать: 6. Договор/API; Наличие исполнительной надписи и реквизиты, которые отображает официальный сервис.: Публично документированный API не найден; договор не подтверждён.",,,,,CASA_Pro_IIN_Check_Final_Spec_KZ_2026-08-21,2026-08-21,P-02. ЕНИС: исполнительные надписи нотариусов,SRC-DOC-M02-P-00138,,,,BACKEND,,,,,Canonicalized from 1 candidate row(s); source text preserved in 10_SOURCE_EXTRACTS.csv.
M02-CAN-0018,m02.current_1_0.product_semantic.1a4aa110676aaf02,1.0,CURRENT_1_0,M02,Проверка по ИИН,PRODUCT_SEMANTIC,BUSINESS_RULE,P-02. ЕНИС: исполнительные надписи нотариусов,"1. Что можно узнать: 7. CAPTCHA; Наличие исполнительной надписи и реквизиты, которые отображает официальный сервис.: Да: «код с картинки английскими буквами».","1. Что можно узнать: 7. CAPTCHA; Наличие исполнительной надписи и реквизиты, которые отображает официальный сервис.: Да: «код с картинки английскими буквами».",,,,,CASA_Pro_IIN_Check_Final_Spec_KZ_2026-08-21,2026-08-21,P-02. ЕНИС: исполнительные надписи нотариусов,SRC-DOC-M02-P-00139,,,,MULTI_LAYER,,,,,Canonicalized from 1 candidate row(s); source text preserved in 10_SOURCE_EXTRACTS.csv.
M02-CAN-0019,m02.current_1_0.boundary.567b9ad3012b3e5d,1.0,CURRENT_1_0,M02,Проверка по ИИН,BOUNDARY,FORBIDDEN,P-02. ЕНИС: исполнительные надписи нотариусов,"1. Что можно узнать: 8. Законная автоматизация; Наличие исполнительной надписи и реквизиты, которые отображает официальный сервис.: Не подтверждена. Любая автоматизация формы запрещена. MANUAL_CHECK_REQUIRED.",,"1. Что можно узнать: 8. Законная автоматизация; Наличие исполнительной надписи и реквизиты, которые отображает официальный сервис.: Не подтверждена. Любая автоматизация формы запрещена. MANUAL_CHECK_REQUIRED.",,,,CASA_Pro_IIN_Check_Final_Spec_KZ_2026-08-21,2026-08-21,P-02. ЕНИС: исполнительные надписи нотариусов,SRC-DOC-M02-P-00140,,,,MULTI_LAYER,,,,,Canonicalized from 1 candidate row(s); source text preserved in 10_SOURCE_EXTRACTS.csv.
M02-CAN-0020,m02.current_1_0.product_semantic.344bbd74b28e3f0b,1.0,CURRENT_1_0,M02,Проверка по ИИН,PRODUCT_SEMANTIC,VALIDATION,P-02. ЕНИС: исполнительные надписи нотариусов,"1. Что можно узнать: 9. Только ручная проверка; Наличие исполнительной надписи и реквизиты, которые отображает официальный сервис.: Да: риелтор открывает ЕНИС и выполняет CAPTCHA лично.","1. Что можно узнать: 9. Только ручная проверка; Наличие исполнительной надписи и реквизиты, которые отображает официальный сервис.: Да: риелтор открывает ЕНИС и выполняет CAPTCHA лично.",,,,,CASA_Pro_IIN_Check_Final_Spec_KZ_2026-08-21,2026-08-21,P-02. ЕНИС: исполнительные надписи нотариусов,SRC-DOC-M02-P-00141,,,,MULTI_LAYER,,,,,Canonicalized from 1 candidate row(s); source text preserved in 10_SOURCE_EXTRACTS.csv.
M02-CAN-0021,m02.current_1_0.product_semantic.52f00ba689ab1e75,1.0,CURRENT_1_0,M02,Проверка по ИИН,PRODUCT_SEMANTIC,BUSINESS_RULE,P-02. ЕНИС: исполнительные надписи нотариусов,"1. Что можно узнать: 10. Что сохранять; Наличие исполнительной надписи и реквизиты, которые отображает официальный сервис.: `found/not_found`, отображённые №/дата/статус/нотариус, `checked_at`, URL и screenshot/PDF hash. Не сохранять лишние стороны/ИИН.","1. Что можно узнать: 10. Что сохранять; Наличие исполнительной надписи и реквизиты, которые отображает официальный сервис.: `found/not_found`, отображённые №/дата/статус/нотариус, `checked_at`, URL и screenshot/PDF hash. Не сохранять лишние стороны/ИИН.",,,,,CASA_Pro_IIN_Check_Final_Spec_KZ_2026-08-21,2026-08-21,P-02. ЕНИС: исполнительные надписи нотариусов,SRC-DOC-M02-P-00142,,,,PARSER,,,,,Canonicalized from 1 candidate row(s); source text preserved in 10_SOURCE_EXTRACTS.csv.
M02-CAN-0022,m02.current_1_0.product_semantic.f5a3a44f1223335c,1.0,CURRENT_1_0,M02,Проверка по ИИН,PRODUCT_SEMANTIC,BUSINESS_RULE,P-02. ЕНИС: исполнительные надписи нотариусов,"1. Что можно узнать: 11. Срок актуальности; Наличие исполнительной надписи и реквизиты, которые отображает официальный сервис.: CASA policy: 24 часа.","1. Что можно узнать: 11. Срок актуальности; Наличие исполнительной надписи и реквизиты, которые отображает официальный сервис.: CASA policy: 24 часа.",,,,,CASA_Pro_IIN_Check_Final_Spec_KZ_2026-08-21,2026-08-21,P-02. ЕНИС: исполнительные надписи нотариусов,SRC-DOC-M02-P-00143,,,,MULTI_LAYER,,,,,Canonicalized from 1 candidate row(s); source text preserved in 10_SOURCE_EXTRACTS.csv.
M02-CAN-0023,m02.current_1_0.data_contract.4b495aa710008953,1.0,CURRENT_1_0,M02,Проверка по ИИН,DATA_CONTRACT,PROVENANCE,P-02. ЕНИС: исполнительные надписи нотариусов,"1. Что можно узнать: 12. Недоступность; Наличие исполнительной надписи и реквизиты, которые отображает официальный сервис.: `SOURCE_UNAVAILABLE`; повторить позже. Ручной check не может быть подтверждён одним нажатием без evidence.","1. Что можно узнать: 12. Недоступность; Наличие исполнительной надписи и реквизиты, которые отображает официальный сервис.: `SOURCE_UNAVAILABLE`; повторить позже. Ручной check не может быть подтверждён одним нажатием без evidence.",,,,,CASA_Pro_IIN_Check_Final_Spec_KZ_2026-08-21,2026-08-21,P-02. ЕНИС: исполнительные надписи нотариусов,SRC-DOC-M02-P-00144,,,,DATA,,,,,Canonicalized from 1 candidate row(s); source text preserved in 10_SOURCE_EXTRACTS.csv.
M02-CAN-0024,m02.current_1_0.product_semantic.7178991672930bf5,1.0,CURRENT_1_0,M02,Проверка по ИИН,PRODUCT_SEMANTIC,BUSINESS_RULE,P-02. ЕНИС: исполнительные надписи нотариусов,"1. Что можно узнать: 13. Влияние; Наличие исполнительной надписи и реквизиты, которые отображает официальный сервис.: Информационный факт; наличие надписи не равно банковскому запрету. После передачи на исполнение факт может также появиться в АИС ОИП.","1. Что можно узнать: 13. Влияние; Наличие исполнительной надписи и реквизиты, которые отображает официальный сервис.: Информационный факт; наличие надписи не равно банковскому запрету. После передачи на исполнение факт может также появиться в АИС ОИП.",,,,,CASA_Pro_IIN_Check_Final_Spec_KZ_2026-08-21,2026-08-21,P-02. ЕНИС: исполнительные надписи нотариусов,SRC-DOC-M02-P-00145,,,,MULTI_LAYER,,,,,Canonicalized from 1 candidate row(s); source text preserved in 10_SOURCE_EXTRACTS.csv.
M02-CAN-0025,m02.current_1_0.data_contract.d3b296e7e17f3f45,1.0,CURRENT_1_0,M02,Проверка по ИИН,DATA_CONTRACT,PROVENANCE,P-02. ЕНИС: исполнительные надписи нотариусов,"1. Что можно узнать: 14. Юрист; Наличие исполнительной надписи и реквизиты, которые отображает официальный сервис.: Подтвердить право оператора проверять от имени клиента, допустимость screenshot/evidence, объём реквизитов и срок хранения.","1. Что можно узнать: 14. Юрист; Наличие исполнительной надписи и реквизиты, которые отображает официальный сервис.: Подтвердить право оператора проверять от имени клиента, допустимость screenshot/evidence, объём реквизитов и срок хранения.",,,,,CASA_Pro_IIN_Check_Final_Spec_KZ_2026-08-21,2026-08-21,P-02. ЕНИС: исполнительные надписи нотариусов,SRC-DOC-M02-P-00146,,,,DATA,,,,,Canonicalized from 1 candidate row(s); source text preserved in 10_SOURCE_EXTRACTS.csv.
M02-CAN-0026,m02.current_1_0.product_semantic.e8b4f781af70e891,1.0,CURRENT_1_0,M02,Проверка по ИИН,PRODUCT_SEMANTIC,VALIDATION,P-03. КГД: поиск налогоплательщика / статус ИП и лица частной практики,"Официальные источники, проверено 21.08.2026: [S10], [S31].","Официальные источники, проверено 21.08.2026: [S10], [S31].",,,,,CASA_Pro_IIN_Check_Final_Spec_KZ_2026-08-21,2026-08-21,P-03. КГД: поиск налогоплательщика / статус ИП и лица частной практики,SRC-DOC-M02-P-00148,,,,MULTI_LAYER,,,,,Canonicalized from 1 candidate row(s); source text preserved in 10_SOURCE_EXTRACTS.csv.
M02-CAN-0027,m02.current_1_0.product_semantic.0365120baeeaa3f8,1.0,CURRENT_1_0,M02,Проверка по ИИН,PRODUCT_SEMANTIC,BUSINESS_RULE,P-03. КГД: поиск налогоплательщика / статус ИП и лица частной практики,"1. Что можно узнать: 2. Поиск по ИИН; Тип FL/IP/LZCHP/UL, регистрационный тип, дата начала/окончания, причина окончания, налоговый орган; для ИП — наименование/ФИО в объёме ответа.: Да: `taxpayerCode=<ИИН>` и `taxpayerType`. Для IP текущая инструкция также показывает параметр `name`; точные обязательные параметры зафиксировать контрактными тестами.","1. Что можно узнать: 2. Поиск по ИИН; Тип FL/IP/LZCHP/UL, регистрационный тип, дата начала/окончания, причина окончания, налоговый орган; для ИП — наименование/ФИО в объёме ответа.: Да: `taxpayerCode=<ИИН>` и `taxpayerType`. Для IP текущая инструкция также показывает параметр `name`; точные обязательные параметры зафиксировать контрактными тестами.",,,,,CASA_Pro_IIN_Check_Final_Spec_KZ_2026-08-21,2026-08-21,P-03. КГД: поиск налогоплательщика / статус ИП и лица частной практики,SRC-DOC-M02-P-00150,,,,MULTI_LAYER,,,,,Canonicalized from 1 candidate row(s); source text preserved in 10_SOURCE_EXTRACTS.csv.
M02-CAN-0028,m02.current_1_0.product_semantic.b4e93fc3f944c7f4,1.0,CURRENT_1_0,M02,Проверка по ИИН,PRODUCT_SEMANTIC,API,P-03. КГД: поиск налогоплательщика / статус ИП и лица частной практики,"1. Что можно узнать: 3. Публичность; Тип FL/IP/LZCHP/UL, регистрационный тип, дата начала/окончания, причина окончания, налоговый орган; для ИП — наименование/ФИО в объёме ответа.: Официальный информационный/API-сервис КГД.","1. Что можно узнать: 3. Публичность; Тип FL/IP/LZCHP/UL, регистрационный тип, дата начала/окончания, причина окончания, налоговый орган; для ИП — наименование/ФИО в объёме ответа.: Официальный информационный/API-сервис КГД.",,,,,CASA_Pro_IIN_Check_Final_Spec_KZ_2026-08-21,2026-08-21,P-03. КГД: поиск налогоплательщика / статус ИП и лица частной практики,SRC-DOC-M02-P-00151,,,,BACKEND,,,,,Canonicalized from 1 candidate row(s); source text preserved in 10_SOURCE_EXTRACTS.csv.
M02-CAN-0029,m02.current_1_0.security_control.879546e007c3fd0f,1.0,CURRENT_1_0,M02,Проверка по ИИН,SECURITY_CONTROL,CONSENT,P-03. КГД: поиск налогоплательщика / статус ИП и лица частной практики,"1. Что можно узнать: 4. Согласие; Тип FL/IP/LZCHP/UL, регистрационный тип, дата начала/окончания, причина окончания, налоговый орган; для ИП — наименование/ФИО в объёме ответа.: Для CASA — да, предметное; LEGAL_REVIEW_REQUIRED.","1. Что можно узнать: 4. Согласие; Тип FL/IP/LZCHP/UL, регистрационный тип, дата начала/окончания, причина окончания, налоговый орган; для ИП — наименование/ФИО в объёме ответа.: Для CASA — да, предметное; LEGAL_REVIEW_REQUIRED.",,,,,CASA_Pro_IIN_Check_Final_Spec_KZ_2026-08-21,2026-08-21,P-03. КГД: поиск налогоплательщика / статус ИП и лица частной практики,SRC-DOC-M02-P-00152,,,,LEGAL,,,,,Canonicalized from 1 candidate row(s); source text preserved in 10_SOURCE_EXTRACTS.csv.
M02-CAN-0030,m02.current_1_0.product_semantic.e59acb0896eaceb5,1.0,CURRENT_1_0,M02,Проверка по ИИН,PRODUCT_SEMANTIC,API,P-03. КГД: поиск налогоплательщика / статус ИП и лица частной практики,"1. Что можно узнать: 5. Авторизация клиента; Тип FL/IP/LZCHP/UL, регистрационный тип, дата начала/окончания, причина окончания, налоговый орган; для ИП — наименование/ФИО в объёме ответа.: Не указана для API открытого поиска.","1. Что можно узнать: 5. Авторизация клиента; Тип FL/IP/LZCHP/UL, регистрационный тип, дата начала/окончания, причина окончания, налоговый орган; для ИП — наименование/ФИО в объёме ответа.: Не указана для API открытого поиска.",,,,,CASA_Pro_IIN_Check_Final_Spec_KZ_2026-08-21,2026-08-21,P-03. КГД: поиск налогоплательщика / статус ИП и лица частной практики,SRC-DOC-M02-P-00153,,,,BACKEND,,,,,Canonicalized from 1 candidate row(s); source text preserved in 10_SOURCE_EXTRACTS.csv.
M02-CAN-0031,m02.current_1_0.product_semantic.904031df3cde7b97,1.0,CURRENT_1_0,M02,Проверка по ИИН,PRODUCT_SEMANTIC,API,P-03. КГД: поиск налогоплательщика / статус ИП и лица частной практики,"1. Что можно узнать: 6. Договор/API; Тип FL/IP/LZCHP/UL, регистрационный тип, дата начала/окончания, причина окончания, налоговый орган; для ИП — наименование/ФИО в объёме ответа.: X-Portal-Token от администратора КГД по заявке. Отдельный договор в опубликованной инструкции не указан.","1. Что можно узнать: 6. Договор/API; Тип FL/IP/LZCHP/UL, регистрационный тип, дата начала/окончания, причина окончания, налоговый орган; для ИП — наименование/ФИО в объёме ответа.: X-Portal-Token от администратора КГД по заявке. Отдельный договор в опубликованной инструкции не указан.",,,,,CASA_Pro_IIN_Check_Final_Spec_KZ_2026-08-21,2026-08-21,P-03. КГД: поиск налогоплательщика / статус ИП и лица частной практики,SRC-DOC-M02-P-00154,,,,BACKEND,,,,,Canonicalized from 1 candidate row(s); source text preserved in 10_SOURCE_EXTRACTS.csv.
M02-CAN-0032,m02.current_1_0.product_semantic.532b42c48ff3687e,1.0,CURRENT_1_0,M02,Проверка по ИИН,PRODUCT_SEMANTIC,API,P-03. КГД: поиск налогоплательщика / статус ИП и лица частной практики,"1. Что можно узнать: 7. CAPTCHA; Тип FL/IP/LZCHP/UL, регистрационный тип, дата начала/окончания, причина окончания, налоговый орган; для ИП — наименование/ФИО в объёме ответа.: API — нет. Ручной портал может требовать символы/проверку человека; не автоматизировать web.","1. Что можно узнать: 7. CAPTCHA; Тип FL/IP/LZCHP/UL, регистрационный тип, дата начала/окончания, причина окончания, налоговый орган; для ИП — наименование/ФИО в объёме ответа.: API — нет. Ручной портал может требовать символы/проверку человека; не автоматизировать web.",,,,,CASA_Pro_IIN_Check_Final_Spec_KZ_2026-08-21,2026-08-21,P-03. КГД: поиск налогоплательщика / статус ИП и лица частной практики,SRC-DOC-M02-P-00155,,,,BACKEND,,,,,Canonicalized from 1 candidate row(s); source text preserved in 10_SOURCE_EXTRACTS.csv.
M02-CAN-0033,m02.current_1_0.product_semantic.3b3699009fe0c737,1.0,CURRENT_1_0,M02,Проверка по ИИН,PRODUCT_SEMANTIC,API,P-03. КГД: поиск налогоплательщика / статус ИП и лица частной практики,"1. Что можно узнать: 8. Законная автоматизация; Тип FL/IP/LZCHP/UL, регистрационный тип, дата начала/окончания, причина окончания, налоговый орган; для ИП — наименование/ФИО в объёме ответа.: Технически возможна через API после токена и legal approval.","1. Что можно узнать: 8. Законная автоматизация; Тип FL/IP/LZCHP/UL, регистрационный тип, дата начала/окончания, причина окончания, налоговый орган; для ИП — наименование/ФИО в объёме ответа.: Технически возможна через API после токена и legal approval.",,,,,CASA_Pro_IIN_Check_Final_Spec_KZ_2026-08-21,2026-08-21,P-03. КГД: поиск налогоплательщика / статус ИП и лица частной практики,SRC-DOC-M02-P-00156,,,,BACKEND|LEGAL,,,,,Canonicalized from 1 candidate row(s); source text preserved in 10_SOURCE_EXTRACTS.csv.
M02-CAN-0034,m02.current_1_0.product_semantic.b507d0321ac3574c,1.0,CURRENT_1_0,M02,Проверка по ИИН,PRODUCT_SEMANTIC,VALIDATION,P-03. КГД: поиск налогоплательщика / статус ИП и лица частной практики,"1. Что можно узнать: 9. Только ручная проверка; Тип FL/IP/LZCHP/UL, регистрационный тип, дата начала/окончания, причина окончания, налоговый орган; для ИП — наименование/ФИО в объёме ответа.: До получения токена — MANUAL_CHECK_REQUIRED на официальном портале.","1. Что можно узнать: 9. Только ручная проверка; Тип FL/IP/LZCHP/UL, регистрационный тип, дата начала/окончания, причина окончания, налоговый орган; для ИП — наименование/ФИО в объёме ответа.: До получения токена — MANUAL_CHECK_REQUIRED на официальном портале.",,,,,CASA_Pro_IIN_Check_Final_Spec_KZ_2026-08-21,2026-08-21,P-03. КГД: поиск налогоплательщика / статус ИП и лица частной практики,SRC-DOC-M02-P-00157,,,,MULTI_LAYER,,,,,Canonicalized from 1 candidate row(s); source text preserved in 10_SOURCE_EXTRACTS.csv.
M02-CAN-0035,m02.current_1_0.ux_requirement.f2b7ed0ae20ad70c,1.0,CURRENT_1_0,M02,Проверка по ИИН,UX_REQUIREMENT,UI,P-03. КГД: поиск налогоплательщика / статус ИП и лица частной практики,"1. Что можно узнать: 10. Что сохранять; Тип FL/IP/LZCHP/UL, регистрационный тип, дата начала/окончания, причина окончания, налоговый орган; для ИП — наименование/ФИО в объёме ответа.: `taxpayer_type`, `registration_type`, begin/end, end reason, tax org code, response UID, source time. ФИО хранить только при необходимости идентификации.","1. Что можно узнать: 10. Что сохранять; Тип FL/IP/LZCHP/UL, регистрационный тип, дата начала/окончания, причина окончания, налоговый орган; для ИП — наименование/ФИО в объёме ответа.: `taxpayer_type`, `registration_type`, begin/end, end reason, tax org code, response UID, source time. ФИО хранить только при необходимости идентификации.",,,,,CASA_Pro_IIN_Check_Final_Spec_KZ_2026-08-21,2026-08-21,P-03. КГД: поиск налогоплательщика / статус ИП и лица частной практики,SRC-DOC-M02-P-00158,,,,FRONTEND,,,,,Canonicalized from 1 candidate row(s); source text preserved in 10_SOURCE_EXTRACTS.csv.
M02-CAN-0036,m02.current_1_0.product_semantic.05e15b2d6f75834a,1.0,CURRENT_1_0,M02,Проверка по ИИН,PRODUCT_SEMANTIC,BUSINESS_RULE,P-03. КГД: поиск налогоплательщика / статус ИП и лица частной практики,"1. Что можно узнать: 11. Срок актуальности; Тип FL/IP/LZCHP/UL, регистрационный тип, дата начала/окончания, причина окончания, налоговый орган; для ИП — наименование/ФИО в объёме ответа.: CASA policy: 7 дней.","1. Что можно узнать: 11. Срок актуальности; Тип FL/IP/LZCHP/UL, регистрационный тип, дата начала/окончания, причина окончания, налоговый орган; для ИП — наименование/ФИО в объёме ответа.: CASA policy: 7 дней.",,,,,CASA_Pro_IIN_Check_Final_Spec_KZ_2026-08-21,2026-08-21,P-03. КГД: поиск налогоплательщика / статус ИП и лица частной практики,SRC-DOC-M02-P-00159,,,,MULTI_LAYER,,,,,Canonicalized from 1 candidate row(s); source text preserved in 10_SOURCE_EXTRACTS.csv.
M02-CAN-0037,m02.current_1_0.product_semantic.69fde5fcd3afd323,1.0,CURRENT_1_0,M02,Проверка по ИИН,PRODUCT_SEMANTIC,BUSINESS_RULE,P-03. КГД: поиск налогоплательщика / статус ИП и лица частной практики,"1. Что можно узнать: 14. Юрист; Тип FL/IP/LZCHP/UL, регистрационный тип, дата начала/окончания, причина окончания, налоговый орган; для ИП — наименование/ФИО в объёме ответа.: Подтвердить purpose, набор типов запросов, terms/token conditions, хранение наименования ИП и допустимость автоматического повторного запроса.","1. Что можно узнать: 14. Юрист; Тип FL/IP/LZCHP/UL, регистрационный тип, дата начала/окончания, причина окончания, налоговый орган; для ИП — наименование/ФИО в объёме ответа.: Подтвердить purpose, набор типов запросов, terms/token conditions, хранение наименования ИП и допустимость автоматического повторного запроса.",,,,,CASA_Pro_IIN_Check_Final_Spec_KZ_2026-08-21,2026-08-21,P-03. КГД: поиск налогоплательщика / статус ИП и лица частной практики,SRC-DOC-M02-P-00162,,,,MULTI_LAYER,,,,,Canonicalized from 1 candidate row(s); source text preserved in 10_SOURCE_EXTRACTS.csv.
M02-CAN-0038,m02.current_1_0.product_semantic.aace8b1afbb6922e,1.0,CURRENT_1_0,M02,Проверка по ИИН,PRODUCT_SEMANTIC,VALIDATION,P-04. КГД: «Сведения по контрагентам (Открытые данные)» для клиента-ИП,"Официальные источники, проверено 21.08.2026: [S11], [S30].","Официальные источники, проверено 21.08.2026: [S11], [S30].",,,,,CASA_Pro_IIN_Check_Final_Spec_KZ_2026-08-21,2026-08-21,P-04. КГД: «Сведения по контрагентам (Открытые данные)» для клиента-ИП,SRC-DOC-M02-P-00164,,,,MULTI_LAYER,,,,,Canonicalized from 1 candidate row(s); source text preserved in 10_SOURCE_EXTRACTS.csv.
M02-CAN-0039,m02.current_1_0.product_semantic.3340105034368e1c,1.0,CURRENT_1_0,M02,Проверка по ИИН,PRODUCT_SEMANTIC,API,P-04. КГД: «Сведения по контрагентам (Открытые данные)» для клиента-ИП,"1. Что можно узнать: 2. Поиск по ИИН; Дата/вид регистрации, резидентство, ОКЭД, НДС, налоговый режим, invalid/inactive/address absent, ограничения ЭСФ, bankruptcy indicator, tax debt и статистику работников/налогов/КНН по годам.: Да: API принимает `xin` (ИИН/БИН).","1. Что можно узнать: 2. Поиск по ИИН; Дата/вид регистрации, резидентство, ОКЭД, НДС, налоговый режим, invalid/inactive/address absent, ограничения ЭСФ, bankruptcy indicator, tax debt и статистику работников/налогов/КНН по годам.: Да: API принимает `xin` (ИИН/БИН).",,,,,CASA_Pro_IIN_Check_Final_Spec_KZ_2026-08-21,2026-08-21,P-04. КГД: «Сведения по контрагентам (Открытые данные)» для клиента-ИП,SRC-DOC-M02-P-00166,,,,BACKEND,,,,,Canonicalized from 1 candidate row(s); source text preserved in 10_SOURCE_EXTRACTS.csv.
M02-CAN-0040,m02.current_1_0.security_control.c8f9f3fc580342aa,1.0,CURRENT_1_0,M02,Проверка по ИИН,SECURITY_CONTROL,CONSENT,P-04. КГД: «Сведения по контрагентам (Открытые данные)» для клиента-ИП,"1. Что можно узнать: 4. Согласие; Дата/вид регистрации, резидентство, ОКЭД, НДС, налоговый режим, invalid/inactive/address absent, ограничения ЭСФ, bankruptcy indicator, tax debt и статистику работников/налогов/КНН по годам.: Для CASA — да. Публичность не отменяет purpose/minimization; LEGAL_REVIEW_REQUIRED.","1. Что можно узнать: 4. Согласие; Дата/вид регистрации, резидентство, ОКЭД, НДС, налоговый режим, invalid/inactive/address absent, ограничения ЭСФ, bankruptcy indicator, tax debt и статистику работников/налогов/КНН по годам.: Для CASA — да. Публичность не отменяет purpose/minimization; LEGAL_REVIEW_REQUIRED.",,,,,CASA_Pro_IIN_Check_Final_Spec_KZ_2026-08-21,2026-08-21,P-04. КГД: «Сведения по контрагентам (Открытые данные)» для клиента-ИП,SRC-DOC-M02-P-00168,,,,LEGAL,,,,,Canonicalized from 1 candidate row(s); source text preserved in 10_SOURCE_EXTRACTS.csv.
M02-CAN-0041,m02.current_1_0.product_semantic.20192238af7558f2,1.0,CURRENT_1_0,M02,Проверка по ИИН,PRODUCT_SEMANTIC,API,P-04. КГД: «Сведения по контрагентам (Открытые данные)» для клиента-ИП,"1. Что можно узнать: 5. Авторизация клиента; Дата/вид регистрации, резидентство, ОКЭД, НДС, налоговый режим, invalid/inactive/address absent, ограничения ЭСФ, bankruptcy indicator, tax debt и статистику работников/налогов/КНН по годам.: В API не указана.","1. Что можно узнать: 5. Авторизация клиента; Дата/вид регистрации, резидентство, ОКЭД, НДС, налоговый режим, invalid/inactive/address absent, ограничения ЭСФ, bankruptcy indicator, tax debt и статистику работников/налогов/КНН по годам.: В API не указана.",,,,,CASA_Pro_IIN_Check_Final_Spec_KZ_2026-08-21,2026-08-21,P-04. КГД: «Сведения по контрагентам (Открытые данные)» для клиента-ИП,SRC-DOC-M02-P-00169,,,,BACKEND,,,,,Canonicalized from 1 candidate row(s); source text preserved in 10_SOURCE_EXTRACTS.csv.
M02-CAN-0042,m02.current_1_0.product_semantic.9126a6ad5355021c,1.0,CURRENT_1_0,M02,Проверка по ИИН,PRODUCT_SEMANTIC,API,P-04. КГД: «Сведения по контрагентам (Открытые данные)» для клиента-ИП,"1. Что можно узнать: 6. Договор/API; Дата/вид регистрации, резидентство, ОКЭД, НДС, налоговый режим, invalid/inactive/address absent, ограничения ЭСФ, bankruptcy indicator, tax debt и статистику работников/налогов/КНН по годам.: X-Portal-Token по заявке; договор отдельно не опубликован.","1. Что можно узнать: 6. Договор/API; Дата/вид регистрации, резидентство, ОКЭД, НДС, налоговый режим, invalid/inactive/address absent, ограничения ЭСФ, bankruptcy indicator, tax debt и статистику работников/налогов/КНН по годам.: X-Portal-Token по заявке; договор отдельно не опубликован.",,,,,CASA_Pro_IIN_Check_Final_Spec_KZ_2026-08-21,2026-08-21,P-04. КГД: «Сведения по контрагентам (Открытые данные)» для клиента-ИП,SRC-DOC-M02-P-00170,,,,BACKEND,,,,,Canonicalized from 1 candidate row(s); source text preserved in 10_SOURCE_EXTRACTS.csv.
M02-CAN-0043,m02.current_1_0.product_semantic.d47d612dd9f34c32,1.0,CURRENT_1_0,M02,Проверка по ИИН,PRODUCT_SEMANTIC,API,P-04. КГД: «Сведения по контрагентам (Открытые данные)» для клиента-ИП,"1. Что можно узнать: 7. CAPTCHA; Дата/вид регистрации, резидентство, ОКЭД, НДС, налоговый режим, invalid/inactive/address absent, ограничения ЭСФ, bankruptcy indicator, tax debt и статистику работников/налогов/КНН по годам.: API — нет; режим web не автоматизировать независимо от интерфейса.","1. Что можно узнать: 7. CAPTCHA; Дата/вид регистрации, резидентство, ОКЭД, НДС, налоговый режим, invalid/inactive/address absent, ограничения ЭСФ, bankruptcy indicator, tax debt и статистику работников/налогов/КНН по годам.: API — нет; режим web не автоматизировать независимо от интерфейса.",,,,,CASA_Pro_IIN_Check_Final_Spec_KZ_2026-08-21,2026-08-21,P-04. КГД: «Сведения по контрагентам (Открытые данные)» для клиента-ИП,SRC-DOC-M02-P-00171,,,,BACKEND,,,,,Canonicalized from 1 candidate row(s); source text preserved in 10_SOURCE_EXTRACTS.csv.
M02-CAN-0044,m02.current_1_0.product_semantic.5e65c01d3f000bed,1.0,CURRENT_1_0,M02,Проверка по ИИН,PRODUCT_SEMANTIC,VALIDATION,P-04. КГД: «Сведения по контрагентам (Открытые данные)» для клиента-ИП,"1. Что можно узнать: 9. Только ручная проверка; Дата/вид регистрации, резидентство, ОКЭД, НДС, налоговый режим, invalid/inactive/address absent, ограничения ЭСФ, bankruptcy indicator, tax debt и статистику работников/налогов/КНН по годам.: Официальная страница КГД доступна как fallback.","1. Что можно узнать: 9. Только ручная проверка; Дата/вид регистрации, резидентство, ОКЭД, НДС, налоговый режим, invalid/inactive/address absent, ограничения ЭСФ, bankruptcy indicator, tax debt и статистику работников/налогов/КНН по годам.: Официальная страница КГД доступна как fallback.",,,,,CASA_Pro_IIN_Check_Final_Spec_KZ_2026-08-21,2026-08-21,P-04. КГД: «Сведения по контрагентам (Открытые данные)» для клиента-ИП,SRC-DOC-M02-P-00173,,,,MULTI_LAYER,,,,,Canonicalized from 1 candidate row(s); source text preserved in 10_SOURCE_EXTRACTS.csv.
M02-CAN-0045,m02.current_1_0.security_control.9cfbfe5172bff094,1.0,CURRENT_1_0,M02,Проверка по ИИН,SECURITY_CONTROL,CONSENT,P-04. КГД: «Сведения по контрагентам (Открытые данные)» для клиента-ИП,"1. Что можно узнать: 10. Что сохранять; Дата/вид регистрации, резидентство, ОКЭД, НДС, налоговый режим, invalid/inactive/address absent, ограничения ЭСФ, bankruptcy indicator, tax debt и статистику работников/налогов/КНН по годам.: Allowlist: actuality, registration, ОКЭД, tax mode, status indicators, aggregate debt. Workers/tax/statistics — только отдельная цель `business_income_corroboration` и отдельное согласие.","1. Что можно узнать: 10. Что сохранять; Дата/вид регистрации, резидентство, ОКЭД, НДС, налоговый режим, invalid/inactive/address absent, ограничения ЭСФ, bankruptcy indicator, tax debt и статистику работников/налогов/КНН по годам.: Allowlist: actuality, registration, ОКЭД, tax mode, status indicators, aggregate debt. Workers/tax/statistics — только отдельная цель `business_income_corroboration` и отдельное согласие.",,,,,CASA_Pro_IIN_Check_Final_Spec_KZ_2026-08-21,2026-08-21,P-04. КГД: «Сведения по контрагентам (Открытые данные)» для клиента-ИП,SRC-DOC-M02-P-00174,,,,LEGAL,,,,,Canonicalized from 1 candidate row(s); source text preserved in 10_SOURCE_EXTRACTS.csv.
M02-CAN-0046,m02.current_1_0.product_semantic.a4f80b7449e9b9a2,1.0,CURRENT_1_0,M02,Проверка по ИИН,PRODUCT_SEMANTIC,VALIDATION,P-04. КГД: «Сведения по контрагентам (Открытые данные)» для клиента-ИП,"1. Что можно узнать: 11. Срок актуальности; Дата/вид регистрации, резидентство, ОКЭД, НДС, налоговый режим, invalid/inactive/address absent, ограничения ЭСФ, bankruptcy indicator, tax debt и статистику работников/налогов/КНН по годам.: 7 дней для профиля; 24 часа для debt-поля; использовать `actuality` из ответа.","1. Что можно узнать: 11. Срок актуальности; Дата/вид регистрации, резидентство, ОКЭД, НДС, налоговый режим, invalid/inactive/address absent, ограничения ЭСФ, bankruptcy indicator, tax debt и статистику работников/налогов/КНН по годам.: 7 дней для профиля; 24 часа для debt-поля; использовать `actuality` из ответа.",,,,,CASA_Pro_IIN_Check_Final_Spec_KZ_2026-08-21,2026-08-21,P-04. КГД: «Сведения по контрагентам (Открытые данные)» для клиента-ИП,SRC-DOC-M02-P-00175,,,,MULTI_LAYER,,,,,Canonicalized from 1 candidate row(s); source text preserved in 10_SOURCE_EXTRACTS.csv.
M02-CAN-0047,m02.current_1_0.product_semantic.5f0789ff8a5731a2,1.0,CURRENT_1_0,M02,Проверка по ИИН,PRODUCT_SEMANTIC,VALIDATION,P-04. КГД: «Сведения по контрагентам (Открытые данные)» для клиента-ИП,"1. Что можно узнать: 13. Влияние; Дата/вид регистрации, резидентство, ОКЭД, НДС, налоговый режим, invalid/inactive/address absent, ограничения ЭСФ, bankruptcy indicator, tax debt и статистику работников/налогов/КНН по годам.: Контекстный факт для самозанятого/ИП; не подмена ЕНПФ, декларации или банковской проверки дохода.","1. Что можно узнать: 13. Влияние; Дата/вид регистрации, резидентство, ОКЭД, НДС, налоговый режим, invalid/inactive/address absent, ограничения ЭСФ, bankruptcy indicator, tax debt и статистику работников/налогов/КНН по годам.: Контекстный факт для самозанятого/ИП; не подмена ЕНПФ, декларации или банковской проверки дохода.",,,,,CASA_Pro_IIN_Check_Final_Spec_KZ_2026-08-21,2026-08-21,P-04. КГД: «Сведения по контрагентам (Открытые данные)» для клиента-ИП,SRC-DOC-M02-P-00177,,,,MULTI_LAYER,,,,,Canonicalized from 1 candidate row(s); source text preserved in 10_SOURCE_EXTRACTS.csv.
M02-CAN-0048,m02.current_1_0.product_semantic.1e4f96b8f450aa0a,1.0,CURRENT_1_0,M02,Проверка по ИИН,PRODUCT_SEMANTIC,VALIDATION,P-04. КГД: «Сведения по контрагентам (Открытые данные)» для клиента-ИП,"1. Что можно узнать: 14. Юрист; Дата/вид регистрации, резидентство, ОКЭД, НДС, налоговый режим, invalid/inactive/address absent, ограничения ЭСФ, bankruptcy indicator, tax debt и статистику работников/налогов/КНН по годам.: Коммерческое использование открытых данных, соразмерность статистики работников/налогов, повторное использование ИИН, retention и логика adverse signals.","1. Что можно узнать: 14. Юрист; Дата/вид регистрации, резидентство, ОКЭД, НДС, налоговый режим, invalid/inactive/address absent, ограничения ЭСФ, bankruptcy indicator, tax debt и статистику работников/налогов/КНН по годам.: Коммерческое использование открытых данных, соразмерность статистики работников/налогов, повторное использование ИИН, retention и логика adverse signals.",,,,,CASA_Pro_IIN_Check_Final_Spec_KZ_2026-08-21,2026-08-21,P-04. КГД: «Сведения по контрагентам (Открытые данные)» для клиента-ИП,SRC-DOC-M02-P-00178,,,,MULTI_LAYER,,,,,Canonicalized from 1 candidate row(s); source text preserved in 10_SOURCE_EXTRACTS.csv.
M02-CAN-0049,m02.current_1_0.product_semantic.86ac9a11faa93696,1.0,CURRENT_1_0,M02,Проверка по ИИН,PRODUCT_SEMANTIC,VALIDATION,P-05. КГД/eGov: налоговая задолженность,"Официальные источники, проверено 21.08.2026: [S12], [S13], [S32].","Официальные источники, проверено 21.08.2026: [S12], [S13], [S32].",,,,,CASA_Pro_IIN_Check_Final_Spec_KZ_2026-08-21,2026-08-21,P-05. КГД/eGov: налоговая задолженность,SRC-DOC-M02-P-00180,,,,MULTI_LAYER,,,,,Canonicalized from 1 candidate row(s); source text preserved in 10_SOURCE_EXTRACTS.csv.
M02-CAN-0050,m02.current_1_0.product_semantic.d7c6e23af4a3e379,1.0,CURRENT_1_0,M02,Проверка по ИИН,PRODUCT_SEMANTIC,API,P-05. КГД/eGov: налоговая задолженность,"1. Что можно узнать: 2. Поиск по ИИН; Агрегированную задолженность, налоговую часть, ОПВ/социальные/ОСМС-компоненты и дату расчёта; eGov может выдать официальную справку.: Ручной сервис — да. Документированный API требует `taxpayerCode=<ИИН/БИН>` и `personalAccountToken`; одного ИИН недостаточно.","1. Что можно узнать: 2. Поиск по ИИН; Агрегированную задолженность, налоговую часть, ОПВ/социальные/ОСМС-компоненты и дату расчёта; eGov может выдать официальную справку.: Ручной сервис — да. Документированный API требует `taxpayerCode=<ИИН/БИН>` и `personalAccountToken`; одного ИИН недостаточно.",,,,,CASA_Pro_IIN_Check_Final_Spec_KZ_2026-08-21,2026-08-21,P-05. КГД/eGov: налоговая задолженность,SRC-DOC-M02-P-00182,,,,BACKEND,,,,,Canonicalized from 1 candidate row(s); source text preserved in 10_SOURCE_EXTRACTS.csv.
M02-CAN-0051,m02.current_1_0.product_semantic.46b42a0c08d505c0,1.0,CURRENT_1_0,M02,Проверка по ИИН,PRODUCT_SEMANTIC,API,P-05. КГД/eGov: налоговая задолженность,"1. Что можно узнать: 6. Договор/API; Агрегированную задолженность, налоговую часть, ОПВ/социальные/ОСМС-компоненты и дату расчёта; eGov может выдать официальную справку.: X-Portal-Token и personalAccountToken указаны; договор отдельно не подтверждён. Direct integration — только после официального approval.","1. Что можно узнать: 6. Договор/API; Агрегированную задолженность, налоговую часть, ОПВ/социальные/ОСМС-компоненты и дату расчёта; eGov может выдать официальную справку.: X-Portal-Token и personalAccountToken указаны; договор отдельно не подтверждён. Direct integration — только после официального approval.",,,,,CASA_Pro_IIN_Check_Final_Spec_KZ_2026-08-21,2026-08-21,P-05. КГД/eGov: налоговая задолженность,SRC-DOC-M02-P-00186,,,,BACKEND,,,,,Canonicalized from 1 candidate row(s); source text preserved in 10_SOURCE_EXTRACTS.csv.
M02-CAN-0052,m02.current_1_0.product_semantic.a5e5949c5dc9609a,1.0,CURRENT_1_0,M02,Проверка по ИИН,PRODUCT_SEMANTIC,CALCULATION,P-05. КГД/eGov: налоговая задолженность,"1. Что можно узнать: 7. CAPTCHA; Агрегированную задолженность, налоговую часть, ОПВ/социальные/ОСМС-компоненты и дату расчёта; eGov может выдать официальную справку.: Ручной KGD-поиск использует «Я не робот». eGov third-party — транзакционное подтверждение, CAPTCHA не заявлена.","1. Что можно узнать: 7. CAPTCHA; Агрегированную задолженность, налоговую часть, ОПВ/социальные/ОСМС-компоненты и дату расчёта; eGov может выдать официальную справку.: Ручной KGD-поиск использует «Я не робот». eGov third-party — транзакционное подтверждение, CAPTCHA не заявлена.",,,,,CASA_Pro_IIN_Check_Final_Spec_KZ_2026-08-21,2026-08-21,P-05. КГД/eGov: налоговая задолженность,SRC-DOC-M02-P-00187,,,,MULTI_LAYER,,,,,Canonicalized from 1 candidate row(s); source text preserved in 10_SOURCE_EXTRACTS.csv.
M02-CAN-0053,m02.current_1_0.product_semantic.8ba3701b5b23b123,1.0,CURRENT_1_0,M02,Проверка по ИИН,PRODUCT_SEMANTIC,CALCULATION,P-05. КГД/eGov: налоговая задолженность,"1. Что можно узнать: 8. Законная автоматизация; Агрегированную задолженность, налоговую часть, ОПВ/социальные/ОСМС-компоненты и дату расчёта; eGov может выдать официальную справку.: Не подтверждена по одному ИИН. CASA не хранит и не переиспользует personalAccountToken. MANUAL_CHECK_REQUIRED/CLIENT_AUTH_REQUIRED.","1. Что можно узнать: 8. Законная автоматизация; Агрегированную задолженность, налоговую часть, ОПВ/социальные/ОСМС-компоненты и дату расчёта; eGov может выдать официальную справку.: Не подтверждена по одному ИИН. CASA не хранит и не переиспользует personalAccountToken. MANUAL_CHECK_REQUIRED/CLIENT_AUTH_REQUIRED.",,,,,CASA_Pro_IIN_Check_Final_Spec_KZ_2026-08-21,2026-08-21,P-05. КГД/eGov: налоговая задолженность,SRC-DOC-M02-P-00188,,,,MULTI_LAYER,,,,,Canonicalized from 1 candidate row(s); source text preserved in 10_SOURCE_EXTRACTS.csv.
M02-CAN-0054,m02.current_1_0.security_control.fb6ba2c5524e1630,1.0,CURRENT_1_0,M02,Проверка по ИИН,SECURITY_CONTROL,CONSENT,P-05. КГД/eGov: налоговая задолженность,"1. Что можно узнать: 9. Только ручная проверка; Агрегированную задолженность, налоговую часть, ОПВ/социальные/ОСМС-компоненты и дату расчёта; eGov может выдать официальную справку.: Предпочтительно: официальный eGov third-party request с согласием клиента; альтернативно ручной KGD с CAPTCHA.","1. Что можно узнать: 9. Только ручная проверка; Агрегированную задолженность, налоговую часть, ОПВ/социальные/ОСМС-компоненты и дату расчёта; eGov может выдать официальную справку.: Предпочтительно: официальный eGov third-party request с согласием клиента; альтернативно ручной KGD с CAPTCHA.",,,,,CASA_Pro_IIN_Check_Final_Spec_KZ_2026-08-21,2026-08-21,P-05. КГД/eGov: налоговая задолженность,SRC-DOC-M02-P-00189,,,,LEGAL,,,,,Canonicalized from 1 candidate row(s); source text preserved in 10_SOURCE_EXTRACTS.csv.
M02-CAN-0055,m02.current_1_0.product_semantic.4e98cf4806c35f63,1.0,CURRENT_1_0,M02,Проверка по ИИН,PRODUCT_SEMANTIC,CALCULATION,P-05. КГД/eGov: налоговая задолженность,"1. Что можно узнать: 10. Что сохранять; Агрегированную задолженность, налоговую часть, ОПВ/социальные/ОСМС-компоненты и дату расчёта; eGov может выдать официальную справку.: Агрегаты, `reportAcrualDate`, request/certificate ref, checked_at, evidence hash. Детализацию КБК — только если действительно нужна.","1. Что можно узнать: 10. Что сохранять; Агрегированную задолженность, налоговую часть, ОПВ/социальные/ОСМС-компоненты и дату расчёта; eGov может выдать официальную справку.: Агрегаты, `reportAcrualDate`, request/certificate ref, checked_at, evidence hash. Детализацию КБК — только если действительно нужна.",,,,,CASA_Pro_IIN_Check_Final_Spec_KZ_2026-08-21,2026-08-21,P-05. КГД/eGov: налоговая задолженность,SRC-DOC-M02-P-00190,,,,MULTI_LAYER,,,,,Canonicalized from 1 candidate row(s); source text preserved in 10_SOURCE_EXTRACTS.csv.
M02-CAN-0056,m02.current_1_0.product_semantic.5d8cfe813985250c,1.0,CURRENT_1_0,M02,Проверка по ИИН,PRODUCT_SEMANTIC,CALCULATION,P-05. КГД/eGov: налоговая задолженность,"1. Что можно узнать: 11. Срок актуальности; Агрегированную задолженность, налоговую часть, ОПВ/социальные/ОСМС-компоненты и дату расчёта; eGov может выдать официальную справку.: CASA policy: 24 часа; после погашения — новая проверка.","1. Что можно узнать: 11. Срок актуальности; Агрегированную задолженность, налоговую часть, ОПВ/социальные/ОСМС-компоненты и дату расчёта; eGov может выдать официальную справку.: CASA policy: 24 часа; после погашения — новая проверка.",,,,,CASA_Pro_IIN_Check_Final_Spec_KZ_2026-08-21,2026-08-21,P-05. КГД/eGov: налоговая задолженность,SRC-DOC-M02-P-00191,,,,MULTI_LAYER,,,,,Canonicalized from 1 candidate row(s); source text preserved in 10_SOURCE_EXTRACTS.csv.
M02-CAN-0057,m02.current_1_0.product_semantic.bcfb51dc8a16452f,1.0,CURRENT_1_0,M02,Проверка по ИИН,PRODUCT_SEMANTIC,API,P-05. КГД/eGov: налоговая задолженность,"1. Что можно узнать: 12. Недоступность; Агрегированную задолженность, налоговую часть, ОПВ/социальные/ОСМС-компоненты и дату расчёта; eGov может выдать официальную справку.: Истёкшие 2 часа → `CONSENT_EXPIRED`, не source error. API 403/404/500 → access/unavailable, не нулевая задолженность.","1. Что можно узнать: 12. Недоступность; Агрегированную задолженность, налоговую часть, ОПВ/социальные/ОСМС-компоненты и дату расчёта; eGov может выдать официальную справку.: Истёкшие 2 часа → `CONSENT_EXPIRED`, не source error. API 403/404/500 → access/unavailable, не нулевая задолженность.",,,,,CASA_Pro_IIN_Check_Final_Spec_KZ_2026-08-21,2026-08-21,P-05. КГД/eGov: налоговая задолженность,SRC-DOC-M02-P-00192,,,,BACKEND|LEGAL,,,,,Canonicalized from 1 candidate row(s); source text preserved in 10_SOURCE_EXTRACTS.csv.
M02-CAN-0058,m02.current_1_0.security_control.592b84102132924f,1.0,CURRENT_1_0,M02,Проверка по ИИН,SECURITY_CONTROL,CONSENT,P-05. КГД/eGov: налоговая задолженность,"1. Что можно узнать: 14. Юрист; Агрегированную задолженность, налоговую часть, ОПВ/социальные/ОСМС-компоненты и дату расчёта; eGov может выдать официальную справку.: Достаточность CASA consent vs КДП, право риелтора быть third party, запрет хранения personalAccountToken, детальность КБК, срок справки/evidence.","1. Что можно узнать: 14. Юрист; Агрегированную задолженность, налоговую часть, ОПВ/социальные/ОСМС-компоненты и дату расчёта; eGov может выдать официальную справку.: Достаточность CASA consent vs КДП, право риелтора быть third party, запрет хранения personalAccountToken, детальность КБК, срок справки/evidence.",,,,,CASA_Pro_IIN_Check_Final_Spec_KZ_2026-08-21,2026-08-21,P-05. КГД/eGov: налоговая задолженность,SRC-DOC-M02-P-00194,,,,LEGAL,,,,,Canonicalized from 1 candidate row(s); source text preserved in 10_SOURCE_EXTRACTS.csv.
M02-CAN-0059,m02.current_1_0.product_semantic.816d54ce97b81041,1.0,CURRENT_1_0,M02,Проверка по ИИН,PRODUCT_SEMANTIC,VALIDATION,P-06. КГД: внесудебное/судебное банкротство и восстановление платёжеспособности,"Официальные источники, проверено 21.08.2026: [S14], [S15], [S16], [S17].","Официальные источники, проверено 21.08.2026: [S14], [S15], [S16], [S17].",,,,,CASA_Pro_IIN_Check_Final_Spec_KZ_2026-08-21,2026-08-21,P-06. КГД: внесудебное/судебное банкротство и восстановление платёжеспособности,SRC-DOC-M02-P-00196,,,,MULTI_LAYER,,,,,Canonicalized from 1 candidate row(s); source text preserved in 10_SOURCE_EXTRACTS.csv.
M02-CAN-0060,m02.current_1_0.product_semantic.eabfdc6b30c64733,1.0,CURRENT_1_0,M02,Проверка по ИИН,PRODUCT_SEMANTIC,API,P-06. КГД: внесудебное/судебное банкротство и восстановление платёжеспособности,"1. Что можно узнать: 2. Поиск по ИИН; Процедуру, заявление/номер, статус гражданина, даты подачи/начала/решения/завершения, причины прекращения и `lastModificationDate`.: Записи содержат ИИН, но опубликованные API документированы как пагинированные списки. Входного фильтра `iin` в инструкции не подтверждено.","1. Что можно узнать: 2. Поиск по ИИН; Процедуру, заявление/номер, статус гражданина, даты подачи/начала/решения/завершения, причины прекращения и `lastModificationDate`.: Записи содержат ИИН, но опубликованные API документированы как пагинированные списки. Входного фильтра `iin` в инструкции не подтверждено.",,,,,CASA_Pro_IIN_Check_Final_Spec_KZ_2026-08-21,2026-08-21,P-06. КГД: внесудебное/судебное банкротство и восстановление платёжеспособности,SRC-DOC-M02-P-00198,,,,BACKEND,,,,,Canonicalized from 1 candidate row(s); source text preserved in 10_SOURCE_EXTRACTS.csv.
M02-CAN-0061,m02.current_1_0.product_semantic.028f8fa9fe0fd68c,1.0,CURRENT_1_0,M02,Проверка по ИИН,PRODUCT_SEMANTIC,API,P-06. КГД: внесудебное/судебное банкротство и восстановление платёжеспособности,"1. Что можно узнать: 3. Публичность; Процедуру, заявление/номер, статус гражданина, даты подачи/начала/решения/завершения, причины прекращения и `lastModificationDate`.: КГД публикует центральные списки граждан и официальные API списков.","1. Что можно узнать: 3. Публичность; Процедуру, заявление/номер, статус гражданина, даты подачи/начала/решения/завершения, причины прекращения и `lastModificationDate`.: КГД публикует центральные списки граждан и официальные API списков.",,,,,CASA_Pro_IIN_Check_Final_Spec_KZ_2026-08-21,2026-08-21,P-06. КГД: внесудебное/судебное банкротство и восстановление платёжеспособности,SRC-DOC-M02-P-00199,,,,BACKEND,,,,,Canonicalized from 1 candidate row(s); source text preserved in 10_SOURCE_EXTRACTS.csv.
M02-CAN-0062,m02.current_1_0.security_control.ae980fbce3932e6c,1.0,CURRENT_1_0,M02,Проверка по ИИН,SECURITY_CONTROL,CONSENT,P-06. КГД: внесудебное/судебное банкротство и восстановление платёжеспособности,"1. Что можно узнать: 4. Согласие; Процедуру, заявление/номер, статус гражданина, даты подачи/начала/решения/завершения, причины прекращения и `lastModificationDate`.: Для CASA — да; LEGAL_REVIEW_REQUIRED, несмотря на публичные списки.","1. Что можно узнать: 4. Согласие; Процедуру, заявление/номер, статус гражданина, даты подачи/начала/решения/завершения, причины прекращения и `lastModificationDate`.: Для CASA — да; LEGAL_REVIEW_REQUIRED, несмотря на публичные списки.",,,,,CASA_Pro_IIN_Check_Final_Spec_KZ_2026-08-21,2026-08-21,P-06. КГД: внесудебное/судебное банкротство и восстановление платёжеспособности,SRC-DOC-M02-P-00200,,,,LEGAL,,,,,Canonicalized from 1 candidate row(s); source text preserved in 10_SOURCE_EXTRACTS.csv.
M02-CAN-0063,m02.current_1_0.product_semantic.dcf3e7fb02bbb0a6,1.0,CURRENT_1_0,M02,Проверка по ИИН,PRODUCT_SEMANTIC,API,P-06. КГД: внесудебное/судебное банкротство и восстановление платёжеспособности,"1. Что можно узнать: 5. Авторизация клиента; Процедуру, заявление/номер, статус гражданина, даты подачи/начала/решения/завершения, причины прекращения и `lastModificationDate`.: Не указана для публичных списков/API.","1. Что можно узнать: 5. Авторизация клиента; Процедуру, заявление/номер, статус гражданина, даты подачи/начала/решения/завершения, причины прекращения и `lastModificationDate`.: Не указана для публичных списков/API.",,,,,CASA_Pro_IIN_Check_Final_Spec_KZ_2026-08-21,2026-08-21,P-06. КГД: внесудебное/судебное банкротство и восстановление платёжеспособности,SRC-DOC-M02-P-00201,,,,BACKEND,,,,,Canonicalized from 1 candidate row(s); source text preserved in 10_SOURCE_EXTRACTS.csv.
M02-CAN-0064,m02.current_1_0.product_semantic.4621f9dbba4ba71c,1.0,CURRENT_1_0,M02,Проверка по ИИН,PRODUCT_SEMANTIC,API,P-06. КГД: внесудебное/судебное банкротство и восстановление платёжеспособности,"1. Что можно узнать: 6. Договор/API; Процедуру, заявление/номер, статус гражданина, даты подачи/начала/решения/завершения, причины прекращения и `lastModificationDate`.: X-Portal-Token от КГД; отдельный договор не опубликован.","1. Что можно узнать: 6. Договор/API; Процедуру, заявление/номер, статус гражданина, даты подачи/начала/решения/завершения, причины прекращения и `lastModificationDate`.: X-Portal-Token от КГД; отдельный договор не опубликован.",,,,,CASA_Pro_IIN_Check_Final_Spec_KZ_2026-08-21,2026-08-21,P-06. КГД: внесудебное/судебное банкротство и восстановление платёжеспособности,SRC-DOC-M02-P-00202,,,,BACKEND,,,,,Canonicalized from 1 candidate row(s); source text preserved in 10_SOURCE_EXTRACTS.csv.
M02-CAN-0065,m02.current_1_0.product_semantic.29694d74074991ac,1.0,CURRENT_1_0,M02,Проверка по ИИН,PRODUCT_SEMANTIC,API,P-06. КГД: внесудебное/судебное банкротство и восстановление платёжеспособности,"1. Что можно узнать: 7. CAPTCHA; Процедуру, заявление/номер, статус гражданина, даты подачи/начала/решения/завершения, причины прекращения и `lastModificationDate`.: В API не указана; для web-представления не полагаться на отсутствие CAPTCHA.","1. Что можно узнать: 7. CAPTCHA; Процедуру, заявление/номер, статус гражданина, даты подачи/начала/решения/завершения, причины прекращения и `lastModificationDate`.: В API не указана; для web-представления не полагаться на отсутствие CAPTCHA.",,,,,CASA_Pro_IIN_Check_Final_Spec_KZ_2026-08-21,2026-08-21,P-06. КГД: внесудебное/судебное банкротство и восстановление платёжеспособности,SRC-DOC-M02-P-00203,,,,BACKEND,,,,,Canonicalized from 1 candidate row(s); source text preserved in 10_SOURCE_EXTRACTS.csv.
M02-CAN-0066,m02.current_1_0.product_semantic.6dade3a973470933,1.0,CURRENT_1_0,M02,Проверка по ИИН,PRODUCT_SEMANTIC,BUSINESS_RULE,P-06. КГД: внесудебное/судебное банкротство и восстановление платёжеспособности,"1. Что можно узнать: 8. Законная автоматизация; Процедуру, заявление/номер, статус гражданина, даты подачи/начала/решения/завершения, причины прекращения и `lastModificationDate`.: Не разрешать bulk mirror/full-list screening. До точечного фильтрованного канала или письменного legal approval — MANUAL_CHECK_REQUIRED.","1. Что можно узнать: 8. Законная автоматизация; Процедуру, заявление/номер, статус гражданина, даты подачи/начала/решения/завершения, причины прекращения и `lastModificationDate`.: Не разрешать bulk mirror/full-list screening. До точечного фильтрованного канала или письменного legal approval — MANUAL_CHECK_REQUIRED.",,,,,CASA_Pro_IIN_Check_Final_Spec_KZ_2026-08-21,2026-08-21,P-06. КГД: внесудебное/судебное банкротство и восстановление платёжеспособности,SRC-DOC-M02-P-00204,,,,LEGAL,,,,,Canonicalized from 1 candidate row(s); source text preserved in 10_SOURCE_EXTRACTS.csv.
M02-CAN-0067,m02.current_1_0.product_semantic.a739d6357ea908f3,1.0,CURRENT_1_0,M02,Проверка по ИИН,PRODUCT_SEMANTIC,VALIDATION,P-06. КГД: внесудебное/судебное банкротство и восстановление платёжеспособности,"1. Что можно узнать: 9. Только ручная проверка; Процедуру, заявление/номер, статус гражданина, даты подачи/начала/решения/завершения, причины прекращения и `lastModificationDate`.: Открыть официальный центральный раздел/список. Региональные PDF не считать исчерпывающим источником всей страны.","1. Что можно узнать: 9. Только ручная проверка; Процедуру, заявление/номер, статус гражданина, даты подачи/начала/решения/завершения, причины прекращения и `lastModificationDate`.: Открыть официальный центральный раздел/список. Региональные PDF не считать исчерпывающим источником всей страны.",,,,,CASA_Pro_IIN_Check_Final_Spec_KZ_2026-08-21,2026-08-21,P-06. КГД: внесудебное/судебное банкротство и восстановление платёжеспособности,SRC-DOC-M02-P-00205,,,,PARSER,,,,,Canonicalized from 1 candidate row(s); source text preserved in 10_SOURCE_EXTRACTS.csv.
M02-CAN-0068,m02.current_1_0.product_semantic.89a8a487a777eed5,1.0,CURRENT_1_0,M02,Проверка по ИИН,PRODUCT_SEMANTIC,STATE,P-06. КГД: внесудебное/судебное банкротство и восстановление платёжеспособности,"1. Что можно узнать: 10. Что сохранять; Процедуру, заявление/номер, статус гражданина, даты подачи/начала/решения/завершения, причины прекращения и `lastModificationDate`.: Только совпавшую запись: type/status/number/dates/reasons/lastModified и evidence. Никогда не хранить полный список других граждан.","1. Что можно узнать: 10. Что сохранять; Процедуру, заявление/номер, статус гражданина, даты подачи/начала/решения/завершения, причины прекращения и `lastModificationDate`.: Только совпавшую запись: type/status/number/dates/reasons/lastModified и evidence. Никогда не хранить полный список других граждан.",,,,,CASA_Pro_IIN_Check_Final_Spec_KZ_2026-08-21,2026-08-21,P-06. КГД: внесудебное/судебное банкротство и восстановление платёжеспособности,SRC-DOC-M02-P-00206,,,,MULTI_LAYER,,,,,Canonicalized from 1 candidate row(s); source text preserved in 10_SOURCE_EXTRACTS.csv.
M02-CAN-0069,m02.current_1_0.product_semantic.99c7c2ee565e5073,1.0,CURRENT_1_0,M02,Проверка по ИИН,PRODUCT_SEMANTIC,BUSINESS_RULE,P-06. КГД: внесудебное/судебное банкротство и восстановление платёжеспособности,"1. Что можно узнать: 11. Срок актуальности; Процедуру, заявление/номер, статус гражданина, даты подачи/начала/решения/завершения, причины прекращения и `lastModificationDate`.: CASA policy: 24 часа.","1. Что можно узнать: 11. Срок актуальности; Процедуру, заявление/номер, статус гражданина, даты подачи/начала/решения/завершения, причины прекращения и `lastModificationDate`.: CASA policy: 24 часа.",,,,,CASA_Pro_IIN_Check_Final_Spec_KZ_2026-08-21,2026-08-21,P-06. КГД: внесудебное/судебное банкротство и восстановление платёжеспособности,SRC-DOC-M02-P-00207,,,,MULTI_LAYER,,,,,Canonicalized from 1 candidate row(s); source text preserved in 10_SOURCE_EXTRACTS.csv.
M02-CAN-0070,m02.current_1_0.boundary.843f570fae877172,1.0,CURRENT_1_0,M02,Проверка по ИИН,BOUNDARY,FORBIDDEN,P-06. КГД: внесудебное/судебное банкротство и восстановление платёжеспособности,"1. Что можно узнать: 13. Влияние; Процедуру, заявление/номер, статус гражданина, даты подачи/начала/решения/завершения, причины прекращения и `lastModificationDate`.: Факт конкретной процедуры/стадии. Не равен «ипотека запрещена».",,"1. Что можно узнать: 13. Влияние; Процедуру, заявление/номер, статус гражданина, даты подачи/начала/решения/завершения, причины прекращения и `lastModificationDate`.: Факт конкретной процедуры/стадии. Не равен «ипотека запрещена».",,,,CASA_Pro_IIN_Check_Final_Spec_KZ_2026-08-21,2026-08-21,P-06. КГД: внесудебное/судебное банкротство и восстановление платёжеспособности,SRC-DOC-M02-P-00209,,,,MULTI_LAYER,,,,,Canonicalized from 1 candidate row(s); source text preserved in 10_SOURCE_EXTRACTS.csv.
M02-CAN-0071,m02.current_1_0.product_semantic.40f84c78cedf94f6,1.0,CURRENT_1_0,M02,Проверка по ИИН,PRODUCT_SEMANTIC,BUSINESS_RULE,P-06. КГД: внесудебное/судебное банкротство и восстановление платёжеспособности,"1. Что можно узнать: 14. Юрист; Процедуру, заявление/номер, статус гражданина, даты подачи/начала/решения/завершения, причины прекращения и `lastModificationDate`.: Право коммерческого поиска по публичным спискам, полнота/историчность, full-list processing, допустимость negative finding и срок хранения завершённых процедур.","1. Что можно узнать: 14. Юрист; Процедуру, заявление/номер, статус гражданина, даты подачи/начала/решения/завершения, причины прекращения и `lastModificationDate`.: Право коммерческого поиска по публичным спискам, полнота/историчность, full-list processing, допустимость negative finding и срок хранения завершённых процедур.",,,,,CASA_Pro_IIN_Check_Final_Spec_KZ_2026-08-21,2026-08-21,P-06. КГД: внесудебное/судебное банкротство и восстановление платёжеспособности,SRC-DOC-M02-P-00210,,,,MULTI_LAYER,,,,,Canonicalized from 1 candidate row(s); source text preserved in 10_SOURCE_EXTRACTS.csv.
M02-CAN-0072,m02.current_1_0.product_semantic.292f90c5fb0d4f0d,1.0,CURRENT_1_0,M02,Проверка по ИИН,PRODUCT_SEMANTIC,VALIDATION,P-07. КГД: приостановление/возобновление налоговой отчётности,"Официальные источники, проверено 21.08.2026: [S18].","Официальные источники, проверено 21.08.2026: [S18].",,,,,CASA_Pro_IIN_Check_Final_Spec_KZ_2026-08-21,2026-08-21,P-07. КГД: приостановление/возобновление налоговой отчётности,SRC-DOC-M02-P-00212,,,,MULTI_LAYER,,,,,Canonicalized from 1 candidate row(s); source text preserved in 10_SOURCE_EXTRACTS.csv.
M02-CAN-0073,m02.current_1_0.product_semantic.0b8485721cfd828d,1.0,CURRENT_1_0,M02,Проверка по ИИН,PRODUCT_SEMANTIC,BUSINESS_RULE,P-07. КГД: приостановление/возобновление налоговой отчётности,"1. Что можно узнать: 2. Поиск по ИИН; Факт и период приостановления, продления, возобновления или отзыва налоговой отчётности.: Да, сервис использует ИИН/БИН.","1. Что можно узнать: 2. Поиск по ИИН; Факт и период приостановления, продления, возобновления или отзыва налоговой отчётности.: Да, сервис использует ИИН/БИН.",,,,,CASA_Pro_IIN_Check_Final_Spec_KZ_2026-08-21,2026-08-21,P-07. КГД: приостановление/возобновление налоговой отчётности,SRC-DOC-M02-P-00214,,,,MULTI_LAYER,,,,,Canonicalized from 1 candidate row(s); source text preserved in 10_SOURCE_EXTRACTS.csv.
M02-CAN-0074,m02.current_1_0.product_semantic.dd075079a9985813,1.0,CURRENT_1_0,M02,Проверка по ИИН,PRODUCT_SEMANTIC,BUSINESS_RULE,P-07. КГД: приостановление/возобновление налоговой отчётности,"1. Что можно узнать: 5. Авторизация клиента; Факт и период приостановления, продления, возобновления или отзыва налоговой отчётности.: Да/CLIENT_AUTH_REQUIRED.","1. Что можно узнать: 5. Авторизация клиента; Факт и период приостановления, продления, возобновления или отзыва налоговой отчётности.: Да/CLIENT_AUTH_REQUIRED.",,,,,CASA_Pro_IIN_Check_Final_Spec_KZ_2026-08-21,2026-08-21,P-07. КГД: приостановление/возобновление налоговой отчётности,SRC-DOC-M02-P-00217,,,,MULTI_LAYER,,,,,Canonicalized from 1 candidate row(s); source text preserved in 10_SOURCE_EXTRACTS.csv.
M02-CAN-0075,m02.current_1_0.product_semantic.1eb3be7f2e229e8f,1.0,CURRENT_1_0,M02,Проверка по ИИН,PRODUCT_SEMANTIC,API,P-07. КГД: приостановление/возобновление налоговой отчётности,"1. Что можно узнать: 6. Договор/API; Факт и период приостановления, продления, возобновления или отзыва налоговой отчётности.: Для будущей интеграции — заявка/испытания Smart Bridge; отдельный договор не подтверждён.","1. Что можно узнать: 6. Договор/API; Факт и период приостановления, продления, возобновления или отзыва налоговой отчётности.: Для будущей интеграции — заявка/испытания Smart Bridge; отдельный договор не подтверждён.",,,,,CASA_Pro_IIN_Check_Final_Spec_KZ_2026-08-21,2026-08-21,P-07. КГД: приостановление/возобновление налоговой отчётности,SRC-DOC-M02-P-00218,,,,BACKEND,,,,,Canonicalized from 1 candidate row(s); source text preserved in 10_SOURCE_EXTRACTS.csv.
M02-CAN-0076,m02.current_1_0.product_semantic.db48d9ade34a52c1,1.0,CURRENT_1_0,M02,Проверка по ИИН,PRODUCT_SEMANTIC,BUSINESS_RULE,P-07. КГД: приостановление/возобновление налоговой отчётности,"1. Что можно узнать: 8. Законная автоматизация; Факт и период приостановления, продления, возобновления или отзыва налоговой отчётности.: Не по одному ИИН и не из клиентского кабинета. Только approved integration; сейчас MANUAL_CHECK_REQUIRED.","1. Что можно узнать: 8. Законная автоматизация; Факт и период приостановления, продления, возобновления или отзыва налоговой отчётности.: Не по одному ИИН и не из клиентского кабинета. Только approved integration; сейчас MANUAL_CHECK_REQUIRED.",,,,,CASA_Pro_IIN_Check_Final_Spec_KZ_2026-08-21,2026-08-21,P-07. КГД: приостановление/возобновление налоговой отчётности,SRC-DOC-M02-P-00220,,,,MULTI_LAYER,,,,,Canonicalized from 1 candidate row(s); source text preserved in 10_SOURCE_EXTRACTS.csv.
M02-CAN-0077,m02.current_1_0.data_contract.979fec13020fdb1c,1.0,CURRENT_1_0,M02,Проверка по ИИН,DATA_CONTRACT,PROVENANCE,P-07. КГД: приостановление/возобновление налоговой отчётности,"1. Что можно узнать: 9. Только ручная проверка; Факт и период приостановления, продления, возобновления или отзыва налоговой отчётности.: Клиент получает/подтверждает сведения официально; CASA принимает evidence.","1. Что можно узнать: 9. Только ручная проверка; Факт и период приостановления, продления, возобновления или отзыва налоговой отчётности.: Клиент получает/подтверждает сведения официально; CASA принимает evidence.",,,,,CASA_Pro_IIN_Check_Final_Spec_KZ_2026-08-21,2026-08-21,P-07. КГД: приостановление/возобновление налоговой отчётности,SRC-DOC-M02-P-00221,,,,DATA,,,,,Canonicalized from 1 candidate row(s); source text preserved in 10_SOURCE_EXTRACTS.csv.
M02-CAN-0078,m02.current_1_0.data_contract.5aa9e5d58b11b81a,1.0,CURRENT_1_0,M02,Проверка по ИИН,DATA_CONTRACT,PROVENANCE,P-07. КГД: приостановление/возобновление налоговой отчётности,"1. Что можно узнать: 10. Что сохранять; Факт и период приостановления, продления, возобновления или отзыва налоговой отчётности.: Статус, период, source reference, confirmation/evidence; без полной налоговой истории.","1. Что можно узнать: 10. Что сохранять; Факт и период приостановления, продления, возобновления или отзыва налоговой отчётности.: Статус, период, source reference, confirmation/evidence; без полной налоговой истории.",,,,,CASA_Pro_IIN_Check_Final_Spec_KZ_2026-08-21,2026-08-21,P-07. КГД: приостановление/возобновление налоговой отчётности,SRC-DOC-M02-P-00222,,,,DATA,,,,,Canonicalized from 1 candidate row(s); source text preserved in 10_SOURCE_EXTRACTS.csv.
M02-CAN-0079,m02.current_1_0.product_semantic.9fd2ab6d0e881e59,1.0,CURRENT_1_0,M02,Проверка по ИИН,PRODUCT_SEMANTIC,BUSINESS_RULE,P-07. КГД: приостановление/возобновление налоговой отчётности,"1. Что можно узнать: 11. Срок актуальности; Факт и период приостановления, продления, возобновления или отзыва налоговой отчётности.: CASA policy: 7 дней.","1. Что можно узнать: 11. Срок актуальности; Факт и период приостановления, продления, возобновления или отзыва налоговой отчётности.: CASA policy: 7 дней.",,,,,CASA_Pro_IIN_Check_Final_Spec_KZ_2026-08-21,2026-08-21,P-07. КГД: приостановление/возобновление налоговой отчётности,SRC-DOC-M02-P-00223,,,,MULTI_LAYER,,,,,Canonicalized from 1 candidate row(s); source text preserved in 10_SOURCE_EXTRACTS.csv.
M02-CAN-0080,m02.current_1_0.security_control.840750b70cd2fea5,1.0,CURRENT_1_0,M02,Проверка по ИИН,SECURITY_CONTROL,CONSENT,P-07. КГД: приостановление/возобновление налоговой отчётности,"1. Что можно узнать: 12. Недоступность; Факт и период приостановления, продления, возобновления или отзыва налоговой отчётности.: Нет подтверждения клиента → `CONSENT_REQUIRED`; сервис не отвечает → `SOURCE_UNAVAILABLE`.","1. Что можно узнать: 12. Недоступность; Факт и период приостановления, продления, возобновления или отзыва налоговой отчётности.: Нет подтверждения клиента → `CONSENT_REQUIRED`; сервис не отвечает → `SOURCE_UNAVAILABLE`.",,,,,CASA_Pro_IIN_Check_Final_Spec_KZ_2026-08-21,2026-08-21,P-07. КГД: приостановление/возобновление налоговой отчётности,SRC-DOC-M02-P-00224,,,,LEGAL,,,,,Canonicalized from 1 candidate row(s); source text preserved in 10_SOURCE_EXTRACTS.csv.
M02-CAN-0081,m02.current_1_0.security_control.0c4d94ca77bfddcc,1.0,CURRENT_1_0,M02,Проверка по ИИН,SECURITY_CONTROL,CONSENT,P-07. КГД: приостановление/возобновление налоговой отчётности,"1. Что можно узнать: 14. Юрист; Факт и период приостановления, продления, возобновления или отзыва налоговой отчётности.: Необходимость/соразмерность, КДП consent, право CASA/риелтора получать сведения и включать их в ипотечный анализ.","1. Что можно узнать: 14. Юрист; Факт и период приостановления, продления, возобновления или отзыва налоговой отчётности.: Необходимость/соразмерность, КДП consent, право CASA/риелтора получать сведения и включать их в ипотечный анализ.",,,,,CASA_Pro_IIN_Check_Final_Spec_KZ_2026-08-21,2026-08-21,P-07. КГД: приостановление/возобновление налоговой отчётности,SRC-DOC-M02-P-00226,,,,LEGAL,,,,,Canonicalized from 1 candidate row(s); source text preserved in 10_SOURCE_EXTRACTS.csv.
M02-CAN-0082,m02.current_1_0.product_semantic.09d222c90947bbb6,1.0,CURRENT_1_0,M02,Проверка по ИИН,PRODUCT_SEMANTIC,VALIDATION,P-08. eGov/МЮ: участие физического лица в юридических лицах,"Официальные источники, проверено 21.08.2026: [S19], [S29].","Официальные источники, проверено 21.08.2026: [S19], [S29].",,,,,CASA_Pro_IIN_Check_Final_Spec_KZ_2026-08-21,2026-08-21,P-08. eGov/МЮ: участие физического лица в юридических лицах,SRC-DOC-M02-P-00228,,,,MULTI_LAYER,,,,,Canonicalized from 1 candidate row(s); source text preserved in 10_SOURCE_EXTRACTS.csv.
M02-CAN-0083,m02.current_1_0.product_semantic.da35883cb3b6af9d,1.0,CURRENT_1_0,M02,Проверка по ИИН,PRODUCT_SEMANTIC,API,P-08. eGov/МЮ: участие физического лица в юридических лицах,"1. Что можно узнать: 6. Договор/API; Сведения об участии физлица в юридических лицах, филиалах и представительствах.: Публичный API для CASA не документирован. Future integration — Smart Bridge approval; договор не подтверждён.","1. Что можно узнать: 6. Договор/API; Сведения об участии физлица в юридических лицах, филиалах и представительствах.: Публичный API для CASA не документирован. Future integration — Smart Bridge approval; договор не подтверждён.",,,,,CASA_Pro_IIN_Check_Final_Spec_KZ_2026-08-21,2026-08-21,P-08. eGov/МЮ: участие физического лица в юридических лицах,SRC-DOC-M02-P-00234,,,,BACKEND,,,,,Canonicalized from 1 candidate row(s); source text preserved in 10_SOURCE_EXTRACTS.csv.
M02-CAN-0084,m02.current_1_0.product_semantic.5077e2072d43b788,1.0,CURRENT_1_0,M02,Проверка по ИИН,PRODUCT_SEMANTIC,BUSINESS_RULE,P-08. eGov/МЮ: участие физического лица в юридических лицах,"1. Что можно узнать: 7. CAPTCHA; Сведения об участии физлица в юридических лицах, филиалах и представительствах.: Нет; используется авторизация/подписание.","1. Что можно узнать: 7. CAPTCHA; Сведения об участии физлица в юридических лицах, филиалах и представительствах.: Нет; используется авторизация/подписание.",,,,,CASA_Pro_IIN_Check_Final_Spec_KZ_2026-08-21,2026-08-21,P-08. eGov/МЮ: участие физического лица в юридических лицах,SRC-DOC-M02-P-00235,,,,MULTI_LAYER,,,,,Canonicalized from 1 candidate row(s); source text preserved in 10_SOURCE_EXTRACTS.csv.
M02-CAN-0085,m02.current_1_0.product_semantic.1f129f50ae80cf94,1.0,CURRENT_1_0,M02,Проверка по ИИН,PRODUCT_SEMANTIC,BUSINESS_RULE,P-08. eGov/МЮ: участие физического лица в юридических лицах,"1. Что можно узнать: 8. Законная автоматизация; Сведения об участии физлица в юридических лицах, филиалах и представительствах.: Нет по одному ИИН. CASA не управляет клиентской сессией.","1. Что можно узнать: 8. Законная автоматизация; Сведения об участии физлица в юридических лицах, филиалах и представительствах.: Нет по одному ИИН. CASA не управляет клиентской сессией.",,,,,CASA_Pro_IIN_Check_Final_Spec_KZ_2026-08-21,2026-08-21,P-08. eGov/МЮ: участие физического лица в юридических лицах,SRC-DOC-M02-P-00236,,,,MULTI_LAYER,,,,,Canonicalized from 1 candidate row(s); source text preserved in 10_SOURCE_EXTRACTS.csv.
M02-CAN-0086,m02.current_1_0.product_semantic.1a938d936a33fb66,1.0,CURRENT_1_0,M02,Проверка по ИИН,PRODUCT_SEMANTIC,VALIDATION,P-08. eGov/МЮ: участие физического лица в юридических лицах,"1. Что можно узнать: 9. Только ручная проверка; Сведения об участии физлица в юридических лицах, филиалах и представительствах.: Клиент получает справку и загружает её; MANUAL_CHECK_REQUIRED/CLIENT_AUTH_REQUIRED.","1. Что можно узнать: 9. Только ручная проверка; Сведения об участии физлица в юридических лицах, филиалах и представительствах.: Клиент получает справку и загружает её; MANUAL_CHECK_REQUIRED/CLIENT_AUTH_REQUIRED.",,,,,CASA_Pro_IIN_Check_Final_Spec_KZ_2026-08-21,2026-08-21,P-08. eGov/МЮ: участие физического лица в юридических лицах,SRC-DOC-M02-P-00237,,,,MULTI_LAYER,,,,,Canonicalized from 1 candidate row(s); source text preserved in 10_SOURCE_EXTRACTS.csv.
M02-CAN-0087,m02.current_1_0.product_semantic.b472a970e46cc3e7,1.0,CURRENT_1_0,M02,Проверка по ИИН,PRODUCT_SEMANTIC,BUSINESS_RULE,P-08. eGov/МЮ: участие физического лица в юридических лицах,"1. Что можно узнать: 10. Что сохранять; Сведения об участии физлица в юридических лицах, филиалах и представительствах.: Только BIN, название, роль/доля, дата и reference, если они есть в справке; не собирать данные других участников.","1. Что можно узнать: 10. Что сохранять; Сведения об участии физлица в юридических лицах, филиалах и представительствах.: Только BIN, название, роль/доля, дата и reference, если они есть в справке; не собирать данные других участников.",,,,,CASA_Pro_IIN_Check_Final_Spec_KZ_2026-08-21,2026-08-21,P-08. eGov/МЮ: участие физического лица в юридических лицах,SRC-DOC-M02-P-00238,,,,MULTI_LAYER,,,,,Canonicalized from 1 candidate row(s); source text preserved in 10_SOURCE_EXTRACTS.csv.
M02-CAN-0088,m02.current_1_0.product_semantic.a5698da6de486341,1.0,CURRENT_1_0,M02,Проверка по ИИН,PRODUCT_SEMANTIC,BUSINESS_RULE,P-08. eGov/МЮ: участие физического лица в юридических лицах,"1. Что можно узнать: 11. Срок актуальности; Сведения об участии физлица в юридических лицах, филиалах и представительствах.: CASA policy: 7 дней.","1. Что можно узнать: 11. Срок актуальности; Сведения об участии физлица в юридических лицах, филиалах и представительствах.: CASA policy: 7 дней.",,,,,CASA_Pro_IIN_Check_Final_Spec_KZ_2026-08-21,2026-08-21,P-08. eGov/МЮ: участие физического лица в юридических лицах,SRC-DOC-M02-P-00239,,,,MULTI_LAYER,,,,,Canonicalized from 1 candidate row(s); source text preserved in 10_SOURCE_EXTRACTS.csv.
M02-CAN-0089,m02.current_1_0.product_semantic.54d9eda5bdacbd38,1.0,CURRENT_1_0,M02,Проверка по ИИН,PRODUCT_SEMANTIC,BUSINESS_RULE,P-08. eGov/МЮ: участие физического лица в юридических лицах,"1. Что можно узнать: 12. Недоступность; Сведения об участии физлица в юридических лицах, филиалах и представительствах.: Показать инструкцию клиенту; результат остаётся `MANUAL_REQUIRED`, не `NOT_FOUND`.","1. Что можно узнать: 12. Недоступность; Сведения об участии физлица в юридических лицах, филиалах и представительствах.: Показать инструкцию клиенту; результат остаётся `MANUAL_REQUIRED`, не `NOT_FOUND`.",,,,,CASA_Pro_IIN_Check_Final_Spec_KZ_2026-08-21,2026-08-21,P-08. eGov/МЮ: участие физического лица в юридических лицах,SRC-DOC-M02-P-00240,,,,MULTI_LAYER,,,,,Canonicalized from 1 candidate row(s); source text preserved in 10_SOURCE_EXTRACTS.csv.
M02-CAN-0090,m02.current_1_0.product_semantic.057d022644831773,1.0,CURRENT_1_0,M02,Проверка по ИИН,PRODUCT_SEMANTIC,VALIDATION,P-08. eGov/МЮ: участие физического лица в юридических лицах,"1. Что можно узнать: 14. Юрист; Сведения об участии физлица в юридических лицах, филиалах и представительствах.: Право и необходимость проверки, обработка доли/ролей, сведения третьих лиц, client representation и future Smart Bridge terms.","1. Что можно узнать: 14. Юрист; Сведения об участии физлица в юридических лицах, филиалах и представительствах.: Право и необходимость проверки, обработка доли/ролей, сведения третьих лиц, client representation и future Smart Bridge terms.",,,,,CASA_Pro_IIN_Check_Final_Spec_KZ_2026-08-21,2026-08-21,P-08. eGov/МЮ: участие физического лица в юридических лицах,SRC-DOC-M02-P-00242,,,,MULTI_LAYER,,,,,Canonicalized from 1 candidate row(s); source text preserved in 10_SOURCE_EXTRACTS.csv.
M02-CAN-0091,m02.current_1_0.product_semantic.ac7be3873895eba5,1.0,CURRENT_1_0,M02,Проверка по ИИН,PRODUCT_SEMANTIC,VALIDATION,P-09. eGov/МЮ: права и обременения на недвижимость,"Официальные источники, проверено 21.08.2026: [S13], [S20].","Официальные источники, проверено 21.08.2026: [S13], [S20].",,,,,CASA_Pro_IIN_Check_Final_Spec_KZ_2026-08-21,2026-08-21,P-09. eGov/МЮ: права и обременения на недвижимость,SRC-DOC-M02-P-00244,,,,MULTI_LAYER,,,,,Canonicalized from 1 candidate row(s); source text preserved in 10_SOURCE_EXTRACTS.csv.
M02-CAN-0092,m02.current_1_0.product_semantic.479d9df47f269b02,1.0,CURRENT_1_0,M02,Проверка по ИИН,PRODUCT_SEMANTIC,API,P-09. eGov/МЮ: права и обременения на недвижимость,1. Что можно узнать: 6. Договор/API; Зарегистрированные права/обременения и технические характеристики в объёме справки; third-party eGov также поддерживает отдельные справки по правам/наличию имущества.: Direct API для CASA не документирован; future integration — official approval.,1. Что можно узнать: 6. Договор/API; Зарегистрированные права/обременения и технические характеристики в объёме справки; third-party eGov также поддерживает отдельные справки по правам/наличию имущества.: Direct API для CASA не документирован; future integration — official approval.,,,,,CASA_Pro_IIN_Check_Final_Spec_KZ_2026-08-21,2026-08-21,P-09. eGov/МЮ: права и обременения на недвижимость,SRC-DOC-M02-P-00250,,,,BACKEND,,,,,Canonicalized from 1 candidate row(s); source text preserved in 10_SOURCE_EXTRACTS.csv.
M02-CAN-0093,m02.current_1_0.product_semantic.27777924e218e387,1.0,CURRENT_1_0,M02,Проверка по ИИН,PRODUCT_SEMANTIC,BUSINESS_RULE,P-09. eGov/МЮ: права и обременения на недвижимость,1. Что можно узнать: 7. CAPTCHA; Зарегистрированные права/обременения и технические характеристики в объёме справки; third-party eGov также поддерживает отдельные справки по правам/наличию имущества.: Не заявлена; используется eGov auth/confirmation.,1. Что можно узнать: 7. CAPTCHA; Зарегистрированные права/обременения и технические характеристики в объёме справки; third-party eGov также поддерживает отдельные справки по правам/наличию имущества.: Не заявлена; используется eGov auth/confirmation.,,,,,CASA_Pro_IIN_Check_Final_Spec_KZ_2026-08-21,2026-08-21,P-09. eGov/МЮ: права и обременения на недвижимость,SRC-DOC-M02-P-00251,,,,MULTI_LAYER,,,,,Canonicalized from 1 candidate row(s); source text preserved in 10_SOURCE_EXTRACTS.csv.
M02-CAN-0094,m02.current_1_0.product_semantic.24e4879b1e0ddefc,1.0,CURRENT_1_0,M02,Проверка по ИИН,PRODUCT_SEMANTIC,VALIDATION,P-09. eGov/МЮ: права и обременения на недвижимость,1. Что можно узнать: 9. Только ручная проверка; Зарегистрированные права/обременения и технические характеристики в объёме справки; third-party eGov также поддерживает отдельные справки по правам/наличию имущества.: Да: eGov third-party request или клиентская справка.,1. Что можно узнать: 9. Только ручная проверка; Зарегистрированные права/обременения и технические характеристики в объёме справки; third-party eGov также поддерживает отдельные справки по правам/наличию имущества.: Да: eGov third-party request или клиентская справка.,,,,,CASA_Pro_IIN_Check_Final_Spec_KZ_2026-08-21,2026-08-21,P-09. eGov/МЮ: права и обременения на недвижимость,SRC-DOC-M02-P-00253,,,,MULTI_LAYER,,,,,Canonicalized from 1 candidate row(s); source text preserved in 10_SOURCE_EXTRACTS.csv.
M02-CAN-0095,m02.current_1_0.product_semantic.f380215b09bf8053,1.0,CURRENT_1_0,M02,Проверка по ИИН,PRODUCT_SEMANTIC,BUSINESS_RULE,P-09. eGov/МЮ: права и обременения на недвижимость,"1. Что можно узнать: 10. Что сохранять; Зарегистрированные права/обременения и технические характеристики в объёме справки; third-party eGov также поддерживает отдельные справки по правам/наличию имущества.: По умолчанию: `has_rights`, counts, `has_encumbrances`, certificate ref/date/hash. Адреса/кадастровые данные — только отдельная цель.","1. Что можно узнать: 10. Что сохранять; Зарегистрированные права/обременения и технические характеристики в объёме справки; third-party eGov также поддерживает отдельные справки по правам/наличию имущества.: По умолчанию: `has_rights`, counts, `has_encumbrances`, certificate ref/date/hash. Адреса/кадастровые данные — только отдельная цель.",,,,,CASA_Pro_IIN_Check_Final_Spec_KZ_2026-08-21,2026-08-21,P-09. eGov/МЮ: права и обременения на недвижимость,SRC-DOC-M02-P-00254,,,,MULTI_LAYER,,,,,Canonicalized from 1 candidate row(s); source text preserved in 10_SOURCE_EXTRACTS.csv.
M02-CAN-0096,m02.current_1_0.product_semantic.021c9df2f8908790,1.0,CURRENT_1_0,M02,Проверка по ИИН,PRODUCT_SEMANTIC,BUSINESS_RULE,P-09. eGov/МЮ: права и обременения на недвижимость,1. Что можно узнать: 11. Срок актуальности; Зарегистрированные права/обременения и технические характеристики в объёме справки; third-party eGov также поддерживает отдельные справки по правам/наличию имущества.: CASA policy: 24 часа.,1. Что можно узнать: 11. Срок актуальности; Зарегистрированные права/обременения и технические характеристики в объёме справки; third-party eGov также поддерживает отдельные справки по правам/наличию имущества.: CASA policy: 24 часа.,,,,,CASA_Pro_IIN_Check_Final_Spec_KZ_2026-08-21,2026-08-21,P-09. eGov/МЮ: права и обременения на недвижимость,SRC-DOC-M02-P-00255,,,,MULTI_LAYER,,,,,Canonicalized from 1 candidate row(s); source text preserved in 10_SOURCE_EXTRACTS.csv.
M02-CAN-0097,m02.current_1_0.security_control.456aa69565370054,1.0,CURRENT_1_0,M02,Проверка по ИИН,SECURITY_CONTROL,CONSENT,P-09. eGov/МЮ: права и обременения на недвижимость,1. Что можно узнать: 12. Недоступность; Зарегистрированные права/обременения и технические характеристики в объёме справки; third-party eGov также поддерживает отдельные справки по правам/наличию имущества.: Нет подтверждения за 2 часа → `CONSENT_EXPIRED`; источник недоступен → retry later.,1. Что можно узнать: 12. Недоступность; Зарегистрированные права/обременения и технические характеристики в объёме справки; third-party eGov также поддерживает отдельные справки по правам/наличию имущества.: Нет подтверждения за 2 часа → `CONSENT_EXPIRED`; источник недоступен → retry later.,,,,,CASA_Pro_IIN_Check_Final_Spec_KZ_2026-08-21,2026-08-21,P-09. eGov/МЮ: права и обременения на недвижимость,SRC-DOC-M02-P-00256,,,,LEGAL,,,,,Canonicalized from 1 candidate row(s); source text preserved in 10_SOURCE_EXTRACTS.csv.
M02-CAN-0098,m02.current_1_0.product_semantic.6d5f2f8b88c0674a,1.0,CURRENT_1_0,M02,Проверка по ИИН,PRODUCT_SEMANTIC,BUSINESS_RULE,P-09. eGov/МЮ: права и обременения на недвижимость,"1. Что можно узнать: 14. Юрист; Зарегистрированные права/обременения и технические характеристики в объёме справки; third-party eGov также поддерживает отдельные справки по правам/наличию имущества.: Право риелтора как third party, необходимость для ипотечного pre-analysis, хранение адресов, совместная собственность и данные третьих лиц.","1. Что можно узнать: 14. Юрист; Зарегистрированные права/обременения и технические характеристики в объёме справки; third-party eGov также поддерживает отдельные справки по правам/наличию имущества.: Право риелтора как third party, необходимость для ипотечного pre-analysis, хранение адресов, совместная собственность и данные третьих лиц.",,,,,CASA_Pro_IIN_Check_Final_Spec_KZ_2026-08-21,2026-08-21,P-09. eGov/МЮ: права и обременения на недвижимость,SRC-DOC-M02-P-00258,,,,MULTI_LAYER,,,,,Canonicalized from 1 candidate row(s); source text preserved in 10_SOURCE_EXTRACTS.csv.
M02-CAN-0099,m02.current_1_0.product_semantic.9eccb499c623a3de,1.0,CURRENT_1_0,M02,Проверка по ИИН,PRODUCT_SEMANTIC,VALIDATION,P-10. eGov: выписка о залоге движимого имущества,"Официальные источники, проверено 21.08.2026: [S21].","Официальные источники, проверено 21.08.2026: [S21].",,,,,CASA_Pro_IIN_Check_Final_Spec_KZ_2026-08-21,2026-08-21,P-10. eGov: выписка о залоге движимого имущества,SRC-DOC-M02-P-00260,,,,MULTI_LAYER,,,,,Canonicalized from 1 candidate row(s); source text preserved in 10_SOURCE_EXTRACTS.csv.
M02-CAN-0100,m02.current_1_0.product_semantic.5c502b9e31785f31,1.0,CURRENT_1_0,M02,Проверка по ИИН,PRODUCT_SEMANTIC,BUSINESS_RULE,P-10. eGov: выписка о залоге движимого имущества,"1. Что можно узнать: 2. Поиск по ИИН; Наличие и реквизиты зарегистрированного залога движимого имущества в объёме выписки.: Сервис использует ИИН/БИН участников, но не является публичным чужим поиском.","1. Что можно узнать: 2. Поиск по ИИН; Наличие и реквизиты зарегистрированного залога движимого имущества в объёме выписки.: Сервис использует ИИН/БИН участников, но не является публичным чужим поиском.",,,,,CASA_Pro_IIN_Check_Final_Spec_KZ_2026-08-21,2026-08-21,P-10. eGov: выписка о залоге движимого имущества,SRC-DOC-M02-P-00262,,,,MULTI_LAYER,,,,,Canonicalized from 1 candidate row(s); source text preserved in 10_SOURCE_EXTRACTS.csv.
M02-CAN-0101,m02.current_1_0.product_semantic.dc8f1f0cb0e0745a,1.0,CURRENT_1_0,M02,Проверка по ИИН,PRODUCT_SEMANTIC,BUSINESS_RULE,P-10. eGov: выписка о залоге движимого имущества,1. Что можно узнать: 5. Авторизация клиента; Наличие и реквизиты зарегистрированного залога движимого имущества в объёме выписки.: Да/CLIENT_AUTH_REQUIRED.,1. Что можно узнать: 5. Авторизация клиента; Наличие и реквизиты зарегистрированного залога движимого имущества в объёме выписки.: Да/CLIENT_AUTH_REQUIRED.,,,,,CASA_Pro_IIN_Check_Final_Spec_KZ_2026-08-21,2026-08-21,P-10. eGov: выписка о залоге движимого имущества,SRC-DOC-M02-P-00265,,,,MULTI_LAYER,,,,,Canonicalized from 1 candidate row(s); source text preserved in 10_SOURCE_EXTRACTS.csv.
M02-CAN-0102,m02.current_1_0.product_semantic.127cd9ea1e6ac967,1.0,CURRENT_1_0,M02,Проверка по ИИН,PRODUCT_SEMANTIC,API,P-10. eGov: выписка о залоге движимого имущества,1. Что можно узнать: 6. Договор/API; Наличие и реквизиты зарегистрированного залога движимого имущества в объёме выписки.: Публичный API для CASA не подтверждён.,1. Что можно узнать: 6. Договор/API; Наличие и реквизиты зарегистрированного залога движимого имущества в объёме выписки.: Публичный API для CASA не подтверждён.,,,,,CASA_Pro_IIN_Check_Final_Spec_KZ_2026-08-21,2026-08-21,P-10. eGov: выписка о залоге движимого имущества,SRC-DOC-M02-P-00266,,,,BACKEND,,,,,Canonicalized from 1 candidate row(s); source text preserved in 10_SOURCE_EXTRACTS.csv.
M02-CAN-0103,m02.current_1_0.product_semantic.93cf508968ce9971,1.0,CURRENT_1_0,M02,Проверка по ИИН,PRODUCT_SEMANTIC,BUSINESS_RULE,P-10. eGov: выписка о залоге движимого имущества,1. Что можно узнать: 7. CAPTCHA; Наличие и реквизиты зарегистрированного залога движимого имущества в объёме выписки.: Нет; используется ЭЦП/официальное подтверждение.,1. Что можно узнать: 7. CAPTCHA; Наличие и реквизиты зарегистрированного залога движимого имущества в объёме выписки.: Нет; используется ЭЦП/официальное подтверждение.,,,,,CASA_Pro_IIN_Check_Final_Spec_KZ_2026-08-21,2026-08-21,P-10. eGov: выписка о залоге движимого имущества,SRC-DOC-M02-P-00267,,,,MULTI_LAYER,,,,,Canonicalized from 1 candidate row(s); source text preserved in 10_SOURCE_EXTRACTS.csv.
M02-CAN-0104,m02.current_1_0.product_semantic.a7c0a6e44c6cbe2c,1.0,CURRENT_1_0,M02,Проверка по ИИН,PRODUCT_SEMANTIC,BUSINESS_RULE,P-10. eGov: выписка о залоге движимого имущества,1. Что можно узнать: 8. Законная автоматизация; Наличие и реквизиты зарегистрированного залога движимого имущества в объёме выписки.: Нет по одному ИИН; не хранить ЭЦП/credentials.,1. Что можно узнать: 8. Законная автоматизация; Наличие и реквизиты зарегистрированного залога движимого имущества в объёме выписки.: Нет по одному ИИН; не хранить ЭЦП/credentials.,,,,,CASA_Pro_IIN_Check_Final_Spec_KZ_2026-08-21,2026-08-21,P-10. eGov: выписка о залоге движимого имущества,SRC-DOC-M02-P-00268,,,,MULTI_LAYER,,,,,Canonicalized from 1 candidate row(s); source text preserved in 10_SOURCE_EXTRACTS.csv.
M02-CAN-0105,m02.current_1_0.product_semantic.3d72ecfc2bf2ebad,1.0,CURRENT_1_0,M02,Проверка по ИИН,PRODUCT_SEMANTIC,VALIDATION,P-10. eGov: выписка о залоге движимого имущества,1. Что можно узнать: 9. Только ручная проверка; Наличие и реквизиты зарегистрированного залога движимого имущества в объёме выписки.: Клиент получает выписку и загружает её.,1. Что можно узнать: 9. Только ручная проверка; Наличие и реквизиты зарегистрированного залога движимого имущества в объёме выписки.: Клиент получает выписку и загружает её.,,,,,CASA_Pro_IIN_Check_Final_Spec_KZ_2026-08-21,2026-08-21,P-10. eGov: выписка о залоге движимого имущества,SRC-DOC-M02-P-00269,,,,MULTI_LAYER,,,,,Canonicalized from 1 candidate row(s); source text preserved in 10_SOURCE_EXTRACTS.csv.
M02-CAN-0106,m02.current_1_0.product_semantic.1d6472d63672ed5c,1.0,CURRENT_1_0,M02,Проверка по ИИН,PRODUCT_SEMANTIC,BUSINESS_RULE,P-10. eGov: выписка о залоге движимого имущества,"1. Что можно узнать: 10. Что сохранять; Наличие и реквизиты зарегистрированного залога движимого имущества в объёме выписки.: `has_registered_pledge`, count, certificate ref/date/hash; предметы/стороны только по отдельной необходимости.","1. Что можно узнать: 10. Что сохранять; Наличие и реквизиты зарегистрированного залога движимого имущества в объёме выписки.: `has_registered_pledge`, count, certificate ref/date/hash; предметы/стороны только по отдельной необходимости.",,,,,CASA_Pro_IIN_Check_Final_Spec_KZ_2026-08-21,2026-08-21,P-10. eGov: выписка о залоге движимого имущества,SRC-DOC-M02-P-00270,,,,MULTI_LAYER,,,,,Canonicalized from 1 candidate row(s); source text preserved in 10_SOURCE_EXTRACTS.csv.
M02-CAN-0107,m02.current_1_0.product_semantic.38369bb7b1823729,1.0,CURRENT_1_0,M02,Проверка по ИИН,PRODUCT_SEMANTIC,BUSINESS_RULE,P-10. eGov: выписка о залоге движимого имущества,1. Что можно узнать: 11. Срок актуальности; Наличие и реквизиты зарегистрированного залога движимого имущества в объёме выписки.: CASA policy: 24 часа.,1. Что можно узнать: 11. Срок актуальности; Наличие и реквизиты зарегистрированного залога движимого имущества в объёме выписки.: CASA policy: 24 часа.,,,,,CASA_Pro_IIN_Check_Final_Spec_KZ_2026-08-21,2026-08-21,P-10. eGov: выписка о залоге движимого имущества,SRC-DOC-M02-P-00271,,,,MULTI_LAYER,,,,,Canonicalized from 1 candidate row(s); source text preserved in 10_SOURCE_EXTRACTS.csv.
M02-CAN-0108,m02.current_1_0.product_semantic.332c9358bac28960,1.0,CURRENT_1_0,M02,Проверка по ИИН,PRODUCT_SEMANTIC,BUSINESS_RULE,P-10. eGov: выписка о залоге движимого имущества,1. Что можно узнать: 12. Недоступность; Наличие и реквизиты зарегистрированного залога движимого имущества в объёме выписки.: `MANUAL_REQUIRED`/`SOURCE_UNAVAILABLE`; отсутствие файла не равно отсутствию залога.,1. Что можно узнать: 12. Недоступность; Наличие и реквизиты зарегистрированного залога движимого имущества в объёме выписки.: `MANUAL_REQUIRED`/`SOURCE_UNAVAILABLE`; отсутствие файла не равно отсутствию залога.,,,,,CASA_Pro_IIN_Check_Final_Spec_KZ_2026-08-21,2026-08-21,P-10. eGov: выписка о залоге движимого имущества,SRC-DOC-M02-P-00272,,,,MULTI_LAYER,,,,,Canonicalized from 1 candidate row(s); source text preserved in 10_SOURCE_EXTRACTS.csv.
M02-CAN-0109,m02.current_1_0.product_semantic.ee09a0c53a39b6a8,1.0,CURRENT_1_0,M02,Проверка по ИИН,PRODUCT_SEMANTIC,BUSINESS_RULE,P-10. eGov: выписка о залоге движимого имущества,"1. Что можно узнать: 14. Юрист; Наличие и реквизиты зарегистрированного залога движимого имущества в объёме выписки.: Релевантность к ипотечному анализу, платность, хранение предметов залога и данных залогодержателей.","1. Что можно узнать: 14. Юрист; Наличие и реквизиты зарегистрированного залога движимого имущества в объёме выписки.: Релевантность к ипотечному анализу, платность, хранение предметов залога и данных залогодержателей.",,,,,CASA_Pro_IIN_Check_Final_Spec_KZ_2026-08-21,2026-08-21,P-10. eGov: выписка о залоге движимого имущества,SRC-DOC-M02-P-00274,,,,MULTI_LAYER,,,,,Canonicalized from 1 candidate row(s); source text preserved in 10_SOURCE_EXTRACTS.csv.
M02-CAN-0110,m02.current_1_0.product_semantic.6213c03c7bf774a7,1.0,CURRENT_1_0,M02,Проверка по ИИН,PRODUCT_SEMANTIC,VALIDATION,P-11. eLicense: лицензии и разрешения,"Официальные источники, проверено 21.08.2026: [S22].","Официальные источники, проверено 21.08.2026: [S22].",,,,,CASA_Pro_IIN_Check_Final_Spec_KZ_2026-08-21,2026-08-21,P-11. eLicense: лицензии и разрешения,SRC-DOC-M02-P-00276,,,,MULTI_LAYER,,,,,Canonicalized from 1 candidate row(s); source text preserved in 10_SOURCE_EXTRACTS.csv.
M02-CAN-0111,m02.current_1_0.product_semantic.d991b6bd633b0368,1.0,CURRENT_1_0,M02,Проверка по ИИН,PRODUCT_SEMANTIC,BUSINESS_RULE,P-11. eLicense: лицензии и разрешения,"1. Что можно узнать: 2. Поиск по ИИН; Номер/вид разрешения или лицензии, лицензиат/лицензиар, дата и статус, включая приостановление/прекращение.: Да, официальный быстрый/расширенный поиск поддерживает ИИН.","1. Что можно узнать: 2. Поиск по ИИН; Номер/вид разрешения или лицензии, лицензиат/лицензиар, дата и статус, включая приостановление/прекращение.: Да, официальный быстрый/расширенный поиск поддерживает ИИН.",,,,,CASA_Pro_IIN_Check_Final_Spec_KZ_2026-08-21,2026-08-21,P-11. eLicense: лицензии и разрешения,SRC-DOC-M02-P-00278,,,,MULTI_LAYER,,,,,Canonicalized from 1 candidate row(s); source text preserved in 10_SOURCE_EXTRACTS.csv.
M02-CAN-0112,m02.current_1_0.product_semantic.3063df27a6e6bd8d,1.0,CURRENT_1_0,M02,Проверка по ИИН,PRODUCT_SEMANTIC,VALIDATION,P-11. eLicense: лицензии и разрешения,"1. Что можно узнать: 3. Публичность; Номер/вид разрешения или лицензии, лицензиат/лицензиар, дата и статус, включая приостановление/прекращение.: Да; проверка бесплатна и не требует авторизации/регистрации.","1. Что можно узнать: 3. Публичность; Номер/вид разрешения или лицензии, лицензиат/лицензиар, дата и статус, включая приостановление/прекращение.: Да; проверка бесплатна и не требует авторизации/регистрации.",,,,,CASA_Pro_IIN_Check_Final_Spec_KZ_2026-08-21,2026-08-21,P-11. eLicense: лицензии и разрешения,SRC-DOC-M02-P-00279,,,,MULTI_LAYER,,,,,Canonicalized from 1 candidate row(s); source text preserved in 10_SOURCE_EXTRACTS.csv.
M02-CAN-0113,m02.current_1_0.security_control.774758ef3f09fb99,1.0,CURRENT_1_0,M02,Проверка по ИИН,SECURITY_CONTROL,CONSENT,P-11. eLicense: лицензии и разрешения,"1. Что можно узнать: 4. Согласие; Номер/вид разрешения или лицензии, лицензиат/лицензиар, дата и статус, включая приостановление/прекращение.: Для систематической обработки CASA — да/LEGAL_REVIEW_REQUIRED.","1. Что можно узнать: 4. Согласие; Номер/вид разрешения или лицензии, лицензиат/лицензиар, дата и статус, включая приостановление/прекращение.: Для систематической обработки CASA — да/LEGAL_REVIEW_REQUIRED.",,,,,CASA_Pro_IIN_Check_Final_Spec_KZ_2026-08-21,2026-08-21,P-11. eLicense: лицензии и разрешения,SRC-DOC-M02-P-00280,,,,LEGAL,,,,,Canonicalized from 1 candidate row(s); source text preserved in 10_SOURCE_EXTRACTS.csv.
M02-CAN-0114,m02.current_1_0.product_semantic.0c190ed5197890de,1.0,CURRENT_1_0,M02,Проверка по ИИН,PRODUCT_SEMANTIC,BUSINESS_RULE,P-11. eLicense: лицензии и разрешения,"1. Что можно узнать: 5. Авторизация клиента; Номер/вид разрешения или лицензии, лицензиат/лицензиар, дата и статус, включая приостановление/прекращение.: Нет.","1. Что можно узнать: 5. Авторизация клиента; Номер/вид разрешения или лицензии, лицензиат/лицензиар, дата и статус, включая приостановление/прекращение.: Нет.",,,,,CASA_Pro_IIN_Check_Final_Spec_KZ_2026-08-21,2026-08-21,P-11. eLicense: лицензии и разрешения,SRC-DOC-M02-P-00281,,,,MULTI_LAYER,,,,,Canonicalized from 1 candidate row(s); source text preserved in 10_SOURCE_EXTRACTS.csv.
M02-CAN-0115,m02.current_1_0.product_semantic.40f692a85ab10429,1.0,CURRENT_1_0,M02,Проверка по ИИН,PRODUCT_SEMANTIC,API,P-11. eLicense: лицензии и разрешения,"1. Что можно узнать: 6. Договор/API; Номер/вид разрешения или лицензии, лицензиат/лицензиар, дата и статус, включая приостановление/прекращение.: Публично документированный API для этого поиска не найден; договор не указан.","1. Что можно узнать: 6. Договор/API; Номер/вид разрешения или лицензии, лицензиат/лицензиар, дата и статус, включая приостановление/прекращение.: Публично документированный API для этого поиска не найден; договор не указан.",,,,,CASA_Pro_IIN_Check_Final_Spec_KZ_2026-08-21,2026-08-21,P-11. eLicense: лицензии и разрешения,SRC-DOC-M02-P-00282,,,,BACKEND,,,,,Canonicalized from 1 candidate row(s); source text preserved in 10_SOURCE_EXTRACTS.csv.
M02-CAN-0116,m02.current_1_0.product_semantic.713c77d84ee1004a,1.0,CURRENT_1_0,M02,Проверка по ИИН,PRODUCT_SEMANTIC,BUSINESS_RULE,P-11. eLicense: лицензии и разрешения,"1. Что можно узнать: 7. CAPTCHA; Номер/вид разрешения или лицензии, лицензиат/лицензиар, дата и статус, включая приостановление/прекращение.: Официальная страница услуги не указывает; не считать это разрешением на автоматизацию.","1. Что можно узнать: 7. CAPTCHA; Номер/вид разрешения или лицензии, лицензиат/лицензиар, дата и статус, включая приостановление/прекращение.: Официальная страница услуги не указывает; не считать это разрешением на автоматизацию.",,,,,CASA_Pro_IIN_Check_Final_Spec_KZ_2026-08-21,2026-08-21,P-11. eLicense: лицензии и разрешения,SRC-DOC-M02-P-00283,,,,MULTI_LAYER,,,,,Canonicalized from 1 candidate row(s); source text preserved in 10_SOURCE_EXTRACTS.csv.
M02-CAN-0117,m02.current_1_0.product_semantic.d45e65ebab441f93,1.0,CURRENT_1_0,M02,Проверка по ИИН,PRODUCT_SEMANTIC,BUSINESS_RULE,P-11. eLicense: лицензии и разрешения,"1. Что можно узнать: 8. Законная автоматизация; Номер/вид разрешения или лицензии, лицензиат/лицензиар, дата и статус, включая приостановление/прекращение.: Не подтверждена. MANUAL_CHECK_REQUIRED.","1. Что можно узнать: 8. Законная автоматизация; Номер/вид разрешения или лицензии, лицензиат/лицензиар, дата и статус, включая приостановление/прекращение.: Не подтверждена. MANUAL_CHECK_REQUIRED.",,,,,CASA_Pro_IIN_Check_Final_Spec_KZ_2026-08-21,2026-08-21,P-11. eLicense: лицензии и разрешения,SRC-DOC-M02-P-00284,,,,MULTI_LAYER,,,,,Canonicalized from 1 candidate row(s); source text preserved in 10_SOURCE_EXTRACTS.csv.
M02-CAN-0118,m02.current_1_0.product_semantic.26f9f76710667886,1.0,CURRENT_1_0,M02,Проверка по ИИН,PRODUCT_SEMANTIC,VALIDATION,P-11. eLicense: лицензии и разрешения,"1. Что можно узнать: 9. Только ручная проверка; Номер/вид разрешения или лицензии, лицензиат/лицензиар, дата и статус, включая приостановление/прекращение.: Да, официальный eLicense search.","1. Что можно узнать: 9. Только ручная проверка; Номер/вид разрешения или лицензии, лицензиат/лицензиар, дата и статус, включая приостановление/прекращение.: Да, официальный eLicense search.",,,,,CASA_Pro_IIN_Check_Final_Spec_KZ_2026-08-21,2026-08-21,P-11. eLicense: лицензии и разрешения,SRC-DOC-M02-P-00285,,,,MULTI_LAYER,,,,,Canonicalized from 1 candidate row(s); source text preserved in 10_SOURCE_EXTRACTS.csv.
M02-CAN-0119,m02.current_1_0.data_contract.8dfa8f9f0730dbbd,1.0,CURRENT_1_0,M02,Проверка по ИИН,DATA_CONTRACT,PROVENANCE,P-11. eLicense: лицензии и разрешения,"1. Что можно узнать: 10. Что сохранять; Номер/вид разрешения или лицензии, лицензиат/лицензиар, дата и статус, включая приостановление/прекращение.: Только номер, вид, статус, dates, issuer и evidence; не весь перечень нерелевантных разрешений.","1. Что можно узнать: 10. Что сохранять; Номер/вид разрешения или лицензии, лицензиат/лицензиар, дата и статус, включая приостановление/прекращение.: Только номер, вид, статус, dates, issuer и evidence; не весь перечень нерелевантных разрешений.",,,,,CASA_Pro_IIN_Check_Final_Spec_KZ_2026-08-21,2026-08-21,P-11. eLicense: лицензии и разрешения,SRC-DOC-M02-P-00286,,,,DATA,,,,,Canonicalized from 1 candidate row(s); source text preserved in 10_SOURCE_EXTRACTS.csv.
M02-CAN-0120,m02.current_1_0.product_semantic.9a104442f22d9c1d,1.0,CURRENT_1_0,M02,Проверка по ИИН,PRODUCT_SEMANTIC,BUSINESS_RULE,P-11. eLicense: лицензии и разрешения,"1. Что можно узнать: 11. Срок актуальности; Номер/вид разрешения или лицензии, лицензиат/лицензиар, дата и статус, включая приостановление/прекращение.: CASA policy: 7 дней.","1. Что можно узнать: 11. Срок актуальности; Номер/вид разрешения или лицензии, лицензиат/лицензиар, дата и статус, включая приостановление/прекращение.: CASA policy: 7 дней.",,,,,CASA_Pro_IIN_Check_Final_Spec_KZ_2026-08-21,2026-08-21,P-11. eLicense: лицензии и разрешения,SRC-DOC-M02-P-00287,,,,MULTI_LAYER,,,,,Canonicalized from 1 candidate row(s); source text preserved in 10_SOURCE_EXTRACTS.csv.
M02-CAN-0121,m02.current_1_0.product_semantic.02559eee37646f6b,1.0,CURRENT_1_0,M02,Проверка по ИИН,PRODUCT_SEMANTIC,BUSINESS_RULE,P-11. eLicense: лицензии и разрешения,"1. Что можно узнать: 12. Недоступность; Номер/вид разрешения или лицензии, лицензиат/лицензиар, дата и статус, включая приостановление/прекращение.: `SOURCE_UNAVAILABLE`; повторить позже.","1. Что можно узнать: 12. Недоступность; Номер/вид разрешения или лицензии, лицензиат/лицензиар, дата и статус, включая приостановление/прекращение.: `SOURCE_UNAVAILABLE`; повторить позже.",,,,,CASA_Pro_IIN_Check_Final_Spec_KZ_2026-08-21,2026-08-21,P-11. eLicense: лицензии и разрешения,SRC-DOC-M02-P-00288,,,,MULTI_LAYER,,,,,Canonicalized from 1 candidate row(s); source text preserved in 10_SOURCE_EXTRACTS.csv.
M02-CAN-0122,m02.current_1_0.product_semantic.bd4c2f9cbdc7f692,1.0,CURRENT_1_0,M02,Проверка по ИИН,PRODUCT_SEMANTIC,BUSINESS_RULE,P-11. eLicense: лицензии и разрешения,"1. Что можно узнать: 13. Влияние; Номер/вид разрешения или лицензии, лицензиат/лицензиар, дата и статус, включая приостановление/прекращение.: Только подтверждение заявленной регулируемой деятельности/частной практики.","1. Что можно узнать: 13. Влияние; Номер/вид разрешения или лицензии, лицензиат/лицензиар, дата и статус, включая приостановление/прекращение.: Только подтверждение заявленной регулируемой деятельности/частной практики.",,,,,CASA_Pro_IIN_Check_Final_Spec_KZ_2026-08-21,2026-08-21,P-11. eLicense: лицензии и разрешения,SRC-DOC-M02-P-00289,,,,MULTI_LAYER,,,,,Canonicalized from 1 candidate row(s); source text preserved in 10_SOURCE_EXTRACTS.csv.
M02-CAN-0123,m02.current_1_0.product_semantic.936f81f0c99cb356,1.0,CURRENT_1_0,M02,Проверка по ИИН,PRODUCT_SEMANTIC,BUSINESS_RULE,P-11. eLicense: лицензии и разрешения,"1. Что можно узнать: 14. Юрист; Номер/вид разрешения или лицензии, лицензиат/лицензиар, дата и статус, включая приостановление/прекращение.: Purpose limitation и коммерческое повторное использование публичного реестра по ИИН.","1. Что можно узнать: 14. Юрист; Номер/вид разрешения или лицензии, лицензиат/лицензиар, дата и статус, включая приостановление/прекращение.: Purpose limitation и коммерческое повторное использование публичного реестра по ИИН.",,,,,CASA_Pro_IIN_Check_Final_Spec_KZ_2026-08-21,2026-08-21,P-11. eLicense: лицензии и разрешения,SRC-DOC-M02-P-00290,,,,MULTI_LAYER,,,,,Canonicalized from 1 candidate row(s); source text preserved in 10_SOURCE_EXTRACTS.csv.
M02-CAN-0124,m02.current_1_0.product_semantic.b9a74f4265c5f154,1.0,CURRENT_1_0,M02,Проверка по ИИН,PRODUCT_SEMANTIC,VALIDATION,P-12. Банк судебных актов: отклонённый кандидат для CASA v1,"Официальные источники, проверено 21.08.2026: [S23].","Официальные источники, проверено 21.08.2026: [S23].",,,,,CASA_Pro_IIN_Check_Final_Spec_KZ_2026-08-21,2026-08-21,P-12. Банк судебных актов: отклонённый кандидат для CASA v1,SRC-DOC-M02-P-00292,,,,MULTI_LAYER,,,,,Canonicalized from 1 candidate row(s); source text preserved in 10_SOURCE_EXTRACTS.csv.
M02-CAN-0125,m02.current_1_0.product_semantic.ad38b0560c44b2c2,1.0,CURRENT_1_0,M02,Проверка по ИИН,PRODUCT_SEMANTIC,BUSINESS_RULE,P-12. Банк судебных актов: отклонённый кандидат для CASA v1,1. Что можно узнать: 2. Поиск по ИИН; Опубликованные вступившие в силу судебные акты за указанный на портале период; поиск поддерживает ИИН/БИН стороны процесса.: Да.,1. Что можно узнать: 2. Поиск по ИИН; Опубликованные вступившие в силу судебные акты за указанный на портале период; поиск поддерживает ИИН/БИН стороны процесса.: Да.,,,,,CASA_Pro_IIN_Check_Final_Spec_KZ_2026-08-21,2026-08-21,P-12. Банк судебных актов: отклонённый кандидат для CASA v1,SRC-DOC-M02-P-00294,,,,MULTI_LAYER,,,,,Canonicalized from 1 candidate row(s); source text preserved in 10_SOURCE_EXTRACTS.csv.
M02-CAN-0126,m02.current_1_0.product_semantic.ca6f925070e9d20e,1.0,CURRENT_1_0,M02,Проверка по ИИН,PRODUCT_SEMANTIC,BUSINESS_RULE,P-12. Банк судебных актов: отклонённый кандидат для CASA v1,"1. Что можно узнать: 3. Публичность; Опубликованные вступившие в силу судебные акты за указанный на портале период; поиск поддерживает ИИН/БИН стороны процесса.: Публичный официальный поиск, но охват ограничен опубликованными актами и периодом.","1. Что можно узнать: 3. Публичность; Опубликованные вступившие в силу судебные акты за указанный на портале период; поиск поддерживает ИИН/БИН стороны процесса.: Публичный официальный поиск, но охват ограничен опубликованными актами и периодом.",,,,,CASA_Pro_IIN_Check_Final_Spec_KZ_2026-08-21,2026-08-21,P-12. Банк судебных актов: отклонённый кандидат для CASA v1,SRC-DOC-M02-P-00295,,,,MULTI_LAYER,,,,,Canonicalized from 1 candidate row(s); source text preserved in 10_SOURCE_EXTRACTS.csv.
M02-CAN-0127,m02.current_1_0.security_control.59bbd50334095897,1.0,CURRENT_1_0,M02,Проверка по ИИН,SECURITY_CONTROL,CONSENT,P-12. Банк судебных актов: отклонённый кандидат для CASA v1,1. Что можно узнать: 4. Согласие; Опубликованные вступившие в силу судебные акты за указанный на портале период; поиск поддерживает ИИН/БИН стороны процесса.: Для CASA — как минимум да; отдельный LEGAL_REVIEW_REQUIRED.,1. Что можно узнать: 4. Согласие; Опубликованные вступившие в силу судебные акты за указанный на портале период; поиск поддерживает ИИН/БИН стороны процесса.: Для CASA — как минимум да; отдельный LEGAL_REVIEW_REQUIRED.,,,,,CASA_Pro_IIN_Check_Final_Spec_KZ_2026-08-21,2026-08-21,P-12. Банк судебных актов: отклонённый кандидат для CASA v1,SRC-DOC-M02-P-00296,,,,LEGAL,,,,,Canonicalized from 1 candidate row(s); source text preserved in 10_SOURCE_EXTRACTS.csv.
M02-CAN-0128,m02.current_1_0.product_semantic.42562c2257707d25,1.0,CURRENT_1_0,M02,Проверка по ИИН,PRODUCT_SEMANTIC,BUSINESS_RULE,P-12. Банк судебных актов: отклонённый кандидат для CASA v1,1. Что можно узнать: 5. Авторизация клиента; Опубликованные вступившие в силу судебные акты за указанный на портале период; поиск поддерживает ИИН/БИН стороны процесса.: Для публичного банка актов не указана.,1. Что можно узнать: 5. Авторизация клиента; Опубликованные вступившие в силу судебные акты за указанный на портале период; поиск поддерживает ИИН/БИН стороны процесса.: Для публичного банка актов не указана.,,,,,CASA_Pro_IIN_Check_Final_Spec_KZ_2026-08-21,2026-08-21,P-12. Банк судебных актов: отклонённый кандидат для CASA v1,SRC-DOC-M02-P-00297,,,,MULTI_LAYER,,,,,Canonicalized from 1 candidate row(s); source text preserved in 10_SOURCE_EXTRACTS.csv.
M02-CAN-0129,m02.current_1_0.product_semantic.92dcbf1f0f1d1bbb,1.0,CURRENT_1_0,M02,Проверка по ИИН,PRODUCT_SEMANTIC,API,P-12. Банк судебных актов: отклонённый кандидат для CASA v1,1. Что можно узнать: 6. Договор/API; Опубликованные вступившие в силу судебные акты за указанный на портале период; поиск поддерживает ИИН/БИН стороны процесса.: Публичный API не подтверждён.,1. Что можно узнать: 6. Договор/API; Опубликованные вступившие в силу судебные акты за указанный на портале период; поиск поддерживает ИИН/БИН стороны процесса.: Публичный API не подтверждён.,,,,,CASA_Pro_IIN_Check_Final_Spec_KZ_2026-08-21,2026-08-21,P-12. Банк судебных актов: отклонённый кандидат для CASA v1,SRC-DOC-M02-P-00298,,,,BACKEND,,,,,Canonicalized from 1 candidate row(s); source text preserved in 10_SOURCE_EXTRACTS.csv.
M02-CAN-0130,m02.current_1_0.product_semantic.55e0eee08a9c7cae,1.0,CURRENT_1_0,M02,Проверка по ИИН,PRODUCT_SEMANTIC,BUSINESS_RULE,P-12. Банк судебных актов: отклонённый кандидат для CASA v1,1. Что можно узнать: 7. CAPTCHA; Опубликованные вступившие в силу судебные акты за указанный на портале период; поиск поддерживает ИИН/БИН стороны процесса.: Не подтверждена официальной документацией.,1. Что можно узнать: 7. CAPTCHA; Опубликованные вступившие в силу судебные акты за указанный на портале период; поиск поддерживает ИИН/БИН стороны процесса.: Не подтверждена официальной документацией.,,,,,CASA_Pro_IIN_Check_Final_Spec_KZ_2026-08-21,2026-08-21,P-12. Банк судебных актов: отклонённый кандидат для CASA v1,SRC-DOC-M02-P-00299,,,,MULTI_LAYER,,,,,Canonicalized from 1 candidate row(s); source text preserved in 10_SOURCE_EXTRACTS.csv.
M02-CAN-0131,m02.current_1_0.product_semantic.b285dcd3ba4b86c2,1.0,CURRENT_1_0,M02,Проверка по ИИН,PRODUCT_SEMANTIC,API,P-12. Банк судебных актов: отклонённый кандидат для CASA v1,"1. Что можно узнать: 8. Законная автоматизация; Опубликованные вступившие в силу судебные акты за указанный на портале период; поиск поддерживает ИИН/БИН стороны процесса.: NOT_ALLOWED в CASA v1: blanket litigation screening несоразмерен цели, неполон и не имеет утверждённого API/правового режима.","1. Что можно узнать: 8. Законная автоматизация; Опубликованные вступившие в силу судебные акты за указанный на портале период; поиск поддерживает ИИН/БИН стороны процесса.: NOT_ALLOWED в CASA v1: blanket litigation screening несоразмерен цели, неполон и не имеет утверждённого API/правового режима.",,,,,CASA_Pro_IIN_Check_Final_Spec_KZ_2026-08-21,2026-08-21,P-12. Банк судебных актов: отклонённый кандидат для CASA v1,SRC-DOC-M02-P-00300,,,,BACKEND,,,,,Canonicalized from 1 candidate row(s); source text preserved in 10_SOURCE_EXTRACTS.csv.
M02-CAN-0132,m02.current_1_0.product_semantic.bb0cbdb0d2cf242c,1.0,CURRENT_1_0,M02,Проверка по ИИН,PRODUCT_SEMANTIC,VALIDATION,P-12. Банк судебных актов: отклонённый кандидат для CASA v1,1. Что можно узнать: 9. Только ручная проверка; Опубликованные вступившие в силу судебные акты за указанный на портале период; поиск поддерживает ИИН/БИН стороны процесса.: Только для конкретного раскрытого клиентом дела после case-specific legal approval; не часть кнопки по умолчанию.,1. Что можно узнать: 9. Только ручная проверка; Опубликованные вступившие в силу судебные акты за указанный на портале период; поиск поддерживает ИИН/БИН стороны процесса.: Только для конкретного раскрытого клиентом дела после case-specific legal approval; не часть кнопки по умолчанию.,,,,,CASA_Pro_IIN_Check_Final_Spec_KZ_2026-08-21,2026-08-21,P-12. Банк судебных актов: отклонённый кандидат для CASA v1,SRC-DOC-M02-P-00301,,,,LEGAL,,,,,Canonicalized from 1 candidate row(s); source text preserved in 10_SOURCE_EXTRACTS.csv.
M02-CAN-0133,m02.current_1_0.product_semantic.07898d68fff9da82,1.0,CURRENT_1_0,M02,Проверка по ИИН,PRODUCT_SEMANTIC,BUSINESS_RULE,P-12. Банк судебных актов: отклонённый кандидат для CASA v1,1. Что можно узнать: 10. Что сохранять; Опубликованные вступившие в силу судебные акты за указанный на портале период; поиск поддерживает ИИН/БИН стороны процесса.: Ничего в v1.,1. Что можно узнать: 10. Что сохранять; Опубликованные вступившие в силу судебные акты за указанный на портале период; поиск поддерживает ИИН/БИН стороны процесса.: Ничего в v1.,,,,,CASA_Pro_IIN_Check_Final_Spec_KZ_2026-08-21,2026-08-21,P-12. Банк судебных актов: отклонённый кандидат для CASA v1,SRC-DOC-M02-P-00302,,,,MULTI_LAYER,,,,,Canonicalized from 1 candidate row(s); source text preserved in 10_SOURCE_EXTRACTS.csv.
M02-CAN-0134,m02.current_1_0.product_semantic.f7028afa70f90839,1.0,CURRENT_1_0,M02,Проверка по ИИН,PRODUCT_SEMANTIC,BUSINESS_RULE,P-12. Банк судебных актов: отклонённый кандидат для CASA v1,1. Что можно узнать: 11. Срок актуальности; Опубликованные вступившие в силу судебные акты за указанный на портале период; поиск поддерживает ИИН/БИН стороны процесса.: Не применяется.,1. Что можно узнать: 11. Срок актуальности; Опубликованные вступившие в силу судебные акты за указанный на портале период; поиск поддерживает ИИН/БИН стороны процесса.: Не применяется.,,,,,CASA_Pro_IIN_Check_Final_Spec_KZ_2026-08-21,2026-08-21,P-12. Банк судебных актов: отклонённый кандидат для CASA v1,SRC-DOC-M02-P-00303,,,,MULTI_LAYER,,,,,Canonicalized from 1 candidate row(s); source text preserved in 10_SOURCE_EXTRACTS.csv.
M02-CAN-0135,m02.current_1_0.product_semantic.a22c2a50359c06cd,1.0,CURRENT_1_0,M02,Проверка по ИИН,PRODUCT_SEMANTIC,BUSINESS_RULE,P-12. Банк судебных актов: отклонённый кандидат для CASA v1,1. Что можно узнать: 12. Недоступность; Опубликованные вступившие в силу судебные акты за указанный на портале период; поиск поддерживает ИИН/БИН стороны процесса.: Не применяется.,1. Что можно узнать: 12. Недоступность; Опубликованные вступившие в силу судебные акты за указанный на портале период; поиск поддерживает ИИН/БИН стороны процесса.: Не применяется.,,,,,CASA_Pro_IIN_Check_Final_Spec_KZ_2026-08-21,2026-08-21,P-12. Банк судебных актов: отклонённый кандидат для CASA v1,SRC-DOC-M02-P-00304,,,,MULTI_LAYER,,,,,Canonicalized from 1 candidate row(s); source text preserved in 10_SOURCE_EXTRACTS.csv.
M02-CAN-0136,m02.current_1_0.product_semantic.4d4f403ff19cac26,1.0,CURRENT_1_0,M02,Проверка по ИИН,PRODUCT_SEMANTIC,BUSINESS_RULE,P-12. Банк судебных актов: отклонённый кандидат для CASA v1,1. Что можно узнать: 13. Влияние; Опубликованные вступившие в силу судебные акты за указанный на портале период; поиск поддерживает ИИН/БИН стороны процесса.: Не влияет на решение.,1. Что можно узнать: 13. Влияние; Опубликованные вступившие в силу судебные акты за указанный на портале период; поиск поддерживает ИИН/БИН стороны процесса.: Не влияет на решение.,,,,,CASA_Pro_IIN_Check_Final_Spec_KZ_2026-08-21,2026-08-21,P-12. Банк судебных актов: отклонённый кандидат для CASA v1,SRC-DOC-M02-P-00305,,,,MULTI_LAYER,,,,,Canonicalized from 1 candidate row(s); source text preserved in 10_SOURCE_EXTRACTS.csv.
M02-CAN-0137,m02.current_1_0.product_semantic.c7b52ea1e87341e4,1.0,CURRENT_1_0,M02,Проверка по ИИН,PRODUCT_SEMANTIC,BUSINESS_RULE,P-12. Банк судебных актов: отклонённый кандидат для CASA v1,"1. Что можно узнать: 14. Юрист; Опубликованные вступившие в силу судебные акты за указанный на портале период; поиск поддерживает ИИН/БИН стороны процесса.: Законность и пропорциональность судебного профилирования, неполнота/историчность, чувствительные категории дел, право на оспаривание.","1. Что можно узнать: 14. Юрист; Опубликованные вступившие в силу судебные акты за указанный на портале период; поиск поддерживает ИИН/БИН стороны процесса.: Законность и пропорциональность судебного профилирования, неполнота/историчность, чувствительные категории дел, право на оспаривание.",,,,,CASA_Pro_IIN_Check_Final_Spec_KZ_2026-08-21,2026-08-21,P-12. Банк судебных актов: отклонённый кандидат для CASA v1,SRC-DOC-M02-P-00306,,,,MULTI_LAYER,,,,,Canonicalized from 1 candidate row(s); source text preserved in 10_SOURCE_EXTRACTS.csv.
M02-CAN-0138,m02.current_1_0.product_semantic.6caa6e296a2959a8,1.0,CURRENT_1_0,M02,Проверка по ИИН,PRODUCT_SEMANTIC,API,§1 Короткий вывод и границы решения,"Ввод ИИН сам по себе не даёт CASA права на сведения. ИИН является персональными данными ограниченного доступа; CASA должна иметь предметное согласие или иное подтверждённое основание, минимизировать поля и хранить персональные данные в утверждённом контуре. Публичная форма или технически доступный API не отменяют эти требования. [S01] [S03]","Ввод ИИН сам по себе не даёт CASA права на сведения. ИИН является персональными данными ограниченного доступа; CASA должна иметь предметное согласие или иное подтверждённое основание, минимизировать поля и хранить персональные данные в утверждённом контуре. Публичная форма или технически доступный API не отменяют эти требования. [S01] [S03]",,,,,CASA_Pro_IIN_Check_Final_Spec_KZ_2026-08-21,2026-08-21,§1 Короткий вывод и границы решения,SRC-DOC-M02-P-00026,,,,BACKEND|LEGAL,,,,,Canonicalized from 1 candidate row(s); source text preserved in 10_SOURCE_EXTRACTS.csv.
M02-CAN-0139,m02.current_1_0.product_semantic.05f2a5d6f94c60a7,1.0,CURRENT_1_0,M02,Проверка по ИИН,PRODUCT_SEMANTIC,API,§1 Короткий вывод и границы решения,"Автоматический кандидат №1: АИС ОИП через официальный сервис Открытых данных — исполнительные производства и, если поля возвращены, временное ограничение на выезд. Требуются API key, принятие условий, согласие клиента и LEGAL_REVIEW_REQUIRED. [S05] [S06] [S07]","Автоматический кандидат №1: АИС ОИП через официальный сервис Открытых данных — исполнительные производства и, если поля возвращены, временное ограничение на выезд. Требуются API key, принятие условий, согласие клиента и LEGAL_REVIEW_REQUIRED. [S05] [S06] [S07]",,,,,CASA_Pro_IIN_Check_Final_Spec_KZ_2026-08-21,2026-08-21,§1 Короткий вывод и границы решения,SRC-DOC-M02-P-00028,,,,BACKEND|LEGAL,,,,,Canonicalized from 1 candidate row(s); source text preserved in 10_SOURCE_EXTRACTS.csv.
M02-CAN-0140,m02.current_1_0.product_semantic.4054f111f56c5644,1.0,CURRENT_1_0,M02,Проверка по ИИН,PRODUCT_SEMANTIC,API,§1 Короткий вывод и границы решения,Автоматический кандидат №2: официальные API КГД по токену X-Portal-Token — регистрационный статус налогоплательщика/ИП и условный профиль клиента-ИП. Токен и юридический допуск должны быть получены до включения коннектора. [S10] [S11],Автоматический кандидат №2: официальные API КГД по токену X-Portal-Token — регистрационный статус налогоплательщика/ИП и условный профиль клиента-ИП. Токен и юридический допуск должны быть получены до включения коннектора. [S10] [S11],,,,,CASA_Pro_IIN_Check_Final_Spec_KZ_2026-08-21,2026-08-21,§1 Короткий вывод и границы решения,SRC-DOC-M02-P-00029,,,,BACKEND,,,,,Canonicalized from 1 candidate row(s); source text preserved in 10_SOURCE_EXTRACTS.csv.
M02-CAN-0141,m02.current_1_0.product_semantic.b8b79ea4f49ac294,1.0,CURRENT_1_0,M02,Проверка по ИИН,PRODUCT_SEMANTIC,API,§1 Короткий вывод и границы решения,"Ручные обязательные карточки: исполнительные надписи ЕНИС (CAPTCHA), налоговая задолженность через официальный ручной/клиент-авторизованный канал, банкротство/восстановление платёжеспособности до появления доказанного точечного API по ИИН. MANUAL_CHECK_REQUIRED. [S09] [S12] [S13] [S14] [S15]","Ручные обязательные карточки: исполнительные надписи ЕНИС (CAPTCHA), налоговая задолженность через официальный ручной/клиент-авторизованный канал, банкротство/восстановление платёжеспособности до появления доказанного точечного API по ИИН. MANUAL_CHECK_REQUIRED. [S09] [S12] [S13] [S14] [S15]",,,,,CASA_Pro_IIN_Check_Final_Spec_KZ_2026-08-21,2026-08-21,§1 Короткий вывод и границы решения,SRC-DOC-M02-P-00030,,,,BACKEND,,,,,Canonicalized from 1 candidate row(s); source text preserved in 10_SOURCE_EXTRACTS.csv.
M02-CAN-0142,m02.current_1_0.boundary.20fed1e750f5e873,1.0,CURRENT_1_0,M02,Проверка по ИИН,BOUNDARY,SCOPE,§1 Короткий вывод и границы решения,"Клиент-авторизованные условные справки: участие в юридических лицах, права/обременения на недвижимость, выписка о залоге движимого имущества. Не запускать по умолчанию; использовать только при доказанной необходимости. [S19] [S20] [S21]","Клиент-авторизованные условные справки: участие в юридических лицах, права/обременения на недвижимость, выписка о залоге движимого имущества. Не запускать по умолчанию; использовать только при доказанной необходимости. [S19] [S20] [S21]",,,,,CASA_Pro_IIN_Check_Final_Spec_KZ_2026-08-21,2026-08-21,§1 Короткий вывод и границы решения,SRC-DOC-M02-P-00031,,,,MULTI_LAYER,,,,,Canonicalized from 1 candidate row(s); source text preserved in 10_SOURCE_EXTRACTS.csv.
M02-CAN-0143,m02.current_1_0.boundary.a8af4ffbe88ef908,1.0,CURRENT_1_0,M02,Проверка по ИИН,BOUNDARY,SCOPE,§1 Короткий вывод и границы решения,"CASA сохраняет факты и происхождение данных, но не выносит банковский вердикт. Найденная запись — не запрет на ипотеку; отсутствие записи — не одобрение банка.","CASA сохраняет факты и происхождение данных, но не выносит банковский вердикт. Найденная запись — не запрет на ипотеку; отсутствие записи — не одобрение банка.",,,,,CASA_Pro_IIN_Check_Final_Spec_KZ_2026-08-21,2026-08-21,§1 Короткий вывод и границы решения,SRC-DOC-M02-P-00032,,,,MULTI_LAYER,,,,,Canonicalized from 1 candidate row(s); source text preserved in 10_SOURCE_EXTRACTS.csv.
M02-CAN-0144,m02.current_1_0.product_semantic.d6a66dbca3c6a776,1.0,CURRENT_1_0,M02,Проверка по ИИН,PRODUCT_SEMANTIC,API,§1 Короткий вывод и границы решения,"Production-статус на дату исследования
Без представленных CASA API-ключей/токенов, подписанного реестра правовых оснований и решений по хранению все автоматические коннекторы должны оставаться выключенными. UI и ручной workflow можно реализовать сразу; включение каждого источника — отдельным feature flag после sign-off.: Production-статус на дату исследования
Без представленных CASA API-ключей/токенов, подписанного реестра правовых оснований и решений по хранению все автоматические коннекторы должны оставаться выключенными. UI и ручной workflow можно реализовать сразу; включение каждого источника — отдельным feature flag после sign-off.","Production-статус на дату исследования
Без представленных CASA API-ключей/токенов, подписанного реестра правовых оснований и решений по хранению все автоматические коннекторы должны оставаться выключенными. UI и ручной workflow можно реализовать сразу; включение каждого источника — отдельным feature flag после sign-off.: Production-статус на дату исследования
Без представленных CASA API-ключей/токенов, подписанного реестра правовых оснований и решений по хранению все автоматические коннекторы должны оставаться выключенными. UI и ручной workflow можно реализовать сразу; включение каждого источника — отдельным feature flag после sign-off.",,,,,CASA_Pro_IIN_Check_Final_Spec_KZ_2026-08-21,2026-08-21,§1 Короткий вывод и границы решения,SRC-DOC-M02-P-00033,,,,BACKEND|FRONTEND|PRODUCT,,,,,Canonicalized from 1 candidate row(s); source text preserved in 10_SOURCE_EXTRACTS.csv.
M02-CAN-0145,m02.current_1_0.product_semantic.8abfef09dd338514,1.0,CURRENT_1_0,M02,Проверка по ИИН,PRODUCT_SEMANTIC,BUSINESS_RULE,§11 Юридические вопросы до production,"ID: J-01; Тема: Роли; Что должен письменно утвердить юрист Казахстана: Кто является собственником/оператором/третьим лицом: CASA, агентство, риелтор; DPA и ответственность.","ID: J-01; Тема: Роли; Что должен письменно утвердить юрист Казахстана: Кто является собственником/оператором/третьим лицом: CASA, агентство, риелтор; DPA и ответственность.",,,,,CASA_Pro_IIN_Check_Final_Spec_KZ_2026-08-21,2026-08-21,§11 Юридические вопросы до production,SRC-DOC-M02-P-00478,,,,MULTI_LAYER,,J-01,J-01,,Canonicalized from 1 candidate row(s); source text preserved in 10_SOURCE_EXTRACTS.csv.
M02-CAN-0146,m02.current_1_0.product_semantic.41322141300331f1,1.0,CURRENT_1_0,M02,Проверка по ИИН,PRODUCT_SEMANTIC,BUSINESS_RULE,§11 Юридические вопросы до production,ID: J-03; Тема: Открытые данные; Что должен письменно утвердить юрист Казахстана: Допустимо ли коммерческое точечное использование АИС ОИП/КГД по ИИН и какие terms/атрибуция/лимиты применяются.,ID: J-03; Тема: Открытые данные; Что должен письменно утвердить юрист Казахстана: Допустимо ли коммерческое точечное использование АИС ОИП/КГД по ИИН и какие terms/атрибуция/лимиты применяются.,,,,,CASA_Pro_IIN_Check_Final_Spec_KZ_2026-08-21,2026-08-21,§11 Юридические вопросы до production,SRC-DOC-M02-P-00480,,,,MULTI_LAYER,,J-03,J-03,,Canonicalized from 1 candidate row(s); source text preserved in 10_SOURCE_EXTRACTS.csv.
M02-CAN-0147,m02.current_1_0.security_control.be63ce46bdd3bf6c,1.0,CURRENT_1_0,M02,Проверка по ИИН,SECURITY_CONTROL,CONSENT,§11 Юридические вопросы до production,ID: J-04; Тема: КДП/eGov; Что должен письменно утвердить юрист Казахстана: Когда CASA consent недостаточно и требуется транзакционное подтверждение через государственный сервис контроля доступа.,ID: J-04; Тема: КДП/eGov; Что должен письменно утвердить юрист Казахстана: Когда CASA consent недостаточно и требуется транзакционное подтверждение через государственный сервис контроля доступа.,,,,,CASA_Pro_IIN_Check_Final_Spec_KZ_2026-08-21,2026-08-21,§11 Юридические вопросы до production,SRC-DOC-M02-P-00481,,,,LEGAL,,J-04,J-04,,Canonicalized from 1 candidate row(s); source text preserved in 10_SOURCE_EXTRACTS.csv.
M02-CAN-0148,m02.current_1_0.product_semantic.774154c80dbc4bb0,1.0,CURRENT_1_0,M02,Проверка по ИИН,PRODUCT_SEMANTIC,API,§11 Юридические вопросы до production,"ID: J-05; Тема: API-доступ; Что должен письменно утвердить юрист Казахстана: Письменное подтверждение КГД/НИТ/МЮ по токенам, SLA, rate limits, допустимому purpose и отсутствию/наличию договора.","ID: J-05; Тема: API-доступ; Что должен письменно утвердить юрист Казахстана: Письменное подтверждение КГД/НИТ/МЮ по токенам, SLA, rate limits, допустимому purpose и отсутствию/наличию договора.",,,,,CASA_Pro_IIN_Check_Final_Spec_KZ_2026-08-21,2026-08-21,§11 Юридические вопросы до production,SRC-DOC-M02-P-00482,,,,BACKEND,,J-05,J-05,,Canonicalized from 1 candidate row(s); source text preserved in 10_SOURCE_EXTRACTS.csv.
M02-CAN-0149,m02.current_1_0.boundary.57219625f0c3a1a6,1.0,CURRENT_1_0,M02,Проверка по ИИН,BOUNDARY,FORBIDDEN,§11 Юридические вопросы до production,ID: J-06; Тема: Банкротство; Что должен письменно утвердить юрист Казахстана: Можно ли обрабатывать full-list API; до ответа bulk ingestion запрещён. Желателен точечный endpoint по ИИН.,,ID: J-06; Тема: Банкротство; Что должен письменно утвердить юрист Казахстана: Можно ли обрабатывать full-list API; до ответа bulk ingestion запрещён. Желателен точечный endpoint по ИИН.,,,,CASA_Pro_IIN_Check_Final_Spec_KZ_2026-08-21,2026-08-21,§11 Юридические вопросы до production,SRC-DOC-M02-P-00483,,,,BACKEND,,J-06,J-06,,Canonicalized from 1 candidate row(s); source text preserved in 10_SOURCE_EXTRACTS.csv.
M02-CAN-0150,m02.current_1_0.data_contract.4e9d463060e3af1f,1.0,CURRENT_1_0,M02,Проверка по ИИН,DATA_CONTRACT,PROVENANCE,§11 Юридические вопросы до production,"ID: J-07; Тема: Локализация; Что должен письменно утвердить юрист Казахстана: KZ region для primary DB, evidence, logs, backups, monitoring; отдельный cross-border data-flow review. [S01]","ID: J-07; Тема: Локализация; Что должен письменно утвердить юрист Казахстана: KZ region для primary DB, evidence, logs, backups, monitoring; отдельный cross-border data-flow review. [S01]",,,,,CASA_Pro_IIN_Check_Final_Spec_KZ_2026-08-21,2026-08-21,§11 Юридические вопросы до production,SRC-DOC-M02-P-00484,,,,DATA,,J-07,J-07,,Canonicalized from 1 candidate row(s); source text preserved in 10_SOURCE_EXTRACTS.csv.
M02-CAN-0151,m02.current_1_0.security_control.e859de7e9af719af,1.0,CURRENT_1_0,M02,Проверка по ИИН,SECURITY_CONTROL,AUDIT,§11 Юридические вопросы до production,"ID: J-08; Тема: Retention; Что должен письменно утвердить юрист Казахстана: Сроки normalized facts, manual evidence, audit и удаление после отзыва/закрытия дела; legal hold.","ID: J-08; Тема: Retention; Что должен письменно утвердить юрист Казахстана: Сроки normalized facts, manual evidence, audit и удаление после отзыва/закрытия дела; legal hold.",,,,,CASA_Pro_IIN_Check_Final_Spec_KZ_2026-08-21,2026-08-21,§11 Юридические вопросы до production,SRC-DOC-M02-P-00485,,,,LEGAL,,J-08,J-08,,Canonicalized from 1 candidate row(s); source text preserved in 10_SOURCE_EXTRACTS.csv.
M02-CAN-0152,m02.current_1_0.product_semantic.77905b785dfa6507,1.0,CURRENT_1_0,M02,Проверка по ИИН,PRODUCT_SEMANTIC,BUSINESS_RULE,§11 Юридические вопросы до production,"ID: J-10; Тема: Профилирование; Что должен письменно утвердить юрист Казахстана: Допустимость adverse CASA signals, объяснимость, право клиента оспорить факт, запрет solely automated adverse decision.","ID: J-10; Тема: Профилирование; Что должен письменно утвердить юрист Казахстана: Допустимость adverse CASA signals, объяснимость, право клиента оспорить факт, запрет solely automated adverse decision.",,,,,CASA_Pro_IIN_Check_Final_Spec_KZ_2026-08-21,2026-08-21,§11 Юридические вопросы до production,SRC-DOC-M02-P-00487,,,,MULTI_LAYER,,J-10,J-10,,Canonicalized from 1 candidate row(s); source text preserved in 10_SOURCE_EXTRACTS.csv.
M02-CAN-0153,m02.current_1_0.security_control.18b4a98c6bb737de,1.0,CURRENT_1_0,M02,Проверка по ИИН,SECURITY_CONTROL,CONSENT,§11 Юридические вопросы до production,ID: J-11; Тема: Ручной оператор; Что должен письменно утвердить юрист Казахстана: Полномочие риелтора выполнять публичный поиск по согласию клиента и использовать eGov third-party service.,ID: J-11; Тема: Ручной оператор; Что должен письменно утвердить юрист Казахстана: Полномочие риелтора выполнять публичный поиск по согласию клиента и использовать eGov third-party service.,,,,,CASA_Pro_IIN_Check_Final_Spec_KZ_2026-08-21,2026-08-21,§11 Юридические вопросы до production,SRC-DOC-M02-P-00488,,,,BACKEND|LEGAL,,J-11,J-11,,Canonicalized from 1 candidate row(s); source text preserved in 10_SOURCE_EXTRACTS.csv.
M02-CAN-0154,m02.current_1_0.product_semantic.7f466a03228719a1,1.0,CURRENT_1_0,M02,Проверка по ИИН,PRODUCT_SEMANTIC,VALIDATION,§12 Реестр официальных источников,Все ссылки проверены на дату 21.08.2026. Коммерческие публикации не использовались как доказательство доступности или правового режима.,Все ссылки проверены на дату 21.08.2026. Коммерческие публикации не использовались как доказательство доступности или правового режима.,,,,,CASA_Pro_IIN_Check_Final_Spec_KZ_2026-08-21,2026-08-21,§12 Реестр официальных источников,SRC-DOC-M02-P-00492,,,,MULTI_LAYER,,,,,Canonicalized from 1 candidate row(s); source text preserved in 10_SOURCE_EXTRACTS.csv.
M02-CAN-0155,m02.current_1_0.product_semantic.6d6571eab9cdbcae,1.0,CURRENT_1_0,M02,Проверка по ИИН,PRODUCT_SEMANTIC,VALIDATION,§13 ФИНАЛЬНАЯ СПЕЦИФИКАЦИЯ БЛОКА ПРОВЕРКИ ПО ИИН CASA PRO,"Нормативный статус
Раздел 13 имеет приоритет как developer handoff. Требования MUST обязательны; любой спор с ранними макетами решается в пользу этого раздела до выпуска новой утверждённой версии.: Нормативный статус
Раздел 13 имеет приоритет как developer handoff. Требования MUST обязательны; любой спор с ранними макетами решается в пользу этого раздела до выпуска новой утверждённой версии.","Нормативный статус
Раздел 13 имеет приоритет как developer handoff. Требования MUST обязательны; любой спор с ранними макетами решается в пользу этого раздела до выпуска новой утверждённой версии.: Нормативный статус
Раздел 13 имеет приоритет как developer handoff. Требования MUST обязательны; любой спор с ранними макетами решается в пользу этого раздела до выпуска новой утверждённой версии.",,,,,CASA_Pro_IIN_Check_Final_Spec_KZ_2026-08-21,2026-08-21,§13 ФИНАЛЬНАЯ СПЕЦИФИКАЦИЯ БЛОКА ПРОВЕРКИ ПО ИИН CASA PRO,SRC-DOC-M02-P-00527,,,,MULTI_LAYER,,,,,Canonicalized from 1 candidate row(s); source text preserved in 10_SOURCE_EXTRACTS.csv.
M02-CAN-0156,m02.current_1_0.product_semantic.4a214ac2c759075c,1.0,CURRENT_1_0,M02,Проверка по ИИН,PRODUCT_SEMANTIC,VALIDATION,§13.1 Scope и результат,Блок MUST проверять конкретного участника ипотечного дела по его ИИН только в официальных разрешённых источниках.,Блок MUST проверять конкретного участника ипотечного дела по его ИИН только в официальных разрешённых источниках.,,,,,CASA_Pro_IIN_Check_Final_Spec_KZ_2026-08-21,2026-08-21,§13.1 Scope и результат,SRC-DOC-M02-P-00529,,,,MULTI_LAYER,,,,,Canonicalized from 1 candidate row(s); source text preserved in 10_SOURCE_EXTRACTS.csv.
M02-CAN-0157,m02.current_1_0.boundary.a7836da93b555317,1.0,CURRENT_1_0,M02,Проверка по ИИН,BOUNDARY,FORBIDDEN,§13.1 Scope и результат,"Блок MUST собирать факты и provenance; MUST NOT подавать заявки в банк, получать банковское решение или изображать найденный факт как запрет/одобрение ипотеки.",,"Блок MUST собирать факты и provenance; MUST NOT подавать заявки в банк, получать банковское решение или изображать найденный факт как запрет/одобрение ипотеки.",,,,CASA_Pro_IIN_Check_Final_Spec_KZ_2026-08-21,2026-08-21,§13.1 Scope и результат,SRC-DOC-M02-P-00530,,,,MULTI_LAYER,,,,,Canonicalized from 1 candidate row(s); source text preserved in 10_SOURCE_EXTRACTS.csv.
M02-CAN-0158,m02.current_1_0.boundary.ca2f5167272dced5,1.0,CURRENT_1_0,M02,Проверка по ИИН,BOUNDARY,SCOPE,§13.1 Scope и результат,Каждый check MUST существовать как отдельный `client_check_result`; общий итог MUST быть coverage-based.,Каждый check MUST существовать как отдельный `client_check_result`; общий итог MUST быть coverage-based.,,,,,CASA_Pro_IIN_Check_Final_Spec_KZ_2026-08-21,2026-08-21,§13.1 Scope и результат,SRC-DOC-M02-P-00531,,,,MULTI_LAYER,,,,,Canonicalized from 1 candidate row(s); source text preserved in 10_SOURCE_EXTRACTS.csv.
M02-CAN-0159,m02.current_1_0.security_control.d4aa388e9b061fb0,1.0,CURRENT_1_0,M02,Проверка по ИИН,SECURITY_CONTROL,SECURITY,§13.1 Scope и результат,Автоматические коннекторы MUST быть deny-by-default и включаться независимо по `source.code` после legal/access/security approvals.,Автоматические коннекторы MUST быть deny-by-default и включаться независимо по `source.code` после legal/access/security approvals.,,,,,CASA_Pro_IIN_Check_Final_Spec_KZ_2026-08-21,2026-08-21,§13.1 Scope и результат,SRC-DOC-M02-P-00532,,,,SECURITY|LEGAL,,,,,Canonicalized from 1 candidate row(s); source text preserved in 10_SOURCE_EXTRACTS.csv.
M02-CAN-0160,m02.current_1_0.product_semantic.0611034a80566962,1.0,CURRENT_1_0,M02,Проверка по ИИН,PRODUCT_SEMANTIC,API,§13.2 Manifest v1,Класс: BASE_REQUIRED; check_type: enforcement_proceedings; exit_restriction; Канал/статус: AIS OIP official API после gates; иначе manual,Класс: BASE_REQUIRED; check_type: enforcement_proceedings; exit_restriction; Канал/статус: AIS OIP official API после gates; иначе manual,,,,,CASA_Pro_IIN_Check_Final_Spec_KZ_2026-08-21,2026-08-21,§13.2 Manifest v1,SRC-DOC-M02-P-00535,,,,BACKEND,,,,,Canonicalized from 1 candidate row(s); source text preserved in 10_SOURCE_EXTRACTS.csv.
M02-CAN-0161,m02.current_1_0.product_semantic.da9fef96b5413929,1.0,CURRENT_1_0,M02,Проверка по ИИН,PRODUCT_SEMANTIC,BUSINESS_RULE,§13.2 Manifest v1,Класс: BASE_REQUIRED; check_type: executive_inscription; Канал/статус: MANUAL_CHECK_REQUIRED (ЕНИС CAPTCHA),Класс: BASE_REQUIRED; check_type: executive_inscription; Канал/статус: MANUAL_CHECK_REQUIRED (ЕНИС CAPTCHA),,,,,CASA_Pro_IIN_Check_Final_Spec_KZ_2026-08-21,2026-08-21,§13.2 Manifest v1,SRC-DOC-M02-P-00536,,,,MULTI_LAYER,,,,,Canonicalized from 1 candidate row(s); source text preserved in 10_SOURCE_EXTRACTS.csv.
M02-CAN-0162,m02.current_1_0.product_semantic.a88422848f60f443,1.0,CURRENT_1_0,M02,Проверка по ИИН,PRODUCT_SEMANTIC,API,§13.2 Manifest v1,Класс: BASE_REQUIRED; check_type: taxpayer_ip_status; Канал/статус: KGD API после token/legal; иначе manual,Класс: BASE_REQUIRED; check_type: taxpayer_ip_status; Канал/статус: KGD API после token/legal; иначе manual,,,,,CASA_Pro_IIN_Check_Final_Spec_KZ_2026-08-21,2026-08-21,§13.2 Manifest v1,SRC-DOC-M02-P-00537,,,,BACKEND|LEGAL,,,,,Canonicalized from 1 candidate row(s); source text preserved in 10_SOURCE_EXTRACTS.csv.
M02-CAN-0163,m02.current_1_0.product_semantic.b70a123aeed1c6aa,1.0,CURRENT_1_0,M02,Проверка по ИИН,PRODUCT_SEMANTIC,BUSINESS_RULE,§13.2 Manifest v1,Класс: BASE_REQUIRED; check_type: tax_debt; Канал/статус: CLIENT_AUTH_REQUIRED / MANUAL_CHECK_REQUIRED,Класс: BASE_REQUIRED; check_type: tax_debt; Канал/статус: CLIENT_AUTH_REQUIRED / MANUAL_CHECK_REQUIRED,,,,,CASA_Pro_IIN_Check_Final_Spec_KZ_2026-08-21,2026-08-21,§13.2 Manifest v1,SRC-DOC-M02-P-00538,,,,MULTI_LAYER,,,,,Canonicalized from 1 candidate row(s); source text preserved in 10_SOURCE_EXTRACTS.csv.
M02-CAN-0164,m02.current_1_0.product_semantic.b7da0334fc8ddff3,1.0,CURRENT_1_0,M02,Проверка по ИИН,PRODUCT_SEMANTIC,API,§13.2 Manifest v1,Класс: BASE_REQUIRED; check_type: bankruptcy_nonjudicial; Канал/статус: MANUAL_CHECK_REQUIRED до точечного API,Класс: BASE_REQUIRED; check_type: bankruptcy_nonjudicial; Канал/статус: MANUAL_CHECK_REQUIRED до точечного API,,,,,CASA_Pro_IIN_Check_Final_Spec_KZ_2026-08-21,2026-08-21,§13.2 Manifest v1,SRC-DOC-M02-P-00539,,,,BACKEND,,,,,Canonicalized from 1 candidate row(s); source text preserved in 10_SOURCE_EXTRACTS.csv.
M02-CAN-0165,m02.current_1_0.product_semantic.dc1c87634d960e10,1.0,CURRENT_1_0,M02,Проверка по ИИН,PRODUCT_SEMANTIC,API,§13.2 Manifest v1,Класс: BASE_REQUIRED; check_type: bankruptcy_judicial_restoration; Канал/статус: MANUAL_CHECK_REQUIRED до точечного API,Класс: BASE_REQUIRED; check_type: bankruptcy_judicial_restoration; Канал/статус: MANUAL_CHECK_REQUIRED до точечного API,,,,,CASA_Pro_IIN_Check_Final_Spec_KZ_2026-08-21,2026-08-21,§13.2 Manifest v1,SRC-DOC-M02-P-00540,,,,BACKEND,,,,,Canonicalized from 1 candidate row(s); source text preserved in 10_SOURCE_EXTRACTS.csv.
M02-CAN-0166,m02.current_1_0.product_semantic.c1d1686c31318727,1.0,CURRENT_1_0,M02,Проверка по ИИН,PRODUCT_SEMANTIC,BUSINESS_RULE,§13.2 Manifest v1,Класс: IP_CONDITIONAL; check_type: tax_reporting_suspension; Канал/статус: CLIENT_AUTH_REQUIRED,Класс: IP_CONDITIONAL; check_type: tax_reporting_suspension; Канал/статус: CLIENT_AUTH_REQUIRED,,,,,CASA_Pro_IIN_Check_Final_Spec_KZ_2026-08-21,2026-08-21,§13.2 Manifest v1,SRC-DOC-M02-P-00542,,,,MULTI_LAYER,,,,,Canonicalized from 1 candidate row(s); source text preserved in 10_SOURCE_EXTRACTS.csv.
M02-CAN-0167,m02.current_1_0.security_control.ee42e8f39eff9844,1.0,CURRENT_1_0,M02,Проверка по ИИН,SECURITY_CONTROL,CONSENT,§13.2 Manifest v1,Класс: CASE_CONDITIONAL; check_type: legal_entity_participation; property_rights; movable_pledge; license_status; Канал/статус: Только по обоснованной необходимости и отдельному consent scope,Класс: CASE_CONDITIONAL; check_type: legal_entity_participation; property_rights; movable_pledge; license_status; Канал/статус: Только по обоснованной необходимости и отдельному consent scope,,,,,CASA_Pro_IIN_Check_Final_Spec_KZ_2026-08-21,2026-08-21,§13.2 Manifest v1,SRC-DOC-M02-P-00543,,,,LEGAL|PRODUCT,,,,,Canonicalized from 1 candidate row(s); source text preserved in 10_SOURCE_EXTRACTS.csv.
M02-CAN-0168,m02.current_1_0.boundary.885e9e377c4b6b1e,1.0,CURRENT_1_0,M02,Проверка по ИИН,BOUNDARY,FORBIDDEN,§13.3 Обязательные MUST/MUST NOT,MUST валидировать 12 цифр и контрольный разряд до внешнего запроса; MUST NOT выводить атрибуты человека из структуры ИИН.,,MUST валидировать 12 цифр и контрольный разряд до внешнего запроса; MUST NOT выводить атрибуты человека из структуры ИИН.,,,,CASA_Pro_IIN_Check_Final_Spec_KZ_2026-08-21,2026-08-21,§13.3 Обязательные MUST/MUST NOT,SRC-DOC-M02-P-00546,,,,MULTI_LAYER,,,,,Canonicalized from 1 candidate row(s); source text preserved in 10_SOURCE_EXTRACTS.csv.
M02-CAN-0169,m02.current_1_0.boundary.59e38d2cc7747ab1,1.0,CURRENT_1_0,M02,Проверка по ИИН,BOUNDARY,FORBIDDEN,§13.3 Обязательные MUST/MUST NOT,"MUST иметь participant-bound active consent, purpose и source manifest; MUST остановиться при отзыве/истечении.",,"MUST иметь participant-bound active consent, purpose и source manifest; MUST остановиться при отзыве/истечении.",,,,CASA_Pro_IIN_Check_Final_Spec_KZ_2026-08-21,2026-08-21,§13.3 Обязательные MUST/MUST NOT,SRC-DOC-M02-P-00547,,,,LEGAL,,,,,Canonicalized from 1 candidate row(s); source text preserved in 10_SOURCE_EXTRACTS.csv.
M02-CAN-0170,m02.current_1_0.boundary.8ee1576b3cc22c3d,1.0,CURRENT_1_0,M02,Проверка по ИИН,BOUNDARY,FORBIDDEN,§13.3 Обязательные MUST/MUST NOT,"MUST NOT помещать полный ИИН в URL, логи, analytics, traces, notifications или client PDF.",,"MUST NOT помещать полный ИИН в URL, логи, analytics, traces, notifications или client PDF.",,,,CASA_Pro_IIN_Check_Final_Spec_KZ_2026-08-21,2026-08-21,§13.3 Обязательные MUST/MUST NOT,SRC-DOC-M02-P-00548,,,,PARSER,,,,,Canonicalized from 1 candidate row(s); source text preserved in 10_SOURCE_EXTRACTS.csv.
M02-CAN-0171,m02.current_1_0.boundary.5059a4ed249e8311,1.0,CURRENT_1_0,M02,Проверка по ИИН,BOUNDARY,FORBIDDEN,§13.3 Обязательные MUST/MUST NOT,MUST вызывать только allowlisted official API. MUST NOT парсить закрытые кабинеты или формы с CAPTCHA.,,MUST вызывать только allowlisted official API. MUST NOT парсить закрытые кабинеты или формы с CAPTCHA.,,,,CASA_Pro_IIN_Check_Final_Spec_KZ_2026-08-21,2026-08-21,§13.3 Обязательные MUST/MUST NOT,SRC-DOC-M02-P-00549,,,,BACKEND,,,,,Canonicalized from 1 candidate row(s); source text preserved in 10_SOURCE_EXTRACTS.csv.
M02-CAN-0172,m02.current_1_0.boundary.4df54363ca640737,1.0,CURRENT_1_0,M02,Проверка по ИИН,BOUNDARY,FORBIDDEN,§13.3 Обязательные MUST/MUST NOT,"MUST сохранять `checked_at`, `source_data_as_of`, `fresh_until`, source/connector/terms versions и evidence hash/reference.",,"MUST сохранять `checked_at`, `source_data_as_of`, `fresh_until`, source/connector/terms versions и evidence hash/reference.",,,,CASA_Pro_IIN_Check_Final_Spec_KZ_2026-08-21,2026-08-21,§13.3 Обязательные MUST/MUST NOT,SRC-DOC-M02-P-00550,,,,DATA,,,,,Canonicalized from 1 candidate row(s); source text preserved in 10_SOURCE_EXTRACTS.csv.
M02-CAN-0173,m02.current_1_0.boundary.0a98628d1b3cf8d8,1.0,CURRENT_1_0,M02,Проверка по ИИН,BOUNDARY,FORBIDDEN,§13.3 Обязательные MUST/MUST NOT,MUST NOT хранить raw response по умолчанию; MUST удалять/не персистить нерелевантные поля и данные третьих лиц до записи.,,MUST NOT хранить raw response по умолчанию; MUST удалять/не персистить нерелевантные поля и данные третьих лиц до записи.,,,,CASA_Pro_IIN_Check_Final_Spec_KZ_2026-08-21,2026-08-21,§13.3 Обязательные MUST/MUST NOT,SRC-DOC-M02-P-00551,,,,MULTI_LAYER,,,,,Canonicalized from 1 candidate row(s); source text preserved in 10_SOURCE_EXTRACTS.csv.
M02-CAN-0174,m02.current_1_0.boundary.3869da971d1afaf6,1.0,CURRENT_1_0,M02,Проверка по ИИН,BOUNDARY,FORBIDDEN,§13.3 Обязательные MUST/MUST NOT,MUST разделять technical status и result outcome. `not_found` MUST появляться только из документированного no-match.,,MUST разделять technical status и result outcome. `not_found` MUST появляться только из документированного no-match.,,,,CASA_Pro_IIN_Check_Final_Spec_KZ_2026-08-21,2026-08-21,§13.3 Обязательные MUST/MUST NOT,SRC-DOC-M02-P-00552,,,,MULTI_LAYER,,,,,Canonicalized from 1 candidate row(s); source text preserved in 10_SOURCE_EXTRACTS.csv.
M02-CAN-0175,m02.current_1_0.boundary.183aad86cb33cc93,1.0,CURRENT_1_0,M02,Проверка по ИИН,BOUNDARY,FORBIDDEN,§13.3 Обязательные MUST/MUST NOT,MUST отображать каждый источник отдельно; общий «записей нет» разрешён только при COMPLETE_NO_RECORDS.,,MUST отображать каждый источник отдельно; общий «записей нет» разрешён только при COMPLETE_NO_RECORDS.,,,,CASA_Pro_IIN_Check_Final_Spec_KZ_2026-08-21,2026-08-21,§13.3 Обязательные MUST/MUST NOT,SRC-DOC-M02-P-00553,,,,MULTI_LAYER,,,,,Canonicalized from 1 candidate row(s); source text preserved in 10_SOURCE_EXTRACTS.csv.
M02-CAN-0176,m02.current_1_0.boundary.cfa1c293740e2636,1.0,CURRENT_1_0,M02,Проверка по ИИН,BOUNDARY,FORBIDDEN,§13.3 Обязательные MUST/MUST NOT,"MUST показывать `SOURCE_UNAVAILABLE`, `MANUAL_REQUIRED`, `CONSENT_REQUIRED`, `STALE`, `LEGAL_UNCONFIRMED` без подмены их positive/negative result.",,"MUST показывать `SOURCE_UNAVAILABLE`, `MANUAL_REQUIRED`, `CONSENT_REQUIRED`, `STALE`, `LEGAL_UNCONFIRMED` без подмены их positive/negative result.",,,STALE,CASA_Pro_IIN_Check_Final_Spec_KZ_2026-08-21,2026-08-21,§13.3 Обязательные MUST/MUST NOT,SRC-DOC-M02-P-00554,,,,LEGAL,,,,,Canonicalized from 1 candidate row(s); source text preserved in 10_SOURCE_EXTRACTS.csv.
M02-CAN-0177,m02.current_1_0.boundary.5c761ebd40d28c01,1.0,CURRENT_1_0,M02,Проверка по ИИН,BOUNDARY,FORBIDDEN,§13.3 Обязательные MUST/MUST NOT,MUST создавать immutable history: refresh создаёт новый batch/result и `supersedes_id`.,,MUST создавать immutable history: refresh создаёт новый batch/result и `supersedes_id`.,,,,CASA_Pro_IIN_Check_Final_Spec_KZ_2026-08-21,2026-08-21,§13.3 Обязательные MUST/MUST NOT,SRC-DOC-M02-P-00555,,,,MULTI_LAYER,,,,,Canonicalized from 1 candidate row(s); source text preserved in 10_SOURCE_EXTRACTS.csv.
M02-CAN-0178,m02.current_1_0.boundary.899f090089e4973b,1.0,CURRENT_1_0,M02,Проверка по ИИН,BOUNDARY,FORBIDDEN,§13.3 Обязательные MUST/MUST NOT,"MUST обеспечить idempotency, tenant isolation, RBAC, MFA, rate limits, retries/backoff и schema quarantine.",,"MUST обеспечить idempotency, tenant isolation, RBAC, MFA, rate limits, retries/backoff и schema quarantine.",,,,CASA_Pro_IIN_Check_Final_Spec_KZ_2026-08-21,2026-08-21,§13.3 Обязательные MUST/MUST NOT,SRC-DOC-M02-P-00556,,,,DATA|SECURITY,,,,,Canonicalized from 1 candidate row(s); source text preserved in 10_SOURCE_EXTRACTS.csv.
M02-CAN-0179,m02.current_1_0.boundary.3c08f23fcfa75f6a,1.0,CURRENT_1_0,M02,Проверка по ИИН,BOUNDARY,FORBIDDEN,§13.3 Обязательные MUST/MUST NOT,MUST иметь отдельный `client_risk_signal` для CASA interpretation и отдельный bank rule evaluation; source fact не изменяется ими.,,MUST иметь отдельный `client_risk_signal` для CASA interpretation и отдельный bank rule evaluation; source fact не изменяется ими.,,,,CASA_Pro_IIN_Check_Final_Spec_KZ_2026-08-21,2026-08-21,§13.3 Обязательные MUST/MUST NOT,SRC-DOC-M02-P-00557,,,,MULTI_LAYER,,,,,Canonicalized from 1 candidate row(s); source text preserved in 10_SOURCE_EXTRACTS.csv.
M02-CAN-0180,m02.current_1_0.boundary.0701bf86fd77aa2f,1.0,CURRENT_1_0,M02,Проверка по ИИН,BOUNDARY,FORBIDDEN,§13.3 Обязательные MUST/MUST NOT,"MUST давать клиенту/оператору понятное объяснение источника, даты и права оспорить/обновить факт.",,"MUST давать клиенту/оператору понятное объяснение источника, даты и права оспорить/обновить факт.",,,,CASA_Pro_IIN_Check_Final_Spec_KZ_2026-08-21,2026-08-21,§13.3 Обязательные MUST/MUST NOT,SRC-DOC-M02-P-00558,,,,MULTI_LAYER,,,,,Canonicalized from 1 candidate row(s); source text preserved in 10_SOURCE_EXTRACTS.csv.
M02-CAN-0181,m02.current_1_0.boundary.06f41acdab09c88f,1.0,CURRENT_1_0,M02,Проверка по ИИН,BOUNDARY,FORBIDDEN,§13.3 Обязательные MUST/MUST NOT,"MUST блокировать automatic source, если legal approval, access token, terms version, field allowlist или retention policy отсутствуют/истекли.",,"MUST блокировать automatic source, если legal approval, access token, terms version, field allowlist или retention policy отсутствуют/истекли.",,,,CASA_Pro_IIN_Check_Final_Spec_KZ_2026-08-21,2026-08-21,§13.3 Обязательные MUST/MUST NOT,SRC-DOC-M02-P-00559,,,,DATA|LEGAL,,,,,Canonicalized from 1 candidate row(s); source text preserved in 10_SOURCE_EXTRACTS.csv.
M02-CAN-0182,m02.current_1_0.security_control.6b13d526701702b7,1.0,CURRENT_1_0,M02,Проверка по ИИН,SECURITY_CONTROL,CONSENT,§13.4 Feature flags и последовательность релиза,"Этап: R0 — можно разрабатывать; Состав: Data model, source registry, consent gates, UI states, batch/coverage, manual tasks, evidence, audit, tests; Gate: Без внешних production-вызовов","Этап: R0 — можно разрабатывать; Состав: Data model, source registry, consent gates, UI states, batch/coverage, manual tasks, evidence, audit, tests; Gate: Без внешних production-вызовов",,,,,CASA_Pro_IIN_Check_Final_Spec_KZ_2026-08-21,2026-08-21,§13.4 Feature flags и последовательность релиза,SRC-DOC-M02-P-00562,,,,FRONTEND|DATA|QA|LEGAL|PRODUCT,,,,,Canonicalized from 1 candidate row(s); source text preserved in 10_SOURCE_EXTRACTS.csv.
M02-CAN-0183,m02.current_1_0.data_contract.c619c8847cf14fbb,1.0,CURRENT_1_0,M02,Проверка по ИИН,DATA_CONTRACT,PROVENANCE,§13.4 Feature flags и последовательность релиза,Этап: R3 — только manual; Состав: ЕНИС; tax debt/eGov; bankruptcy/restoration; Gate: Официальная ссылка + evidence + human/client confirmation,Этап: R3 — только manual; Состав: ЕНИС; tax debt/eGov; bankruptcy/restoration; Gate: Официальная ссылка + evidence + human/client confirmation,,,,,CASA_Pro_IIN_Check_Final_Spec_KZ_2026-08-21,2026-08-21,§13.4 Feature flags и последовательность релиза,SRC-DOC-M02-P-00565,,,,DATA,,,,,Canonicalized from 1 candidate row(s); source text preserved in 10_SOURCE_EXTRACTS.csv.
M02-CAN-0184,m02.current_1_0.product_semantic.2c425aad91d1bd68,1.0,CURRENT_1_0,M02,Проверка по ИИН,PRODUCT_SEMANTIC,API,§13.4 Feature flags и последовательность релиза,Этап: R1 — пилот после gate; Состав: AIS OIP official Open Data API; Gate: API key + terms + legal approval + field allowlist + contract tests,Этап: R1 — пилот после gate; Состав: AIS OIP official Open Data API; Gate: API key + terms + legal approval + field allowlist + contract tests,,,,,CASA_Pro_IIN_Check_Final_Spec_KZ_2026-08-21|M02_CASA_Pro_IIN_Check_R0_Implementation_and_Acceptance_v1.0,2026-08-21|1.0,§13.4 Feature flags и последовательность релиза|§5 Архитектура R0 / R1 / R2,SRC-DOC-M02-P-00563|SRC-DOC-M02-I-00054,,,,BACKEND|DATA|QA|LEGAL,,,,,Canonicalized from 2 candidate row(s); source text preserved in 10_SOURCE_EXTRACTS.csv.
M02-CAN-0185,m02.current_1_0.product_semantic.8161e20f550ba46f,1.0,CURRENT_1_0,M02,Проверка по ИИН,PRODUCT_SEMANTIC,API,§13.4 Feature flags и последовательность релиза,Этап: R2 — пилот после gate; Состав: KGD taxpayer API; conditional counterparty API; Gate: X-Portal-Token + owner approval + legal review + rate/schema tests,Этап: R2 — пилот после gate; Состав: KGD taxpayer API; conditional counterparty API; Gate: X-Portal-Token + owner approval + legal review + rate/schema tests,,,,,CASA_Pro_IIN_Check_Final_Spec_KZ_2026-08-21|M02_CASA_Pro_IIN_Check_R0_Implementation_and_Acceptance_v1.0,2026-08-21|1.0,§13.4 Feature flags и последовательность релиза|§5 Архитектура R0 / R1 / R2,SRC-DOC-M02-P-00564|SRC-DOC-M02-I-00055,,,,BACKEND|DATA|QA|LEGAL,,,,,Canonicalized from 2 candidate row(s); source text preserved in 10_SOURCE_EXTRACTS.csv.
M02-CAN-0186,m02.current_1_0.security_control.4b477d8b3e2c585c,1.0,CURRENT_1_0,M02,Проверка по ИИН,SECURITY_CONTROL,CONSENT,§3.1 Базовые правила,ИИН и связанные с ним результаты — персональные данные. Доступ к персональным данным определяется согласием или иным законным основанием; хранение базы персональных данных должно быть спроектировано с учётом требований законодательства Казахстана. [S01] [S03],ИИН и связанные с ним результаты — персональные данные. Доступ к персональным данным определяется согласием или иным законным основанием; хранение базы персональных данных должно быть спроектировано с учётом требований законодательства Казахстана. [S01] [S03],,,,,CASA_Pro_IIN_Check_Final_Spec_KZ_2026-08-21,2026-08-21,§3.1 Базовые правила,SRC-DOC-M02-P-00068,,,,LEGAL,,,,,Canonicalized from 1 candidate row(s); source text preserved in 10_SOURCE_EXTRACTS.csv.
M02-CAN-0187,m02.current_1_0.security_control.ed73cbb2eeb62542,1.0,CURRENT_1_0,M02,Проверка по ИИН,SECURITY_CONTROL,CONSENT,§3.1 Базовые правила,"Для каждой проверки фиксируются цель, категории данных, субъект, получатель, правовое основание, срок, версия текста согласия и источник. `consent_for_analysis` не считается автоматически согласием на любой государственный реестр.","Для каждой проверки фиксируются цель, категории данных, субъект, получатель, правовое основание, срок, версия текста согласия и источник. `consent_for_analysis` не считается автоматически согласием на любой государственный реестр.",,,,,CASA_Pro_IIN_Check_Final_Spec_KZ_2026-08-21,2026-08-21,§3.1 Базовые правила,SRC-DOC-M02-P-00069,,,,LEGAL,,,,,Canonicalized from 1 candidate row(s); source text preserved in 10_SOURCE_EXTRACTS.csv.
M02-CAN-0188,m02.current_1_0.product_semantic.f7e9ff3e86e83a06,1.0,CURRENT_1_0,M02,Проверка по ИИН,PRODUCT_SEMANTIC,API,§3.1 Базовые правила,"Техническая доступность не равна разрешению. API key/X-Portal-Token подтверждает доступ к сервису, но не заменяет legal basis и purpose limitation.","Техническая доступность не равна разрешению. API key/X-Portal-Token подтверждает доступ к сервису, но не заменяет legal basis и purpose limitation.",,,,,CASA_Pro_IIN_Check_Final_Spec_KZ_2026-08-21,2026-08-21,§3.1 Базовые правила,SRC-DOC-M02-P-00070,,,,BACKEND|LEGAL,,,,,Canonicalized from 1 candidate row(s); source text preserved in 10_SOURCE_EXTRACTS.csv.
M02-CAN-0189,m02.current_1_0.product_semantic.d22c6a209776aa97,1.0,CURRENT_1_0,M02,Проверка по ИИН,PRODUCT_SEMANTIC,PARSER,§3.1 Базовые правила,"CAPTCHA не обходится. Страница с CAPTCHA может быть открыта человеку; CASA не отправляет автоматические запросы, не использует OCR/решатели и не симулирует браузер. [S09]","CAPTCHA не обходится. Страница с CAPTCHA может быть открыта человеку; CASA не отправляет автоматические запросы, не использует OCR/решатели и не симулирует браузер. [S09]",,,,,CASA_Pro_IIN_Check_Final_Spec_KZ_2026-08-21,2026-08-21,§3.1 Базовые правила,SRC-DOC-M02-P-00071,,,,PARSER,,,,,Canonicalized from 1 candidate row(s); source text preserved in 10_SOURCE_EXTRACTS.csv.
M02-CAN-0190,m02.current_1_0.product_semantic.adaadaa5cc4257f6,1.0,CURRENT_1_0,M02,Проверка по ИИН,PRODUCT_SEMANTIC,BUSINESS_RULE,§3.1 Базовые правила,"CASA никогда не хранит ЭЦП, пароль eGov/КГД/ЕНПФ, OTP клиента, cookie его кабинета или long-lived access token клиента.","CASA никогда не хранит ЭЦП, пароль eGov/КГД/ЕНПФ, OTP клиента, cookie его кабинета или long-lived access token клиента.",,,,,CASA_Pro_IIN_Check_Final_Spec_KZ_2026-08-21,2026-08-21,§3.1 Базовые правила,SRC-DOC-M02-P-00072,,,,MULTI_LAYER,,,,,Canonicalized from 1 candidate row(s); source text preserved in 10_SOURCE_EXTRACTS.csv.
M02-CAN-0191,m02.current_1_0.product_semantic.fc55ee854d7780ef,1.0,CURRENT_1_0,M02,Проверка по ИИН,PRODUCT_SEMANTIC,API,§3.2 Таксономия каналов,automation_mode: OFFICIAL_API; Канал: Документированный API владельца; Режим CASA: Автоматически после access + legal gates; Ограничение: Не парсить HTML вместо API,automation_mode: OFFICIAL_API; Канал: Документированный API владельца; Режим CASA: Автоматически после access + legal gates; Ограничение: Не парсить HTML вместо API,,,,,CASA_Pro_IIN_Check_Final_Spec_KZ_2026-08-21,2026-08-21,§3.2 Таксономия каналов,SRC-DOC-M02-P-00077,,,,BACKEND|LEGAL,,,,,Canonicalized from 1 candidate row(s); source text preserved in 10_SOURCE_EXTRACTS.csv.
M02-CAN-0192,m02.current_1_0.product_semantic.7eb42ece2bf5aeb7,1.0,CURRENT_1_0,M02,Проверка по ИИН,PRODUCT_SEMANTIC,API,§3.2 Таксономия каналов,automation_mode: OFFICIAL_OPEN_DATA_API; Канал: Открытые данные с API key/terms; Режим CASA: Автоматически после legal review; Ограничение: Публичность не отменяет consent/minimization,automation_mode: OFFICIAL_OPEN_DATA_API; Канал: Открытые данные с API key/terms; Режим CASA: Автоматически после legal review; Ограничение: Публичность не отменяет consent/minimization,,,,,CASA_Pro_IIN_Check_Final_Spec_KZ_2026-08-21,2026-08-21,§3.2 Таксономия каналов,SRC-DOC-M02-P-00078,,,,BACKEND|DATA|LEGAL,,,,,Canonicalized from 1 candidate row(s); source text preserved in 10_SOURCE_EXTRACTS.csv.
M02-CAN-0193,m02.current_1_0.product_semantic.8b18b793dd7e0917,1.0,CURRENT_1_0,M02,Проверка по ИИН,PRODUCT_SEMANTIC,BUSINESS_RULE,§3.2 Таксономия каналов,automation_mode: MANUAL_OFFICIAL; Канал: Официальная публичная форма; Режим CASA: Человек вводит данные и подтверждает результат; Ограничение: CAPTCHA остаётся человеку,automation_mode: MANUAL_OFFICIAL; Канал: Официальная публичная форма; Режим CASA: Человек вводит данные и подтверждает результат; Ограничение: CAPTCHA остаётся человеку,,,,,CASA_Pro_IIN_Check_Final_Spec_KZ_2026-08-21,2026-08-21,§3.2 Таксономия каналов,SRC-DOC-M02-P-00079,,,,MULTI_LAYER,,,,,Canonicalized from 1 candidate row(s); source text preserved in 10_SOURCE_EXTRACTS.csv.
M02-CAN-0194,m02.current_1_0.product_semantic.42160035892db4cb,1.0,CURRENT_1_0,M02,Проверка по ИИН,PRODUCT_SEMANTIC,BUSINESS_RULE,§3.2 Таксономия каналов,automation_mode: CLIENT_AUTHORIZED_SERVICE; Канал: eGov/КДП/личный кабинет клиента; Режим CASA: Клиент подтверждает; документ загружается вручную; Ограничение: Нет credentials delegation,automation_mode: CLIENT_AUTHORIZED_SERVICE; Канал: eGov/КДП/личный кабинет клиента; Режим CASA: Клиент подтверждает; документ загружается вручную; Ограничение: Нет credentials delegation,,,,,CASA_Pro_IIN_Check_Final_Spec_KZ_2026-08-21,2026-08-21,§3.2 Таксономия каналов,SRC-DOC-M02-P-00080,,,,BACKEND,,,,,Canonicalized from 1 candidate row(s); source text preserved in 10_SOURCE_EXTRACTS.csv.
M02-CAN-0195,m02.current_1_0.product_semantic.ff217a7c52da1c10,1.0,CURRENT_1_0,M02,Проверка по ИИН,PRODUCT_SEMANTIC,BUSINESS_RULE,§3.2 Таксономия каналов,"automation_mode: APPROVED_INTEGRATION; Канал: Smart Bridge/договорный канал; Режим CASA: Только после заявки, испытаний и approval; Ограничение: CONTRACT_REQUIRED, если это прямо требует владелец","automation_mode: APPROVED_INTEGRATION; Канал: Smart Bridge/договорный канал; Режим CASA: Только после заявки, испытаний и approval; Ограничение: CONTRACT_REQUIRED, если это прямо требует владелец",,,,,CASA_Pro_IIN_Check_Final_Spec_KZ_2026-08-21,2026-08-21,§3.2 Таксономия каналов,SRC-DOC-M02-P-00081,,,,MULTI_LAYER,,,,,Canonicalized from 1 candidate row(s); source text preserved in 10_SOURCE_EXTRACTS.csv.
M02-CAN-0196,m02.current_1_0.product_semantic.1374c964070557f4,1.0,CURRENT_1_0,M02,Проверка по ИИН,PRODUCT_SEMANTIC,BUSINESS_RULE,§3.2 Таксономия каналов,automation_mode: PROHIBITED; Канал: Закрытый кабинет/неофициальный агрегатор/обход; Режим CASA: NOT_ALLOWED; Ограничение: Не реализовывать,automation_mode: PROHIBITED; Канал: Закрытый кабинет/неофициальный агрегатор/обход; Режим CASA: NOT_ALLOWED; Ограничение: Не реализовывать,,,,,CASA_Pro_IIN_Check_Final_Spec_KZ_2026-08-21,2026-08-21,§3.2 Таксономия каналов,SRC-DOC-M02-P-00082,,,,MULTI_LAYER,,,,,Canonicalized from 1 candidate row(s); source text preserved in 10_SOURCE_EXTRACTS.csv.
M02-CAN-0197,m02.current_1_0.product_semantic.5b13c6287f8aa8e6,1.0,CURRENT_1_0,M02,Проверка по ИИН,PRODUCT_SEMANTIC,VALIDATION,§3.2 Таксономия каналов,"Официальные источники, проверено 21.08.2026: [S07], [S29].","Официальные источники, проверено 21.08.2026: [S07], [S29].",,,,,CASA_Pro_IIN_Check_Final_Spec_KZ_2026-08-21,2026-08-21,§3.2 Таксономия каналов,SRC-DOC-M02-P-00083,,,,MULTI_LAYER,,,,,Canonicalized from 1 candidate row(s); source text preserved in 10_SOURCE_EXTRACTS.csv.
M02-CAN-0198,m02.current_1_0.product_semantic.4f8843406c2d5476,1.0,CURRENT_1_0,M02,Проверка по ИИН,PRODUCT_SEMANTIC,BUSINESS_RULE,§3.3 Правило свежести,Ни один из предложенных TTL ниже не является официальным сроком действия справки. Это консервативная продуктовая политика CASA; источник может иметь собственное `source_data_as_of`. Всегда хранить оба времени.,Ни один из предложенных TTL ниже не является официальным сроком действия справки. Это консервативная продуктовая политика CASA; источник может иметь собственное `source_data_as_of`. Всегда хранить оба времени.,,,,,CASA_Pro_IIN_Check_Final_Spec_KZ_2026-08-21,2026-08-21,§3.3 Правило свежести,SRC-DOC-M02-P-00085,,,,DATA,,,,,Canonicalized from 1 candidate row(s); source text preserved in 10_SOURCE_EXTRACTS.csv.
M02-CAN-0199,m02.current_1_0.product_semantic.a37ea6adf74d4042,1.0,CURRENT_1_0,M02,Проверка по ИИН,PRODUCT_SEMANTIC,VALIDATION,§3.3 Правило свежести,Проверка: Исполнительные производства / ограничение на выезд; CASA fresh_until: 24 часа; Правило: Повторить перед выдачей финального клиентского заключения,Проверка: Исполнительные производства / ограничение на выезд; CASA fresh_until: 24 часа; Правило: Повторить перед выдачей финального клиентского заключения,,,,,CASA_Pro_IIN_Check_Final_Spec_KZ_2026-08-21,2026-08-21,§3.3 Правило свежести,SRC-DOC-M02-P-00087,,,,MULTI_LAYER,,,,,Canonicalized from 1 candidate row(s); source text preserved in 10_SOURCE_EXTRACTS.csv.
M02-CAN-0200,m02.current_1_0.product_semantic.29299ce1cd7f780d,1.0,CURRENT_1_0,M02,Проверка по ИИН,PRODUCT_SEMANTIC,VALIDATION,§3.3 Правило свежести,Проверка: Исполнительные надписи; CASA fresh_until: 24 часа; Правило: Ручная повторная проверка,Проверка: Исполнительные надписи; CASA fresh_until: 24 часа; Правило: Ручная повторная проверка,,,,,CASA_Pro_IIN_Check_Final_Spec_KZ_2026-08-21,2026-08-21,§3.3 Правило свежести,SRC-DOC-M02-P-00088,,,,MULTI_LAYER,,,,,Canonicalized from 1 candidate row(s); source text preserved in 10_SOURCE_EXTRACTS.csv.
M02-CAN-0201,m02.current_1_0.product_semantic.2d2e892901372281,1.0,CURRENT_1_0,M02,Проверка по ИИН,PRODUCT_SEMANTIC,VALIDATION,§3.3 Правило свежести,Проверка: Налоговая задолженность; CASA fresh_until: 24 часа; Правило: После оплаты — только новая проверка,Проверка: Налоговая задолженность; CASA fresh_until: 24 часа; Правило: После оплаты — только новая проверка,,,,,CASA_Pro_IIN_Check_Final_Spec_KZ_2026-08-21,2026-08-21,§3.3 Правило свежести,SRC-DOC-M02-P-00089,,,,MULTI_LAYER,,,,,Canonicalized from 1 candidate row(s); source text preserved in 10_SOURCE_EXTRACTS.csv.
M02-CAN-0202,m02.current_1_0.product_semantic.6d03cab96ee5b7c7,1.0,CURRENT_1_0,M02,Проверка по ИИН,PRODUCT_SEMANTIC,VALIDATION,§3.3 Правило свежести,Проверка: Банкротство / восстановление платёжеспособности; CASA fresh_until: 24 часа; Правило: Статус процедуры может измениться,Проверка: Банкротство / восстановление платёжеспособности; CASA fresh_until: 24 часа; Правило: Статус процедуры может измениться,,,,,CASA_Pro_IIN_Check_Final_Spec_KZ_2026-08-21,2026-08-21,§3.3 Правило свежести,SRC-DOC-M02-P-00090,,,,MULTI_LAYER,,,,,Canonicalized from 1 candidate row(s); source text preserved in 10_SOURCE_EXTRACTS.csv.
M02-CAN-0203,m02.current_1_0.product_semantic.6d07fa11d3a7aa4a,1.0,CURRENT_1_0,M02,Проверка по ИИН,PRODUCT_SEMANTIC,VALIDATION,§3.3 Правило свежести,Проверка: Регистрация ИП / налогоплательщика; CASA fresh_until: 7 дней; Правило: Повторить при изменении анкеты/дохода,Проверка: Регистрация ИП / налогоплательщика; CASA fresh_until: 7 дней; Правило: Повторить при изменении анкеты/дохода,,,,,CASA_Pro_IIN_Check_Final_Spec_KZ_2026-08-21,2026-08-21,§3.3 Правило свежести,SRC-DOC-M02-P-00091,,,,MULTI_LAYER,,,,,Canonicalized from 1 candidate row(s); source text preserved in 10_SOURCE_EXTRACTS.csv.
M02-CAN-0204,m02.current_1_0.product_semantic.05d14b7d22936abd,1.0,CURRENT_1_0,M02,Проверка по ИИН,PRODUCT_SEMANTIC,VALIDATION,§3.3 Правило свежести,Проверка: Профиль клиента-ИП / неблагонадёжные признаки; CASA fresh_until: 7 дней; tax debt внутри — 24 часа; Правило: TTL на уровне каждого факта,Проверка: Профиль клиента-ИП / неблагонадёжные признаки; CASA fresh_until: 7 дней; tax debt внутри — 24 часа; Правило: TTL на уровне каждого факта,,,,,CASA_Pro_IIN_Check_Final_Spec_KZ_2026-08-21,2026-08-21,§3.3 Правило свежести,SRC-DOC-M02-P-00092,,,,MULTI_LAYER,,,,,Canonicalized from 1 candidate row(s); source text preserved in 10_SOURCE_EXTRACTS.csv.
M02-CAN-0205,m02.current_1_0.product_semantic.441d9e9a9cbd20c1,1.0,CURRENT_1_0,M02,Проверка по ИИН,PRODUCT_SEMANTIC,VALIDATION,§3.3 Правило свежести,Проверка: Юрлица / лицензии; CASA fresh_until: 7 дней; Правило: Только условные проверки,Проверка: Юрлица / лицензии; CASA fresh_until: 7 дней; Правило: Только условные проверки,,,,,CASA_Pro_IIN_Check_Final_Spec_KZ_2026-08-21,2026-08-21,§3.3 Правило свежести,SRC-DOC-M02-P-00093,,,,MULTI_LAYER,,,,,Canonicalized from 1 candidate row(s); source text preserved in 10_SOURCE_EXTRACTS.csv.
M02-CAN-0206,m02.current_1_0.product_semantic.c08dafea7c71896c,1.0,CURRENT_1_0,M02,Проверка по ИИН,PRODUCT_SEMANTIC,VALIDATION,§3.3 Правило свежести,Проверка: Недвижимость / залог движимого имущества; CASA fresh_until: 24 часа; Правило: Только клиент-авторизованный документ,Проверка: Недвижимость / залог движимого имущества; CASA fresh_until: 24 часа; Правило: Только клиент-авторизованный документ,,,,,CASA_Pro_IIN_Check_Final_Spec_KZ_2026-08-21,2026-08-21,§3.3 Правило свежести,SRC-DOC-M02-P-00094,,,,MULTI_LAYER,,,,,Canonicalized from 1 candidate row(s); source text preserved in 10_SOURCE_EXTRACTS.csv.
M02-CAN-0207,m02.current_1_0.product_semantic.8775ad222d3ffc46,1.0,CURRENT_1_0,M02,Проверка по ИИН,PRODUCT_SEMANTIC,VALIDATION,§4 Главная матрица проверок,"Статусы ниже являются разрешением на реализацию канала, а не оценкой клиента. Все ссылки официальные; проверено 21.08.2026.","Статусы ниже являются разрешением на реализацию канала, а не оценкой клиента. Все ссылки официальные; проверено 21.08.2026.",,,,,CASA_Pro_IIN_Check_Final_Spec_KZ_2026-08-21,2026-08-21,§4 Главная матрица проверок,SRC-DOC-M02-P-00096,,,,MULTI_LAYER,,,,,Canonicalized from 1 candidate row(s); source text preserved in 10_SOURCE_EXTRACTS.csv.
M02-CAN-0208,m02.current_1_0.product_semantic.0c9c7be2c8c82594,1.0,CURRENT_1_0,M02,Проверка по ИИН,PRODUCT_SEMANTIC,API,§4 Главная матрица проверок,"Проверка: Исполнительные производства; Официальный источник: МЮ / АИС ОИП, Открытые данные [S05] [S06]; Что получаем: Наличие записи, №, даты, категория, сумма, исполнитель; Поиск по ИИН: Да; Автоматизация: Официальный API с API key; Нужно согласие: Да; предметное; Нужен договор: Не подтверждён; user agreement/API key; CAPTCHA: API: нет; сайт: да; Что сохраняет CASA: Только поля дела, source time/ID/hash; без ИИН третьих лиц; Как использовать: Факт + completeness; не банковский запрет; Статус реализации: ACCESS_TOKEN_REQUIRED; LEGAL_REVIEW_REQUIRED; pilot","Проверка: Исполнительные производства; Официальный источник: МЮ / АИС ОИП, Открытые данные [S05] [S06]; Что получаем: Наличие записи, №, даты, категория, сумма, исполнитель; Поиск по ИИН: Да; Автоматизация: Официальный API с API key; Нужно согласие: Да; предметное; Нужен договор: Не подтверждён; user agreement/API key; CAPTCHA: API: нет; сайт: да; Что сохраняет CASA: Только поля дела, source time/ID/hash; без ИИН третьих лиц; Как использовать: Факт + completeness; не банковский запрет; Статус реализации: ACCESS_TOKEN_REQUIRED; LEGAL_REVIEW_REQUIRED; pilot",,,,,CASA_Pro_IIN_Check_Final_Spec_KZ_2026-08-21,2026-08-21,§4 Главная матрица проверок,SRC-DOC-M02-P-00098,,,,BACKEND|LEGAL,,,,,Canonicalized from 1 candidate row(s); source text preserved in 10_SOURCE_EXTRACTS.csv.
M02-CAN-0209,m02.current_1_0.product_semantic.e2d11fbd7da6210c,1.0,CURRENT_1_0,M02,Проверка по ИИН,PRODUCT_SEMANTIC,API,§4 Главная матрица проверок,"Проверка: Ограничение на выезд; Официальный источник: Тот же ответ АИС ОИП [S05] [S06]; Что получаем: Наличие и даты временного ограничения, если возвращены; Поиск по ИИН: Да; Автоматизация: В рамках того же вызова; Нужно согласие: Да; Нужен договор: Как выше; CAPTCHA: Как выше; Что сохраняет CASA: Отдельный fact, даты, связь с source result; Как использовать: Информационный факт; Статус реализации: Как АИС ОИП; не отдельный scraping","Проверка: Ограничение на выезд; Официальный источник: Тот же ответ АИС ОИП [S05] [S06]; Что получаем: Наличие и даты временного ограничения, если возвращены; Поиск по ИИН: Да; Автоматизация: В рамках того же вызова; Нужно согласие: Да; Нужен договор: Как выше; CAPTCHA: Как выше; Что сохраняет CASA: Отдельный fact, даты, связь с source result; Как использовать: Информационный факт; Статус реализации: Как АИС ОИП; не отдельный scraping",,,,,CASA_Pro_IIN_Check_Final_Spec_KZ_2026-08-21,2026-08-21,§4 Главная матрица проверок,SRC-DOC-M02-P-00099,,,,BACKEND|LEGAL,,,,,Canonicalized from 1 candidate row(s); source text preserved in 10_SOURCE_EXTRACTS.csv.
M02-CAN-0210,m02.current_1_0.product_semantic.2fb474b08d772280,1.0,CURRENT_1_0,M02,Проверка по ИИН,PRODUCT_SEMANTIC,API,§4 Главная матрица проверок,"Проверка: Исполнительная надпись нотариуса; Официальный источник: ЕНИС [S09]; Что получаем: Наличие/реквизиты надписи, которые показывает сервис; Поиск по ИИН: Да; Автоматизация: Нет подтверждённого API; Нужно согласие: Да; Нужен договор: Нет; CAPTCHA: Да; Что сохраняет CASA: Исход, отображённые реквизиты, manual evidence; Как использовать: Ручной факт; сверка при необходимости; Статус реализации: MANUAL_CHECK_REQUIRED; LEGAL_REVIEW_REQUIRED","Проверка: Исполнительная надпись нотариуса; Официальный источник: ЕНИС [S09]; Что получаем: Наличие/реквизиты надписи, которые показывает сервис; Поиск по ИИН: Да; Автоматизация: Нет подтверждённого API; Нужно согласие: Да; Нужен договор: Нет; CAPTCHA: Да; Что сохраняет CASA: Исход, отображённые реквизиты, manual evidence; Как использовать: Ручной факт; сверка при необходимости; Статус реализации: MANUAL_CHECK_REQUIRED; LEGAL_REVIEW_REQUIRED",,,,,CASA_Pro_IIN_Check_Final_Spec_KZ_2026-08-21,2026-08-21,§4 Главная матрица проверок,SRC-DOC-M02-P-00100,,,,BACKEND|LEGAL,,,,,Canonicalized from 1 candidate row(s); source text preserved in 10_SOURCE_EXTRACTS.csv.
M02-CAN-0211,m02.current_1_0.product_semantic.964226b0103b8366,1.0,CURRENT_1_0,M02,Проверка по ИИН,PRODUCT_SEMANTIC,API,§4 Главная матрица проверок,"Проверка: Статус ИП / налогоплательщика; Официальный источник: КГД API [S10]; Что получаем: Тип FL/IP/LZCHP, регистрация, begin/end, причина, налоговый орган; Поиск по ИИН: Да; нужен type, для IP может требоваться name; Автоматизация: API по X-Portal-Token; Нужно согласие: Да; Нужен договор: Не опубликован; токен по заявке; CAPTCHA: API: нет; web может иметь; Что сохраняет CASA: Статус/даты/тип; response UID; без лишнего ФИО; Как использовать: Факт занятости/предпринимательства; Статус реализации: ACCESS_TOKEN_REQUIRED; LEGAL_REVIEW_REQUIRED; pilot","Проверка: Статус ИП / налогоплательщика; Официальный источник: КГД API [S10]; Что получаем: Тип FL/IP/LZCHP, регистрация, begin/end, причина, налоговый орган; Поиск по ИИН: Да; нужен type, для IP может требоваться name; Автоматизация: API по X-Portal-Token; Нужно согласие: Да; Нужен договор: Не опубликован; токен по заявке; CAPTCHA: API: нет; web может иметь; Что сохраняет CASA: Статус/даты/тип; response UID; без лишнего ФИО; Как использовать: Факт занятости/предпринимательства; Статус реализации: ACCESS_TOKEN_REQUIRED; LEGAL_REVIEW_REQUIRED; pilot",,,,,CASA_Pro_IIN_Check_Final_Spec_KZ_2026-08-21,2026-08-21,§4 Главная матрица проверок,SRC-DOC-M02-P-00101,,,,BACKEND|FRONTEND|LEGAL,,,,,Canonicalized from 1 candidate row(s); source text preserved in 10_SOURCE_EXTRACTS.csv.
M02-CAN-0212,m02.current_1_0.product_semantic.bddfc21c65640a07,1.0,CURRENT_1_0,M02,Проверка по ИИН,PRODUCT_SEMANTIC,API,§4 Главная матрица проверок,"Проверка: Профиль клиента-ИП / неблагонадёжные признаки; Официальный источник: КГД «Сведения по контрагентам» [S11]; Что получаем: Регистрация, ОКЭД, режим, НДС, inactive, invalid, адрес, ЭСФ, debt; статистика; Поиск по ИИН: Да, `xin`; Автоматизация: Open Data API по X-Portal-Token; Нужно согласие: Да; Нужен договор: Не опубликован; CAPTCHA: API: нет; Что сохраняет CASA: Allowlist; статистика только отдельной целью; Как использовать: Только если клиент — ИП/частная практика; Статус реализации: P1_CONDITIONAL; ACCESS_TOKEN_REQUIRED; LEGAL_REVIEW_REQUIRED","Проверка: Профиль клиента-ИП / неблагонадёжные признаки; Официальный источник: КГД «Сведения по контрагентам» [S11]; Что получаем: Регистрация, ОКЭД, режим, НДС, inactive, invalid, адрес, ЭСФ, debt; статистика; Поиск по ИИН: Да, `xin`; Автоматизация: Open Data API по X-Portal-Token; Нужно согласие: Да; Нужен договор: Не опубликован; CAPTCHA: API: нет; Что сохраняет CASA: Allowlist; статистика только отдельной целью; Как использовать: Только если клиент — ИП/частная практика; Статус реализации: P1_CONDITIONAL; ACCESS_TOKEN_REQUIRED; LEGAL_REVIEW_REQUIRED",,,,,CASA_Pro_IIN_Check_Final_Spec_KZ_2026-08-21,2026-08-21,§4 Главная матрица проверок,SRC-DOC-M02-P-00102,,,,BACKEND|DATA|LEGAL,,,,,Canonicalized from 1 candidate row(s); source text preserved in 10_SOURCE_EXTRACTS.csv.
M02-CAN-0213,m02.current_1_0.product_semantic.d55b2a56555d3fa8,1.0,CURRENT_1_0,M02,Проверка по ИИН,PRODUCT_SEMANTIC,API,§4 Главная матрица проверок,"Проверка: Налоговая задолженность; Официальный источник: КГД API/ручной; eGov third-party [S12] [S13]; Что получаем: Сумма и компоненты, дата расчёта/справки; Поиск по ИИН: Web: да; API ещё требует personalAccountToken; Автоматизация: Не по одному ИИН; будущая интеграция; Нужно согласие: Да; eGov подтверждение клиента; Нужен договор: Не опубликован; интеграция требует approval; CAPTCHA: KGD web: да; Что сохраняет CASA: Агрегаты, дата, certificate/request ref; не весь лицевой счёт; Как использовать: Факт задолженности/нуля; Статус реализации: MANUAL_CHECK_REQUIRED; CLIENT_AUTH_REQUIRED; LEGAL_REVIEW_REQUIRED","Проверка: Налоговая задолженность; Официальный источник: КГД API/ручной; eGov third-party [S12] [S13]; Что получаем: Сумма и компоненты, дата расчёта/справки; Поиск по ИИН: Web: да; API ещё требует personalAccountToken; Автоматизация: Не по одному ИИН; будущая интеграция; Нужно согласие: Да; eGov подтверждение клиента; Нужен договор: Не опубликован; интеграция требует approval; CAPTCHA: KGD web: да; Что сохраняет CASA: Агрегаты, дата, certificate/request ref; не весь лицевой счёт; Как использовать: Факт задолженности/нуля; Статус реализации: MANUAL_CHECK_REQUIRED; CLIENT_AUTH_REQUIRED; LEGAL_REVIEW_REQUIRED",,,,,CASA_Pro_IIN_Check_Final_Spec_KZ_2026-08-21,2026-08-21,§4 Главная матрица проверок,SRC-DOC-M02-P-00103,,,,BACKEND|LEGAL,,,,,Canonicalized from 1 candidate row(s); source text preserved in 10_SOURCE_EXTRACTS.csv.
M02-CAN-0214,m02.current_1_0.product_semantic.1dd3a2001a991dc9,1.0,CURRENT_1_0,M02,Проверка по ИИН,PRODUCT_SEMANTIC,API,§4 Главная матрица проверок,Проверка: Внесудебное банкротство; Официальный источник: КГД [S14] [S17]; Что получаем: Тип/статус процедуры и даты; Поиск по ИИН: Записи содержат ИИН; фильтр API не подтверждён; Автоматизация: API отдаёт список; bulk ingest не разрешён; Нужно согласие: Да; Нужен договор: Не опубликован; X-Portal-Token; CAPTCHA: Не подтверждена; Что сохраняет CASA: Только совпавшая запись и snapshot evidence; Как использовать: Факт процедуры; Статус реализации: MANUAL_CHECK_REQUIRED; LEGAL_REVIEW_REQUIRED,Проверка: Внесудебное банкротство; Официальный источник: КГД [S14] [S17]; Что получаем: Тип/статус процедуры и даты; Поиск по ИИН: Записи содержат ИИН; фильтр API не подтверждён; Автоматизация: API отдаёт список; bulk ingest не разрешён; Нужно согласие: Да; Нужен договор: Не опубликован; X-Portal-Token; CAPTCHA: Не подтверждена; Что сохраняет CASA: Только совпавшая запись и snapshot evidence; Как использовать: Факт процедуры; Статус реализации: MANUAL_CHECK_REQUIRED; LEGAL_REVIEW_REQUIRED,,,,,CASA_Pro_IIN_Check_Final_Spec_KZ_2026-08-21,2026-08-21,§4 Главная матрица проверок,SRC-DOC-M02-P-00104,,,,BACKEND|DATA|LEGAL,,,,,Canonicalized from 1 candidate row(s); source text preserved in 10_SOURCE_EXTRACTS.csv.
M02-CAN-0215,m02.current_1_0.product_semantic.afc225eabc1c6d35,1.0,CURRENT_1_0,M02,Проверка по ИИН,PRODUCT_SEMANTIC,API,§4 Главная матрица проверок,"Проверка: Судебное банкротство / восстановление платёжеспособности; Официальный источник: КГД [S15] [S16]; Что получаем: Тип, статус, номер, судебные/процедурные даты, lastModification; Поиск по ИИН: Записи содержат ИИН; API — пагинированный список; Автоматизация: Не автоматизировать без точечного канала; Нужно согласие: Да; Нужен договор: Не опубликован; X-Portal-Token; CAPTCHA: Не подтверждена; Что сохраняет CASA: Только совпавший субъект и source metadata; Как использовать: Факт; не отказ в ипотеке; Статус реализации: MANUAL_CHECK_REQUIRED; LEGAL_REVIEW_REQUIRED","Проверка: Судебное банкротство / восстановление платёжеспособности; Официальный источник: КГД [S15] [S16]; Что получаем: Тип, статус, номер, судебные/процедурные даты, lastModification; Поиск по ИИН: Записи содержат ИИН; API — пагинированный список; Автоматизация: Не автоматизировать без точечного канала; Нужно согласие: Да; Нужен договор: Не опубликован; X-Portal-Token; CAPTCHA: Не подтверждена; Что сохраняет CASA: Только совпавший субъект и source metadata; Как использовать: Факт; не отказ в ипотеке; Статус реализации: MANUAL_CHECK_REQUIRED; LEGAL_REVIEW_REQUIRED",,,,,CASA_Pro_IIN_Check_Final_Spec_KZ_2026-08-21,2026-08-21,§4 Главная матрица проверок,SRC-DOC-M02-P-00105,,,,BACKEND|DATA|LEGAL,,,,,Canonicalized from 1 candidate row(s); source text preserved in 10_SOURCE_EXTRACTS.csv.
M02-CAN-0216,m02.current_1_0.security_control.21fc10eab1c70694,1.0,CURRENT_1_0,M02,Проверка по ИИН,SECURITY_CONTROL,CONSENT,§4 Главная матрица проверок,"Проверка: Приостановление налоговой отчётности; Официальный источник: КГД [S18]; Что получаем: Статус и периоды приостановления/возобновления; Поиск по ИИН: Да; Автоматизация: Требуется авторизация/КДП; Нужно согласие: Да, транзакционное; Нужен договор: Future Smart Bridge approval; CAPTCHA: Не указана; Что сохраняет CASA: Минимальный статус/даты; Как использовать: Условно для клиента-ИП; Статус реализации: CLIENT_AUTH_REQUIRED; MANUAL_CHECK_REQUIRED","Проверка: Приостановление налоговой отчётности; Официальный источник: КГД [S18]; Что получаем: Статус и периоды приостановления/возобновления; Поиск по ИИН: Да; Автоматизация: Требуется авторизация/КДП; Нужно согласие: Да, транзакционное; Нужен договор: Future Smart Bridge approval; CAPTCHA: Не указана; Что сохраняет CASA: Минимальный статус/даты; Как использовать: Условно для клиента-ИП; Статус реализации: CLIENT_AUTH_REQUIRED; MANUAL_CHECK_REQUIRED",,,,,CASA_Pro_IIN_Check_Final_Spec_KZ_2026-08-21,2026-08-21,§4 Главная матрица проверок,SRC-DOC-M02-P-00106,,,,LEGAL,,,,,Canonicalized from 1 candidate row(s); source text preserved in 10_SOURCE_EXTRACTS.csv.
M02-CAN-0217,m02.current_1_0.product_semantic.90c0aba2d9da62be,1.0,CURRENT_1_0,M02,Проверка по ИИН,PRODUCT_SEMANTIC,API,§4 Главная матрица проверок,"Проверка: Участие в юридических лицах; Официальный источник: eGov / МЮ [S19]; Что получаем: Юрлица, филиалы/представительства, участие; Поиск по ИИН: Не публичный поиск; справка субъекта; Автоматизация: Нет публичного API; Нужно согласие: Да; Нужен договор: Future integration approval; договор не подтверждён; CAPTCHA: Нет; Что сохраняет CASA: BIN/name/role/share, ref; минимум; Как использовать: Условно при бизнес-доходе; Статус реализации: CLIENT_AUTH_REQUIRED; MANUAL_CHECK_REQUIRED","Проверка: Участие в юридических лицах; Официальный источник: eGov / МЮ [S19]; Что получаем: Юрлица, филиалы/представительства, участие; Поиск по ИИН: Не публичный поиск; справка субъекта; Автоматизация: Нет публичного API; Нужно согласие: Да; Нужен договор: Future integration approval; договор не подтверждён; CAPTCHA: Нет; Что сохраняет CASA: BIN/name/role/share, ref; минимум; Как использовать: Условно при бизнес-доходе; Статус реализации: CLIENT_AUTH_REQUIRED; MANUAL_CHECK_REQUIRED",,,,,CASA_Pro_IIN_Check_Final_Spec_KZ_2026-08-21,2026-08-21,§4 Главная матрица проверок,SRC-DOC-M02-P-00107,,,,BACKEND|LEGAL,,,,,Canonicalized from 1 candidate row(s); source text preserved in 10_SOURCE_EXTRACTS.csv.
M02-CAN-0218,m02.current_1_0.security_control.bd630dea0726ad82,1.0,CURRENT_1_0,M02,Проверка по ИИН,SECURITY_CONTROL,CONSENT,§4 Главная матрица проверок,Проверка: Права/обременения на недвижимость; Официальный источник: eGov / МЮ [S20] [S13]; Что получаем: Зарегистрированные права/обременения и certificate; Поиск по ИИН: Не публичный поиск по чужому ИИН; Автоматизация: Клиент или third-party request с подтверждением; Нужно согласие: Да; Нужен договор: Future integration approval; CAPTCHA: Нет; Что сохраняет CASA: Флаг/счётчики/ref; адреса только отдельной целью; Как использовать: Условный имущественный факт; Статус реализации: CLIENT_AUTH_REQUIRED; MANUAL_CHECK_REQUIRED,Проверка: Права/обременения на недвижимость; Официальный источник: eGov / МЮ [S20] [S13]; Что получаем: Зарегистрированные права/обременения и certificate; Поиск по ИИН: Не публичный поиск по чужому ИИН; Автоматизация: Клиент или third-party request с подтверждением; Нужно согласие: Да; Нужен договор: Future integration approval; CAPTCHA: Нет; Что сохраняет CASA: Флаг/счётчики/ref; адреса только отдельной целью; Как использовать: Условный имущественный факт; Статус реализации: CLIENT_AUTH_REQUIRED; MANUAL_CHECK_REQUIRED,,,,,CASA_Pro_IIN_Check_Final_Spec_KZ_2026-08-21,2026-08-21,§4 Главная матрица проверок,SRC-DOC-M02-P-00108,,,,LEGAL,,,,,Canonicalized from 1 candidate row(s); source text preserved in 10_SOURCE_EXTRACTS.csv.
M02-CAN-0219,m02.current_1_0.product_semantic.ea21bb0b21bf7972,1.0,CURRENT_1_0,M02,Проверка по ИИН,PRODUCT_SEMANTIC,API,§4 Главная матрица проверок,"Проверка: Лицензии/разрешения; Официальный источник: eLicense/eGov [S22]; Что получаем: Номер, вид, статус, даты, лицензиар; Поиск по ИИН: Да; Автоматизация: Публичный API не подтверждён; Нужно согласие: Да для CASA processing; Нужен договор: Нет; CAPTCHA: Не указана; Что сохраняет CASA: Минимальные реквизиты лицензии; Как использовать: Только подтверждение заявленной регулируемой деятельности; Статус реализации: P2_CONDITIONAL; MANUAL_CHECK_REQUIRED","Проверка: Лицензии/разрешения; Официальный источник: eLicense/eGov [S22]; Что получаем: Номер, вид, статус, даты, лицензиар; Поиск по ИИН: Да; Автоматизация: Публичный API не подтверждён; Нужно согласие: Да для CASA processing; Нужен договор: Нет; CAPTCHA: Не указана; Что сохраняет CASA: Минимальные реквизиты лицензии; Как использовать: Только подтверждение заявленной регулируемой деятельности; Статус реализации: P2_CONDITIONAL; MANUAL_CHECK_REQUIRED",,,,,CASA_Pro_IIN_Check_Final_Spec_KZ_2026-08-21,2026-08-21,§4 Главная матрица проверок,SRC-DOC-M02-P-00109,,,,BACKEND|LEGAL,,,,,Canonicalized from 1 candidate row(s); source text preserved in 10_SOURCE_EXTRACTS.csv.
M02-CAN-0220,m02.current_1_0.product_semantic.245153641665a845,1.0,CURRENT_1_0,M02,Проверка по ИИН,PRODUCT_SEMANTIC,API,§4 Главная матрица проверок,Проверка: Залог движимого имущества; Официальный источник: eGov [S21]; Что получаем: Выписка/наличие зарегистрированного залога; Поиск по ИИН: Сервис использует ИИН/БИН; не публичный чужой поиск; Автоматизация: Нет публичного API; Нужно согласие: Да; Нужен договор: Future integration approval; CAPTCHA: Нет; Что сохраняет CASA: Флаг/количество/ref; без лишних предметов; Как использовать: Условный факт; Статус реализации: CLIENT_AUTH_REQUIRED; MANUAL_CHECK_REQUIRED,Проверка: Залог движимого имущества; Официальный источник: eGov [S21]; Что получаем: Выписка/наличие зарегистрированного залога; Поиск по ИИН: Сервис использует ИИН/БИН; не публичный чужой поиск; Автоматизация: Нет публичного API; Нужно согласие: Да; Нужен договор: Future integration approval; CAPTCHA: Нет; Что сохраняет CASA: Флаг/количество/ref; без лишних предметов; Как использовать: Условный факт; Статус реализации: CLIENT_AUTH_REQUIRED; MANUAL_CHECK_REQUIRED,,,,,CASA_Pro_IIN_Check_Final_Spec_KZ_2026-08-21,2026-08-21,§4 Главная матрица проверок,SRC-DOC-M02-P-00110,,,,BACKEND|LEGAL,,,,,Canonicalized from 1 candidate row(s); source text preserved in 10_SOURCE_EXTRACTS.csv.
M02-CAN-0221,m02.current_1_0.product_semantic.53ec82f465c0e747,1.0,CURRENT_1_0,M02,Проверка по ИИН,PRODUCT_SEMANTIC,API,§4 Главная матрица проверок,Проверка: Судебные акты по ИИН; Официальный источник: Банк судебных актов [S23]; Что получаем: Опубликованные вступившие в силу акты; охват ограничен; Поиск по ИИН: Да; Автоматизация: Нет подтверждённого API; Нужно согласие: Да; Нужен договор: Нет; CAPTCHA: Не указана; Что сохраняет CASA: В CASA v1 не сохранять; Как использовать: Не использовать для blanket screening; Статус реализации: NOT_ALLOWED (v1); LEGAL_REVIEW_REQUIRED,Проверка: Судебные акты по ИИН; Официальный источник: Банк судебных актов [S23]; Что получаем: Опубликованные вступившие в силу акты; охват ограничен; Поиск по ИИН: Да; Автоматизация: Нет подтверждённого API; Нужно согласие: Да; Нужен договор: Нет; CAPTCHA: Не указана; Что сохраняет CASA: В CASA v1 не сохранять; Как использовать: Не использовать для blanket screening; Статус реализации: NOT_ALLOWED (v1); LEGAL_REVIEW_REQUIRED,,,,,CASA_Pro_IIN_Check_Final_Spec_KZ_2026-08-21,2026-08-21,§4 Главная матрица проверок,SRC-DOC-M02-P-00111,,,,BACKEND|LEGAL,,,,,Canonicalized from 1 candidate row(s); source text preserved in 10_SOURCE_EXTRACTS.csv.
M02-CAN-0222,m02.current_1_0.product_semantic.ff3be91bd291accd,1.0,CURRENT_1_0,M02,Проверка по ИИН,PRODUCT_SEMANTIC,VALIDATION,§4 Главная матрица проверок,"Официальные источники, проверено 21.08.2026: [S05], [S06], [S09], [S10], [S11], [S12], [S13], [S14], [S15], [S18], [S19], [S20], [S21], [S22], [S23].","Официальные источники, проверено 21.08.2026: [S05], [S06], [S09], [S10], [S11], [S12], [S13], [S14], [S15], [S18], [S19], [S20], [S21], [S22], [S23].",,,,,CASA_Pro_IIN_Check_Final_Spec_KZ_2026-08-21,2026-08-21,§4 Главная матрица проверок,SRC-DOC-M02-P-00112,,,,MULTI_LAYER,,,,,Canonicalized from 1 candidate row(s); source text preserved in 10_SOURCE_EXTRACTS.csv.
M02-CAN-0223,m02.current_1_0.boundary.56633ba7e041afda,1.0,CURRENT_1_0,M02,Проверка по ИИН,BOUNDARY,FORBIDDEN,§6 Что CASA НЕ должна пытаться получать по ИИН,"Категория: Кредитная история / кредитный рейтинг; Почему нельзя по одному ИИН: ИИН не даёт доступа. Кредитный отчёт выдаётся правомочному получателю при согласии субъекта; прямой коннектор требует подтверждённого статуса получателя, договора с бюро и письменного согласия. [S26] [S27]; Разрешённый путь CASA: Сейчас: клиент сам законно получает PDF и загружает его. Direct API: CONTRACT_REQUIRED + LEGAL_REVIEW_REQUIRED; иначе NOT_ALLOWED.",,"Категория: Кредитная история / кредитный рейтинг; Почему нельзя по одному ИИН: ИИН не даёт доступа. Кредитный отчёт выдаётся правомочному получателю при согласии субъекта; прямой коннектор требует подтверждённого статуса получателя, договора с бюро и письменного согласия. [S26] [S27]; Разрешённый путь CASA: Сейчас: клиент сам законно получает PDF и загружает его. Direct API: CONTRACT_REQUIRED + LEGAL_REVIEW_REQUIRED; иначе NOT_ALLOWED.",,,,CASA_Pro_IIN_Check_Final_Spec_KZ_2026-08-21,2026-08-21,§6 Что CASA НЕ должна пытаться получать по ИИН,SRC-DOC-M02-P-00309,,,,BACKEND|PARSER|LEGAL,,,,,Canonicalized from 1 candidate row(s); source text preserved in 10_SOURCE_EXTRACTS.csv.
M02-CAN-0224,m02.current_1_0.boundary.1f0fdfebe4b38487,1.0,CURRENT_1_0,M02,Проверка по ИИН,BOUNDARY,FORBIDDEN,§6 Что CASA НЕ должна пытаться получать по ИИН,"Категория: ЕНПФ / пенсионные отчисления; Почему нельзя по одному ИИН: eGov/ЕНПФ требуют авторизацию/ЭЦП/OTP либо направляют выписку на ранее зарегистрированный e-mail. ИИН сам по себе не даёт CASA право получить выписку. [S24] [S25]; Разрешённый путь CASA: Сейчас: клиент получает PDF и вручную загружает. Пароли, OTP, ЭЦП, cookie — NOT_ALLOWED.",,"Категория: ЕНПФ / пенсионные отчисления; Почему нельзя по одному ИИН: eGov/ЕНПФ требуют авторизацию/ЭЦП/OTP либо направляют выписку на ранее зарегистрированный e-mail. ИИН сам по себе не даёт CASA право получить выписку. [S24] [S25]; Разрешённый путь CASA: Сейчас: клиент получает PDF и вручную загружает. Пароли, OTP, ЭЦП, cookie — NOT_ALLOWED.",,,,CASA_Pro_IIN_Check_Final_Spec_KZ_2026-08-21,2026-08-21,§6 Что CASA НЕ должна пытаться получать по ИИН,SRC-DOC-M02-P-00310,,,,PARSER,,,,,Canonicalized from 1 candidate row(s); source text preserved in 10_SOURCE_EXTRACTS.csv.
M02-CAN-0225,m02.current_1_0.boundary.247cbc2b0875591d,1.0,CURRENT_1_0,M02,Проверка по ИИН,BOUNDARY,FORBIDDEN,§6 Что CASA НЕ должна пытаться получать по ИИН,"Категория: Банковские счета, остатки, операции, депозиты; Почему нельзя по одному ИИН: Это банковская тайна; раскрытие третьему лицу возможно на основании согласия владельца либо иного основания закона. [S28]; Разрешённый путь CASA: Никаких запросов по ИИН. Future bank/Open Banking channel — только договорный официальный контур + отдельное согласие: CONTRACT_REQUIRED + LEGAL_REVIEW_REQUIRED.",,"Категория: Банковские счета, остатки, операции, депозиты; Почему нельзя по одному ИИН: Это банковская тайна; раскрытие третьему лицу возможно на основании согласия владельца либо иного основания закона. [S28]; Разрешённый путь CASA: Никаких запросов по ИИН. Future bank/Open Banking channel — только договорный официальный контур + отдельное согласие: CONTRACT_REQUIRED + LEGAL_REVIEW_REQUIRED.",,,,CASA_Pro_IIN_Check_Final_Spec_KZ_2026-08-21,2026-08-21,§6 Что CASA НЕ должна пытаться получать по ИИН,SRC-DOC-M02-P-00311,,,,LEGAL,,,,,Canonicalized from 1 candidate row(s); source text preserved in 10_SOURCE_EXTRACTS.csv.
M02-CAN-0226,m02.current_1_0.boundary.5a7a4b233a11ad63,1.0,CURRENT_1_0,M02,Проверка по ИИН,BOUNDARY,FORBIDDEN,§6 Что CASA НЕ должна пытаться получать по ИИН,"Категория: Закрытые государственные данные; Почему нельзя по одному ИИН: Адрес/регистрация, семейный состав, трудовые договоры, соцвыплаты, здоровье, судимость, миграция, транспорт, закрытые налоговые сведения, цифровые документы eGov и иные кабинеты.; Разрешённый путь CASA: NOT_ALLOWED по одному ИИН. Допустим только конкретный клиент-авторизованный сервис при доказанной необходимости и отдельном legal gate.",,"Категория: Закрытые государственные данные; Почему нельзя по одному ИИН: Адрес/регистрация, семейный состав, трудовые договоры, соцвыплаты, здоровье, судимость, миграция, транспорт, закрытые налоговые сведения, цифровые документы eGov и иные кабинеты.; Разрешённый путь CASA: NOT_ALLOWED по одному ИИН. Допустим только конкретный клиент-авторизованный сервис при доказанной необходимости и отдельном legal gate.",,,,CASA_Pro_IIN_Check_Final_Spec_KZ_2026-08-21,2026-08-21,§6 Что CASA НЕ должна пытаться получать по ИИН,SRC-DOC-M02-P-00312,,,,LEGAL,,,,,Canonicalized from 1 candidate row(s); source text preserved in 10_SOURCE_EXTRACTS.csv.
M02-CAN-0227,m02.current_1_0.boundary.e1c048053f2b3550,1.0,CURRENT_1_0,M02,Проверка по ИИН,BOUNDARY,FORBIDDEN,§6 Что CASA НЕ должна пытаться получать по ИИН,"Категория: ЭЦП, пароли, SMS/OTP, токены ЛС, session cookies; Почему нельзя по одному ИИН: Это средства аутентификации/доступа, а не данные для CASA.; Разрешённый путь CASA: Никогда не просить, не хранить, не проксировать, не записывать в логи. NOT_ALLOWED.",,"Категория: ЭЦП, пароли, SMS/OTP, токены ЛС, session cookies; Почему нельзя по одному ИИН: Это средства аутентификации/доступа, а не данные для CASA.; Разрешённый путь CASA: Никогда не просить, не хранить, не проксировать, не записывать в логи. NOT_ALLOWED.",,,,CASA_Pro_IIN_Check_Final_Spec_KZ_2026-08-21,2026-08-21,§6 Что CASA НЕ должна пытаться получать по ИИН,SRC-DOC-M02-P-00313,,,,MULTI_LAYER,,,,,Canonicalized from 1 candidate row(s); source text preserved in 10_SOURCE_EXTRACTS.csv.
M02-CAN-0228,m02.current_1_0.boundary.33f3cbe3402c44c2,1.0,CURRENT_1_0,M02,Проверка по ИИН,BOUNDARY,FORBIDDEN,§6 Что CASA НЕ должна пытаться получать по ИИН,Категория: Массовые списки граждан; Почему нельзя по одному ИИН: Публичный список не означает разрешение зеркалировать его в коммерческой CRM.; Разрешённый путь CASA: Не выгружать банкротства/суды/другие списки целиком. Ищется только конкретный согласившийся субъект через разрешённый точечный канал.,,Категория: Массовые списки граждан; Почему нельзя по одному ИИН: Публичный список не означает разрешение зеркалировать его в коммерческой CRM.; Разрешённый путь CASA: Не выгружать банкротства/суды/другие списки целиком. Ищется только конкретный согласившийся субъект через разрешённый точечный канал.,,,,CASA_Pro_IIN_Check_Final_Spec_KZ_2026-08-21,2026-08-21,§6 Что CASA НЕ должна пытаться получать по ИИН,SRC-DOC-M02-P-00314,,,,LEGAL,,,,,Canonicalized from 1 candidate row(s); source text preserved in 10_SOURCE_EXTRACTS.csv.
M02-CAN-0229,m02.current_1_0.boundary.3bfd7ede835e9795,1.0,CURRENT_1_0,M02,Проверка по ИИН,BOUNDARY,FORBIDDEN,§6 Что CASA НЕ должна пытаться получать по ИИН,"Категория: Неофициальные агрегаторы/утечки; Почему нельзя по одному ИИН: Нет официальной provenance, terms и legal basis.; Разрешённый путь CASA: NOT_ALLOWED независимо от удобства или цены.",,"Категория: Неофициальные агрегаторы/утечки; Почему нельзя по одному ИИН: Нет официальной provenance, terms и legal basis.; Разрешённый путь CASA: NOT_ALLOWED независимо от удобства или цены.",,,,CASA_Pro_IIN_Check_Final_Spec_KZ_2026-08-21,2026-08-21,§6 Что CASA НЕ должна пытаться получать по ИИН,SRC-DOC-M02-P-00315,,,,LEGAL,,,,,Canonicalized from 1 candidate row(s); source text preserved in 10_SOURCE_EXTRACTS.csv.
M02-CAN-0230,m02.current_1_0.security_control.890ea258b58c4a07,1.0,CURRENT_1_0,M02,Проверка по ИИН,SECURITY_CONTROL,CONSENT,§6 Что CASA НЕ должна пытаться получать по ИИН,"Жёсткий запрет
CASA не должна принимать логин/пароль/ЭЦП клиента «на время», просить клиента отправить OTP риелтору, использовать headless browser в eGov/КГД/ЕНПФ или распознавать CAPTCHA. Даже при согласии клиента эти способы не становятся разрешёнными.: Жёсткий запрет
CASA не должна принимать логин/пароль/ЭЦП клиента «на время», просить клиента отправить OTP риелтору, использовать headless browser в eGov/КГД/ЕНПФ или распознавать CAPTCHA. Даже при согласии клиента эти способы не становятся разрешёнными.","Жёсткий запрет
CASA не должна принимать логин/пароль/ЭЦП клиента «на время», просить клиента отправить OTP риелтору, использовать headless browser в eGov/КГД/ЕНПФ или распознавать CAPTCHA. Даже при согласии клиента эти способы не становятся разрешёнными.: Жёсткий запрет
CASA не должна принимать логин/пароль/ЭЦП клиента «на время», просить клиента отправить OTP риелтору, использовать headless browser в eGov/КГД/ЕНПФ или распознавать CAPTCHA. Даже при согласии клиента эти способы не становятся разрешёнными.",,,,,CASA_Pro_IIN_Check_Final_Spec_KZ_2026-08-21,2026-08-21,§6 Что CASA НЕ должна пытаться получать по ИИН,SRC-DOC-M02-P-00316,,,,LEGAL,,,,,Canonicalized from 1 candidate row(s); source text preserved in 10_SOURCE_EXTRACTS.csv.
M02-CAN-0231,m02.current_1_0.product_semantic.658fd9d8c2c3dc02,1.0,CURRENT_1_0,M02,Проверка по ИИН,PRODUCT_SEMANTIC,VALIDATION,§7.1 Предусловия,ИИН содержит 12 цифр и проходит проверку контрольного 12-го разряда по официальным правилам. Структуру ИИН не использовать для самостоятельного вывода пола/даты рождения. [S04],ИИН содержит 12 цифр и проходит проверку контрольного 12-го разряда по официальным правилам. Структуру ИИН не использовать для самостоятельного вывода пола/даты рождения. [S04],,,,,CASA_Pro_IIN_Check_Final_Spec_KZ_2026-08-21,2026-08-21,§7.1 Предусловия,SRC-DOC-M02-P-00319,,,,MULTI_LAYER,,,,,Canonicalized from 1 candidate row(s); source text preserved in 10_SOURCE_EXTRACTS.csv.
M02-CAN-0232,m02.current_1_0.security_control.71d37ce2398679ea,1.0,CURRENT_1_0,M02,Проверка по ИИН,SECURITY_CONTROL,SECURITY,§7.1 Предусловия,"Есть `borrower_id`, identity version и tenant; полный ИИН хранится только шифрованно в borrower vault, в запросах/логах используется HMAC lookup token.","Есть `borrower_id`, identity version и tenant; полный ИИН хранится только шифрованно в borrower vault, в запросах/логах используется HMAC lookup token.",,,,,CASA_Pro_IIN_Check_Final_Spec_KZ_2026-08-21,2026-08-21,§7.1 Предусловия,SRC-DOC-M02-P-00320,,,,SECURITY,,,,,Canonicalized from 1 candidate row(s); source text preserved in 10_SOURCE_EXTRACTS.csv.
M02-CAN-0233,m02.current_1_0.security_control.65bf2d1e0d0a02a8,1.0,CURRENT_1_0,M02,Проверка по ИИН,SECURITY_CONTROL,CONSENT,§7.1 Предусловия,"Есть active consent конкретного участника на цель `mortgage_preanalysis_official_registry_checks`, версия текста и manifest источников.","Есть active consent конкретного участника на цель `mortgage_preanalysis_official_registry_checks`, версия текста и manifest источников.",,,,,CASA_Pro_IIN_Check_Final_Spec_KZ_2026-08-21,2026-08-21,§7.1 Предусловия,SRC-DOC-M02-P-00321,,,,LEGAL,,,,,Canonicalized from 1 candidate row(s); source text preserved in 10_SOURCE_EXTRACTS.csv.
M02-CAN-0234,m02.current_1_0.product_semantic.3af3d82a90a2b640,1.0,CURRENT_1_0,M02,Проверка по ИИН,PRODUCT_SEMANTIC,STATE,§7.1 Предусловия,"Для каждого источника source registry имеет `legal_basis_status=approved`, credentials active, terms version, field allowlist, TTL и fallback. Иначе источник не вызывается.","Для каждого источника source registry имеет `legal_basis_status=approved`, credentials active, terms version, field allowlist, TTL и fallback. Иначе источник не вызывается.",,,,,CASA_Pro_IIN_Check_Final_Spec_KZ_2026-08-21,2026-08-21,§7.1 Предусловия,SRC-DOC-M02-P-00322,,,,DATA|LEGAL,,,,,Canonicalized from 1 candidate row(s); source text preserved in 10_SOURCE_EXTRACTS.csv.
M02-CAN-0235,m02.current_1_0.product_semantic.adf3dcfe97fcd0be,1.0,CURRENT_1_0,M02,Проверка по ИИН,PRODUCT_SEMANTIC,BUSINESS_RULE,§7.1 Предусловия,Запрос имеет `Idempotency-Key`; двойной клик не создаёт второй batch.,Запрос имеет `Idempotency-Key`; двойной клик не создаёт второй batch.,,,,,CASA_Pro_IIN_Check_Final_Spec_KZ_2026-08-21,2026-08-21,§7.1 Предусловия,SRC-DOC-M02-P-00323,,,,MULTI_LAYER,,,,,Canonicalized from 1 candidate row(s); source text preserved in 10_SOURCE_EXTRACTS.csv.
M02-CAN-0236,m02.current_1_0.security_control.20832e7b44b4c111,1.0,CURRENT_1_0,M02,Проверка по ИИН,SECURITY_CONTROL,CONSENT,§7.2 Последовательность после нажатия,"Шаг: 1; Этап: Gate; Обязательное поведение: Валидировать ИИН, subject, consent, source manifest, legal/access flags. При блокере создать batch без внешнего вызова.","Шаг: 1; Этап: Gate; Обязательное поведение: Валидировать ИИН, subject, consent, source manifest, legal/access flags. При блокере создать batch без внешнего вызова.",,,,,CASA_Pro_IIN_Check_Final_Spec_KZ_2026-08-21,2026-08-21,§7.2 Последовательность после нажатия,SRC-DOC-M02-P-00326,,,,LEGAL,,,,,Canonicalized from 1 candidate row(s); source text preserved in 10_SOURCE_EXTRACTS.csv.
M02-CAN-0237,m02.current_1_0.security_control.223da02391291347,1.0,CURRENT_1_0,M02,Проверка по ИИН,SECURITY_CONTROL,CONSENT,§7.2 Последовательность после нажатия,"Шаг: 2; Этап: Snapshot; Обязательное поведение: Создать immutable `client_check_batch`; зафиксировать manifest_version, consent_id, actor, requested_at и masked subject.","Шаг: 2; Этап: Snapshot; Обязательное поведение: Создать immutable `client_check_batch`; зафиксировать manifest_version, consent_id, actor, requested_at и masked subject.",,,,,CASA_Pro_IIN_Check_Final_Spec_KZ_2026-08-21,2026-08-21,§7.2 Последовательность после нажатия,SRC-DOC-M02-P-00327,,,,DATA|LEGAL,,,,,Canonicalized from 1 candidate row(s); source text preserved in 10_SOURCE_EXTRACTS.csv.
M02-CAN-0238,m02.current_1_0.product_semantic.63e0283c24b8f61a,1.0,CURRENT_1_0,M02,Проверка по ИИН,PRODUCT_SEMANTIC,API,§7.2 Последовательность после нажатия,Шаг: 3; Этап: Автоматические вызовы; Обязательное поведение: Запустить только разрешённые official API: АИС ОИП; КГД taxpayer. Если подтверждён ИП — условно KGD counterparty profile.,Шаг: 3; Этап: Автоматические вызовы; Обязательное поведение: Запустить только разрешённые official API: АИС ОИП; КГД taxpayer. Если подтверждён ИП — условно KGD counterparty profile.,,,,,CASA_Pro_IIN_Check_Final_Spec_KZ_2026-08-21,2026-08-21,§7.2 Последовательность после нажатия,SRC-DOC-M02-P-00328,,,,BACKEND,,,,,Canonicalized from 1 candidate row(s); source text preserved in 10_SOURCE_EXTRACTS.csv.
M02-CAN-0239,m02.current_1_0.product_semantic.e229e866f930415a,1.0,CURRENT_1_0,M02,Проверка по ИИН,PRODUCT_SEMANTIC,BUSINESS_RULE,§7.2 Последовательность после нажатия,"Шаг: 4; Этап: Ручные задачи; Обязательное поведение: Создать карточки ЕНИС, налоговой задолженности/eGov, банкротства. Открывать только базовый официальный URL без ИИН в query string.","Шаг: 4; Этап: Ручные задачи; Обязательное поведение: Создать карточки ЕНИС, налоговой задолженности/eGov, банкротства. Открывать только базовый официальный URL без ИИН в query string.",,,,,CASA_Pro_IIN_Check_Final_Spec_KZ_2026-08-21,2026-08-21,§7.2 Последовательность после нажатия,SRC-DOC-M02-P-00329,,,,MULTI_LAYER,,,,,Canonicalized from 1 candidate row(s); source text preserved in 10_SOURCE_EXTRACTS.csv.
M02-CAN-0240,m02.current_1_0.product_semantic.95debc86b7cb1770,1.0,CURRENT_1_0,M02,Проверка по ИИН,PRODUCT_SEMANTIC,BUSINESS_RULE,§7.2 Последовательность после нажатия,Шаг: 5; Этап: Клиентские задачи; Обязательное поведение: При необходимости — запросить клиент-авторизованные справки о юрлицах/имуществе/залоге; не запускать по умолчанию.,Шаг: 5; Этап: Клиентские задачи; Обязательное поведение: При необходимости — запросить клиент-авторизованные справки о юрлицах/имуществе/залоге; не запускать по умолчанию.,,,,,CASA_Pro_IIN_Check_Final_Spec_KZ_2026-08-21,2026-08-21,§7.2 Последовательность после нажатия,SRC-DOC-M02-P-00330,,,,MULTI_LAYER,,,,,Canonicalized from 1 candidate row(s); source text preserved in 10_SOURCE_EXTRACTS.csv.
M02-CAN-0241,m02.current_1_0.data_contract.a99699ee201859d2,1.0,CURRENT_1_0,M02,Проверка по ИИН,DATA_CONTRACT,PROVENANCE,§7.2 Последовательность после нажатия,"Шаг: 6; Этап: Нормализация; Обязательное поведение: Проверить схему/семантику ответа, сохранить whitelisted facts и evidence hash. Unknown/«Нет данных» не превращать в false/zero.","Шаг: 6; Этап: Нормализация; Обязательное поведение: Проверить схему/семантику ответа, сохранить whitelisted facts и evidence hash. Unknown/«Нет данных» не превращать в false/zero.",,,,UNKNOWN|ZERO,CASA_Pro_IIN_Check_Final_Spec_KZ_2026-08-21,2026-08-21,§7.2 Последовательность после нажатия,SRC-DOC-M02-P-00331,,,,DATA,,,,,Canonicalized from 1 candidate row(s); source text preserved in 10_SOURCE_EXTRACTS.csv.
M02-CAN-0242,m02.current_1_0.product_semantic.254bc22c9a1b7fc4,1.0,CURRENT_1_0,M02,Проверка по ИИН,PRODUCT_SEMANTIC,BUSINESS_RULE,§7.2 Последовательность после нажатия,Шаг: 7; Этап: Покрытие; Обязательное поведение: Рассчитать coverage отдельно: automatic completed/required и manual completed/required. Итог `COMPLETE` только когда каждый обязательный source result завершён.,Шаг: 7; Этап: Покрытие; Обязательное поведение: Рассчитать coverage отдельно: automatic completed/required и manual completed/required. Итог `COMPLETE` только когда каждый обязательный source result завершён.,,,,,CASA_Pro_IIN_Check_Final_Spec_KZ_2026-08-21,2026-08-21,§7.2 Последовательность после нажатия,SRC-DOC-M02-P-00332,,,,MULTI_LAYER,,,,,Canonicalized from 1 candidate row(s); source text preserved in 10_SOURCE_EXTRACTS.csv.
M02-CAN-0243,m02.current_1_0.product_semantic.092960dba599fa09,1.0,CURRENT_1_0,M02,Проверка по ИИН,PRODUCT_SEMANTIC,BUSINESS_RULE,§7.2 Последовательность после нажатия,Шаг: 8; Этап: Отображение; Обязательное поведение: Показать факты по источникам и disclaimer «не решение банка». Derived CASA signal — отдельный объект; bank rules не запускаются внутри ИИН-check.,Шаг: 8; Этап: Отображение; Обязательное поведение: Показать факты по источникам и disclaimer «не решение банка». Derived CASA signal — отдельный объект; bank rules не запускаются внутри ИИН-check.,,,,,CASA_Pro_IIN_Check_Final_Spec_KZ_2026-08-21,2026-08-21,§7.2 Последовательность после нажатия,SRC-DOC-M02-P-00333,,,,MULTI_LAYER,,,,,Canonicalized from 1 candidate row(s); source text preserved in 10_SOURCE_EXTRACTS.csv.
M02-CAN-0244,m02.current_1_0.product_semantic.69f22506b06a976a,1.0,CURRENT_1_0,M02,Проверка по ИИН,PRODUCT_SEMANTIC,STATE,§7.3 Какие проверки куда попадают,"Маршрут: Автоматически после gates; Проверки: АИС ОИП: `enforcement_proceedings`, `exit_restriction`; КГД: `taxpayer_ip_status`; условно `kgd_counterparty_profile`.; Правило: Любой legal/access flag off → не вызывать, статус LEGAL_UNCONFIRMED/ACCESS_REQUIRED.","Маршрут: Автоматически после gates; Проверки: АИС ОИП: `enforcement_proceedings`, `exit_restriction`; КГД: `taxpayer_ip_status`; условно `kgd_counterparty_profile`.; Правило: Любой legal/access flag off → не вызывать, статус LEGAL_UNCONFIRMED/ACCESS_REQUIRED.",,,,,CASA_Pro_IIN_Check_Final_Spec_KZ_2026-08-21,2026-08-21,§7.3 Какие проверки куда попадают,SRC-DOC-M02-P-00336,,,,LEGAL,,,,,Canonicalized from 1 candidate row(s); source text preserved in 10_SOURCE_EXTRACTS.csv.
M02-CAN-0245,m02.current_1_0.data_contract.ef1df9c472fc6a04,1.0,CURRENT_1_0,M02,Проверка по ИИН,DATA_CONTRACT,PROVENANCE,§7.3 Какие проверки куда попадают,Маршрут: Риелтор вручную; Проверки: ЕНИС; налоговая задолженность; внесудебное/судебное банкротство и восстановление платёжеспособности.; Правило: Официальная ссылка + инструкция + evidence + actor/time.,Маршрут: Риелтор вручную; Проверки: ЕНИС; налоговая задолженность; внесудебное/судебное банкротство и восстановление платёжеспособности.; Правило: Официальная ссылка + инструкция + evidence + actor/time.,,,,,CASA_Pro_IIN_Check_Final_Spec_KZ_2026-08-21,2026-08-21,§7.3 Какие проверки куда попадают,SRC-DOC-M02-P-00337,,,,DATA,,,,,Canonicalized from 1 candidate row(s); source text preserved in 10_SOURCE_EXTRACTS.csv.
M02-CAN-0246,m02.current_1_0.product_semantic.afd241010c436d09,1.0,CURRENT_1_0,M02,Проверка по ИИН,PRODUCT_SEMANTIC,VALIDATION,§7.3 Какие проверки куда попадают,"Маршрут: Клиент подтверждает; Проверки: Налоговая справка через eGov third-party; условно участие в юрлицах, недвижимость, залог движимого имущества.; Правило: CLIENT_AUTH_REQUIRED; 2-hour confirmation semantics для eGov third-party.","Маршрут: Клиент подтверждает; Проверки: Налоговая справка через eGov third-party; условно участие в юрлицах, недвижимость, залог движимого имущества.; Правило: CLIENT_AUTH_REQUIRED; 2-hour confirmation semantics для eGov third-party.",,,,,CASA_Pro_IIN_Check_Final_Spec_KZ_2026-08-21,2026-08-21,§7.3 Какие проверки куда попадают,SRC-DOC-M02-P-00338,,,,MULTI_LAYER,,,,,Canonicalized from 1 candidate row(s); source text preserved in 10_SOURCE_EXTRACTS.csv.
M02-CAN-0247,m02.current_1_0.product_semantic.4733505447e865ca,1.0,CURRENT_1_0,M02,Проверка по ИИН,PRODUCT_SEMANTIC,VALIDATION,§7.3 Какие проверки куда попадают,"Маршрут: Не запускать; Проверки: Банк судебных актов в blanket screening; кредитная история, ЕНПФ, банковские и закрытые госданные.; Правило: NOT_ALLOWED/отдельный модуль и legal basis.","Маршрут: Не запускать; Проверки: Банк судебных актов в blanket screening; кредитная история, ЕНПФ, банковские и закрытые госданные.; Правило: NOT_ALLOWED/отдельный модуль и legal basis.",,,,,CASA_Pro_IIN_Check_Final_Spec_KZ_2026-08-21,2026-08-21,§7.3 Какие проверки куда попадают,SRC-DOC-M02-P-00339,,,,LEGAL,,,,,Canonicalized from 1 candidate row(s); source text preserved in 10_SOURCE_EXTRACTS.csv.
M02-CAN-0248,m02.current_1_0.product_semantic.a9c23bd4213b5625,1.0,CURRENT_1_0,M02,Проверка по ИИН,PRODUCT_SEMANTIC,STATE,§7.4 Итоговые статусы batch,Batch status: COMPLETE_FACTS_FOUND; Условие: Все обязательные источники завершены; минимум один вернул факт/запись.; UI-текст: «Проверка завершена. Найдены факты: N. Это не решение банка.»,Batch status: COMPLETE_FACTS_FOUND; Условие: Все обязательные источники завершены; минимум один вернул факт/запись.; UI-текст: «Проверка завершена. Найдены факты: N. Это не решение банка.»,,,,,CASA_Pro_IIN_Check_Final_Spec_KZ_2026-08-21,2026-08-21,§7.4 Итоговые статусы batch,SRC-DOC-M02-P-00342,,,,FRONTEND,,,,,Canonicalized from 1 candidate row(s); source text preserved in 10_SOURCE_EXTRACTS.csv.
M02-CAN-0249,m02.current_1_0.product_semantic.886bf9605b32a4e8,1.0,CURRENT_1_0,M02,Проверка по ИИН,PRODUCT_SEMANTIC,STATE,§7.4 Итоговые статусы batch,Batch status: COMPLETE_NO_RECORDS; Условие: Все обязательные источники дали доказанный negative/zero outcome; ни одного manual/unavailable/unknown.; UI-текст: «Обязательные источники проверены; записей не найдено/сумма 0 по указанным источникам.»,Batch status: COMPLETE_NO_RECORDS; Условие: Все обязательные источники дали доказанный negative/zero outcome; ни одного manual/unavailable/unknown.; UI-текст: «Обязательные источники проверены; записей не найдено/сумма 0 по указанным источникам.»,,,,ZERO|UNKNOWN,CASA_Pro_IIN_Check_Final_Spec_KZ_2026-08-21,2026-08-21,§7.4 Итоговые статусы batch,SRC-DOC-M02-P-00343,,,,FRONTEND,,,,,Canonicalized from 1 candidate row(s); source text preserved in 10_SOURCE_EXTRACTS.csv.
M02-CAN-0250,m02.current_1_0.product_semantic.5e0556736c1f0e2a,1.0,CURRENT_1_0,M02,Проверка по ИИН,PRODUCT_SEMANTIC,STATE,§7.4 Итоговые статусы batch,Batch status: BLOCKED_LEGAL; Условие: Ни один необходимый connector не имеет legal approval.; UI-текст: «Юридический статус источника не подтверждён; проверка не запускалась.»,Batch status: BLOCKED_LEGAL; Условие: Ни один необходимый connector не имеет legal approval.; UI-текст: «Юридический статус источника не подтверждён; проверка не запускалась.»,,,,,CASA_Pro_IIN_Check_Final_Spec_KZ_2026-08-21,2026-08-21,§7.4 Итоговые статусы batch,SRC-DOC-M02-P-00346,,,,FRONTEND|LEGAL,,,,,Canonicalized from 1 candidate row(s); source text preserved in 10_SOURCE_EXTRACTS.csv.
M02-CAN-0251,m02.current_1_0.product_semantic.8e96dbed27f855fb,1.0,CURRENT_1_0,M02,Проверка по ИИН,PRODUCT_SEMANTIC,STATE,§7.4 Итоговые статусы batch,Batch status: STALE; Условие: Хотя бы один обязательный result просрочен.; UI-текст: «Результат устарел; повторите проверку.»,Batch status: STALE; Условие: Хотя бы один обязательный result просрочен.; UI-текст: «Результат устарел; повторите проверку.»,,,,STALE,CASA_Pro_IIN_Check_Final_Spec_KZ_2026-08-21,2026-08-21,§7.4 Итоговые статусы batch,SRC-DOC-M02-P-00347,,,,FRONTEND,,,,,Canonicalized from 1 candidate row(s); source text preserved in 10_SOURCE_EXTRACTS.csv.
M02-CAN-0252,m02.current_1_0.boundary.664a2d8ca87553c7,1.0,CURRENT_1_0,M02,Проверка по ИИН,BOUNDARY,FORBIDDEN,§7.4 Итоговые статусы batch,"Batch status: PARTIAL; Условие: Есть manual required, unavailable, access pending, unknown или не завершённый источник.; UI-текст: «Проверка частичная: X из Y. Нельзя делать вывод об отсутствии записей.»",,"Batch status: PARTIAL; Условие: Есть manual required, unavailable, access pending, unknown или не завершённый источник.; UI-текст: «Проверка частичная: X из Y. Нельзя делать вывод об отсутствии записей.»",,,UNKNOWN,CASA_Pro_IIN_Check_Final_Spec_KZ_2026-08-21|M02_CASA_Pro_IIN_Check_R0_Implementation_and_Acceptance_v1.0,2026-08-21|1.0,§7.4 Итоговые статусы batch|§9 Batch и coverage,SRC-DOC-M02-P-00344|SRC-DOC-M02-I-00112,,,,FRONTEND|MULTI_LAYER,,,,,Canonicalized from 2 candidate row(s); source text preserved in 10_SOURCE_EXTRACTS.csv.
M02-CAN-0253,m02.current_1_0.security_control.cc8afc18d480aa19,1.0,CURRENT_1_0,M02,Проверка по ИИН,SECURITY_CONTROL,CONSENT,§7.4 Итоговые статусы batch,Batch status: BLOCKED_CONSENT; Условие: Нет/отозвано/истекло согласие.; UI-текст: «Нужно согласие клиента; внешние запросы не выполнялись.»,Batch status: BLOCKED_CONSENT; Условие: Нет/отозвано/истекло согласие.; UI-текст: «Нужно согласие клиента; внешние запросы не выполнялись.»,,,,,CASA_Pro_IIN_Check_Final_Spec_KZ_2026-08-21|M02_CASA_Pro_IIN_Check_R0_Implementation_and_Acceptance_v1.0,2026-08-21|1.0,§7.4 Итоговые статусы batch|§9 Batch и coverage,SRC-DOC-M02-P-00345|SRC-DOC-M02-I-00113,,,,FRONTEND|LEGAL,,,,,Canonicalized from 2 candidate row(s); source text preserved in 10_SOURCE_EXTRACTS.csv.
M02-CAN-0254,m02.current_1_0.boundary.ac1c906cba57067d,1.0,CURRENT_1_0,M02,Проверка по ИИН,BOUNDARY,SCOPE,§8.1 Новые сущности,"Сущность: external_source_registry; Scope: global_reference; Назначение: Owner, official URLs, access/captcha mode, legal approval, terms, credentials ref, allowlist, TTL, no-match contract, fallback.","Сущность: external_source_registry; Scope: global_reference; Назначение: Owner, official URLs, access/captcha mode, legal approval, terms, credentials ref, allowlist, TTL, no-match contract, fallback.",,,,,CASA_Pro_IIN_Check_Final_Spec_KZ_2026-08-21,2026-08-21,§8.1 Новые сущности,SRC-DOC-M02-P-00351,,,,LEGAL|PRODUCT,,,,,Canonicalized from 1 candidate row(s); source text preserved in 10_SOURCE_EXTRACTS.csv.
M02-CAN-0255,m02.current_1_0.security_control.01fdbafdb773a875,1.0,CURRENT_1_0,M02,Проверка по ИИН,SECURITY_CONTROL,SECURITY,§8.1 Новые сущности,"Сущность: client_check_result; Scope: tenant_owned; Назначение: Один источник × check_type; technical status, outcome, normalized facts, provenance, freshness, error/evidence.","Сущность: client_check_result; Scope: tenant_owned; Назначение: Один источник × check_type; technical status, outcome, normalized facts, provenance, freshness, error/evidence.",,,,,CASA_Pro_IIN_Check_Final_Spec_KZ_2026-08-21,2026-08-21,§8.1 Новые сущности,SRC-DOC-M02-P-00353,,,,SECURITY|PRODUCT,,,,,Canonicalized from 1 candidate row(s); source text preserved in 10_SOURCE_EXTRACTS.csv.
M02-CAN-0256,m02.current_1_0.security_control.d253a14f2e1e786c,1.0,CURRENT_1_0,M02,Проверка по ИИН,SECURITY_CONTROL,SECURITY,§8.1 Новые сущности,"Сущность: manual_check_task; Scope: tenant_owned; Назначение: Официальная ссылка, инструкция, assignee, confirmation/evidence, due/expiry.","Сущность: manual_check_task; Scope: tenant_owned; Назначение: Официальная ссылка, инструкция, assignee, confirmation/evidence, due/expiry.",,,,,CASA_Pro_IIN_Check_Final_Spec_KZ_2026-08-21,2026-08-21,§8.1 Новые сущности,SRC-DOC-M02-P-00355,,,,SECURITY|PRODUCT,,,,,Canonicalized from 1 candidate row(s); source text preserved in 10_SOURCE_EXTRACTS.csv.
M02-CAN-0257,m02.current_1_0.security_control.f8b411a1f87ec73d,1.0,CURRENT_1_0,M02,Проверка по ИИН,SECURITY_CONTROL,SECURITY,§8.1 Новые сущности,Сущность: client_risk_signal; Scope: tenant_owned/derived; Назначение: Отдельная интерпретация CASA с rule version. Не является bank rule/verdict.,Сущность: client_risk_signal; Scope: tenant_owned/derived; Назначение: Отдельная интерпретация CASA с rule version. Не является bank rule/verdict.,,,,,CASA_Pro_IIN_Check_Final_Spec_KZ_2026-08-21,2026-08-21,§8.1 Новые сущности,SRC-DOC-M02-P-00356,,,,SECURITY|PRODUCT,,,,,Canonicalized from 1 candidate row(s); source text preserved in 10_SOURCE_EXTRACTS.csv.
M02-CAN-0258,m02.current_1_0.security_control.91d2356419f25e24,1.0,CURRENT_1_0,M02,Проверка по ИИН,SECURITY_CONTROL,SECURITY,§8.1 Новые сущности,"Сущность: client_check_batch; Scope: tenant_owned; Назначение: Один запуск кнопки: subject, consent, manifest, actor, coverage, timestamps, overall status.","Сущность: client_check_batch; Scope: tenant_owned; Назначение: Один запуск кнопки: subject, consent, manifest, actor, coverage, timestamps, overall status.",,,,,CASA_Pro_IIN_Check_Final_Spec_KZ_2026-08-21|M02_CASA_Pro_IIN_Check_R0_Implementation_and_Acceptance_v1.0,2026-08-21|1.0,§8.1 Новые сущности|§9 Batch и coverage,SRC-DOC-M02-P-00352|SRC-DOC-M02-I-00102,,,,SECURITY|LEGAL|PRODUCT,,,,,Canonicalized from 2 candidate row(s); source text preserved in 10_SOURCE_EXTRACTS.csv.
M02-CAN-0259,m02.current_1_0.product_semantic.0ff7971ee39a3c3b,1.0,CURRENT_1_0,M02,Проверка по ИИН,PRODUCT_SEMANTIC,STATE,§8.2 Обязательный контракт `client_check_result`,"Обязательные поля пользователя (`source`, `check_type`, `checked_at`, `status`, `result`, `source_reference`, `automation_mode`, `legal_basis_status`, `fresh_until`, `raw_reference/evidence`, `manual_confirmation`, `error/status`) сохранены, но технический статус отделён от бизнес-исхода.","Обязательные поля пользователя (`source`, `check_type`, `checked_at`, `status`, `result`, `source_reference`, `automation_mode`, `legal_basis_status`, `fresh_until`, `raw_reference/evidence`, `manual_confirmation`, `error/status`) сохранены, но технический статус отделён от бизнес-исхода.",,,,,CASA_Pro_IIN_Check_Final_Spec_KZ_2026-08-21,2026-08-21,§8.2 Обязательный контракт `client_check_result`,SRC-DOC-M02-P-00360,,,,LEGAL,,,,,Canonicalized from 1 candidate row(s); source text preserved in 10_SOURCE_EXTRACTS.csv.
M02-CAN-0260,m02.current_1_0.security_control.5a0d5b67e9b218ed,1.0,CURRENT_1_0,M02,Проверка по ИИН,SECURITY_CONTROL,CONSENT,§8.3 Enum и инварианты,Поле: status; Допустимые значения: queued | running | completed | manual_required | consent_required | source_unavailable | stale | legal_unconfirmed | access_required | not_allowed | error,Поле: status; Допустимые значения: queued | running | completed | manual_required | consent_required | source_unavailable | stale | legal_unconfirmed | access_required | not_allowed | error,,,,STALE,CASA_Pro_IIN_Check_Final_Spec_KZ_2026-08-21,2026-08-21,§8.3 Enum и инварианты,SRC-DOC-M02-P-00363,,,,LEGAL,,,,,Canonicalized from 1 candidate row(s); source text preserved in 10_SOURCE_EXTRACTS.csv.
M02-CAN-0261,m02.current_1_0.data_contract.6ad4b57b2665fb6e,1.0,CURRENT_1_0,M02,Проверка по ИИН,DATA_CONTRACT,DATA_MODEL,§8.3 Enum и инварианты,Поле: result.outcome; Допустимые значения: found | not_found | zero | not_applicable | unknown,Поле: result.outcome; Допустимые значения: found | not_found | zero | not_applicable | unknown,,,,ZERO|NOT_APPLICABLE|UNKNOWN,CASA_Pro_IIN_Check_Final_Spec_KZ_2026-08-21,2026-08-21,§8.3 Enum и инварианты,SRC-DOC-M02-P-00364,,,,DATA,,,,,Canonicalized from 1 candidate row(s); source text preserved in 10_SOURCE_EXTRACTS.csv.
M02-CAN-0262,m02.current_1_0.product_semantic.6dd1cad88ff41eb0,1.0,CURRENT_1_0,M02,Проверка по ИИН,PRODUCT_SEMANTIC,API,§8.3 Enum и инварианты,Поле: automation_mode; Допустимые значения: official_api | official_open_data_api | manual_official | client_authorized_document | approved_integration | prohibited,Поле: automation_mode; Допустимые значения: official_api | official_open_data_api | manual_official | client_authorized_document | approved_integration | prohibited,,,,,CASA_Pro_IIN_Check_Final_Spec_KZ_2026-08-21,2026-08-21,§8.3 Enum и инварианты,SRC-DOC-M02-P-00365,,,,BACKEND|DATA,,,,,Canonicalized from 1 candidate row(s); source text preserved in 10_SOURCE_EXTRACTS.csv.
M02-CAN-0263,m02.current_1_0.product_semantic.937ce862f3684bb4,1.0,CURRENT_1_0,M02,Проверка по ИИН,PRODUCT_SEMANTIC,STATE,§8.3 Enum и инварианты,Поле: legal_basis_status.status; Допустимые значения: approved | pending | rejected | expired | not_required_by_counsel,Поле: legal_basis_status.status; Допустимые значения: approved | pending | rejected | expired | not_required_by_counsel,,,,,CASA_Pro_IIN_Check_Final_Spec_KZ_2026-08-21,2026-08-21,§8.3 Enum и инварианты,SRC-DOC-M02-P-00366,,,,LEGAL,,,,,Canonicalized from 1 candidate row(s); source text preserved in 10_SOURCE_EXTRACTS.csv.
M02-CAN-0264,m02.current_1_0.security_control.40d7758214899dd9,1.0,CURRENT_1_0,M02,Проверка по ИИН,SECURITY_CONTROL,CONSENT,§8.3 Enum и инварианты,Поле: error.category; Допустимые значения: validation | consent | access | auth | captcha | rate_limit | upstream | schema | evidence | internal,Поле: error.category; Допустимые значения: validation | consent | access | auth | captcha | rate_limit | upstream | schema | evidence | internal,,,,,CASA_Pro_IIN_Check_Final_Spec_KZ_2026-08-21,2026-08-21,§8.3 Enum и инварианты,SRC-DOC-M02-P-00367,,,,DATA|LEGAL,,,,,Canonicalized from 1 candidate row(s); source text preserved in 10_SOURCE_EXTRACTS.csv.
M02-CAN-0265,m02.current_1_0.product_semantic.43c1b8fd9d92d53e,1.0,CURRENT_1_0,M02,Проверка по ИИН,PRODUCT_SEMANTIC,STATE,§8.3 Enum и инварианты,"`status=completed` обязателен для outcomes found/not_found/zero/not_applicable. `unknown` допускается при successful response с документированной неопределённостью, но не означает negative finding.","`status=completed` обязателен для outcomes found/not_found/zero/not_applicable. `unknown` допускается при successful response с документированной неопределённостью, но не означает negative finding.",,,,ZERO|NOT_APPLICABLE|UNKNOWN,CASA_Pro_IIN_Check_Final_Spec_KZ_2026-08-21,2026-08-21,§8.3 Enum и инварианты,SRC-DOC-M02-P-00368,,,,MULTI_LAYER,,,,,Canonicalized from 1 candidate row(s); source text preserved in 10_SOURCE_EXTRACTS.csv.
M02-CAN-0266,m02.current_1_0.boundary.4c8d9e5e87675c47,1.0,CURRENT_1_0,M02,Проверка по ИИН,BOUNDARY,FORBIDDEN,§8.3 Enum и инварианты,"HTTP 404 КГД из опубликованной API-документации означает «доступ запрещён», а не «субъект не найден». Проверять upstream business code, а не HTTP shortcut.",,"HTTP 404 КГД из опубликованной API-документации означает «доступ запрещён», а не «субъект не найден». Проверять upstream business code, а не HTTP shortcut.",,,,CASA_Pro_IIN_Check_Final_Spec_KZ_2026-08-21,2026-08-21,§8.3 Enum и инварианты,SRC-DOC-M02-P-00369,,,,BACKEND,,,,,Canonicalized from 1 candidate row(s); source text preserved in 10_SOURCE_EXTRACTS.csv.
M02-CAN-0267,m02.current_1_0.product_semantic.269073921c82cdd4,1.0,CURRENT_1_0,M02,Проверка по ИИН,PRODUCT_SEMANTIC,BUSINESS_RULE,§8.3 Enum и инварианты,"`not_found` создаётся только по source-specific no-match contract: например, валидный SCSE001 АИС ОИП. [S06]","`not_found` создаётся только по source-specific no-match contract: например, валидный SCSE001 АИС ОИП. [S06]",,,,,CASA_Pro_IIN_Check_Final_Spec_KZ_2026-08-21,2026-08-21,§8.3 Enum и инварианты,SRC-DOC-M02-P-00370,,,,MULTI_LAYER,,,,,Canonicalized from 1 candidate row(s); source text preserved in 10_SOURCE_EXTRACTS.csv.
M02-CAN-0268,m02.current_1_0.data_contract.cd0f0c82ff70e8f2,1.0,CURRENT_1_0,M02,Проверка по ИИН,DATA_CONTRACT,PROVENANCE,§8.3 Enum и инварианты,ИИН не дублируется в result/evidence/log. Batch хранит borrower ID + keyed HMAC lookup token; сам ИИН — только encrypted borrower vault.,ИИН не дублируется в result/evidence/log. Batch хранит borrower ID + keyed HMAC lookup token; сам ИИН — только encrypted borrower vault.,,,,,CASA_Pro_IIN_Check_Final_Spec_KZ_2026-08-21,2026-08-21,§8.3 Enum и инварианты,SRC-DOC-M02-P-00371,,,,DATA,,,,,Canonicalized from 1 candidate row(s); source text preserved in 10_SOURCE_EXTRACTS.csv.
M02-CAN-0269,m02.current_1_0.data_contract.c0ac61342f022ec1,1.0,CURRENT_1_0,M02,Проверка по ИИН,DATA_CONTRACT,PROVENANCE,§8.3 Enum и инварианты,Raw response по умолчанию не хранится. Хранить normalized allowlist + response/hash/IDs. Если raw обязателен для доказательства — encrypted evidence vault и утверждённый retention policy.,Raw response по умолчанию не хранится. Хранить normalized allowlist + response/hash/IDs. Если raw обязателен для доказательства — encrypted evidence vault и утверждённый retention policy.,,,,,CASA_Pro_IIN_Check_Final_Spec_KZ_2026-08-21,2026-08-21,§8.3 Enum и инварианты,SRC-DOC-M02-P-00372,,,,DATA,,,,,Canonicalized from 1 candidate row(s); source text preserved in 10_SOURCE_EXTRACTS.csv.
M02-CAN-0270,m02.current_1_0.product_semantic.b081b0ac9cfc4c05,1.0,CURRENT_1_0,M02,Проверка по ИИН,PRODUCT_SEMANTIC,API,§8.5 API CASA,Метод: POST; Endpoint: /api/v2/mortgage-cases/{case_id}/iin-check-batches; Контракт: Создать batch; требует Idempotency-Key и consent,Метод: POST; Endpoint: /api/v2/mortgage-cases/{case_id}/iin-check-batches; Контракт: Создать batch; требует Idempotency-Key и consent,,,,,CASA_Pro_IIN_Check_Final_Spec_KZ_2026-08-21,2026-08-21,§8.5 API CASA,SRC-DOC-M02-P-00388,,,,BACKEND|LEGAL,,,,,Canonicalized from 1 candidate row(s); source text preserved in 10_SOURCE_EXTRACTS.csv.
M02-CAN-0271,m02.current_1_0.product_semantic.8f61e7b592cc70b5,1.0,CURRENT_1_0,M02,Проверка по ИИН,PRODUCT_SEMANTIC,API,§8.5 API CASA,Метод: GET; Endpoint: /api/v2/iin-check-batches/{batch_id}; Контракт: Batch + coverage; ИИН маскирован,Метод: GET; Endpoint: /api/v2/iin-check-batches/{batch_id}; Контракт: Batch + coverage; ИИН маскирован,,,,,CASA_Pro_IIN_Check_Final_Spec_KZ_2026-08-21,2026-08-21,§8.5 API CASA,SRC-DOC-M02-P-00389,,,,BACKEND,,,,,Canonicalized from 1 candidate row(s); source text preserved in 10_SOURCE_EXTRACTS.csv.
M02-CAN-0272,m02.current_1_0.product_semantic.f748111ec56d68a7,1.0,CURRENT_1_0,M02,Проверка по ИИН,PRODUCT_SEMANTIC,API,§8.5 API CASA,Метод: GET; Endpoint: /api/v2/iin-check-batches/{batch_id}/results; Контракт: Поисточниковые results,Метод: GET; Endpoint: /api/v2/iin-check-batches/{batch_id}/results; Контракт: Поисточниковые results,,,,,CASA_Pro_IIN_Check_Final_Spec_KZ_2026-08-21,2026-08-21,§8.5 API CASA,SRC-DOC-M02-P-00390,,,,BACKEND,,,,,Canonicalized from 1 candidate row(s); source text preserved in 10_SOURCE_EXTRACTS.csv.
M02-CAN-0273,m02.current_1_0.product_semantic.6211e71d8f008fcf,1.0,CURRENT_1_0,M02,Проверка по ИИН,PRODUCT_SEMANTIC,API,§8.5 API CASA,Метод: POST; Endpoint: /api/v2/iin-check-results/{result_id}/retry; Контракт: Только retryable source error; новый attempt,Метод: POST; Endpoint: /api/v2/iin-check-results/{result_id}/retry; Контракт: Только retryable source error; новый attempt,,,,,CASA_Pro_IIN_Check_Final_Spec_KZ_2026-08-21,2026-08-21,§8.5 API CASA,SRC-DOC-M02-P-00391,,,,BACKEND,,,,,Canonicalized from 1 candidate row(s); source text preserved in 10_SOURCE_EXTRACTS.csv.
M02-CAN-0274,m02.current_1_0.product_semantic.70c388cd173a392a,1.0,CURRENT_1_0,M02,Проверка по ИИН,PRODUCT_SEMANTIC,API,§8.5 API CASA,Метод: POST; Endpoint: /api/v2/manual-check-tasks/{task_id}/confirm; Контракт: Actor + observed outcome + evidence; не меняет прошлое,Метод: POST; Endpoint: /api/v2/manual-check-tasks/{task_id}/confirm; Контракт: Actor + observed outcome + evidence; не меняет прошлое,,,,,CASA_Pro_IIN_Check_Final_Spec_KZ_2026-08-21,2026-08-21,§8.5 API CASA,SRC-DOC-M02-P-00392,,,,BACKEND,,,,,Canonicalized from 1 candidate row(s); source text preserved in 10_SOURCE_EXTRACTS.csv.
M02-CAN-0275,m02.current_1_0.product_semantic.9eacf8af3d6b0e7c,1.0,CURRENT_1_0,M02,Проверка по ИИН,PRODUCT_SEMANTIC,API,§8.5 API CASA,"Метод: POST; Endpoint: /api/v2/iin-check-batches/{batch_id}/refresh; Контракт: Новый batch, старый immutable/superseded","Метод: POST; Endpoint: /api/v2/iin-check-batches/{batch_id}/refresh; Контракт: Новый batch, старый immutable/superseded",,,,,CASA_Pro_IIN_Check_Final_Spec_KZ_2026-08-21,2026-08-21,§8.5 API CASA,SRC-DOC-M02-P-00393,,,,BACKEND,,,,,Canonicalized from 1 candidate row(s); source text preserved in 10_SOURCE_EXTRACTS.csv.
M02-CAN-0276,m02.current_1_0.product_semantic.f43edf53bb2d26ed,1.0,CURRENT_1_0,M02,Проверка по ИИН,PRODUCT_SEMANTIC,STATE,§9 Состояния интерфейса,Состояние: Проверено; Условие: completed + outcome=zero/not_applicable или нейтральный факт; Текст: Проверено • источник • дата; Действие: Открыть детали / обновить; Визуальное правило: Нейтральный teal; иконка + текст,Состояние: Проверено; Условие: completed + outcome=zero/not_applicable или нейтральный факт; Текст: Проверено • источник • дата; Действие: Открыть детали / обновить; Визуальное правило: Нейтральный teal; иконка + текст,,,,ZERO|NOT_APPLICABLE,CASA_Pro_IIN_Check_Final_Spec_KZ_2026-08-21,2026-08-21,§9 Состояния интерфейса,SRC-DOC-M02-P-00396,,,,MULTI_LAYER,,,,,Canonicalized from 1 candidate row(s); source text preserved in 10_SOURCE_EXTRACTS.csv.
M02-CAN-0277,m02.current_1_0.product_semantic.1babfacbb91fdd58,1.0,CURRENT_1_0,M02,Проверка по ИИН,PRODUCT_SEMANTIC,STATE,§9 Состояния интерфейса,Состояние: Не найдено; Условие: completed + документированный not_found; Текст: Записей не найдено в [источник]; Действие: Открыть доказательство / обновить; Визуальное правило: Не писать «чисто/одобрено»,Состояние: Не найдено; Условие: completed + документированный not_found; Текст: Записей не найдено в [источник]; Действие: Открыть доказательство / обновить; Визуальное правило: Не писать «чисто/одобрено»,,,,,CASA_Pro_IIN_Check_Final_Spec_KZ_2026-08-21,2026-08-21,§9 Состояния интерфейса,SRC-DOC-M02-P-00397,,,,MULTI_LAYER,,,,,Canonicalized from 1 candidate row(s); source text preserved in 10_SOURCE_EXTRACTS.csv.
M02-CAN-0278,m02.current_1_0.product_semantic.7de742e1c10ac7bb,1.0,CURRENT_1_0,M02,Проверка по ИИН,PRODUCT_SEMANTIC,STATE,§9 Состояния интерфейса,"Состояние: Найдено; Условие: completed + outcome=found; Текст: Найдена запись • это не решение банка; Действие: Открыть факты; Визуальное правило: Amber, не автоматический красный отказ","Состояние: Найдено; Условие: completed + outcome=found; Текст: Найдена запись • это не решение банка; Действие: Открыть факты; Визуальное правило: Amber, не автоматический красный отказ",,,,,CASA_Pro_IIN_Check_Final_Spec_KZ_2026-08-21,2026-08-21,§9 Состояния интерфейса,SRC-DOC-M02-P-00398,,,,MULTI_LAYER,,,,,Canonicalized from 1 candidate row(s); source text preserved in 10_SOURCE_EXTRACTS.csv.
M02-CAN-0279,m02.current_1_0.product_semantic.aea36c915d6d240e,1.0,CURRENT_1_0,M02,Проверка по ИИН,PRODUCT_SEMANTIC,STATE,§9 Состояния интерфейса,Состояние: Требуется ручная проверка; Условие: manual_required; Текст: Нужна ручная проверка на официальном сайте; Действие: Открыть официальный сервис / подтвердить; Визуальное правило: CAPTCHA остаётся человеку,Состояние: Требуется ручная проверка; Условие: manual_required; Текст: Нужна ручная проверка на официальном сайте; Действие: Открыть официальный сервис / подтвердить; Визуальное правило: CAPTCHA остаётся человеку,,,,,CASA_Pro_IIN_Check_Final_Spec_KZ_2026-08-21,2026-08-21,§9 Состояния интерфейса,SRC-DOC-M02-P-00399,,,,MULTI_LAYER,,,,,Canonicalized from 1 candidate row(s); source text preserved in 10_SOURCE_EXTRACTS.csv.
M02-CAN-0280,m02.current_1_0.security_control.cfb6d04f09b5c6fc,1.0,CURRENT_1_0,M02,Проверка по ИИН,SECURITY_CONTROL,CONSENT,§9 Состояния интерфейса,Состояние: Нужно согласие; Условие: consent_required; Текст: Нужно согласие клиента; запросы не выполнялись; Действие: Запросить согласие; Визуальное правило: Блокирует вызов,Состояние: Нужно согласие; Условие: consent_required; Текст: Нужно согласие клиента; запросы не выполнялись; Действие: Запросить согласие; Визуальное правило: Блокирует вызов,,,,,CASA_Pro_IIN_Check_Final_Spec_KZ_2026-08-21,2026-08-21,§9 Состояния интерфейса,SRC-DOC-M02-P-00400,,,,LEGAL,,,,,Canonicalized from 1 candidate row(s); source text preserved in 10_SOURCE_EXTRACTS.csv.
M02-CAN-0281,m02.current_1_0.product_semantic.3a2b21bd14ce0306,1.0,CURRENT_1_0,M02,Проверка по ИИН,PRODUCT_SEMANTIC,STATE,§9 Состояния интерфейса,Состояние: Источник недоступен; Условие: source_unavailable; Текст: Источник временно недоступен; Действие: Повторить / ручная проверка; Визуальное правило: Не показывать not_found,Состояние: Источник недоступен; Условие: source_unavailable; Текст: Источник временно недоступен; Действие: Повторить / ручная проверка; Визуальное правило: Не показывать not_found,,,,,CASA_Pro_IIN_Check_Final_Spec_KZ_2026-08-21,2026-08-21,§9 Состояния интерфейса,SRC-DOC-M02-P-00401,,,,MULTI_LAYER,,,,,Canonicalized from 1 candidate row(s); source text preserved in 10_SOURCE_EXTRACTS.csv.
M02-CAN-0282,m02.current_1_0.product_semantic.695b0eb1cf217f79,1.0,CURRENT_1_0,M02,Проверка по ИИН,PRODUCT_SEMANTIC,STATE,§9 Состояния интерфейса,"Состояние: Источник устарел; Условие: stale или now > fresh_until; Текст: Результат устарел; Действие: Обновить; Визуальное правило: Старый факт виден с датой, но coverage не complete","Состояние: Источник устарел; Условие: stale или now > fresh_until; Текст: Результат устарел; Действие: Обновить; Визуальное правило: Старый факт виден с датой, но coverage не complete",,,,STALE,CASA_Pro_IIN_Check_Final_Spec_KZ_2026-08-21,2026-08-21,§9 Состояния интерфейса,SRC-DOC-M02-P-00402,,,,MULTI_LAYER,,,,,Canonicalized from 1 candidate row(s); source text preserved in 10_SOURCE_EXTRACTS.csv.
M02-CAN-0283,m02.current_1_0.product_semantic.4db356c4ba08ccb3,1.0,CURRENT_1_0,M02,Проверка по ИИН,PRODUCT_SEMANTIC,STATE,§9 Состояния интерфейса,Состояние: Юридический статус не подтверждён; Условие: legal_unconfirmed; Текст: Автоматическая проверка недоступна: правовой допуск не подтверждён; Действие: Ручной разрешённый путь / нет действия; Визуальное правило: Admin видит approval ID/gate,Состояние: Юридический статус не подтверждён; Условие: legal_unconfirmed; Текст: Автоматическая проверка недоступна: правовой допуск не подтверждён; Действие: Ручной разрешённый путь / нет действия; Визуальное правило: Admin видит approval ID/gate,,,,,CASA_Pro_IIN_Check_Final_Spec_KZ_2026-08-21,2026-08-21,§9 Состояния интерфейса,SRC-DOC-M02-P-00403,,,,LEGAL,,,,,Canonicalized from 1 candidate row(s); source text preserved in 10_SOURCE_EXTRACTS.csv.
M02-CAN-0284,m02.current_1_0.product_semantic.083b1d2d962d0131,1.0,CURRENT_1_0,M02,Проверка по ИИН,PRODUCT_SEMANTIC,API,§9 Состояния интерфейса,Состояние: Нужен доступ; Условие: access_required; Текст: Нет API-токена/одобрения владельца; Действие: Admin: настроить источник; Визуальное правило: Риелтору — безопасный текст,Состояние: Нужен доступ; Условие: access_required; Текст: Нет API-токена/одобрения владельца; Действие: Admin: настроить источник; Визуальное правило: Риелтору — безопасный текст,,,,,CASA_Pro_IIN_Check_Final_Spec_KZ_2026-08-21,2026-08-21,§9 Состояния интерфейса,SRC-DOC-M02-P-00404,,,,BACKEND,,,,,Canonicalized from 1 candidate row(s); source text preserved in 10_SOURCE_EXTRACTS.csv.
M02-CAN-0285,m02.current_1_0.boundary.6636ecfbf111a6ef,1.0,CURRENT_1_0,M02,Проверка по ИИН,BOUNDARY,FORBIDDEN,§9 Состояния интерфейса,Состояние: Запрещено; Условие: not_allowed; Текст: Эта проверка не используется CASA; Действие: Нет; Визуальное правило: Обычно скрыта; audit/admin only,,Состояние: Запрещено; Условие: not_allowed; Текст: Эта проверка не используется CASA; Действие: Нет; Визуальное правило: Обычно скрыта; audit/admin only,,,,CASA_Pro_IIN_Check_Final_Spec_KZ_2026-08-21,2026-08-21,§9 Состояния интерфейса,SRC-DOC-M02-P-00405,,,,MULTI_LAYER,,,,,Canonicalized from 1 candidate row(s); source text preserved in 10_SOURCE_EXTRACTS.csv.
M02-CAN-0286,m02.current_1_0.product_semantic.83ac2152b8660844,1.0,CURRENT_1_0,M02,Проверка по ИИН,PRODUCT_SEMANTIC,STATE,§9 Состояния интерфейса,Состояние: Выполняется; Условие: queued/running; Текст: Проверяем официальный источник…; Действие: Отмена не гарантирует отмену upstream; refresh disabled; Визуальное правило: Progress + source name,Состояние: Выполняется; Условие: queued/running; Текст: Проверяем официальный источник…; Действие: Отмена не гарантирует отмену upstream; refresh disabled; Визуальное правило: Progress + source name,,,,DISABLED,CASA_Pro_IIN_Check_Final_Spec_KZ_2026-08-21,2026-08-21,§9 Состояния интерфейса,SRC-DOC-M02-P-00406,,,,MULTI_LAYER,,,,,Canonicalized from 1 candidate row(s); source text preserved in 10_SOURCE_EXTRACTS.csv.
M02-CAN-0287,m02.current_1_0.product_semantic.f13d6e3d873e8898,1.0,CURRENT_1_0,M02,Проверка по ИИН,PRODUCT_SEMANTIC,STATE,§9 Состояния интерфейса,Состояние: Ошибка схемы/доказательства; Условие: error; Текст: Результат не подтверждён; Действие: Повторить / отправить на review; Визуальное правило: Не превращать в unknown/not_found,Состояние: Ошибка схемы/доказательства; Условие: error; Текст: Результат не подтверждён; Действие: Повторить / отправить на review; Визуальное правило: Не превращать в unknown/not_found,,,,UNKNOWN,CASA_Pro_IIN_Check_Final_Spec_KZ_2026-08-21,2026-08-21,§9 Состояния интерфейса,SRC-DOC-M02-P-00407,,,,MULTI_LAYER,,,,,Canonicalized from 1 candidate row(s); source text preserved in 10_SOURCE_EXTRACTS.csv.
M02-CAN-0288,m02.current_1_0.product_semantic.abe812d85990fec0,1.0,CURRENT_1_0,M02,Проверка по ИИН,PRODUCT_SEMANTIC,VALIDATION,Карточка источника — обязательный состав,Название проверки и владелец источника.,Название проверки и владелец источника.,,,,,CASA_Pro_IIN_Check_Final_Spec_KZ_2026-08-21,2026-08-21,Карточка источника — обязательный состав,SRC-DOC-M02-P-00409,,,,MULTI_LAYER,,,,,Canonicalized from 1 candidate row(s); source text preserved in 10_SOURCE_EXTRACTS.csv.
M02-CAN-0289,m02.current_1_0.product_semantic.ea17d3d888af711d,1.0,CURRENT_1_0,M02,Проверка по ИИН,PRODUCT_SEMANTIC,API,Карточка источника — обязательный состав,Официальная ссылка и тип канала: API / ручной / клиент-авторизованный.,Официальная ссылка и тип канала: API / ручной / клиент-авторизованный.,,,,,CASA_Pro_IIN_Check_Final_Spec_KZ_2026-08-21,2026-08-21,Карточка источника — обязательный состав,SRC-DOC-M02-P-00412,,,,BACKEND,,,,,Canonicalized from 1 candidate row(s); source text preserved in 10_SOURCE_EXTRACTS.csv.
M02-CAN-0290,m02.current_1_0.product_semantic.6333cdca0a75b422,1.0,CURRENT_1_0,M02,Проверка по ИИН,PRODUCT_SEMANTIC,STATE,Карточка источника — обязательный состав,Evidence status: автоматически подтверждено / подтверждено оператором / отсутствует.,Evidence status: автоматически подтверждено / подтверждено оператором / отсутствует.,,,,,CASA_Pro_IIN_Check_Final_Spec_KZ_2026-08-21,2026-08-21,Карточка источника — обязательный состав,SRC-DOC-M02-P-00413,,,,MULTI_LAYER,,,,,Canonicalized from 1 candidate row(s); source text preserved in 10_SOURCE_EXTRACTS.csv.
M02-CAN-0291,m02.current_1_0.product_semantic.b87c2bce043bbb38,1.0,CURRENT_1_0,M02,Проверка по ИИН,PRODUCT_SEMANTIC,STATE,Карточка источника — обязательный состав,"CTA, разрешённый для текущего состояния; не более одного primary CTA.","CTA, разрешённый для текущего состояния; не более одного primary CTA.",,,,,CASA_Pro_IIN_Check_Final_Spec_KZ_2026-08-21,2026-08-21,Карточка источника — обязательный состав,SRC-DOC-M02-P-00414,,,,MULTI_LAYER,,,,,Canonicalized from 1 candidate row(s); source text preserved in 10_SOURCE_EXTRACTS.csv.
M02-CAN-0292,m02.current_1_0.product_semantic.88af376781933844,1.0,CURRENT_1_0,M02,Проверка по ИИН,PRODUCT_SEMANTIC,BUSINESS_RULE,Обязательное разделение уровней,Уровень: 1. ФАКТ; Пример: Данные источника: «в реестре обнаружена запись №… на дату…»; Системное правило: Хранится как source-backed fact,Уровень: 1. ФАКТ; Пример: Данные источника: «в реестре обнаружена запись №… на дату…»; Системное правило: Хранится как source-backed fact,,,,,CASA_Pro_IIN_Check_Final_Spec_KZ_2026-08-21,2026-08-21,Обязательное разделение уровней,SRC-DOC-M02-P-00036,,,,MULTI_LAYER,,,,,Canonicalized from 1 candidate row(s); source text preserved in 10_SOURCE_EXTRACTS.csv.
M02-CAN-0293,m02.current_1_0.product_semantic.b39f388d9925c4f2,1.0,CURRENT_1_0,M02,Проверка по ИИН,PRODUCT_SEMANTIC,BUSINESS_RULE,Обязательное разделение уровней,Уровень: 2. ИНТЕРПРЕТАЦИЯ CASA; Пример: Нейтральный сигнал: «требуется уточнить статус/погашение»; Системное правило: Отдельная версия логики; не изменяет факт,Уровень: 2. ИНТЕРПРЕТАЦИЯ CASA; Пример: Нейтральный сигнал: «требуется уточнить статус/погашение»; Системное правило: Отдельная версия логики; не изменяет факт,,,,,CASA_Pro_IIN_Check_Final_Spec_KZ_2026-08-21,2026-08-21,Обязательное разделение уровней,SRC-DOC-M02-P-00037,,,,MULTI_LAYER,,,,,Canonicalized from 1 candidate row(s); source text preserved in 10_SOURCE_EXTRACTS.csv.
M02-CAN-0294,m02.current_1_0.product_semantic.0fd8c16fad185f8a,1.0,CURRENT_1_0,M02,Проверка по ИИН,PRODUCT_SEMANTIC,BUSINESS_RULE,Обязательное разделение уровней,Уровень: 3. ПРАВИЛО БАНКА; Пример: Условие конкретной программы и версия правила; Системное правило: Отдельный rule engine; не часть ИИН-check,Уровень: 3. ПРАВИЛО БАНКА; Пример: Условие конкретной программы и версия правила; Системное правило: Отдельный rule engine; не часть ИИН-check,,,,,CASA_Pro_IIN_Check_Final_Spec_KZ_2026-08-21,2026-08-21,Обязательное разделение уровней,SRC-DOC-M02-P-00038,,,,MULTI_LAYER,,,,,Canonicalized from 1 candidate row(s); source text preserved in 10_SOURCE_EXTRACTS.csv.
M02-CAN-0295,m02.current_1_0.security_control.981b8ba1f68f33ac,1.0,CURRENT_1_0,M02,Проверка по ИИН,SECURITY_CONTROL,SECURITY,"Ошибки и опасные предположения, которые надо исправить","ID: A-01; Сейчас: `source_check` имеет scope `global_reference` и связан с `rule_source/program_version`.; Риск: Это мониторинг банковских правил, не запись проверки клиента.; Исправление: Создать tenant-owned `client_check_batch`, `client_check_result`, `client_check_fact`; не переиспользовать `source_check`.","ID: A-01; Сейчас: `source_check` имеет scope `global_reference` и связан с `rule_source/program_version`.; Риск: Это мониторинг банковских правил, не запись проверки клиента.; Исправление: Создать tenant-owned `client_check_batch`, `client_check_result`, `client_check_fact`; не переиспользовать `source_check`.",,,,,CASA_Pro_IIN_Check_Final_Spec_KZ_2026-08-21,2026-08-21,"Ошибки и опасные предположения, которые надо исправить",SRC-DOC-M02-P-00058,,,,SECURITY|PRODUCT,,,,,Canonicalized from 1 candidate row(s); source text preserved in 10_SOURCE_EXTRACTS.csv.
M02-CAN-0296,m02.current_1_0.product_semantic.d1789e4bab587a72,1.0,CURRENT_1_0,M02,Проверка по ИИН,PRODUCT_SEMANTIC,ERROR,"Ошибки и опасные предположения, которые надо исправить","ID: A-02; Сейчас: UI показывает общий зелёный статус «Проверено: записей нет».; Риск: Не видно, какие источники отвечали, какие были недоступны/ручные.; Исправление: Показывать покрытие: «3 из 7 завершено», затем поисточниковые результаты.","ID: A-02; Сейчас: UI показывает общий зелёный статус «Проверено: записей нет».; Риск: Не видно, какие источники отвечали, какие были недоступны/ручные.; Исправление: Показывать покрытие: «3 из 7 завершено», затем поисточниковые результаты.",,,,,CASA_Pro_IIN_Check_Final_Spec_KZ_2026-08-21,2026-08-21,"Ошибки и опасные предположения, которые надо исправить",SRC-DOC-M02-P-00059,,,,FRONTEND,,,,,Canonicalized from 1 candidate row(s); source text preserved in 10_SOURCE_EXTRACTS.csv.
M02-CAN-0297,m02.current_1_0.security_control.5583ee56be5073d8,1.0,CURRENT_1_0,M02,Проверка по ИИН,SECURITY_CONTROL,CONSENT,"Ошибки и опасные предположения, которые надо исправить","ID: A-03; Сейчас: Одна кнопка без precondition/gate semantics.; Риск: Можно запустить обработку без предметного согласия или legal approval.; Исправление: До первого вызова: checksum ИИН, active consent, source manifest, legal flag, токен, rate limit.","ID: A-03; Сейчас: Одна кнопка без precondition/gate semantics.; Риск: Можно запустить обработку без предметного согласия или legal approval.; Исправление: До первого вызова: checksum ИИН, active consent, source manifest, legal flag, токен, rate limit.",,,,,CASA_Pro_IIN_Check_Final_Spec_KZ_2026-08-21,2026-08-21,"Ошибки и опасные предположения, которые надо исправить",SRC-DOC-M02-P-00060,,,,LEGAL,,,,,Canonicalized from 1 candidate row(s); source text preserved in 10_SOURCE_EXTRACTS.csv.
M02-CAN-0298,m02.current_1_0.boundary.fb0a58cc42967b89,1.0,CURRENT_1_0,M02,Проверка по ИИН,BOUNDARY,FORBIDDEN,"Ошибки и опасные предположения, которые надо исправить","ID: A-05; Сейчас: Нет доказуемой связи результата с источником/версией коннектора.; Риск: Нельзя воспроизвести проверку и оспорить факт.; Исправление: Сохранять source URL, request/response IDs, source_data_as_of, connector version, evidence hash.",,"ID: A-05; Сейчас: Нет доказуемой связи результата с источником/версией коннектора.; Риск: Нельзя воспроизвести проверку и оспорить факт.; Исправление: Сохранять source URL, request/response IDs, source_data_as_of, connector version, evidence hash.",,,,CASA_Pro_IIN_Check_Final_Spec_KZ_2026-08-21,2026-08-21,"Ошибки и опасные предположения, которые надо исправить",SRC-DOC-M02-P-00062,,,,DATA,,,,,Canonicalized from 1 candidate row(s); source text preserved in 10_SOURCE_EXTRACTS.csv.
M02-CAN-0299,m02.current_1_0.product_semantic.8f41f1077f452992,1.0,CURRENT_1_0,M02,Проверка по ИИН,PRODUCT_SEMANTIC,ERROR,"Ошибки и опасные предположения, которые надо исправить",ID: A-06; Сейчас: В текущем `source_check` предлагается бессрочное хранение.; Риск: Для клиентских персональных данных это несоразмерно и не утверждено.; Исправление: Обязательный `retention_policy_id`; raw payload по умолчанию не хранить.,ID: A-06; Сейчас: В текущем `source_check` предлагается бессрочное хранение.; Риск: Для клиентских персональных данных это несоразмерно и не утверждено.; Исправление: Обязательный `retention_policy_id`; raw payload по умолчанию не хранить.,,,,,CASA_Pro_IIN_Check_Final_Spec_KZ_2026-08-21,2026-08-21,"Ошибки и опасные предположения, которые надо исправить",SRC-DOC-M02-P-00063,,,,MULTI_LAYER,,,,,Canonicalized from 1 candidate row(s); source text preserved in 10_SOURCE_EXTRACTS.csv.
M02-CAN-0300,m02.current_1_0.product_semantic.b0176ac19d5b4a0f,1.0,CURRENT_1_0,M02,Проверка по ИИН,PRODUCT_SEMANTIC,ERROR,"Ошибки и опасные предположения, которые надо исправить","Исправление экрана из скриншота №2
Заменить badge «Проверено: записей нет» на coverage summary. Пример: «Автоматически проверено 2 из 3; ручные проверки 1 из 4; итог частичный». Каждая строка обязана показывать источник, время, исход, свежесть и действие.: Исправление экрана из скриншота №2
Заменить badge «Проверено: записей нет» на coverage summary. Пример: «Автоматически проверено 2 из 3; ручные проверки 1 из 4; итог частичный». Каждая строка обязана показывать источник, время, исход, свежесть и действие.","Исправление экрана из скриншота №2
Заменить badge «Проверено: записей нет» на coverage summary. Пример: «Автоматически проверено 2 из 3; ручные проверки 1 из 4; итог частичный». Каждая строка обязана показывать источник, время, исход, свежесть и действие.: Исправление экрана из скриншота №2
Заменить badge «Проверено: записей нет» на coverage summary. Пример: «Автоматически проверено 2 из 3; ручные проверки 1 из 4; итог частичный». Каждая строка обязана показывать источник, время, исход, свежесть и действие.",,,,,CASA_Pro_IIN_Check_Final_Spec_KZ_2026-08-21,2026-08-21,"Ошибки и опасные предположения, которые надо исправить",SRC-DOC-M02-P-00065,,,,FRONTEND,,,,,Canonicalized from 1 candidate row(s); source text preserved in 10_SOURCE_EXTRACTS.csv.
M02-CAN-0301,m02.current_1_0.product_semantic.b59ba1576fd6ada4,1.0,CURRENT_1_0,M02,Проверка по ИИН,PRODUCT_SEMANTIC,API,Служебные статусы допуска,"Код: MANUAL_CHECK_REQUIRED; Значение: Публично подтверждён только ручной канал, есть CAPTCHA/клиентская сессия либо точечный API по ИИН не подтверждён.","Код: MANUAL_CHECK_REQUIRED; Значение: Публично подтверждён только ручной канал, есть CAPTCHA/клиентская сессия либо точечный API по ИИН не подтверждён.",,,,,CASA_Pro_IIN_Check_Final_Spec_KZ_2026-08-21,2026-08-21,Служебные статусы допуска,SRC-DOC-M02-P-00042,,,,BACKEND,,,,,Canonicalized from 1 candidate row(s); source text preserved in 10_SOURCE_EXTRACTS.csv.
M02-CAN-0302,m02.current_1_0.product_semantic.20bc984b24f899a2,1.0,CURRENT_1_0,M02,Проверка по ИИН,PRODUCT_SEMANTIC,BUSINESS_RULE,Служебные статусы допуска,Код: CONTRACT_REQUIRED; Значение: Нужен формальный договор с владельцем данных/получателем; для этого документа подтверждено прежде всего для прямого доступа к кредитным бюро.,Код: CONTRACT_REQUIRED; Значение: Нужен формальный договор с владельцем данных/получателем; для этого документа подтверждено прежде всего для прямого доступа к кредитным бюро.,,,,,CASA_Pro_IIN_Check_Final_Spec_KZ_2026-08-21,2026-08-21,Служебные статусы допуска,SRC-DOC-M02-P-00043,,,,MULTI_LAYER,,,,,Canonicalized from 1 candidate row(s); source text preserved in 10_SOURCE_EXTRACTS.csv.
M02-CAN-0303,m02.current_1_0.security_control.7c6626c6a501474c,1.0,CURRENT_1_0,M02,Проверка по ИИН,SECURITY_CONTROL,CONSENT,Служебные статусы допуска,"Код: LEGAL_REVIEW_REQUIRED; Значение: Юрист Казахстана должен письменно утвердить основание, согласие, поля, срок, канал и роли участников.","Код: LEGAL_REVIEW_REQUIRED; Значение: Юрист Казахстана должен письменно утвердить основание, согласие, поля, срок, канал и роли участников.",,,,,CASA_Pro_IIN_Check_Final_Spec_KZ_2026-08-21,2026-08-21,Служебные статусы допуска,SRC-DOC-M02-P-00044,,,,LEGAL,,,,,Canonicalized from 1 candidate row(s); source text preserved in 10_SOURCE_EXTRACTS.csv.
M02-CAN-0304,m02.current_1_0.boundary.2ada33ab6a745c55,1.0,CURRENT_1_0,M02,Проверка по ИИН,BOUNDARY,FORBIDDEN,Служебные статусы допуска,"Код: NOT_ALLOWED; Значение: Функция запрещена в CASA v1: нет утверждённого законного канала, цель несоразмерна либо требуется обход защит/закрытого кабинета.",,"Код: NOT_ALLOWED; Значение: Функция запрещена в CASA v1: нет утверждённого законного канала, цель несоразмерна либо требуется обход защит/закрытого кабинета.",,,,CASA_Pro_IIN_Check_Final_Spec_KZ_2026-08-21,2026-08-21,Служебные статусы допуска,SRC-DOC-M02-P-00045,,,,MULTI_LAYER,,,,,Canonicalized from 1 candidate row(s); source text preserved in 10_SOURCE_EXTRACTS.csv.
M02-CAN-0305,m02.current_1_0.product_semantic.8a509690f947a5b9,1.0,CURRENT_1_0,M02,Проверка по ИИН,PRODUCT_SEMANTIC,API,Служебные статусы допуска,"Код: ACCESS_TOKEN_REQUIRED; Значение: Официальный API документирован, но требует API key/X-Portal-Token и одобрение владельца.","Код: ACCESS_TOKEN_REQUIRED; Значение: Официальный API документирован, но требует API key/X-Portal-Token и одобрение владельца.",,,,,CASA_Pro_IIN_Check_Final_Spec_KZ_2026-08-21,2026-08-21,Служебные статусы допуска,SRC-DOC-M02-P-00046,,,,BACKEND,,,,,Canonicalized from 1 candidate row(s); source text preserved in 10_SOURCE_EXTRACTS.csv.
M02-CAN-0306,m02.current_1_0.product_semantic.f57442a45f70bd31,1.0,CURRENT_1_0,M02,Проверка по ИИН,PRODUCT_SEMANTIC,BUSINESS_RULE,Служебные статусы допуска,"Код: CLIENT_AUTH_REQUIRED; Значение: Действие должен подтвердить сам клиент через официальный канал; CASA не хранит его пароль, OTP или ЭЦП.","Код: CLIENT_AUTH_REQUIRED; Значение: Действие должен подтвердить сам клиент через официальный канал; CASA не хранит его пароль, OTP или ЭЦП.",,,,,CASA_Pro_IIN_Check_Final_Spec_KZ_2026-08-21,2026-08-21,Служебные статусы допуска,SRC-DOC-M02-P-00047,,,,MULTI_LAYER,,,,,Canonicalized from 1 candidate row(s); source text preserved in 10_SOURCE_EXTRACTS.csv.
M02-CAN-0307,m02.current_1_0.product_semantic.f073c7d1a4005d27,1.0,CURRENT_1_0,M02,Проверка по ИИН,PRODUCT_SEMANTIC,VALIDATION,Содержание,4. Главная матрица проверок,4. Главная матрица проверок,,,,,CASA_Pro_IIN_Check_Final_Spec_KZ_2026-08-21,2026-08-21,Содержание,SRC-DOC-M02-P-00015,,,,MULTI_LAYER,,,,,Canonicalized from 1 candidate row(s); source text preserved in 10_SOURCE_EXTRACTS.csv.
M02-CAN-0308,m02.current_1_0.product_semantic.d1a3c05effd876a6,1.0,CURRENT_1_0,M02,Проверка по ИИН,PRODUCT_SEMANTIC,BUSINESS_RULE,Содержание,6. Что CASA не должна пытаться получать по ИИН,6. Что CASA не должна пытаться получать по ИИН,,,,,CASA_Pro_IIN_Check_Final_Spec_KZ_2026-08-21,2026-08-21,Содержание,SRC-DOC-M02-P-00017,,,,MULTI_LAYER,,,,,Canonicalized from 1 candidate row(s); source text preserved in 10_SOURCE_EXTRACTS.csv.
M02-CAN-0309,m02.current_1_0.product_semantic.b6b4d45f404171bb,1.0,CURRENT_1_0,M02,Проверка по ИИН,PRODUCT_SEMANTIC,VALIDATION,Содержание,7. Финальная логика кнопки «Проверить по ИИН»,7. Финальная логика кнопки «Проверить по ИИН»,,,,,CASA_Pro_IIN_Check_Final_Spec_KZ_2026-08-21,2026-08-21,Содержание,SRC-DOC-M02-P-00018,,,,MULTI_LAYER,,,,,Canonicalized from 1 candidate row(s); source text preserved in 10_SOURCE_EXTRACTS.csv.
M02-CAN-0310,m02.current_1_0.product_semantic.206e546f1972620e,1.0,CURRENT_1_0,M02,Проверка по ИИН,PRODUCT_SEMANTIC,API,Содержание,8. Структура данных и API для разработчика,8. Структура данных и API для разработчика,,,,,CASA_Pro_IIN_Check_Final_Spec_KZ_2026-08-21,2026-08-21,Содержание,SRC-DOC-M02-P-00019,,,,BACKEND,,,,,Canonicalized from 1 candidate row(s); source text preserved in 10_SOURCE_EXTRACTS.csv.
M02-CAN-0311,m02.current_1_0.product_semantic.36da3c0b5554d9f6,1.0,CURRENT_1_0,M02,Проверка по ИИН,PRODUCT_SEMANTIC,VALIDATION,Содержание,13. ФИНАЛЬНАЯ СПЕЦИФИКАЦИЯ БЛОКА ПРОВЕРКИ ПО ИИН CASA PRO,13. ФИНАЛЬНАЯ СПЕЦИФИКАЦИЯ БЛОКА ПРОВЕРКИ ПО ИИН CASA PRO,,,,,CASA_Pro_IIN_Check_Final_Spec_KZ_2026-08-21,2026-08-21,Содержание,SRC-DOC-M02-P-00024,,,,MULTI_LAYER,,,,,Canonicalized from 1 candidate row(s); source text preserved in 10_SOURCE_EXTRACTS.csv.
M02-CAN-0312,m02.current_1_0.security_control.8611186641b9051d,1.0,CURRENT_1_0,M02,Проверка по ИИН,SECURITY_CONTROL,CONSENT,Что уже сделано правильно,"Заданы отдельные согласия участников, отзыв согласия, purpose/recipient и audit evidence.","Заданы отдельные согласия участников, отзыв согласия, purpose/recipient и audit evidence.",,,,,CASA_Pro_IIN_Check_Final_Spec_KZ_2026-08-21,2026-08-21,Что уже сделано правильно,SRC-DOC-M02-P-00051,,,,LEGAL,,,,,Canonicalized from 1 candidate row(s); source text preserved in 10_SOURCE_EXTRACTS.csv.
M02-CAN-0313,m02.current_1_0.boundary.4f097cb9627a5572,1.0,CURRENT_1_0,M02,Проверка по ИИН,BOUNDARY,FORBIDDEN,Что уже сделано правильно,"Запрещены обход CAPTCHA, парсинг закрытых государственных кабинетов, хранение паролей и ЭЦП клиента.",,"Запрещены обход CAPTCHA, парсинг закрытых государственных кабинетов, хранение паролей и ЭЦП клиента.",,,,CASA_Pro_IIN_Check_Final_Spec_KZ_2026-08-21,2026-08-21,Что уже сделано правильно,SRC-DOC-M02-P-00052,,,,MULTI_LAYER,,,,,Canonicalized from 1 candidate row(s); source text preserved in 10_SOURCE_EXTRACTS.csv.
M02-CAN-0314,m02.current_1_0.security_control.98995375b64b3777,1.0,CURRENT_1_0,M02,Проверка по ИИН,SECURITY_CONTROL,SECURITY,Что уже сделано правильно,"Предусмотрены отсутствие полного ИИН в логах, tenant isolation и блокировка чувствительных операций без согласия.","Предусмотрены отсутствие полного ИИН в логах, tenant isolation и блокировка чувствительных операций без согласия.",,,,,CASA_Pro_IIN_Check_Final_Spec_KZ_2026-08-21,2026-08-21,Что уже сделано правильно,SRC-DOC-M02-P-00053,,,,SECURITY|LEGAL,,,,,Canonicalized from 1 candidate row(s); source text preserved in 10_SOURCE_EXTRACTS.csv.
M02-CAN-0315,m02.current_1_0.product_semantic.a76154a5aed8b80e,1.0,CURRENT_1_0,M02,Проверка по ИИН,PRODUCT_SEMANTIC,BUSINESS_RULE,Что уже сделано правильно,Тест TS-33/AC2-050 уже фиксирует правильное правило: `source_unavailable` никогда не преобразуется в `no_records`.,Тест TS-33/AC2-050 уже фиксирует правильное правило: `source_unavailable` никогда не преобразуется в `no_records`.,,,,,CASA_Pro_IIN_Check_Final_Spec_KZ_2026-08-21,2026-08-21,Что уже сделано правильно,SRC-DOC-M02-P-00054,,,,MULTI_LAYER,,,,,Canonicalized from 1 candidate row(s); source text preserved in 10_SOURCE_EXTRACTS.csv.
M02-CAN-0316,m02.current_1_0.product_semantic.b4b5b145d8bc3df8,1.0,CURRENT_1_0,M02,Проверка по ИИН,PRODUCT_SEMANTIC,PARSER,CAPTCHA / ЭЦП / OTP / личные кабинеты,не обходить и не OCR-распознавать CAPTCHA; не использовать solver или headless browser;,не обходить и не OCR-распознавать CAPTCHA; не использовать solver или headless browser;,,,,,M02_CASA_Pro_IIN_Check_R0_Implementation_and_Acceptance_v1.0,1.0,CAPTCHA / ЭЦП / OTP / личные кабинеты,SRC-DOC-M02-I-00149,,,,PARSER,,,,,Canonicalized from 1 candidate row(s); source text preserved in 10_SOURCE_EXTRACTS.csv.
M02-CAN-0317,m02.current_1_0.product_semantic.052a9863ddbc89dc,1.0,CURRENT_1_0,M02,Проверка по ИИН,PRODUCT_SEMANTIC,BUSINESS_RULE,CAPTCHA / ЭЦП / OTP / личные кабинеты,"не принимать и не хранить пароль eGov/КГД, OTP, cookies или ЭЦП клиента;","не принимать и не хранить пароль eGov/КГД, OTP, cookies или ЭЦП клиента;",,,,,M02_CASA_Pro_IIN_Check_R0_Implementation_and_Acceptance_v1.0,1.0,CAPTCHA / ЭЦП / OTP / личные кабинеты,SRC-DOC-M02-I-00150,,,,MULTI_LAYER,,,,,Canonicalized from 1 candidate row(s); source text preserved in 10_SOURCE_EXTRACTS.csv.
M02-CAN-0318,m02.current_1_0.product_semantic.a32f8c296079f52a,1.0,CURRENT_1_0,M02,Проверка по ИИН,PRODUCT_SEMANTIC,VALIDATION,CAPTCHA / ЭЦП / OTP / личные кабинеты,"допустимый CTA: «Открыть официальный сервис», после чего человек выполняет проверку сам.","допустимый CTA: «Открыть официальный сервис», после чего человек выполняет проверку сам.",,,,,M02_CASA_Pro_IIN_Check_R0_Implementation_and_Acceptance_v1.0,1.0,CAPTCHA / ЭЦП / OTP / личные кабинеты,SRC-DOC-M02-I-00153,,,,MULTI_LAYER,,,,,Canonicalized from 1 candidate row(s); source text preserved in 10_SOURCE_EXTRACTS.csv.
M02-CAN-0319,m02.current_1_0.product_semantic.cda22bc46f429af5,1.0,CURRENT_1_0,M02,Проверка по ИИН,PRODUCT_SEMANTIC,API,"R0 считается DONE без production API calls, когда","IIN validation, identity binding и consent gates блокируют до route;","IIN validation, identity binding и consent gates блокируют до route;",,,,,M02_CASA_Pro_IIN_Check_R0_Implementation_and_Acceptance_v1.0,1.0,"R0 считается DONE без production API calls, когда",SRC-DOC-M02-I-00293,,,,LEGAL,,,,,Canonicalized from 1 candidate row(s); source text preserved in 10_SOURCE_EXTRACTS.csv.
M02-CAN-0320,m02.current_1_0.product_semantic.44138ef082523ab3,1.0,CURRENT_1_0,M02,Проверка по ИИН,PRODUCT_SEMANTIC,API,"R0 считается DONE без production API calls, когда","batch/results/facts/manual tasks реализованы отдельно, tenant-owned и audited;","batch/results/facts/manual tasks реализованы отдельно, tenant-owned и audited;",,,,,M02_CASA_Pro_IIN_Check_R0_Implementation_and_Acceptance_v1.0,1.0,"R0 считается DONE без production API calls, когда",SRC-DOC-M02-I-00294,,,,SECURITY,,,,,Canonicalized from 1 candidate row(s); source text preserved in 10_SOURCE_EXTRACTS.csv.
M02-CAN-0321,m02.current_1_0.product_semantic.5c4560e5c16af95d,1.0,CURRENT_1_0,M02,Проверка по ИИН,PRODUCT_SEMANTIC,API,"R0 считается DONE без production API calls, когда","manual evidence, NOT_FOUND contract, UNKNOWN, freshness и immutable refresh работают;","manual evidence, NOT_FOUND contract, UNKNOWN, freshness и immutable refresh работают;",,,,UNKNOWN,M02_CASA_Pro_IIN_Check_R0_Implementation_and_Acceptance_v1.0,1.0,"R0 считается DONE без production API calls, когда",SRC-DOC-M02-I-00296,,,,MULTI_LAYER,,,,,Canonicalized from 1 candidate row(s); source text preserved in 10_SOURCE_EXTRACTS.csv.
M02-CAN-0322,m02.current_1_0.product_semantic.00ae64ca668cdbcc,1.0,CURRENT_1_0,M02,Проверка по ИИН,PRODUCT_SEMANTIC,API,"R0 считается DONE без production API calls, когда","broker UI показывает human messages, source cards, dates/evidence/CTA и fact disclaimer;","broker UI показывает human messages, source cards, dates/evidence/CTA и fact disclaimer;",,,,,M02_CASA_Pro_IIN_Check_R0_Implementation_and_Acceptance_v1.0,1.0,"R0 считается DONE без production API calls, когда",SRC-DOC-M02-I-00297,,,,FRONTEND,,,,,Canonicalized from 1 candidate row(s); source text preserved in 10_SOURCE_EXTRACTS.csv.
M02-CAN-0323,m02.current_1_0.product_semantic.fb0574f21cd76657,1.0,CURRENT_1_0,M02,Проверка по ИИН,PRODUCT_SEMANTIC,API,"R0 считается DONE без production API calls, когда",PII/logging/tenant/audit/security tests R0 проходят;,PII/logging/tenant/audit/security tests R0 проходят;,,,,,M02_CASA_Pro_IIN_Check_R0_Implementation_and_Acceptance_v1.0,1.0,"R0 считается DONE без production API calls, когда",SRC-DOC-M02-I-00298,,,,QA|SECURITY,,,,,Canonicalized from 1 candidate row(s); source text preserved in 10_SOURCE_EXTRACTS.csv.
M02-CAN-0324,m02.current_1_0.implementation_detail.236eb07665d4675e,1.0,CURRENT_1_0,M02,Проверка по ИИН,IMPLEMENTATION_DETAIL,API,"R0 считается DONE без production API calls, когда",применимые T-001…T-048 и AT-IIN-001…019 PASS; AT-IIN-020 — NOT_APPLICABLE boundary для отключённых API;,применимые T-001…T-048 и AT-IIN-001…019 PASS; AT-IIN-020 — NOT_APPLICABLE boundary для отключённых API;,,,,NOT_APPLICABLE,M02_CASA_Pro_IIN_Check_R0_Implementation_and_Acceptance_v1.0,1.0,"R0 считается DONE без production API calls, когда",SRC-DOC-M02-I-00299,AT-IIN-001|AT-IIN-020,,,BACKEND,,,,M02-TASK-002|M02-TASK-003|M02-TASK-022,Canonicalized from 1 candidate row(s); source text preserved in 10_SOURCE_EXTRACTS.csv.
M02-CAN-0325,m02.current_1_0.product_semantic.43987d6a00aace2d,1.0,CURRENT_1_0,M02,Проверка по ИИН,PRODUCT_SEMANTIC,API,"R0 считается DONE без production API calls, когда",RG5 имеет evidence; связанные RG1/RG7/RG8/RG9/RG12 не имеют FAIL по M02 scope.,RG5 имеет evidence; связанные RG1/RG7/RG8/RG9/RG12 не имеют FAIL по M02 scope.,,,,,M02_CASA_Pro_IIN_Check_R0_Implementation_and_Acceptance_v1.0,1.0,"R0 считается DONE без production API calls, когда",SRC-DOC-M02-I-00300,,,,PRODUCT,,RG5|RG1|RG7|RG8|RG9|RG12,RG5|RG1|RG7|RG8|RG9|RG12,,Canonicalized from 1 candidate row(s); source text preserved in 10_SOURCE_EXTRACTS.csv.
M02-CAN-0326,m02.current_1_0.product_semantic.56e23f2c2d46b20f,1.0,CURRENT_1_0,M02,Проверка по ИИН,PRODUCT_SEMANTIC,API,"R0 считается DONE без production API calls, когда",M02 НЕ DONE  Если partial показан как no-records; unavailable/manual/error/unknown превратился в clean; нет provenance/freshness/evidence; CAPTCHA обходится; используются credentials/OTP/ЭЦП клиента; connector включается без gates; internal code является основным UI; fact стал банковским verdict; cross-tenant result доступен; applicable R0 tests не проходят.: M02 НЕ DONE  Если partial показан как no-records; unavailable/manual/error/unknown превратился в clean; нет provenance/freshness/evidence; CAPTCHA обходится; используются credentials/OTP/ЭЦП клиента; connector включается без gates; internal code является основным UI; fact стал банковским verdict; cross-tenant result доступен; applicable R0 tests не проходят.,M02 НЕ DONE  Если partial показан как no-records; unavailable/manual/error/unknown превратился в clean; нет provenance/freshness/evidence; CAPTCHA обходится; используются credentials/OTP/ЭЦП клиента; connector включается без gates; internal code является основным UI; fact стал банковским verdict; cross-tenant result доступен; applicable R0 tests не проходят.: M02 НЕ DONE  Если partial показан как no-records; unavailable/manual/error/unknown превратился в clean; нет provenance/freshness/evidence; CAPTCHA обходится; используются credentials/OTP/ЭЦП клиента; connector включается без gates; internal code является основным UI; fact стал банковским verdict; cross-tenant result доступен; applicable R0 tests не проходят.,,,,UNKNOWN,M02_CASA_Pro_IIN_Check_R0_Implementation_and_Acceptance_v1.0,1.0,"R0 считается DONE без production API calls, когда",SRC-DOC-M02-I-00301,,,,FRONTEND|QA|SECURITY,,,,,Canonicalized from 1 candidate row(s); source text preserved in 10_SOURCE_EXTRACTS.csv.
M02-CAN-0327,m02.current_1_0.data_contract.9dea860df88a2dae,1.0,CURRENT_1_0,M02,Проверка по ИИН,DATA_CONTRACT,DATA_MODEL,§11 Manual checks,"Поле manual_check_task: instruction; Точное требование: Кратко: что открыть, что ввести самому, какой исход и evidence зафиксировать.","Поле manual_check_task: instruction; Точное требование: Кратко: что открыть, что ввести самому, какой исход и evidence зафиксировать.",,,,,M02_CASA_Pro_IIN_Check_R0_Implementation_and_Acceptance_v1.0,1.0,§11 Manual checks,SRC-DOC-M02-I-00141,,,,DATA,,,,,Canonicalized from 1 candidate row(s); source text preserved in 10_SOURCE_EXTRACTS.csv.
M02-CAN-0328,m02.current_1_0.product_semantic.212c6aeaba2dcbc3,1.0,CURRENT_1_0,M02,Проверка по ИИН,PRODUCT_SEMANTIC,STATE,§11 Manual checks,Поле manual_check_task: status/outcome; Точное требование: Task state отдельно от observed result; not_found доступен только по допустимому manual contract.,Поле manual_check_task: status/outcome; Точное требование: Task state отдельно от observed result; not_found доступен только по допустимому manual contract.,,,,,M02_CASA_Pro_IIN_Check_R0_Implementation_and_Acceptance_v1.0,1.0,§11 Manual checks,SRC-DOC-M02-I-00143,,,,MULTI_LAYER,,,,,Canonicalized from 1 candidate row(s); source text preserved in 10_SOURCE_EXTRACTS.csv.
M02-CAN-0329,m02.current_1_0.data_contract.3117214c05565184,1.0,CURRENT_1_0,M02,Проверка по ИИН,DATA_CONTRACT,DATA_MODEL,§11 Manual checks,Поле manual_check_task: evidence/reference; Точное требование: Разрешённый screenshot/document/reference/hash; без избыточных данных третьих лиц.,Поле manual_check_task: evidence/reference; Точное требование: Разрешённый screenshot/document/reference/hash; без избыточных данных третьих лиц.,,,,,M02_CASA_Pro_IIN_Check_R0_Implementation_and_Acceptance_v1.0,1.0,§11 Manual checks,SRC-DOC-M02-I-00144,,,,DATA,,,,,Canonicalized from 1 candidate row(s); source text preserved in 10_SOURCE_EXTRACTS.csv.
M02-CAN-0330,m02.current_1_0.data_contract.06f78c6be625d9a9,1.0,CURRENT_1_0,M02,Проверка по ИИН,DATA_CONTRACT,DATA_MODEL,§11 Manual checks,Поле manual_check_task: checked_at/source_data_as_of/fresh_until; Точное требование: Три разные временные характеристики либо явный UNKNOWN.,Поле manual_check_task: checked_at/source_data_as_of/fresh_until; Точное требование: Три разные временные характеристики либо явный UNKNOWN.,,,,UNKNOWN,M02_CASA_Pro_IIN_Check_R0_Implementation_and_Acceptance_v1.0,1.0,§11 Manual checks,SRC-DOC-M02-I-00145,,,,DATA,,,,,Canonicalized from 1 candidate row(s); source text preserved in 10_SOURCE_EXTRACTS.csv.
M02-CAN-0331,m02.current_1_0.data_contract.bcbcfca9f441d074,1.0,CURRENT_1_0,M02,Проверка по ИИН,DATA_CONTRACT,DATA_MODEL,§11 Manual checks,"Поле manual_check_task: comment/actor/audit; Точное требование: Подтверждающий actor, timestamp, before/after/reason/version.","Поле manual_check_task: comment/actor/audit; Точное требование: Подтверждающий actor, timestamp, before/after/reason/version.",,,,,M02_CASA_Pro_IIN_Check_R0_Implementation_and_Acceptance_v1.0,1.0,§11 Manual checks,SRC-DOC-M02-I-00146,,,,DATA,,,,,Canonicalized from 1 candidate row(s); source text preserved in 10_SOURCE_EXTRACTS.csv.
M02-CAN-0332,m02.current_1_0.boundary.c3c22e5eadcc1800,1.0,CURRENT_1_0,M02,Проверка по ИИН,BOUNDARY,FORBIDDEN,§11 Manual checks,НЕЛЬЗЯ ПОДТВЕРДИТЬ БЕЗ ДОКАЗАТЕЛЬСТВА  Кнопка «Записей нет» сама по себе запрещена. Confirm требует observed outcome + evidence/reference + actor + checked_at; отсутствие evidence возвращает MANUAL_EVIDENCE_REQUIRED и не увеличивает completed coverage.: НЕЛЬЗЯ ПОДТВЕРДИТЬ БЕЗ ДОКАЗАТЕЛЬСТВА  Кнопка «Записей нет» сама по себе запрещена. Confirm требует observed outcome + evidence/reference + actor + checked_at; отсутствие evidence возвращает MANUAL_EVIDENCE_REQUIRED и не увеличивает completed coverage.,,НЕЛЬЗЯ ПОДТВЕРДИТЬ БЕЗ ДОКАЗАТЕЛЬСТВА  Кнопка «Записей нет» сама по себе запрещена. Confirm требует observed outcome + evidence/reference + actor + checked_at; отсутствие evidence возвращает MANUAL_EVIDENCE_REQUIRED и не увеличивает completed coverage.: НЕЛЬЗЯ ПОДТВЕРДИТЬ БЕЗ ДОКАЗАТЕЛЬСТВА  Кнопка «Записей нет» сама по себе запрещена. Confirm требует observed outcome + evidence/reference + actor + checked_at; отсутствие evidence возвращает MANUAL_EVIDENCE_REQUIRED и не увеличивает completed coverage.,,,,M02_CASA_Pro_IIN_Check_R0_Implementation_and_Acceptance_v1.0,1.0,§11 Manual checks,SRC-DOC-M02-I-00147,,,,MULTI_LAYER,,,,,Canonicalized from 1 candidate row(s); source text preserved in 10_SOURCE_EXTRACTS.csv.
M02-CAN-0333,m02.current_1_0.product_semantic.447c3f67efb3169d,1.0,CURRENT_1_0,M02,Проверка по ИИН,PRODUCT_SEMANTIC,STATE,§12 NOT_FOUND contract,ЕДИНСТВЕННО ДОПУСТИМЫЙ NOT_FOUND  status=completed + успешный документированный negative/no-match outcome конкретного source adapter/manual contract + сохранённое evidence + fresh result.: ЕДИНСТВЕННО ДОПУСТИМЫЙ NOT_FOUND  status=completed + успешный документированный negative/no-match outcome конкретного source adapter/manual contract + сохранённое evidence + fresh result.,ЕДИНСТВЕННО ДОПУСТИМЫЙ NOT_FOUND  status=completed + успешный документированный negative/no-match outcome конкретного source adapter/manual contract + сохранённое evidence + fresh result.: ЕДИНСТВЕННО ДОПУСТИМЫЙ NOT_FOUND  status=completed + успешный документированный negative/no-match outcome конкретного source adapter/manual contract + сохранённое evidence + fresh result.,,,,,M02_CASA_Pro_IIN_Check_R0_Implementation_and_Acceptance_v1.0,1.0,§12 NOT_FOUND contract,SRC-DOC-M02-I-00156,,,,MULTI_LAYER,,,,,Canonicalized from 1 candidate row(s); source text preserved in 10_SOURCE_EXTRACTS.csv.
M02-CAN-0334,m02.current_1_0.product_semantic.2a2fe789d0a491f8,1.0,CURRENT_1_0,M02,Проверка по ИИН,PRODUCT_SEMANTIC,STATE,§12 NOT_FOUND contract,Наблюдение: HTTP 404 КГД; Нормализация: ACCESS_DENIED/ACCESS_REQUIRED по опубликованной семантике; Почему не NOT_FOUND: HTTP status не означает отсутствие субъекта.,Наблюдение: HTTP 404 КГД; Нормализация: ACCESS_DENIED/ACCESS_REQUIRED по опубликованной семантике; Почему не NOT_FOUND: HTTP status не означает отсутствие субъекта.,,,,,M02_CASA_Pro_IIN_Check_R0_Implementation_and_Acceptance_v1.0,1.0,§12 NOT_FOUND contract,SRC-DOC-M02-I-00158,,,,MULTI_LAYER,,,,,Canonicalized from 1 candidate row(s); source text preserved in 10_SOURCE_EXTRACTS.csv.
M02-CAN-0335,m02.current_1_0.product_semantic.6b4dc69c71d24aa1,1.0,CURRENT_1_0,M02,Проверка по ИИН,PRODUCT_SEMANTIC,BUSINESS_RULE,§12 NOT_FOUND contract,Наблюдение: HTTP 403 / token missing; Нормализация: ACCESS_REQUIRED; Почему не NOT_FOUND: Источник не дал клиентский результат.,Наблюдение: HTTP 403 / token missing; Нормализация: ACCESS_REQUIRED; Почему не NOT_FOUND: Источник не дал клиентский результат.,,,,,M02_CASA_Pro_IIN_Check_R0_Implementation_and_Acceptance_v1.0,1.0,§12 NOT_FOUND contract,SRC-DOC-M02-I-00159,,,,MULTI_LAYER,,,,,Canonicalized from 1 candidate row(s); source text preserved in 10_SOURCE_EXTRACTS.csv.
M02-CAN-0336,m02.current_1_0.product_semantic.e951501907baa826,1.0,CURRENT_1_0,M02,Проверка по ИИН,PRODUCT_SEMANTIC,VALIDATION,§12 NOT_FOUND contract,Наблюдение: CAPTCHA; Нормализация: MANUAL_REQUIRED; Почему не NOT_FOUND: Проверка не выполнена.,Наблюдение: CAPTCHA; Нормализация: MANUAL_REQUIRED; Почему не NOT_FOUND: Проверка не выполнена.,,,,,M02_CASA_Pro_IIN_Check_R0_Implementation_and_Acceptance_v1.0,1.0,§12 NOT_FOUND contract,SRC-DOC-M02-I-00160,,,,MULTI_LAYER,,,,,Canonicalized from 1 candidate row(s); source text preserved in 10_SOURCE_EXTRACTS.csv.
M02-CAN-0337,m02.current_1_0.implementation_detail.7853516f2202a39a,1.0,CURRENT_1_0,M02,Проверка по ИИН,IMPLEMENTATION_DETAIL,ERROR,§12 NOT_FOUND contract,Наблюдение: Пустая HTML-страница; Нормализация: SCHEMA_ERROR/SOURCE_UNAVAILABLE; Почему не NOT_FOUND: Нет доказанного business outcome.,Наблюдение: Пустая HTML-страница; Нормализация: SCHEMA_ERROR/SOURCE_UNAVAILABLE; Почему не NOT_FOUND: Нет доказанного business outcome.,,,,,M02_CASA_Pro_IIN_Check_R0_Implementation_and_Acceptance_v1.0,1.0,§12 NOT_FOUND contract,SRC-DOC-M02-I-00161,,,,DATA,,,,,Canonicalized from 1 candidate row(s); source text preserved in 10_SOURCE_EXTRACTS.csv.
M02-CAN-0338,m02.current_1_0.product_semantic.123be20fc038c04f,1.0,CURRENT_1_0,M02,Проверка по ИИН,PRODUCT_SEMANTIC,BUSINESS_RULE,§12 NOT_FOUND contract,Наблюдение: Timeout / 503 / rate limit; Нормализация: SOURCE_UNAVAILABLE/retryable; Почему не NOT_FOUND: Нет успешного ответа.,Наблюдение: Timeout / 503 / rate limit; Нормализация: SOURCE_UNAVAILABLE/retryable; Почему не NOT_FOUND: Нет успешного ответа.,,,,,M02_CASA_Pro_IIN_Check_R0_Implementation_and_Acceptance_v1.0,1.0,§12 NOT_FOUND contract,SRC-DOC-M02-I-00162,,,,MULTI_LAYER,,,,,Canonicalized from 1 candidate row(s); source text preserved in 10_SOURCE_EXTRACTS.csv.
M02-CAN-0339,m02.current_1_0.boundary.3e191614adf6a0d2,1.0,CURRENT_1_0,M02,Проверка по ИИН,BOUNDARY,FORBIDDEN,§12 NOT_FOUND contract,Наблюдение: Legal gate off; Нормализация: LEGAL_UNCONFIRMED; Почему не NOT_FOUND: Connector не должен запускаться.,,Наблюдение: Legal gate off; Нормализация: LEGAL_UNCONFIRMED; Почему не NOT_FOUND: Connector не должен запускаться.,,,,M02_CASA_Pro_IIN_Check_R0_Implementation_and_Acceptance_v1.0,1.0,§12 NOT_FOUND contract,SRC-DOC-M02-I-00163,,,,LEGAL,,,,,Canonicalized from 1 candidate row(s); source text preserved in 10_SOURCE_EXTRACTS.csv.
M02-CAN-0340,m02.current_1_0.implementation_detail.65daba69448a3ea2,1.0,CURRENT_1_0,M02,Проверка по ИИН,IMPLEMENTATION_DETAIL,ERROR,§12 NOT_FOUND contract,Наблюдение: Parsing/schema drift; Нормализация: ERROR + quarantine/review; Почему не NOT_FOUND: Неизвестна семантика ответа.,Наблюдение: Parsing/schema drift; Нормализация: ERROR + quarantine/review; Почему не NOT_FOUND: Неизвестна семантика ответа.,,,,,M02_CASA_Pro_IIN_Check_R0_Implementation_and_Acceptance_v1.0,1.0,§12 NOT_FOUND contract,SRC-DOC-M02-I-00164,,,,DATA,,,,,Canonicalized from 1 candidate row(s); source text preserved in 10_SOURCE_EXTRACTS.csv.
M02-CAN-0341,m02.current_1_0.boundary.e97a4506ebfb1802,1.0,CURRENT_1_0,M02,Проверка по ИИН,BOUNDARY,FORBIDDEN,§12 NOT_FOUND contract,"Наблюдение: null / «Нет данных» / empty array; Нормализация: UNKNOWN, если source contract не определяет no-match; Почему не NOT_FOUND: UNKNOWN нельзя склеивать с false/zero.",,"Наблюдение: null / «Нет данных» / empty array; Нормализация: UNKNOWN, если source contract не определяет no-match; Почему не NOT_FOUND: UNKNOWN нельзя склеивать с false/zero.",,,UNKNOWN|ZERO,M02_CASA_Pro_IIN_Check_R0_Implementation_and_Acceptance_v1.0,1.0,§12 NOT_FOUND contract,SRC-DOC-M02-I-00165,,,,MULTI_LAYER,,,,,Canonicalized from 1 candidate row(s); source text preserved in 10_SOURCE_EXTRACTS.csv.
M02-CAN-0342,m02.current_1_0.product_semantic.c2bfd517c2927b78,1.0,CURRENT_1_0,M02,Проверка по ИИН,PRODUCT_SEMANTIC,ERROR,§12 NOT_FOUND contract,Наблюдение: Manual task не выполнен / без evidence; Нормализация: MANUAL_REQUIRED / EVIDENCE_ERROR; Почему не NOT_FOUND: Нечего подтверждать.,Наблюдение: Manual task не выполнен / без evidence; Нормализация: MANUAL_REQUIRED / EVIDENCE_ERROR; Почему не NOT_FOUND: Нечего подтверждать.,,,,,M02_CASA_Pro_IIN_Check_R0_Implementation_and_Acceptance_v1.0,1.0,§12 NOT_FOUND contract,SRC-DOC-M02-I-00166,,,,MULTI_LAYER,,,,,Canonicalized from 1 candidate row(s); source text preserved in 10_SOURCE_EXTRACTS.csv.
M02-CAN-0343,m02.current_1_0.data_contract.33f88bb144e28852,1.0,CURRENT_1_0,M02,Проверка по ИИН,DATA_CONTRACT,PROVENANCE,§12 NOT_FOUND contract,Наблюдение: AIS OIP valid response + SCSE001; Нормализация: completed/not_found; Почему не NOT_FOUND: Допустимо только как source-specific contract с upstream code/evidence.,Наблюдение: AIS OIP valid response + SCSE001; Нормализация: completed/not_found; Почему не NOT_FOUND: Допустимо только как source-specific contract с upstream code/evidence.,,,,,M02_CASA_Pro_IIN_Check_R0_Implementation_and_Acceptance_v1.0,1.0,§12 NOT_FOUND contract,SRC-DOC-M02-I-00167,,,,DATA,,,,,Canonicalized from 1 candidate row(s); source text preserved in 10_SOURCE_EXTRACTS.csv.
M02-CAN-0344,m02.current_1_0.data_contract.cd33bb82c8690cc0,1.0,CURRENT_1_0,M02,Проверка по ИИН,DATA_CONTRACT,DATA_MODEL,§13 Freshness,Поле: checked_at; Смысл: Когда CASA/оператор завершили конкретную проверку.; UI / coverage: Показывается всегда для completed/manual confirmation.,Поле: checked_at; Смысл: Когда CASA/оператор завершили конкретную проверку.; UI / coverage: Показывается всегда для completed/manual confirmation.,,,,,M02_CASA_Pro_IIN_Check_R0_Implementation_and_Acceptance_v1.0,1.0,§13 Freshness,SRC-DOC-M02-I-00171,,,,FRONTEND,,,,,Canonicalized from 1 candidate row(s); source text preserved in 10_SOURCE_EXTRACTS.csv.
M02-CAN-0345,m02.current_1_0.data_contract.611b3de33ae48be7,1.0,CURRENT_1_0,M02,Проверка по ИИН,DATA_CONTRACT,DATA_MODEL,§13 Freshness,Поле: source_data_as_of; Смысл: На какую дату/момент источник заявляет актуальность данных.; UI / coverage: Показывается отдельно; если неизвестно — «Источник не указал дату актуальности».,Поле: source_data_as_of; Смысл: На какую дату/момент источник заявляет актуальность данных.; UI / coverage: Показывается отдельно; если неизвестно — «Источник не указал дату актуальности».,,,,,M02_CASA_Pro_IIN_Check_R0_Implementation_and_Acceptance_v1.0,1.0,§13 Freshness,SRC-DOC-M02-I-00172,,,,FRONTEND|DATA,,,,,Canonicalized from 1 candidate row(s); source text preserved in 10_SOURCE_EXTRACTS.csv.
M02-CAN-0346,m02.current_1_0.data_contract.29a73aa392f11341,1.0,CURRENT_1_0,M02,Проверка по ИИН,DATA_CONTRACT,DATA_MODEL,§13 Freshness,"Поле: fresh_until / TTL; Смысл: Внутренняя policy registry; не выдаётся за официальный срок документа.; UI / coverage: После истечения result исторический, CTA «Обновить», coverage не complete.","Поле: fresh_until / TTL; Смысл: Внутренняя policy registry; не выдаётся за официальный срок документа.; UI / coverage: После истечения result исторический, CTA «Обновить», coverage не complete.",,,,,M02_CASA_Pro_IIN_Check_R0_Implementation_and_Acceptance_v1.0,1.0,§13 Freshness,SRC-DOC-M02-I-00173,,,,FRONTEND,,,,,Canonicalized from 1 candidate row(s); source text preserved in 10_SOURCE_EXTRACTS.csv.
M02-CAN-0347,m02.current_1_0.data_contract.e99212f9db3817ec,1.0,CURRENT_1_0,M02,Проверка по ИИН,DATA_CONTRACT,DATA_MODEL,§13 Freshness,Поле: age; Смысл: Производная от checked_at/source_data_as_of.; UI / coverage: Человекочитаемый возраст; не заменяет даты.,Поле: age; Смысл: Производная от checked_at/source_data_as_of.; UI / coverage: Человекочитаемый возраст; не заменяет даты.,,,,,M02_CASA_Pro_IIN_Check_R0_Implementation_and_Acceptance_v1.0,1.0,§13 Freshness,SRC-DOC-M02-I-00174,,,,FRONTEND|DATA,,,,,Canonicalized from 1 candidate row(s); source text preserved in 10_SOURCE_EXTRACTS.csv.
M02-CAN-0348,m02.current_1_0.security_control.67ee1b5d444188ab,1.0,CURRENT_1_0,M02,Проверка по ИИН,SECURITY_CONTROL,CONSENT,§13 Freshness,"STALE НЕ УДАЛЯЕТ ИСТОРИЮ  Просроченный result остаётся видимым и immutable, но не считается текущим подтверждением. Refresh создаёт новый batch/result с supersedes_id и повторно проверяет consent/source gates.: STALE НЕ УДАЛЯЕТ ИСТОРИЮ  Просроченный result остаётся видимым и immutable, но не считается текущим подтверждением. Refresh создаёт новый batch/result с supersedes_id и повторно проверяет consent/source gates.","STALE НЕ УДАЛЯЕТ ИСТОРИЮ  Просроченный result остаётся видимым и immutable, но не считается текущим подтверждением. Refresh создаёт новый batch/result с supersedes_id и повторно проверяет consent/source gates.: STALE НЕ УДАЛЯЕТ ИСТОРИЮ  Просроченный result остаётся видимым и immutable, но не считается текущим подтверждением. Refresh создаёт новый batch/result с supersedes_id и повторно проверяет consent/source gates.",,,,STALE,M02_CASA_Pro_IIN_Check_R0_Implementation_and_Acceptance_v1.0,1.0,§13 Freshness,SRC-DOC-M02-I-00175,,,,LEGAL,,,,,Canonicalized from 1 candidate row(s); source text preserved in 10_SOURCE_EXTRACTS.csv.
M02-CAN-0349,m02.current_1_0.data_contract.47e3f36ecfebf881,1.0,CURRENT_1_0,M02,Проверка по ИИН,DATA_CONTRACT,PROVENANCE,§14 Evidence / provenance,"Обязательная группа: Источник; Минимальные поля: source.code, owner, official URL/reference, check_type, registry/manifest version.","Обязательная группа: Источник; Минимальные поля: source.code, owner, official URL/reference, check_type, registry/manifest version.",,,,,M02_CASA_Pro_IIN_Check_R0_Implementation_and_Acceptance_v1.0,1.0,§14 Evidence / provenance,SRC-DOC-M02-I-00178,,,,DATA,,,,,Canonicalized from 1 candidate row(s); source text preserved in 10_SOURCE_EXTRACTS.csv.
M02-CAN-0350,m02.current_1_0.product_semantic.d328f84a0493e4b3,1.0,CURRENT_1_0,M02,Проверка по ИИН,PRODUCT_SEMANTIC,STATE,§14 Evidence / provenance,"Обязательная группа: Выполнение; Минимальные поля: automation/manual version, checked_at, source_data_as_of, status/outcome, actor.","Обязательная группа: Выполнение; Минимальные поля: automation/manual version, checked_at, source_data_as_of, status/outcome, actor.",,,,,M02_CASA_Pro_IIN_Check_R0_Implementation_and_Acceptance_v1.0,1.0,§14 Evidence / provenance,SRC-DOC-M02-I-00179,,,,DATA,,,,,Canonicalized from 1 candidate row(s); source text preserved in 10_SOURCE_EXTRACTS.csv.
M02-CAN-0351,m02.current_1_0.security_control.21d0f02913758be2,1.0,CURRENT_1_0,M02,Проверка по ИИН,SECURITY_CONTROL,CONSENT,§14 Evidence / provenance,"Обязательная группа: Правовое основание; Минимальные поля: consent evidence, purpose, approval/access/terms references в разрешённом виде.","Обязательная группа: Правовое основание; Минимальные поля: consent evidence, purpose, approval/access/terms references в разрешённом виде.",,,,,M02_CASA_Pro_IIN_Check_R0_Implementation_and_Acceptance_v1.0,1.0,§14 Evidence / provenance,SRC-DOC-M02-I-00180,,,,LEGAL,,,,,Canonicalized from 1 candidate row(s); source text preserved in 10_SOURCE_EXTRACTS.csv.
M02-CAN-0352,m02.current_1_0.data_contract.35058f613be6429d,1.0,CURRENT_1_0,M02,Проверка по ИИН,DATA_CONTRACT,PROVENANCE,§14 Evidence / provenance,"Обязательная группа: Доказательство; Минимальные поля: normalized facts, evidence hash/reference, upstream/request/response reference если допустимо.","Обязательная группа: Доказательство; Минимальные поля: normalized facts, evidence hash/reference, upstream/request/response reference если допустимо.",,,,,M02_CASA_Pro_IIN_Check_R0_Implementation_and_Acceptance_v1.0,1.0,§14 Evidence / provenance,SRC-DOC-M02-I-00181,,,,DATA,,,,,Canonicalized from 1 candidate row(s); source text preserved in 10_SOURCE_EXTRACTS.csv.
M02-CAN-0353,m02.current_1_0.data_contract.6965baa58050bd68,1.0,CURRENT_1_0,M02,Проверка по ИИН,DATA_CONTRACT,PROVENANCE,§14 Evidence / provenance,Обязательная группа: Актуальность; Минимальные поля: fresh_until/TTL policy version либо explicit UNKNOWN.,Обязательная группа: Актуальность; Минимальные поля: fresh_until/TTL policy version либо explicit UNKNOWN.,,,,UNKNOWN,M02_CASA_Pro_IIN_Check_R0_Implementation_and_Acceptance_v1.0,1.0,§14 Evidence / provenance,SRC-DOC-M02-I-00182,,,,DATA,,,,,Canonicalized from 1 candidate row(s); source text preserved in 10_SOURCE_EXTRACTS.csv.
M02-CAN-0354,m02.current_1_0.data_contract.3991bb0b329e5658,1.0,CURRENT_1_0,M02,Проверка по ИИН,DATA_CONTRACT,DATA_MODEL,§14 Evidence / provenance,"Обязательная группа: Защита; Минимальные поля: field allowlist, retention policy, redaction/minimization; no third-party IIN/raw by default.","Обязательная группа: Защита; Минимальные поля: field allowlist, retention policy, redaction/minimization; no third-party IIN/raw by default.",,,,,M02_CASA_Pro_IIN_Check_R0_Implementation_and_Acceptance_v1.0,1.0,§14 Evidence / provenance,SRC-DOC-M02-I-00183,,,,DATA,,,,,Canonicalized from 1 candidate row(s); source text preserved in 10_SOURCE_EXTRACTS.csv.
M02-CAN-0355,m02.current_1_0.product_semantic.de14984b52b22e4b,1.0,CURRENT_1_0,M02,Проверка по ИИН,PRODUCT_SEMANTIC,STATE,§15 Statuses / human messages,Внутренний код/комбинация: queued / running; Текст брокеру: Проверяем официальный источник…; Действие: Подождать; refresh disabled; Влияние на coverage: Incomplete; Визуальное правило: Progress + source name; не только цвет.,Внутренний код/комбинация: queued / running; Текст брокеру: Проверяем официальный источник…; Действие: Подождать; refresh disabled; Влияние на coverage: Incomplete; Визуальное правило: Progress + source name; не только цвет.,,,,DISABLED,M02_CASA_Pro_IIN_Check_R0_Implementation_and_Acceptance_v1.0,1.0,§15 Statuses / human messages,SRC-DOC-M02-I-00187,,,,MULTI_LAYER,,,,,Canonicalized from 1 candidate row(s); source text preserved in 10_SOURCE_EXTRACTS.csv.
M02-CAN-0356,m02.current_1_0.product_semantic.29b9a331290ddb73,1.0,CURRENT_1_0,M02,Проверка по ИИН,PRODUCT_SEMANTIC,STATE,§15 Statuses / human messages,"Внутренний код/комбинация: completed + found; Текст брокеру: Найдена запись. Это факт официального источника, а не решение банка.; Действие: Открыть факты; Влияние на coverage: Completed; found; Визуальное правило: Amber, не красный банковский отказ.","Внутренний код/комбинация: completed + found; Текст брокеру: Найдена запись. Это факт официального источника, а не решение банка.; Действие: Открыть факты; Влияние на coverage: Completed; found; Визуальное правило: Amber, не красный банковский отказ.",,,,,M02_CASA_Pro_IIN_Check_R0_Implementation_and_Acceptance_v1.0,1.0,§15 Statuses / human messages,SRC-DOC-M02-I-00188,,,,MULTI_LAYER,,,,,Canonicalized from 1 candidate row(s); source text preserved in 10_SOURCE_EXTRACTS.csv.
M02-CAN-0357,m02.current_1_0.product_semantic.413eb04e42087786,1.0,CURRENT_1_0,M02,Проверка по ИИН,PRODUCT_SEMANTIC,STATE,§15 Statuses / human messages,Внутренний код/комбинация: completed + not_found; Текст брокеру: Записей не найдено в [источник].; Действие: Открыть доказательство / обновить; Влияние на coverage: Proven negative; Визуальное правило: Только documented no-match.,Внутренний код/комбинация: completed + not_found; Текст брокеру: Записей не найдено в [источник].; Действие: Открыть доказательство / обновить; Влияние на coverage: Proven negative; Визуальное правило: Только documented no-match.,,,,,M02_CASA_Pro_IIN_Check_R0_Implementation_and_Acceptance_v1.0,1.0,§15 Statuses / human messages,SRC-DOC-M02-I-00189,,,,MULTI_LAYER,,,,,Canonicalized from 1 candidate row(s); source text preserved in 10_SOURCE_EXTRACTS.csv.
M02-CAN-0358,m02.current_1_0.product_semantic.137a526f6a1f4ae4,1.0,CURRENT_1_0,M02,Проверка по ИИН,PRODUCT_SEMANTIC,STATE,§15 Statuses / human messages,Внутренний код/комбинация: completed + zero/not_applicable; Текст брокеру: Проверено: [нейтральный исход] • [источник] • [дата].; Действие: Открыть детали / обновить; Влияние на coverage: Completed; Визуальное правило: Не писать «чисто/одобрено».,Внутренний код/комбинация: completed + zero/not_applicable; Текст брокеру: Проверено: [нейтральный исход] • [источник] • [дата].; Действие: Открыть детали / обновить; Влияние на coverage: Completed; Визуальное правило: Не писать «чисто/одобрено».,,,,ZERO|NOT_APPLICABLE,M02_CASA_Pro_IIN_Check_R0_Implementation_and_Acceptance_v1.0,1.0,§15 Statuses / human messages,SRC-DOC-M02-I-00190,,,,MULTI_LAYER,,,,,Canonicalized from 1 candidate row(s); source text preserved in 10_SOURCE_EXTRACTS.csv.
M02-CAN-0359,m02.current_1_0.product_semantic.b176abfb3114dd64,1.0,CURRENT_1_0,M02,Проверка по ИИН,PRODUCT_SEMANTIC,STATE,§15 Statuses / human messages,Внутренний код/комбинация: manual_required; Текст брокеру: Нужна ручная проверка на официальном сайте.; Действие: Открыть официальный сервис; Влияние на coverage: Incomplete; Визуальное правило: CAPTCHA остаётся человеку.,Внутренний код/комбинация: manual_required; Текст брокеру: Нужна ручная проверка на официальном сайте.; Действие: Открыть официальный сервис; Влияние на coverage: Incomplete; Визуальное правило: CAPTCHA остаётся человеку.,,,,,M02_CASA_Pro_IIN_Check_R0_Implementation_and_Acceptance_v1.0,1.0,§15 Statuses / human messages,SRC-DOC-M02-I-00191,,,,MULTI_LAYER,,,,,Canonicalized from 1 candidate row(s); source text preserved in 10_SOURCE_EXTRACTS.csv.
M02-CAN-0360,m02.current_1_0.security_control.9437532d4ca31221,1.0,CURRENT_1_0,M02,Проверка по ИИН,SECURITY_CONTROL,CONSENT,§15 Statuses / human messages,Внутренний код/комбинация: consent_required; Текст брокеру: Нужно согласие клиента. Запросы не выполнялись.; Действие: Запросить согласие; Влияние на coverage: Blocked; Визуальное правило: Нет попытки внешнего вызова.,Внутренний код/комбинация: consent_required; Текст брокеру: Нужно согласие клиента. Запросы не выполнялись.; Действие: Запросить согласие; Влияние на coverage: Blocked; Визуальное правило: Нет попытки внешнего вызова.,,,,BLOCKED,M02_CASA_Pro_IIN_Check_R0_Implementation_and_Acceptance_v1.0,1.0,§15 Statuses / human messages,SRC-DOC-M02-I-00192,,,,LEGAL,,,,,Canonicalized from 1 candidate row(s); source text preserved in 10_SOURCE_EXTRACTS.csv.
M02-CAN-0361,m02.current_1_0.product_semantic.7ab23e7c5b22b3ad,1.0,CURRENT_1_0,M02,Проверка по ИИН,PRODUCT_SEMANTIC,STATE,§15 Statuses / human messages,Внутренний код/комбинация: source_unavailable; Текст брокеру: Источник временно недоступен.; Действие: Повторить / ручная проверка; Влияние на coverage: Incomplete; Визуальное правило: Никогда не not_found.,Внутренний код/комбинация: source_unavailable; Текст брокеру: Источник временно недоступен.; Действие: Повторить / ручная проверка; Влияние на coverage: Incomplete; Визуальное правило: Никогда не not_found.,,,,,M02_CASA_Pro_IIN_Check_R0_Implementation_and_Acceptance_v1.0,1.0,§15 Statuses / human messages,SRC-DOC-M02-I-00193,,,,MULTI_LAYER,,,,,Canonicalized from 1 candidate row(s); source text preserved in 10_SOURCE_EXTRACTS.csv.
M02-CAN-0362,m02.current_1_0.product_semantic.de6c436c66c880fc,1.0,CURRENT_1_0,M02,Проверка по ИИН,PRODUCT_SEMANTIC,STATE,§15 Statuses / human messages,Внутренний код/комбинация: stale; Текст брокеру: Результат устарел.; Действие: Обновить; Влияние на coverage: Incomplete/current; Визуальное правило: Старый факт виден с датой.,Внутренний код/комбинация: stale; Текст брокеру: Результат устарел.; Действие: Обновить; Влияние на coverage: Incomplete/current; Визуальное правило: Старый факт виден с датой.,,,,STALE,M02_CASA_Pro_IIN_Check_R0_Implementation_and_Acceptance_v1.0,1.0,§15 Statuses / human messages,SRC-DOC-M02-I-00194,,,,MULTI_LAYER,,,,,Canonicalized from 1 candidate row(s); source text preserved in 10_SOURCE_EXTRACTS.csv.
M02-CAN-0363,m02.current_1_0.product_semantic.4a19af0024020a84,1.0,CURRENT_1_0,M02,Проверка по ИИН,PRODUCT_SEMANTIC,STATE,§15 Statuses / human messages,Внутренний код/комбинация: legal_unconfirmed; Текст брокеру: Автоматическая проверка пока недоступна: правовой допуск не подтверждён.; Действие: Разрешённый ручной путь; Влияние на coverage: Blocked/partial; Визуальное правило: Не FAIL клиента.,Внутренний код/комбинация: legal_unconfirmed; Текст брокеру: Автоматическая проверка пока недоступна: правовой допуск не подтверждён.; Действие: Разрешённый ручной путь; Влияние на coverage: Blocked/partial; Визуальное правило: Не FAIL клиента.,,,,BLOCKED,M02_CASA_Pro_IIN_Check_R0_Implementation_and_Acceptance_v1.0,1.0,§15 Statuses / human messages,SRC-DOC-M02-I-00195,,,,LEGAL,,,,,Canonicalized from 1 candidate row(s); source text preserved in 10_SOURCE_EXTRACTS.csv.
M02-CAN-0364,m02.current_1_0.product_semantic.d0a63ad8776bc71d,1.0,CURRENT_1_0,M02,Проверка по ИИН,PRODUCT_SEMANTIC,STATE,§15 Statuses / human messages,Внутренний код/комбинация: access_required; Текст брокеру: Автоматическая проверка пока не подключена.; Действие: Admin: настроить; broker: manual path; Влияние на coverage: Blocked/partial; Визуальное правило: Без token details для брокера.,Внутренний код/комбинация: access_required; Текст брокеру: Автоматическая проверка пока не подключена.; Действие: Admin: настроить; broker: manual path; Влияние на coverage: Blocked/partial; Визуальное правило: Без token details для брокера.,,,,BLOCKED,M02_CASA_Pro_IIN_Check_R0_Implementation_and_Acceptance_v1.0,1.0,§15 Statuses / human messages,SRC-DOC-M02-I-00196,,,,FRONTEND,,,,,Canonicalized from 1 candidate row(s); source text preserved in 10_SOURCE_EXTRACTS.csv.
M02-CAN-0365,m02.current_1_0.product_semantic.d0c6f917e7c0e2d1,1.0,CURRENT_1_0,M02,Проверка по ИИН,PRODUCT_SEMANTIC,STATE,§15 Statuses / human messages,Внутренний код/комбинация: not_allowed; Текст брокеру: Эта проверка не используется CASA.; Действие: Нет; Влияние на coverage: Excluded; Визуальное правило: Обычно admin/audit only.,Внутренний код/комбинация: not_allowed; Текст брокеру: Эта проверка не используется CASA.; Действие: Нет; Влияние на coverage: Excluded; Визуальное правило: Обычно admin/audit only.,,,,,M02_CASA_Pro_IIN_Check_R0_Implementation_and_Acceptance_v1.0,1.0,§15 Statuses / human messages,SRC-DOC-M02-I-00197,,,,MULTI_LAYER,,,,,Canonicalized from 1 candidate row(s); source text preserved in 10_SOURCE_EXTRACTS.csv.
M02-CAN-0366,m02.current_1_0.implementation_detail.ac95a6b44b84e1a7,1.0,CURRENT_1_0,M02,Проверка по ИИН,IMPLEMENTATION_DETAIL,STATE,§15 Statuses / human messages,Внутренний код/комбинация: error: schema/evidence; Текст брокеру: Результат не подтверждён.; Действие: Повторить / отправить на проверку; Влияние на coverage: Incomplete; Визуальное правило: Не unknown/not_found автоматически.,Внутренний код/комбинация: error: schema/evidence; Текст брокеру: Результат не подтверждён.; Действие: Повторить / отправить на проверку; Влияние на coverage: Incomplete; Визуальное правило: Не unknown/not_found автоматически.,,,,UNKNOWN,M02_CASA_Pro_IIN_Check_R0_Implementation_and_Acceptance_v1.0,1.0,§15 Statuses / human messages,SRC-DOC-M02-I-00198,,,,DATA,,,,,Canonicalized from 1 candidate row(s); source text preserved in 10_SOURCE_EXTRACTS.csv.
M02-CAN-0367,m02.current_1_0.product_semantic.e9237b7f7501431e,1.0,CURRENT_1_0,M02,Проверка по ИИН,PRODUCT_SEMANTIC,STATE,§15 Statuses / human messages,Внутренний код/комбинация: unknown outcome; Текст брокеру: Источник не дал однозначного результата.; Действие: Открыть детали / проверить; Влияние на coverage: Incomplete; Визуальное правило: UNKNOWN не 0/false/clean.,Внутренний код/комбинация: unknown outcome; Текст брокеру: Источник не дал однозначного результата.; Действие: Открыть детали / проверить; Влияние на coverage: Incomplete; Визуальное правило: UNKNOWN не 0/false/clean.,,,,UNKNOWN,M02_CASA_Pro_IIN_Check_R0_Implementation_and_Acceptance_v1.0,1.0,§15 Statuses / human messages,SRC-DOC-M02-I-00199,,,,MULTI_LAYER,,,,,Canonicalized from 1 candidate row(s); source text preserved in 10_SOURCE_EXTRACTS.csv.
M02-CAN-0368,m02.current_1_0.security_control.0dcbb1b0ded3a798,1.0,CURRENT_1_0,M02,Проверка по ИИН,SECURITY_CONTROL,SECURITY,§16 Security / privacy / audit,Контроль: Tenant isolation; Implementation requirement: Каждый batch/result/fact/task tenant-owned; direct foreign ID → deny/404 без existence leak.; Тест: T-033; AT-IIN-018,Контроль: Tenant isolation; Implementation requirement: Каждый batch/result/fact/task tenant-owned; direct foreign ID → deny/404 без existence leak.; Тест: T-033; AT-IIN-018,,,,,M02_CASA_Pro_IIN_Check_R0_Implementation_and_Acceptance_v1.0,1.0,§16 Security / privacy / audit,SRC-DOC-M02-I-00214,AT-IIN-018,,,SECURITY,,,,M02-TASK-019|M02-TASK-020,Canonicalized from 1 candidate row(s); source text preserved in 10_SOURCE_EXTRACTS.csv.
M02-CAN-0369,m02.current_1_0.security_control.7d24c3fe6f283dcf,1.0,CURRENT_1_0,M02,Проверка по ИИН,SECURITY_CONTROL,SECURITY,§16 Security / privacy / audit,Контроль: IIN protection; Implementation requirement: Encrypted vault; mask/HMAC refs; no URL/log/APM/analytics/notifications/client PDF.; Тест: T-032/T-034/T-044,Контроль: IIN protection; Implementation requirement: Encrypted vault; mask/HMAC refs; no URL/log/APM/analytics/notifications/client PDF.; Тест: T-032/T-034/T-044,,,,,M02_CASA_Pro_IIN_Check_R0_Implementation_and_Acceptance_v1.0,1.0,§16 Security / privacy / audit,SRC-DOC-M02-I-00215,,,,PARSER,,,,,Canonicalized from 1 candidate row(s); source text preserved in 10_SOURCE_EXTRACTS.csv.
M02-CAN-0370,m02.current_1_0.security_control.9243410bcd3affcd,1.0,CURRENT_1_0,M02,Проверка по ИИН,SECURITY_CONTROL,SECURITY,§16 Security / privacy / audit,Контроль: Credentials; Implementation requirement: Secrets manager refs; broker не видит token; connector deny-by-default.; Тест: T-005/T-006/T-032,Контроль: Credentials; Implementation requirement: Secrets manager refs; broker не видит token; connector deny-by-default.; Тест: T-005/T-006/T-032,,,,,M02_CASA_Pro_IIN_Check_R0_Implementation_and_Acceptance_v1.0,1.0,§16 Security / privacy / audit,SRC-DOC-M02-I-00216,,,,FRONTEND,,,,,Canonicalized from 1 candidate row(s); source text preserved in 10_SOURCE_EXTRACTS.csv.
M02-CAN-0371,m02.current_1_0.security_control.9ad3aca81f565e4a,1.0,CURRENT_1_0,M02,Проверка по ИИН,SECURITY_CONTROL,SECURITY,§16 Security / privacy / audit,Контроль: CAPTCHA/credentials; Implementation requirement: No solver/headless/password/OTP/EDS/cookies/client session storage.; Тест: T-013; AT-IIN-009,Контроль: CAPTCHA/credentials; Implementation requirement: No solver/headless/password/OTP/EDS/cookies/client session storage.; Тест: T-013; AT-IIN-009,,,,,M02_CASA_Pro_IIN_Check_R0_Implementation_and_Acceptance_v1.0,1.0,§16 Security / privacy / audit,SRC-DOC-M02-I-00217,AT-IIN-009,,,MULTI_LAYER,,,,M02-TASK-011,Canonicalized from 1 candidate row(s); source text preserved in 10_SOURCE_EXTRACTS.csv.
M02-CAN-0372,m02.current_1_0.security_control.bf893a27f6afec87,1.0,CURRENT_1_0,M02,Проверка по ИИН,SECURITY_CONTROL,SECURITY,§16 Security / privacy / audit,Контроль: Field allowlist; Implementation requirement: Данные третьих лиц удаляются до persistence; raw default off.; Тест: T-035/T-036,Контроль: Field allowlist; Implementation requirement: Данные третьих лиц удаляются до persistence; raw default off.; Тест: T-035/T-036,,,,,M02_CASA_Pro_IIN_Check_R0_Implementation_and_Acceptance_v1.0,1.0,§16 Security / privacy / audit,SRC-DOC-M02-I-00218,,,,DATA,,,,,Canonicalized from 1 candidate row(s); source text preserved in 10_SOURCE_EXTRACTS.csv.
M02-CAN-0373,m02.current_1_0.security_control.ed2501d81b2450bb,1.0,CURRENT_1_0,M02,Проверка по ИИН,SECURITY_CONTROL,SECURITY,§16 Security / privacy / audit,"Контроль: Audit; Implementation requirement: Consent, create/retry/manual confirm/refresh/access/export/delete policy actions: actor/time/reason/version.; Тест: T-037–T-039","Контроль: Audit; Implementation requirement: Consent, create/retry/manual confirm/refresh/access/export/delete policy actions: actor/time/reason/version.; Тест: T-037–T-039",,,,,M02_CASA_Pro_IIN_Check_R0_Implementation_and_Acceptance_v1.0,1.0,§16 Security / privacy / audit,SRC-DOC-M02-I-00219,,,,LEGAL,,,,,Canonicalized from 1 candidate row(s); source text preserved in 10_SOURCE_EXTRACTS.csv.
M02-CAN-0374,m02.current_1_0.security_control.5e0a29b32325d251,1.0,CURRENT_1_0,M02,Проверка по ИИН,SECURITY_CONTROL,SECURITY,§16 Security / privacy / audit,Контроль: Immutable history; Implementation requirement: Refresh/correction создаёт новую версию; supersedes_id; old evidence read-only.; Тест: T-008/T-026/T-031,Контроль: Immutable history; Implementation requirement: Refresh/correction создаёт новую версию; supersedes_id; old evidence read-only.; Тест: T-008/T-026/T-031,,,,,M02_CASA_Pro_IIN_Check_R0_Implementation_and_Acceptance_v1.0,1.0,§16 Security / privacy / audit,SRC-DOC-M02-I-00220,,,,MULTI_LAYER,,,,,Canonicalized from 1 candidate row(s); source text preserved in 10_SOURCE_EXTRACTS.csv.
M02-CAN-0375,m02.current_1_0.security_control.ee012c8f446859b8,1.0,CURRENT_1_0,M02,Проверка по ИИН,SECURITY_CONTROL,SECURITY,§16 Security / privacy / audit,"Контроль: Operational; Implementation requirement: RBAC/MFA, rate limit, retry/backoff, schema quarantine и incident controls.; Тест: T-029/T-030; RG12","Контроль: Operational; Implementation requirement: RBAC/MFA, rate limit, retry/backoff, schema quarantine и incident controls.; Тест: T-029/T-030; RG12",,,,,M02_CASA_Pro_IIN_Check_R0_Implementation_and_Acceptance_v1.0,1.0,§16 Security / privacy / audit,SRC-DOC-M02-I-00221,,,,DATA,,RG12,RG12,,Canonicalized from 1 candidate row(s); source text preserved in 10_SOURCE_EXTRACTS.csv.
M02-CAN-0376,m02.current_1_0.product_semantic.d2ee701469085a63,1.0,CURRENT_1_0,M02,Проверка по ИИН,PRODUCT_SEMANTIC,VALIDATION,§17 Выходной contract,"M02 публикует нейтральный, воспроизводимый набор результатов проверки участника. Downstream потребитель обязан читать coverage и freshness, а не только found/not_found.","M02 публикует нейтральный, воспроизводимый набор результатов проверки участника. Downstream потребитель обязан читать coverage и freshness, а не только found/not_found.",,,,,M02_CASA_Pro_IIN_Check_R0_Implementation_and_Acceptance_v1.0,1.0,§17 Выходной contract,SRC-DOC-M02-I-00224,,,,MULTI_LAYER,,,,,Canonicalized from 1 candidate row(s); source text preserved in 10_SOURCE_EXTRACTS.csv.
M02-CAN-0377,m02.current_1_0.security_control.fd7dc37d4a82231d,1.0,CURRENT_1_0,M02,Проверка по ИИН,SECURITY_CONTROL,SECURITY,§17 Выходной contract,"Передаёт: batch_id, participant/identity version, tenant/case reference, consent/manifest versions; Не передаёт как факт: Полный ИИН","Передаёт: batch_id, participant/identity version, tenant/case reference, consent/manifest versions; Не передаёт как факт: Полный ИИН",,,,,M02_CASA_Pro_IIN_Check_R0_Implementation_and_Acceptance_v1.0,1.0,§17 Выходной contract,SRC-DOC-M02-I-00226,,,,SECURITY|LEGAL,,,,,Canonicalized from 1 candidate row(s); source text preserved in 10_SOURCE_EXTRACTS.csv.
M02-CAN-0378,m02.current_1_0.product_semantic.e74f90e5e58e000f,1.0,CURRENT_1_0,M02,Проверка по ИИН,PRODUCT_SEMANTIC,BUSINESS_RULE,§17 Выходной contract,Передаёт: required/completed/manual/unavailable/blocked/stale/found/proven-negative counts + overall; Не передаёт как факт: «Клиент чистый/плохой/хороший»,Передаёт: required/completed/manual/unavailable/blocked/stale/found/proven-negative counts + overall; Не передаёт как факт: «Клиент чистый/плохой/хороший»,,,,BLOCKED|STALE,M02_CASA_Pro_IIN_Check_R0_Implementation_and_Acceptance_v1.0,1.0,§17 Выходной contract,SRC-DOC-M02-I-00227,,,,MULTI_LAYER,,,,,Canonicalized from 1 candidate row(s); source text preserved in 10_SOURCE_EXTRACTS.csv.
M02-CAN-0379,m02.current_1_0.product_semantic.fcc666744b8ff101,1.0,CURRENT_1_0,M02,Проверка по ИИН,PRODUCT_SEMANTIC,STATE,§17 Выходной contract,"Передаёт: per-source status/outcome, official source, check_type, channel; Не передаёт как факт: Одобрение/отказ/запрет ипотеки","Передаёт: per-source status/outcome, official source, check_type, channel; Не передаёт как факт: Одобрение/отказ/запрет ипотеки",,,,,M02_CASA_Pro_IIN_Check_R0_Implementation_and_Acceptance_v1.0,1.0,§17 Выходной contract,SRC-DOC-M02-I-00228,,,,MULTI_LAYER,,,,,Canonicalized from 1 candidate row(s); source text preserved in 10_SOURCE_EXTRACTS.csv.
M02-CAN-0380,m02.current_1_0.product_semantic.9f411fee3661ec6f,1.0,CURRENT_1_0,M02,Проверка по ИИН,PRODUCT_SEMANTIC,BUSINESS_RULE,§17 Выходной contract,Передаёт: allowlisted client_check_fact records; Не передаёт как факт: CASA Score или bank verdict,Передаёт: allowlisted client_check_fact records; Не передаёт как факт: CASA Score или bank verdict,,,,,M02_CASA_Pro_IIN_Check_R0_Implementation_and_Acceptance_v1.0,1.0,§17 Выходной contract,SRC-DOC-M02-I-00229,,,,MULTI_LAYER,,,,,Canonicalized from 1 candidate row(s); source text preserved in 10_SOURCE_EXTRACTS.csv.
M02-CAN-0381,m02.current_1_0.product_semantic.7683c525518a4269,1.0,CURRENT_1_0,M02,Проверка по ИИН,PRODUCT_SEMANTIC,BUSINESS_RULE,§17 Выходной contract,Передаёт: checked_at/source_data_as_of/fresh_until и explicit UNKNOWN; Не передаёт как факт: Нулевое значение вместо неизвестности,Передаёт: checked_at/source_data_as_of/fresh_until и explicit UNKNOWN; Не передаёт как факт: Нулевое значение вместо неизвестности,,,,UNKNOWN,M02_CASA_Pro_IIN_Check_R0_Implementation_and_Acceptance_v1.0,1.0,§17 Выходной contract,SRC-DOC-M02-I-00230,,,,DATA,,,,,Canonicalized from 1 candidate row(s); source text preserved in 10_SOURCE_EXTRACTS.csv.
M02-CAN-0382,m02.current_1_0.security_control.076c80fc0d441315,1.0,CURRENT_1_0,M02,Проверка по ИИН,SECURITY_CONTROL,AUDIT,§17 Выходной contract,Передаёт: evidence/provenance/audit/version references; Не передаёт как факт: Raw payload/данные третьих лиц без policy,Передаёт: evidence/provenance/audit/version references; Не передаёт как факт: Raw payload/данные третьих лиц без policy,,,,,M02_CASA_Pro_IIN_Check_R0_Implementation_and_Acceptance_v1.0,1.0,§17 Выходной contract,SRC-DOC-M02-I-00231,,,,MULTI_LAYER,,,,,Canonicalized from 1 candidate row(s); source text preserved in 10_SOURCE_EXTRACTS.csv.
M02-CAN-0383,m02.current_1_0.product_semantic.ebc62cfc714f0962,1.0,CURRENT_1_0,M02,Проверка по ИИН,PRODUCT_SEMANTIC,BUSINESS_RULE,§17 Выходной contract,DOWNSTREAM BOUNDARY  client_risk_signal и bank rule evaluation — отдельные версии/слои. Изменение derived rule не изменяет source fact и не является функцией M02 R0.: DOWNSTREAM BOUNDARY  client_risk_signal и bank rule evaluation — отдельные версии/слои. Изменение derived rule не изменяет source fact и не является функцией M02 R0.,DOWNSTREAM BOUNDARY  client_risk_signal и bank rule evaluation — отдельные версии/слои. Изменение derived rule не изменяет source fact и не является функцией M02 R0.: DOWNSTREAM BOUNDARY  client_risk_signal и bank rule evaluation — отдельные версии/слои. Изменение derived rule не изменяет source fact и не является функцией M02 R0.,,,,,M02_CASA_Pro_IIN_Check_R0_Implementation_and_Acceptance_v1.0,1.0,§17 Выходной contract,SRC-DOC-M02-I-00232,,,,MULTI_LAYER,,,,,Canonicalized from 1 candidate row(s); source text preserved in 10_SOURCE_EXTRACTS.csv.
M02-CAN-0384,m02.current_1_0.boundary.559156870e88eff0,1.0,CURRENT_1_0,M02,Проверка по ИИН,BOUNDARY,FORBIDDEN,§19 Разбор текущего demo,"ГРАНИЦА НАБЛЮДЕНИЯ  На фактически приложенном экране виден компактный элемент «Проверка по ИИН (официальные источники)», статус «Не запускалась» и кнопка «Запустить проверку». Production Spec также фиксирует ранее наблюдавшийся общий зелёный «Проверено: записей нет». По скриншотам нельзя установить скрытую backend-причину.: ГРАНИЦА НАБЛЮДЕНИЯ  На фактически приложенном экране виден компактный элемент «Проверка по ИИН (официальные источники)», статус «Не запускалась» и кнопка «Запустить проверку». Production Spec также фиксирует ранее наблюдавшийся общий зелёный «Проверено: записей нет». По скриншотам нельзя установить скрытую backend-причину.",,"ГРАНИЦА НАБЛЮДЕНИЯ  На фактически приложенном экране виден компактный элемент «Проверка по ИИН (официальные источники)», статус «Не запускалась» и кнопка «Запустить проверку». Production Spec также фиксирует ранее наблюдавшийся общий зелёный «Проверено: записей нет». По скриншотам нельзя установить скрытую backend-причину.: ГРАНИЦА НАБЛЮДЕНИЯ  На фактически приложенном экране виден компактный элемент «Проверка по ИИН (официальные источники)», статус «Не запускалась» и кнопка «Запустить проверку». Production Spec также фиксирует ранее наблюдавшийся общий зелёный «Проверено: записей нет». По скриншотам нельзя установить скрытую backend-причину.",,,,M02_CASA_Pro_IIN_Check_R0_Implementation_and_Acceptance_v1.0,1.0,§19 Разбор текущего demo,SRC-DOC-M02-I-00255,,,,BACKEND|FRONTEND|PRODUCT,,,,,Canonicalized from 1 candidate row(s); source text preserved in 10_SOURCE_EXTRACTS.csv.
M02-CAN-0385,m02.current_1_0.security_control.e430bac1a3fe5283,1.0,CURRENT_1_0,M02,Проверка по ИИН,SECURITY_CONTROL,CONSENT,§19 Разбор текущего demo,Что реально видно: Кнопка «Запустить проверку»; Что правильно: Есть единая точка действия.; Риск/дельта: До клика не видны consent/legal/access/manual условия.; Требование regression: T-003–T-006; AT-IIN-004.,Что реально видно: Кнопка «Запустить проверку»; Что правильно: Есть единая точка действия.; Риск/дельта: До клика не видны consent/legal/access/manual условия.; Требование regression: T-003–T-006; AT-IIN-004.,,,,,M02_CASA_Pro_IIN_Check_R0_Implementation_and_Acceptance_v1.0,1.0,§19 Разбор текущего demo,SRC-DOC-M02-I-00259,AT-IIN-004,,,LEGAL,,,,M02-TASK-006,Canonicalized from 1 candidate row(s); source text preserved in 10_SOURCE_EXTRACTS.csv.
M02-CAN-0386,m02.current_1_0.boundary.dd75db86bc51f15c,1.0,CURRENT_1_0,M02,Проверка по ИИН,BOUNDARY,FORBIDDEN,§19 Разбор текущего demo,"Что реально видно: Нет source cards; Что правильно: —; Риск/дельта: Нельзя понять, что проверено, когда, каким каналом и с evidence.; Требование regression: AT-IIN-005/010/016.",,"Что реально видно: Нет source cards; Что правильно: —; Риск/дельта: Нельзя понять, что проверено, когда, каким каналом и с evidence.; Требование regression: AT-IIN-005/010/016.",,,,M02_CASA_Pro_IIN_Check_R0_Implementation_and_Acceptance_v1.0,1.0,§19 Разбор текущего demo,SRC-DOC-M02-I-00260,AT-IIN-005,,,MULTI_LAYER,,,,M02-TASK-010|M02-TASK-015,Canonicalized from 1 candidate row(s); source text preserved in 10_SOURCE_EXTRACTS.csv.
M02-CAN-0387,m02.current_1_0.boundary.c4ed61cb9930d3a8,1.0,CURRENT_1_0,M02,Проверка по ИИН,BOUNDARY,FORBIDDEN,§19 Разбор текущего demo,"Что реально видно: Нет checked_at/source_data_as_of/freshness; Что правильно: Логично до запуска, но эти поля обязательны после результата.; Риск/дельта: Нельзя доказать актуальность completed state.; Требование regression: AT-IIN-010/015/016.",,"Что реально видно: Нет checked_at/source_data_as_of/freshness; Что правильно: Логично до запуска, но эти поля обязательны после результата.; Риск/дельта: Нельзя доказать актуальность completed state.; Требование regression: AT-IIN-010/015/016.",,,,M02_CASA_Pro_IIN_Check_R0_Implementation_and_Acceptance_v1.0,1.0,§19 Разбор текущего demo,SRC-DOC-M02-I-00261,AT-IIN-010,,,DATA,,,,M02-TASK-009|M02-TASK-014,Canonicalized from 1 candidate row(s); source text preserved in 10_SOURCE_EXTRACTS.csv.
M02-CAN-0388,m02.current_1_0.product_semantic.c06be7c2c8e4b443,1.0,CURRENT_1_0,M02,Проверка по ИИН,PRODUCT_SEMANTIC,VALIDATION,§2 Назначение,"Модуль фиксирует, какие официальные проверки входят в конкретный запуск, что реально выполнено, каким каналом, на какую дату, с каким исходом и доказательством. Он собирает source-backed facts и не делает банковского вывода.","Модуль фиксирует, какие официальные проверки входят в конкретный запуск, что реально выполнено, каким каналом, на какую дату, с каким исходом и доказательством. Он собирает source-backed facts и не делает банковского вывода.",,,,,M02_CASA_Pro_IIN_Check_R0_Implementation_and_Acceptance_v1.0,1.0,§2 Назначение,SRC-DOC-M02-I-00022,,,,MULTI_LAYER,,,,,Canonicalized from 1 candidate row(s); source text preserved in 10_SOURCE_EXTRACTS.csv.
M02-CAN-0389,m02.current_1_0.product_semantic.0c19f5b967ed44c6,1.0,CURRENT_1_0,M02,Проверка по ИИН,PRODUCT_SEMANTIC,BUSINESS_RULE,§2 Назначение,"ФАКТ ≠ РЕШЕНИЕ БАНКА  Даже найденная запись ОИП, исполнительная надпись, налоговый статус или процедура банкротства остаётся фактом официального источника. В M02 нет «банк одобрит/откажет», CASA Score, «хороший/плохой клиент» или ипотечного запрета.: ФАКТ ≠ РЕШЕНИЕ БАНКА  Даже найденная запись ОИП, исполнительная надпись, налоговый статус или процедура банкротства остаётся фактом официального источника. В M02 нет «банк одобрит/откажет», CASA Score, «хороший/плохой клиент» или ипотечного запрета.","ФАКТ ≠ РЕШЕНИЕ БАНКА  Даже найденная запись ОИП, исполнительная надпись, налоговый статус или процедура банкротства остаётся фактом официального источника. В M02 нет «банк одобрит/откажет», CASA Score, «хороший/плохой клиент» или ипотечного запрета.: ФАКТ ≠ РЕШЕНИЕ БАНКА  Даже найденная запись ОИП, исполнительная надпись, налоговый статус или процедура банкротства остаётся фактом официального источника. В M02 нет «банк одобрит/откажет», CASA Score, «хороший/плохой клиент» или ипотечного запрета.",,,,,M02_CASA_Pro_IIN_Check_R0_Implementation_and_Acceptance_v1.0,1.0,§2 Назначение,SRC-DOC-M02-I-00023,,,,MULTI_LAYER,,,,,Canonicalized from 1 candidate row(s); source text preserved in 10_SOURCE_EXTRACTS.csv.
M02-CAN-0390,m02.current_1_0.product_semantic.eb60a8a0d40c104f,1.0,CURRENT_1_0,M02,Проверка по ИИН,PRODUCT_SEMANTIC,VALIDATION,§20 KEEP / CHANGE / REMOVE / ADD,Решение: KEEP; Элемент: Название «Проверка по ИИН (официальные источники)»; Точное действие: Сохранить как заголовок раздела; добавить neutral disclaimer.; Layer / Priority: Frontend P1; Acceptance: AT-IIN-016/017,Решение: KEEP; Элемент: Название «Проверка по ИИН (официальные источники)»; Точное действие: Сохранить как заголовок раздела; добавить neutral disclaimer.; Layer / Priority: Frontend P1; Acceptance: AT-IIN-016/017,,,,,M02_CASA_Pro_IIN_Check_R0_Implementation_and_Acceptance_v1.0,1.0,§20 KEEP / CHANGE / REMOVE / ADD,SRC-DOC-M02-I-00267,AT-IIN-016,P1,,FRONTEND,,,,M02-TASK-016,Canonicalized from 1 candidate row(s); source text preserved in 10_SOURCE_EXTRACTS.csv.
M02-CAN-0391,m02.current_1_0.implementation_detail.db9daedce0b08d62,1.0,CURRENT_1_0,M02,Проверка по ИИН,IMPLEMENTATION_DETAIL,VALIDATION,§20 KEEP / CHANGE / REMOVE / ADD,Решение: KEEP; Элемент: Единый вход «Запустить проверку»; Точное действие: Оставить только при видимых/проверяемых preconditions и idempotency.; Layer / Priority: FE+BE P0; Acceptance: AT-IIN-004/013/014,Решение: KEEP; Элемент: Единый вход «Запустить проверку»; Точное действие: Оставить только при видимых/проверяемых preconditions и idempotency.; Layer / Priority: FE+BE P0; Acceptance: AT-IIN-004/013/014,,,,,M02_CASA_Pro_IIN_Check_R0_Implementation_and_Acceptance_v1.0,1.0,§20 KEEP / CHANGE / REMOVE / ADD,SRC-DOC-M02-I-00268,AT-IIN-004,P0,,MULTI_LAYER,,,,M02-TASK-006,Canonicalized from 1 candidate row(s); source text preserved in 10_SOURCE_EXTRACTS.csv.
M02-CAN-0392,m02.current_1_0.product_semantic.2bb18b12360fca47,1.0,CURRENT_1_0,M02,Проверка по ИИН,PRODUCT_SEMANTIC,STATE,§20 KEEP / CHANGE / REMOVE / ADD,"Решение: CHANGE; Элемент: Статус запуска; Точное действие: После запуска заменить одним из coverage-based overall states, не произвольным badge.; Layer / Priority: FE+BE P0; Acceptance: AT-IIN-006–008","Решение: CHANGE; Элемент: Статус запуска; Точное действие: После запуска заменить одним из coverage-based overall states, не произвольным badge.; Layer / Priority: FE+BE P0; Acceptance: AT-IIN-006–008",,,,,M02_CASA_Pro_IIN_Check_R0_Implementation_and_Acceptance_v1.0,1.0,§20 KEEP / CHANGE / REMOVE / ADD,SRC-DOC-M02-I-00269,AT-IIN-006,P0,,MULTI_LAYER,,,,M02-TASK-012|M02-TASK-013|M02-TASK-017|M02-TASK-021,Canonicalized from 1 candidate row(s); source text preserved in 10_SOURCE_EXTRACTS.csv.
M02-CAN-0393,m02.current_1_0.product_semantic.dbfb6810bffa3e41,1.0,CURRENT_1_0,M02,Проверка по ИИН,PRODUCT_SEMANTIC,ERROR,§20 KEEP / CHANGE / REMOVE / ADD,"Решение: REMOVE; Элемент: Общий green «Проверено: записей нет» без proof; Точное действие: Удалить path, который показывает clean при partial/unavailable/manual/error/stale.; Layer / Priority: FE+BE P0; Acceptance: AT-IIN-006–008/012","Решение: REMOVE; Элемент: Общий green «Проверено: записей нет» без proof; Точное действие: Удалить path, который показывает clean при partial/unavailable/manual/error/stale.; Layer / Priority: FE+BE P0; Acceptance: AT-IIN-006–008/012",,,,STALE,M02_CASA_Pro_IIN_Check_R0_Implementation_and_Acceptance_v1.0,1.0,§20 KEEP / CHANGE / REMOVE / ADD,SRC-DOC-M02-I-00270,AT-IIN-006,P0,,MULTI_LAYER,,,,M02-TASK-012|M02-TASK-013|M02-TASK-017|M02-TASK-021,Canonicalized from 1 candidate row(s); source text preserved in 10_SOURCE_EXTRACTS.csv.
M02-CAN-0394,m02.current_1_0.product_semantic.f97620eb2b7a9fdb,1.0,CURRENT_1_0,M02,Проверка по ИИН,PRODUCT_SEMANTIC,BUSINESS_RULE,§20 KEEP / CHANGE / REMOVE / ADD,"Решение: ADD; Элемент: Coverage summary; Точное действие: X/Y required, manual, unavailable, blocked, stale, found, proven negative.; Layer / Priority: BE+FE P0; Acceptance: AT-IIN-007/008","Решение: ADD; Элемент: Coverage summary; Точное действие: X/Y required, manual, unavailable, blocked, stale, found, proven negative.; Layer / Priority: BE+FE P0; Acceptance: AT-IIN-007/008",,,,BLOCKED|STALE,M02_CASA_Pro_IIN_Check_R0_Implementation_and_Acceptance_v1.0,1.0,§20 KEEP / CHANGE / REMOVE / ADD,SRC-DOC-M02-I-00271,AT-IIN-007,P0,,MULTI_LAYER,,,,,Canonicalized from 1 candidate row(s); source text preserved in 10_SOURCE_EXTRACTS.csv.
M02-CAN-0395,m02.current_1_0.product_semantic.dc1608924fe1aa97,1.0,CURRENT_1_0,M02,Проверка по ИИН,PRODUCT_SEMANTIC,STATE,§20 KEEP / CHANGE / REMOVE / ADD,Решение: ADD; Элемент: Source cards; Точное действие: Source/owner/channel/status/outcome/dates/facts/evidence/CTA.; Layer / Priority: BE+FE P0; Acceptance: AT-IIN-001/002/010/016,Решение: ADD; Элемент: Source cards; Точное действие: Source/owner/channel/status/outcome/dates/facts/evidence/CTA.; Layer / Priority: BE+FE P0; Acceptance: AT-IIN-001/002/010/016,,,,,M02_CASA_Pro_IIN_Check_R0_Implementation_and_Acceptance_v1.0,1.0,§20 KEEP / CHANGE / REMOVE / ADD,SRC-DOC-M02-I-00272,AT-IIN-001,P0,,MULTI_LAYER,,,,M02-TASK-002|M02-TASK-003|M02-TASK-022,Canonicalized from 1 candidate row(s); source text preserved in 10_SOURCE_EXTRACTS.csv.
M02-CAN-0396,m02.current_1_0.data_contract.b2fae1d769cd5061,1.0,CURRENT_1_0,M02,Проверка по ИИН,DATA_CONTRACT,PROVENANCE,§20 KEEP / CHANGE / REMOVE / ADD,"Решение: ADD; Элемент: Manual tasks; Точное действие: Official URL without IIN, instruction, actor/time/evidence/freshness.; Layer / Priority: BE+FE+QA P0; Acceptance: AT-IIN-005/009","Решение: ADD; Элемент: Manual tasks; Точное действие: Official URL without IIN, instruction, actor/time/evidence/freshness.; Layer / Priority: BE+FE+QA P0; Acceptance: AT-IIN-005/009",,,,,M02_CASA_Pro_IIN_Check_R0_Implementation_and_Acceptance_v1.0,1.0,§20 KEEP / CHANGE / REMOVE / ADD,SRC-DOC-M02-I-00273,AT-IIN-005,P0,,QA,,,,M02-TASK-010|M02-TASK-015,Canonicalized from 1 candidate row(s); source text preserved in 10_SOURCE_EXTRACTS.csv.
M02-CAN-0397,m02.current_1_0.product_semantic.4ab73552d95ae4df,1.0,CURRENT_1_0,M02,Проверка по ИИН,PRODUCT_SEMANTIC,STATE,§20 KEEP / CHANGE / REMOVE / ADD,Решение: ADD; Элемент: Human statuses; Точное действие: Map enums; internal codes only in details/admin.; Layer / Priority: FE+Design P0; Acceptance: AT-IIN-002/016; RG9,Решение: ADD; Элемент: Human statuses; Точное действие: Map enums; internal codes only in details/admin.; Layer / Priority: FE+Design P0; Acceptance: AT-IIN-002/016; RG9,,,,,M02_CASA_Pro_IIN_Check_R0_Implementation_and_Acceptance_v1.0,1.0,§20 KEEP / CHANGE / REMOVE / ADD,SRC-DOC-M02-I-00274,AT-IIN-002,P0,,MULTI_LAYER,,RG9,RG9,,Canonicalized from 1 candidate row(s); source text preserved in 10_SOURCE_EXTRACTS.csv.
M02-CAN-0398,m02.current_1_0.product_semantic.da7ccf5705d07eee,1.0,CURRENT_1_0,M02,Проверка по ИИН,PRODUCT_SEMANTIC,STATE,§20 KEEP / CHANGE / REMOVE / ADD,Решение: ADD; Элемент: Freshness + evidence; Точное действие: checked_at/source_data_as_of/fresh_until and evidence status/open.; Layer / Priority: BE+FE P0; Acceptance: AT-IIN-010/015/016,Решение: ADD; Элемент: Freshness + evidence; Точное действие: checked_at/source_data_as_of/fresh_until and evidence status/open.; Layer / Priority: BE+FE P0; Acceptance: AT-IIN-010/015/016,,,,,M02_CASA_Pro_IIN_Check_R0_Implementation_and_Acceptance_v1.0,1.0,§20 KEEP / CHANGE / REMOVE / ADD,SRC-DOC-M02-I-00275,AT-IIN-010,P0,,DATA,,,,M02-TASK-009|M02-TASK-014,Canonicalized from 1 candidate row(s); source text preserved in 10_SOURCE_EXTRACTS.csv.
M02-CAN-0399,m02.current_1_0.product_semantic.99731e4dd9f450dc,1.0,CURRENT_1_0,M02,Проверка по ИИН,PRODUCT_SEMANTIC,STATE,§21 Current implementation → target,Current issue: Общий no-records возможен без proof; Expected behaviour: COMPLETE_NO_RECORDS только при всех fresh evidence-valid mandatory negatives.; Change required: Coverage state machine + guard; Layers: BE/FE/QA; Priority: P0; Source: MASTER §12; Spec §7.4/§13.3; Acceptance: AT-IIN-006–008; Definition of Done: Partial/unavailable/manual/error/stale never green/no-records.,Current issue: Общий no-records возможен без proof; Expected behaviour: COMPLETE_NO_RECORDS только при всех fresh evidence-valid mandatory negatives.; Change required: Coverage state machine + guard; Layers: BE/FE/QA; Priority: P0; Source: MASTER §12; Spec §7.4/§13.3; Acceptance: AT-IIN-006–008; Definition of Done: Partial/unavailable/manual/error/stale never green/no-records.,,,,STALE,M02_CASA_Pro_IIN_Check_R0_Implementation_and_Acceptance_v1.0,1.0,§21 Current implementation → target,SRC-DOC-M02-I-00280,AT-IIN-006,P0,,QA,,,,M02-TASK-012|M02-TASK-013|M02-TASK-017|M02-TASK-021,Canonicalized from 1 candidate row(s); source text preserved in 10_SOURCE_EXTRACTS.csv.
M02-CAN-0400,m02.current_1_0.implementation_detail.ce286c1420d96830,1.0,CURRENT_1_0,M02,Проверка по ИИН,IMPLEMENTATION_DETAIL,API,§21 Current implementation → target,Current issue: Нет source-by-source coverage; Expected behaviour: Каждый check_type имеет result/card.; Change required: Registry + batch/results API + cards; Layers: Data/BE/FE; Priority: P0; Source: Spec §8/§9; Acceptance: AT-IIN-001/002/016; Definition of Done: All manifest checks visible with counts.,Current issue: Нет source-by-source coverage; Expected behaviour: Каждый check_type имеет result/card.; Change required: Registry + batch/results API + cards; Layers: Data/BE/FE; Priority: P0; Source: Spec §8/§9; Acceptance: AT-IIN-001/002/016; Definition of Done: All manifest checks visible with counts.,,,,,M02_CASA_Pro_IIN_Check_R0_Implementation_and_Acceptance_v1.0,1.0,§21 Current implementation → target,SRC-DOC-M02-I-00281,AT-IIN-001,P0,,BACKEND|DATA,,,,M02-TASK-002|M02-TASK-003|M02-TASK-022,Canonicalized from 1 candidate row(s); source text preserved in 10_SOURCE_EXTRACTS.csv.
M02-CAN-0401,m02.current_1_0.security_control.635aabce037b117f,1.0,CURRENT_1_0,M02,Проверка по ИИН,SECURITY_CONTROL,CONSENT,§21 Current implementation → target,Current issue: Одна кнопка без preconditions; Expected behaviour: Consent/IIN/legal/access gates видимы и проверяются до route.; Change required: Preflight response + human blockers; Layers: BE/FE; Priority: P0; Source: Spec §7.1; Acceptance: AT-IIN-004/013/014; Definition of Done: 0 calls on blockers; one idempotent batch.,Current issue: Одна кнопка без preconditions; Expected behaviour: Consent/IIN/legal/access gates видимы и проверяются до route.; Change required: Preflight response + human blockers; Layers: BE/FE; Priority: P0; Source: Spec §7.1; Acceptance: AT-IIN-004/013/014; Definition of Done: 0 calls on blockers; one idempotent batch.,,,,,M02_CASA_Pro_IIN_Check_R0_Implementation_and_Acceptance_v1.0,1.0,§21 Current implementation → target,SRC-DOC-M02-I-00282,AT-IIN-004,P0,,LEGAL,,,,M02-TASK-006,Canonicalized from 1 candidate row(s); source text preserved in 10_SOURCE_EXTRACTS.csv.
M02-CAN-0402,m02.current_1_0.implementation_detail.da9fe8e8e1069045,1.0,CURRENT_1_0,M02,Проверка по ИИН,IMPLEMENTATION_DETAIL,API,§21 Current implementation → target,"Current issue: Нет manual/evidence workflow; Expected behaviour: Manual task has official URL, instruction, actor/outcome/evidence/dates.; Change required: manual_check_task endpoints/UI; Layers: BE/FE/QA; Priority: P0; Source: Spec §7.2/§8; Acceptance: AT-IIN-005/009/010; Definition of Done: No evidence → reject; CAPTCHA manual.","Current issue: Нет manual/evidence workflow; Expected behaviour: Manual task has official URL, instruction, actor/outcome/evidence/dates.; Change required: manual_check_task endpoints/UI; Layers: BE/FE/QA; Priority: P0; Source: Spec §7.2/§8; Acceptance: AT-IIN-005/009/010; Definition of Done: No evidence → reject; CAPTCHA manual.",,,,,M02_CASA_Pro_IIN_Check_R0_Implementation_and_Acceptance_v1.0,1.0,§21 Current implementation → target,SRC-DOC-M02-I-00283,AT-IIN-005,P0,,QA,,,,M02-TASK-010|M02-TASK-015,Canonicalized from 1 candidate row(s); source text preserved in 10_SOURCE_EXTRACTS.csv.
M02-CAN-0403,m02.current_1_0.data_contract.dd0f87406e29e99b,1.0,CURRENT_1_0,M02,Проверка по ИИН,DATA_CONTRACT,DATA_MODEL,§21 Current implementation → target,"Current issue: Нет freshness; Expected behaviour: checked_at/as_of/fresh_until distinct; stale invalidates completeness.; Change required: Fields + TTL policy + refresh; Layers: Data/BE/FE; Priority: P0; Source: Spec §3.3/§8/§9; Acceptance: AT-IIN-010/015/016; Definition of Done: Old visible, new version on refresh.","Current issue: Нет freshness; Expected behaviour: checked_at/as_of/fresh_until distinct; stale invalidates completeness.; Change required: Fields + TTL policy + refresh; Layers: Data/BE/FE; Priority: P0; Source: Spec §3.3/§8/§9; Acceptance: AT-IIN-010/015/016; Definition of Done: Old visible, new version on refresh.",,,,STALE,M02_CASA_Pro_IIN_Check_R0_Implementation_and_Acceptance_v1.0,1.0,§21 Current implementation → target,SRC-DOC-M02-I-00284,AT-IIN-010,P0,,DATA,,,,M02-TASK-009|M02-TASK-014,Canonicalized from 1 candidate row(s); source text preserved in 10_SOURCE_EXTRACTS.csv.
M02-CAN-0404,m02.current_1_0.implementation_detail.6f27295ce391806e,1.0,CURRENT_1_0,M02,Проверка по ИИН,IMPLEMENTATION_DETAIL,STATE,§21 Current implementation → target,Current issue: Нет строгой error semantics; Expected behaviour: Status and outcome separate; unknown/empty/0/error distinct.; Change required: Normalizer + invariants; Layers: Data/BE/QA; Priority: P0; Source: Spec §8.3; Acceptance: AT-IIN-006/011/012; Definition of Done: 403/404/schema never not_found.,Current issue: Нет строгой error semantics; Expected behaviour: Status and outcome separate; unknown/empty/0/error distinct.; Change required: Normalizer + invariants; Layers: Data/BE/QA; Priority: P0; Source: Spec §8.3; Acceptance: AT-IIN-006/011/012; Definition of Done: 403/404/schema never not_found.,,,,UNKNOWN,M02_CASA_Pro_IIN_Check_R0_Implementation_and_Acceptance_v1.0,1.0,§21 Current implementation → target,SRC-DOC-M02-I-00285,AT-IIN-006,P0,,DATA|QA,,,,M02-TASK-012|M02-TASK-013|M02-TASK-017|M02-TASK-021,Canonicalized from 1 candidate row(s); source text preserved in 10_SOURCE_EXTRACTS.csv.
M02-CAN-0405,m02.current_1_0.product_semantic.9d94f39d3d943e95,1.0,CURRENT_1_0,M02,Проверка по ИИН,PRODUCT_SEMANTIC,BUSINESS_RULE,§21 Current implementation → target,Current issue: Нет fact/bank boundary copy; Expected behaviour: Found fact neutral + disclaimer; no bank_verdict.; Change required: Contract/UI regression; Layers: BE/FE/QA; Priority: P0; Source: Spec §13.1; Acceptance: AT-IIN-017; Definition of Done: No approval/decline/score labels.,Current issue: Нет fact/bank boundary copy; Expected behaviour: Found fact neutral + disclaimer; no bank_verdict.; Change required: Contract/UI regression; Layers: BE/FE/QA; Priority: P0; Source: Spec §13.1; Acceptance: AT-IIN-017; Definition of Done: No approval/decline/score labels.,,,,,M02_CASA_Pro_IIN_Check_R0_Implementation_and_Acceptance_v1.0,1.0,§21 Current implementation → target,SRC-DOC-M02-I-00286,AT-IIN-017,P0,,QA,,,,M02-TASK-018,Canonicalized from 1 candidate row(s); source text preserved in 10_SOURCE_EXTRACTS.csv.
M02-CAN-0406,m02.current_1_0.security_control.f919f667452c0e82,1.0,CURRENT_1_0,M02,Проверка по ИИН,SECURITY_CONTROL,SECURITY,§21 Current implementation → target,Current issue: PII controls не видны по screen; Expected behaviour: Implementation must prove masking/log/tenant controls; no backend inference from screenshot.; Change required: Security tests/audit evidence; Layers: BE/Sec/QA; Priority: P0; Source: Spec T-032–039; Acceptance: AT-IIN-018/019; Definition of Done: No IIN leakage/cross-tenant access.,Current issue: PII controls не видны по screen; Expected behaviour: Implementation must prove masking/log/tenant controls; no backend inference from screenshot.; Change required: Security tests/audit evidence; Layers: BE/Sec/QA; Priority: P0; Source: Spec T-032–039; Acceptance: AT-IIN-018/019; Definition of Done: No IIN leakage/cross-tenant access.,,,,,M02_CASA_Pro_IIN_Check_R0_Implementation_and_Acceptance_v1.0,1.0,§21 Current implementation → target,SRC-DOC-M02-I-00287,AT-IIN-018,P0,,BACKEND|QA|SECURITY,,,,M02-TASK-019|M02-TASK-020,Canonicalized from 1 candidate row(s); source text preserved in 10_SOURCE_EXTRACTS.csv.
M02-CAN-0407,m02.current_1_0.implementation_detail.86e0dd6981bff961,1.0,CURRENT_1_0,M02,Проверка по ИИН,IMPLEMENTATION_DETAIL,API,§24 R1 / R2 future gates,Stage: R1; Connector: AIS OIP official Open Data API; Обязательные условия: API key; Open Data terms; legal approval; field allowlist; security/retention; no-match/contract tests; on-call/fallback.; R0 status: Connector off; manual/data model only; не блокирует R0.,Stage: R1; Connector: AIS OIP official Open Data API; Обязательные условия: API key; Open Data terms; legal approval; field allowlist; security/retention; no-match/contract tests; on-call/fallback.; R0 status: Connector off; manual/data model only; не блокирует R0.,,,,,M02_CASA_Pro_IIN_Check_R0_Implementation_and_Acceptance_v1.0,1.0,§24 R1 / R2 future gates,SRC-DOC-M02-I-00334,,,,BACKEND|DATA|QA|SECURITY|LEGAL,,,,,Canonicalized from 1 candidate row(s); source text preserved in 10_SOURCE_EXTRACTS.csv.
M02-CAN-0408,m02.current_1_0.implementation_detail.e48e0569bf2d2022,1.0,CURRENT_1_0,M02,Проверка по ИИН,IMPLEMENTATION_DETAIL,API,§24 R1 / R2 future gates,Stage: R2; Connector: KGD taxpayer API; Обязательные условия: X-Portal-Token; owner approval; legal review; purpose/allowlist; rate limits; schema/error/no-match tests; security/retention.; R0 status: Connector off; manual/access state; не блокирует R0.,Stage: R2; Connector: KGD taxpayer API; Обязательные условия: X-Portal-Token; owner approval; legal review; purpose/allowlist; rate limits; schema/error/no-match tests; security/retention.; R0 status: Connector off; manual/access state; не блокирует R0.,,,,,M02_CASA_Pro_IIN_Check_R0_Implementation_and_Acceptance_v1.0,1.0,§24 R1 / R2 future gates,SRC-DOC-M02-I-00335,,,,BACKEND|DATA|QA|SECURITY|LEGAL,,,,,Canonicalized from 1 candidate row(s); source text preserved in 10_SOURCE_EXTRACTS.csv.
M02-CAN-0409,m02.current_1_0.security_control.1bce46ab23dc05fc,1.0,CURRENT_1_0,M02,Проверка по ИИН,SECURITY_CONTROL,CONSENT,§24 R1 / R2 future gates,Stage: R2 conditional; Connector: KGD counterparty profile; Обязательные условия: Все R2 gates + confirmed IP/private-practice status + separate purpose/consent for statistics.; R0 status: NOT_APPLICABLE until condition; не блокирует R0.,Stage: R2 conditional; Connector: KGD counterparty profile; Обязательные условия: Все R2 gates + confirmed IP/private-practice status + separate purpose/consent for statistics.; R0 status: NOT_APPLICABLE until condition; не блокирует R0.,,,,CONFIRMED|NOT_APPLICABLE,M02_CASA_Pro_IIN_Check_R0_Implementation_and_Acceptance_v1.0,1.0,§24 R1 / R2 future gates,SRC-DOC-M02-I-00336,,,,LEGAL,,,,,Canonicalized from 1 candidate row(s); source text preserved in 10_SOURCE_EXTRACTS.csv.
M02-CAN-0410,m02.current_1_0.product_semantic.bd9d0b6ad94de6ec,1.0,CURRENT_1_0,M02,Проверка по ИИН,PRODUCT_SEMANTIC,STATE,§24 R1 / R2 future gates,"НИКАКОГО MOCK NO-RECORDS  Fixture может симулировать state-machine contract только в тестовой среде. Пока production connector выключен, пользовательский result показывает manual/access/legal/unavailable путь — не фиктивное «ничего не найдено».: НИКАКОГО MOCK NO-RECORDS  Fixture может симулировать state-machine contract только в тестовой среде. Пока production connector выключен, пользовательский result показывает manual/access/legal/unavailable путь — не фиктивное «ничего не найдено».","НИКАКОГО MOCK NO-RECORDS  Fixture может симулировать state-machine contract только в тестовой среде. Пока production connector выключен, пользовательский result показывает manual/access/legal/unavailable путь — не фиктивное «ничего не найдено».: НИКАКОГО MOCK NO-RECORDS  Fixture может симулировать state-machine contract только в тестовой среде. Пока production connector выключен, пользовательский result показывает manual/access/legal/unavailable путь — не фиктивное «ничего не найдено».",,,,,M02_CASA_Pro_IIN_Check_R0_Implementation_and_Acceptance_v1.0,1.0,§24 R1 / R2 future gates,SRC-DOC-M02-I-00337,,,,QA|LEGAL|PRODUCT,,,,,Canonicalized from 1 candidate row(s); source text preserved in 10_SOURCE_EXTRACTS.csv.
M02-CAN-0411,m02.current_1_0.security_control.4b89ac7a527223c0,1.0,CURRENT_1_0,M02,Проверка по ИИН,SECURITY_CONTROL,CONSENT,§5 Архитектура R0 / R1 / R2,"Стадия: R0 — текущий scope; Что работает: Data model, registry/manifest, consent, validation, batch/coverage, manual tasks, evidence, audit, UI и tests.; Gate / запрет: Без внешних production-вызовов; connectors=false.","Стадия: R0 — текущий scope; Что работает: Data model, registry/manifest, consent, validation, batch/coverage, manual tasks, evidence, audit, UI и tests.; Gate / запрет: Без внешних production-вызовов; connectors=false.",,,,,M02_CASA_Pro_IIN_Check_R0_Implementation_and_Acceptance_v1.0,1.0,§5 Архитектура R0 / R1 / R2,SRC-DOC-M02-I-00053,,,,FRONTEND|DATA|QA|LEGAL|PRODUCT,,,,,Canonicalized from 1 candidate row(s); source text preserved in 10_SOURCE_EXTRACTS.csv.
M02-CAN-0412,m02.current_1_0.data_contract.8bc1460d9bb8b7a0,1.0,CURRENT_1_0,M02,Проверка по ИИН,DATA_CONTRACT,PROVENANCE,§5 Архитектура R0 / R1 / R2,Стадия: R3 — только manual; Что работает: ЕНИС; tax debt/eGov; bankruptcy/restoration.; Gate / запрет: Официальная ссылка + evidence + подтверждение человека/клиента.,Стадия: R3 — только manual; Что работает: ЕНИС; tax debt/eGov; bankruptcy/restoration.; Gate / запрет: Официальная ссылка + evidence + подтверждение человека/клиента.,,,,,M02_CASA_Pro_IIN_Check_R0_Implementation_and_Acceptance_v1.0,1.0,§5 Архитектура R0 / R1 / R2,SRC-DOC-M02-I-00056,,,,DATA,,,,,Canonicalized from 1 candidate row(s); source text preserved in 10_SOURCE_EXTRACTS.csv.
M02-CAN-0413,m02.current_1_0.boundary.e23735cfcc400342,1.0,CURRENT_1_0,M02,Проверка по ИИН,BOUNDARY,FORBIDDEN,§5 Архитектура R0 / R1 / R2,"FEATURE FLAG  Каждый automatic connector включается независимо по source.code. До одновременного закрытия legal approval, access/token, terms, security, field allowlist, retention и contract tests вызов запрещён; используется только разрешённый manual/client-authorized/unavailable путь.: FEATURE FLAG  Каждый automatic connector включается независимо по source.code. До одновременного закрытия legal approval, access/token, terms, security, field allowlist, retention и contract tests вызов запрещён; используется только разрешённый manual/client-authorized/unavailable путь.",,"FEATURE FLAG  Каждый automatic connector включается независимо по source.code. До одновременного закрытия legal approval, access/token, terms, security, field allowlist, retention и contract tests вызов запрещён; используется только разрешённый manual/client-authorized/unavailable путь.: FEATURE FLAG  Каждый automatic connector включается независимо по source.code. До одновременного закрытия legal approval, access/token, terms, security, field allowlist, retention и contract tests вызов запрещён; используется только разрешённый manual/client-authorized/unavailable путь.",,,,M02_CASA_Pro_IIN_Check_R0_Implementation_and_Acceptance_v1.0,1.0,§5 Архитектура R0 / R1 / R2,SRC-DOC-M02-I-00058,,,,DATA|QA|SECURITY|LEGAL,,,,,Canonicalized from 1 candidate row(s); source text preserved in 10_SOURCE_EXTRACTS.csv.
M02-CAN-0414,m02.current_1_0.security_control.d4a242eb7082a43f,1.0,CURRENT_1_0,M02,Проверка по ИИН,SECURITY_CONTROL,CONSENT,§6 Пользовательский путь,"Шаг: 1. Нет запуска; Что видит брокер: Карточка «Проверка по ИИН», masked ИИН, статус «Не запускалась».; Что делает: Запрашивает запуск.; Что делает CASA: Проверяет case/participant/identity/consent.; Состояние: NOT_STARTED; Blocker: Нет прав/identity/consent.","Шаг: 1. Нет запуска; Что видит брокер: Карточка «Проверка по ИИН», masked ИИН, статус «Не запускалась».; Что делает: Запрашивает запуск.; Что делает CASA: Проверяет case/participant/identity/consent.; Состояние: NOT_STARTED; Blocker: Нет прав/identity/consent.",,,,,M02_CASA_Pro_IIN_Check_R0_Implementation_and_Acceptance_v1.0,1.0,§6 Пользовательский путь,SRC-DOC-M02-I-00062,,,,LEGAL,,,,,Canonicalized from 1 candidate row(s); source text preserved in 10_SOURCE_EXTRACTS.csv.
M02-CAN-0415,m02.current_1_0.security_control.3214eb62e8999356,1.0,CURRENT_1_0,M02,Проверка по ИИН,SECURITY_CONTROL,CONSENT,§6 Пользовательский путь,"Шаг: 2. Предусловия; Что видит брокер: Понятно видит, что мешает запуску.; Что делает: Исправляет ИИН или получает согласие.; Что делает CASA: 12 digits/check digit; purpose/manifest; no external call.; Состояние: VALIDATION/BLOCKED; Blocker: Invalid IIN, consent mismatch.","Шаг: 2. Предусловия; Что видит брокер: Понятно видит, что мешает запуску.; Что делает: Исправляет ИИН или получает согласие.; Что делает CASA: 12 digits/check digit; purpose/manifest; no external call.; Состояние: VALIDATION/BLOCKED; Blocker: Invalid IIN, consent mismatch.",,,,BLOCKED,M02_CASA_Pro_IIN_Check_R0_Implementation_and_Acceptance_v1.0,1.0,§6 Пользовательский путь,SRC-DOC-M02-I-00063,,,,LEGAL,,,,,Canonicalized from 1 candidate row(s); source text preserved in 10_SOURCE_EXTRACTS.csv.
M02-CAN-0416,m02.current_1_0.security_control.1517508638ff1c7f,1.0,CURRENT_1_0,M02,Проверка по ИИН,SECURITY_CONTROL,CONSENT,§6 Пользовательский путь,"Шаг: 3. Batch; Что видит брокер: Видит состав и «Подготавливаем проверки».; Что делает: Не нажимает повторно.; Что делает CASA: Создаёт immutable batch, Idempotency-Key, manifest/consent/actor/time.; Состояние: QUEUED; Blocker: Duplicate key reuses one batch.","Шаг: 3. Batch; Что видит брокер: Видит состав и «Подготавливаем проверки».; Что делает: Не нажимает повторно.; Что делает CASA: Создаёт immutable batch, Idempotency-Key, manifest/consent/actor/time.; Состояние: QUEUED; Blocker: Duplicate key reuses one batch.",,,,,M02_CASA_Pro_IIN_Check_R0_Implementation_and_Acceptance_v1.0,1.0,§6 Пользовательский путь,SRC-DOC-M02-I-00064,,,,LEGAL,,,,,Canonicalized from 1 candidate row(s); source text preserved in 10_SOURCE_EXTRACTS.csv.
M02-CAN-0417,m02.current_1_0.implementation_detail.6f6fdf81711baa9a,1.0,CURRENT_1_0,M02,Проверка по ИИН,IMPLEMENTATION_DETAIL,API,§6 Пользовательский путь,Шаг: 4. Маршруты R0; Что видит брокер: Карточки источников: manual/client action/unavailable.; Что делает: Открывает разрешённую задачу.; Что делает CASA: Не вызывает production API; создаёт per-check result/task.; Состояние: MANUAL/ACCESS/LEGAL; Blocker: Connector gate off.,Шаг: 4. Маршруты R0; Что видит брокер: Карточки источников: manual/client action/unavailable.; Что делает: Открывает разрешённую задачу.; Что делает CASA: Не вызывает production API; создаёт per-check result/task.; Состояние: MANUAL/ACCESS/LEGAL; Blocker: Connector gate off.,,,,,M02_CASA_Pro_IIN_Check_R0_Implementation_and_Acceptance_v1.0,1.0,§6 Пользовательский путь,SRC-DOC-M02-I-00065,,,,BACKEND|LEGAL|PRODUCT,,,,,Canonicalized from 1 candidate row(s); source text preserved in 10_SOURCE_EXTRACTS.csv.
M02-CAN-0418,m02.current_1_0.product_semantic.509f67beca359616,1.0,CURRENT_1_0,M02,Проверка по ИИН,PRODUCT_SEMANTIC,STATE,§6 Пользовательский путь,"Шаг: 5. Ручная проверка; Что видит брокер: Официальный источник, инструкция, срок, evidence requirement.; Что делает: Сам вводит ИИН на сайте и фиксирует исход + evidence.; Что делает CASA: Проверяет evidence/actor/time; не переносит ИИН в URL.; Состояние: IN_REVIEW; Blocker: CAPTCHA; evidence missing.","Шаг: 5. Ручная проверка; Что видит брокер: Официальный источник, инструкция, срок, evidence requirement.; Что делает: Сам вводит ИИН на сайте и фиксирует исход + evidence.; Что делает CASA: Проверяет evidence/actor/time; не переносит ИИН в URL.; Состояние: IN_REVIEW; Blocker: CAPTCHA; evidence missing.",,,,,M02_CASA_Pro_IIN_Check_R0_Implementation_and_Acceptance_v1.0,1.0,§6 Пользовательский путь,SRC-DOC-M02-I-00066,,,,MULTI_LAYER,,,,,Canonicalized from 1 candidate row(s); source text preserved in 10_SOURCE_EXTRACTS.csv.
M02-CAN-0419,m02.current_1_0.implementation_detail.02883b4d5368801d,1.0,CURRENT_1_0,M02,Проверка по ИИН,IMPLEMENTATION_DETAIL,STATE,§6 Пользовательский путь,"Шаг: 6. Результаты; Что видит брокер: Каждый source отдельно: канал, исход, даты, facts, evidence, CTA.; Что делает: Открывает доказательство/повторяет/обновляет.; Что делает CASA: Нормализует allowlist; unknown/error remain distinct.; Состояние: PER-SOURCE; Blocker: Schema/evidence error.","Шаг: 6. Результаты; Что видит брокер: Каждый source отдельно: канал, исход, даты, facts, evidence, CTA.; Что делает: Открывает доказательство/повторяет/обновляет.; Что делает CASA: Нормализует allowlist; unknown/error remain distinct.; Состояние: PER-SOURCE; Blocker: Schema/evidence error.",,,,UNKNOWN,M02_CASA_Pro_IIN_Check_R0_Implementation_and_Acceptance_v1.0,1.0,§6 Пользовательский путь,SRC-DOC-M02-I-00067,,,,DATA,,,,,Canonicalized from 1 candidate row(s); source text preserved in 10_SOURCE_EXTRACTS.csv.
M02-CAN-0420,m02.current_1_0.product_semantic.a88cafc0bc07881b,1.0,CURRENT_1_0,M02,Проверка по ИИН,PRODUCT_SEMANTIC,STATE,§6 Пользовательский путь,Шаг: 7. Coverage; Что видит брокер: Сначала общий текст X/Y и незакрытые источники.; Что делает: Закрывает разрешённые задачи.; Что делает CASA: Считает required checks; complete только если все завершены.; Состояние: PARTIAL/COMPLETE; Blocker: Любой incomplete/unknown/stale.,Шаг: 7. Coverage; Что видит брокер: Сначала общий текст X/Y и незакрытые источники.; Что делает: Закрывает разрешённые задачи.; Что делает CASA: Считает required checks; complete только если все завершены.; Состояние: PARTIAL/COMPLETE; Blocker: Любой incomplete/unknown/stale.,,,,UNKNOWN|STALE,M02_CASA_Pro_IIN_Check_R0_Implementation_and_Acceptance_v1.0,1.0,§6 Пользовательский путь,SRC-DOC-M02-I-00068,,,,MULTI_LAYER,,,,,Canonicalized from 1 candidate row(s); source text preserved in 10_SOURCE_EXTRACTS.csv.
M02-CAN-0421,m02.current_1_0.security_control.f0ffee5a5bf6e719,1.0,CURRENT_1_0,M02,Проверка по ИИН,SECURITY_CONTROL,CONSENT,§6 Пользовательский путь,"Шаг: 8. Refresh; Что видит брокер: Старый результат виден как исторический, с датой.; Что делает: Нажимает «Обновить».; Что делает CASA: Создаёт новый batch/result + supersedes_id.; Состояние: STALE→NEW; Blocker: Consent/retention/gates rechecked.","Шаг: 8. Refresh; Что видит брокер: Старый результат виден как исторический, с датой.; Что делает: Нажимает «Обновить».; Что делает CASA: Создаёт новый batch/result + supersedes_id.; Состояние: STALE→NEW; Blocker: Consent/retention/gates rechecked.",,,,STALE,M02_CASA_Pro_IIN_Check_R0_Implementation_and_Acceptance_v1.0,1.0,§6 Пользовательский путь,SRC-DOC-M02-I-00069,,,,LEGAL,,,,,Canonicalized from 1 candidate row(s); source text preserved in 10_SOURCE_EXTRACTS.csv.
M02-CAN-0422,m02.current_1_0.product_semantic.ff6591129cdcbd9a,1.0,CURRENT_1_0,M02,Проверка по ИИН,PRODUCT_SEMANTIC,STATE,§6 Пользовательский путь,Шаг: 9. Передача; Что видит брокер: Нейтральные source facts и предупреждение.; Что делает: Продолжает работу с делом.; Что делает CASA: Передаёт downstream contract; не запускает bank verdict.; Состояние: READY/PARTIAL; Blocker: Consumer respects unknown/coverage.,Шаг: 9. Передача; Что видит брокер: Нейтральные source facts и предупреждение.; Что делает: Продолжает работу с делом.; Что делает CASA: Передаёт downstream contract; не запускает bank verdict.; Состояние: READY/PARTIAL; Blocker: Consumer respects unknown/coverage.,,,,UNKNOWN,M02_CASA_Pro_IIN_Check_R0_Implementation_and_Acceptance_v1.0,1.0,§6 Пользовательский путь,SRC-DOC-M02-I-00070,,,,MULTI_LAYER,,,,,Canonicalized from 1 candidate row(s); source text preserved in 10_SOURCE_EXTRACTS.csv.
M02-CAN-0423,m02.current_1_0.security_control.84c1136fcc7fe7e3,1.0,CURRENT_1_0,M02,Проверка по ИИН,SECURITY_CONTROL,CONSENT,§7 Проверка ИИН и consent gates,"Gate: IIN_FORMAT; Проверка: Ровно 12 цифр.; При нарушении: VALIDATION_ERROR; batch может фиксировать блокер, external count=0.; Непреложный инвариант: Не исправлять автоматически и не обрезать.","Gate: IIN_FORMAT; Проверка: Ровно 12 цифр.; При нарушении: VALIDATION_ERROR; batch может фиксировать блокер, external count=0.; Непреложный инвариант: Не исправлять автоматически и не обрезать.",,,,,M02_CASA_Pro_IIN_Check_R0_Implementation_and_Acceptance_v1.0,1.0,§7 Проверка ИИН и consent gates,SRC-DOC-M02-I-00074,,,,MULTI_LAYER,,,,,Canonicalized from 1 candidate row(s); source text preserved in 10_SOURCE_EXTRACTS.csv.
M02-CAN-0424,m02.current_1_0.security_control.deb030e08c5f60f7,1.0,CURRENT_1_0,M02,Проверка по ИИН,SECURITY_CONTROL,CONSENT,§7 Проверка ИИН и consent gates,Gate: IIN_CHECK_DIGIT; Проверка: Официальный алгоритм 12-го контрольного разряда.; При нарушении: VALIDATION_ERROR; external count=0.; Непреложный инвариант: Не выводить пол/дату рождения из структуры ИИН.,Gate: IIN_CHECK_DIGIT; Проверка: Официальный алгоритм 12-го контрольного разряда.; При нарушении: VALIDATION_ERROR; external count=0.; Непреложный инвариант: Не выводить пол/дату рождения из структуры ИИН.,,,,,M02_CASA_Pro_IIN_Check_R0_Implementation_and_Acceptance_v1.0,1.0,§7 Проверка ИИН и consent gates,SRC-DOC-M02-I-00075,,,,MULTI_LAYER,,,,,Canonicalized from 1 candidate row(s); source text preserved in 10_SOURCE_EXTRACTS.csv.
M02-CAN-0425,m02.current_1_0.security_control.9cc598f7c5bee730,1.0,CURRENT_1_0,M02,Проверка по ИИН,SECURITY_CONTROL,SECURITY,§7 Проверка ИИН и consent gates,Gate: IDENTITY_BINDING; Проверка: borrower_id + identity_version + tenant/case.; При нарушении: Запуск блокирован.; Непреложный инвариант: Исправление ИИН создаёт новую identity version; старый batch immutable.,Gate: IDENTITY_BINDING; Проверка: borrower_id + identity_version + tenant/case.; При нарушении: Запуск блокирован.; Непреложный инвариант: Исправление ИИН создаёт новую identity version; старый batch immutable.,,,,,M02_CASA_Pro_IIN_Check_R0_Implementation_and_Acceptance_v1.0,1.0,§7 Проверка ИИН и consent gates,SRC-DOC-M02-I-00076,,,,SECURITY,,,,,Canonicalized from 1 candidate row(s); source text preserved in 10_SOURCE_EXTRACTS.csv.
M02-CAN-0426,m02.current_1_0.security_control.bab933f3a2e9bbf7,1.0,CURRENT_1_0,M02,Проверка по ИИН,SECURITY_CONTROL,CONSENT,§7 Проверка ИИН и consent gates,Gate: CONSENT; Проверка: Active participant-bound purpose mortgage_preanalysis_official_registry_checks + manifest version.; При нарушении: BLOCKED_CONSENT; запросы не выполнялись.; Непреложный инвариант: Согласие одного участника не покрывает другого.,Gate: CONSENT; Проверка: Active participant-bound purpose mortgage_preanalysis_official_registry_checks + manifest version.; При нарушении: BLOCKED_CONSENT; запросы не выполнялись.; Непреложный инвариант: Согласие одного участника не покрывает другого.,,,,,M02_CASA_Pro_IIN_Check_R0_Implementation_and_Acceptance_v1.0,1.0,§7 Проверка ИИН и consent gates,SRC-DOC-M02-I-00077,,,,LEGAL,,,,,Canonicalized from 1 candidate row(s); source text preserved in 10_SOURCE_EXTRACTS.csv.
M02-CAN-0427,m02.current_1_0.security_control.9ddada90f0a1895d,1.0,CURRENT_1_0,M02,Проверка по ИИН,SECURITY_CONTROL,CONSENT,§7 Проверка ИИН и consent gates,Gate: SOURCE_GATE; Проверка: legal/access/terms/allowlist/retention/credentials per source.; При нарушении: legal/access/manual state; connector off.; Непреложный инвариант: Технически доступный URL не равен разрешённой автоматизации.,Gate: SOURCE_GATE; Проверка: legal/access/terms/allowlist/retention/credentials per source.; При нарушении: legal/access/manual state; connector off.; Непреложный инвариант: Технически доступный URL не равен разрешённой автоматизации.,,,,,M02_CASA_Pro_IIN_Check_R0_Implementation_and_Acceptance_v1.0,1.0,§7 Проверка ИИН и consent gates,SRC-DOC-M02-I-00078,,,,LEGAL,,,,,Canonicalized from 1 candidate row(s); source text preserved in 10_SOURCE_EXTRACTS.csv.
M02-CAN-0428,m02.current_1_0.security_control.d30991c62b77acf8,1.0,CURRENT_1_0,M02,Проверка по ИИН,SECURITY_CONTROL,CONSENT,§7 Проверка ИИН и consent gates,Gate: IDEMPOTENCY; Проверка: Idempotency-Key на create batch.; При нарушении: Возвращается существующий batch.; Непреложный инвариант: Двойной клик не создаёт второй набор tasks/results.,Gate: IDEMPOTENCY; Проверка: Idempotency-Key на create batch.; При нарушении: Возвращается существующий batch.; Непреложный инвариант: Двойной клик не создаёт второй набор tasks/results.,,,,,M02_CASA_Pro_IIN_Check_R0_Implementation_and_Acceptance_v1.0,1.0,§7 Проверка ИИН и consent gates,SRC-DOC-M02-I-00079,,,,MULTI_LAYER,,,,,Canonicalized from 1 candidate row(s); source text preserved in 10_SOURCE_EXTRACTS.csv.
M02-CAN-0429,m02.current_1_0.security_control.c942f4f4103628d3,1.0,CURRENT_1_0,M02,Проверка по ИИН,SECURITY_CONTROL,SECURITY,§7 Проверка ИИН и consent gates,"ПОЛНЫЙ ИИН  Хранится только согласно утверждённой security architecture в encrypted borrower vault. В result/evidence/URL/query/path/referrer/logs/APM/analytics/traces/notifications/client PDF используется borrower reference, HMAC lookup token или маска — не полный ИИН.: ПОЛНЫЙ ИИН  Хранится только согласно утверждённой security architecture в encrypted borrower vault. В result/evidence/URL/query/path/referrer/logs/APM/analytics/traces/notifications/client PDF используется borrower reference, HMAC lookup token или маска — не полный ИИН.","ПОЛНЫЙ ИИН  Хранится только согласно утверждённой security architecture в encrypted borrower vault. В result/evidence/URL/query/path/referrer/logs/APM/analytics/traces/notifications/client PDF используется borrower reference, HMAC lookup token или маска — не полный ИИН.: ПОЛНЫЙ ИИН  Хранится только согласно утверждённой security architecture в encrypted borrower vault. В result/evidence/URL/query/path/referrer/logs/APM/analytics/traces/notifications/client PDF используется borrower reference, HMAC lookup token или маска — не полный ИИН.",,,,,M02_CASA_Pro_IIN_Check_R0_Implementation_and_Acceptance_v1.0,1.0,§7 Проверка ИИН и consent gates,SRC-DOC-M02-I-00080,,,,PARSER|SECURITY|LEGAL,,,,,Canonicalized from 1 candidate row(s); source text preserved in 10_SOURCE_EXTRACTS.csv.
M02-CAN-0430,m02.current_1_0.product_semantic.252327559b13d818,1.0,CURRENT_1_0,M02,Проверка по ИИН,PRODUCT_SEMANTIC,BUSINESS_RULE,§8 Source Registry / Manifest v1,"Coverage denominator формируется из активных required check_type frozen manifest конкретного batch. В базовом Manifest v1 — семь BASE_REQUIRED check_type; exit_restriction хранится отдельно, хотя может использовать тот же AIS OIP source result.","Coverage denominator формируется из активных required check_type frozen manifest конкретного batch. В базовом Manifest v1 — семь BASE_REQUIRED check_type; exit_restriction хранится отдельно, хотя может использовать тот же AIS OIP source result.",,,,,M02_CASA_Pro_IIN_Check_R0_Implementation_and_Acceptance_v1.0,1.0,§8 Source Registry / Manifest v1,SRC-DOC-M02-I-00098,,,,MULTI_LAYER,,,,,Canonicalized from 1 candidate row(s); source text preserved in 10_SOURCE_EXTRACTS.csv.
M02-CAN-0431,m02.current_1_0.security_control.c78146f8e858384e,1.0,CURRENT_1_0,M02,Проверка по ИИН,SECURITY_CONTROL,CONSENT,§9 Batch и coverage,Объект/поле: required_total; Правило: Количество активных required check_type в frozen manifest batch; conditional входит только после доказанного условия и consent scope.,Объект/поле: required_total; Правило: Количество активных required check_type в frozen manifest batch; conditional входит только после доказанного условия и consent scope.,,,,,M02_CASA_Pro_IIN_Check_R0_Implementation_and_Acceptance_v1.0,1.0,§9 Batch и coverage,SRC-DOC-M02-I-00103,,,,LEGAL|PRODUCT,,,,,Canonicalized from 1 candidate row(s); source text preserved in 10_SOURCE_EXTRACTS.csv.
M02-CAN-0432,m02.current_1_0.data_contract.0ae131c33d00f774,1.0,CURRENT_1_0,M02,Проверка по ИИН,DATA_CONTRACT,DATA_MODEL,§9 Batch и coverage,"Объект/поле: completed; Правило: Только terminal, fresh, evidence-valid per-source result с допустимым outcome.","Объект/поле: completed; Правило: Только terminal, fresh, evidence-valid per-source result с допустимым outcome.",,,,,M02_CASA_Pro_IIN_Check_R0_Implementation_and_Acceptance_v1.0,1.0,§9 Batch и coverage,SRC-DOC-M02-I-00104,,,,DATA,,,,,Canonicalized from 1 candidate row(s); source text preserved in 10_SOURCE_EXTRACTS.csv.
M02-CAN-0433,m02.current_1_0.product_semantic.ce986ab3a3ac80f5,1.0,CURRENT_1_0,M02,Проверка по ИИН,PRODUCT_SEMANTIC,ERROR,§9 Batch и coverage,Объект/поле: proven_negative; Правило: completed + source-specific documented not_found/zero; не empty/null/error.,Объект/поле: proven_negative; Правило: completed + source-specific documented not_found/zero; не empty/null/error.,,,,ZERO,M02_CASA_Pro_IIN_Check_R0_Implementation_and_Acceptance_v1.0,1.0,§9 Batch и coverage,SRC-DOC-M02-I-00105,,,,MULTI_LAYER,,,,,Canonicalized from 1 candidate row(s); source text preserved in 10_SOURCE_EXTRACTS.csv.
M02-CAN-0434,m02.current_1_0.data_contract.90534e6639d37fce,1.0,CURRENT_1_0,M02,Проверка по ИИН,DATA_CONTRACT,DATA_MODEL,§9 Batch и coverage,Объект/поле: found; Правило: completed + found; факт не меняет банковский verdict.,Объект/поле: found; Правило: completed + found; факт не меняет банковский verdict.,,,,,M02_CASA_Pro_IIN_Check_R0_Implementation_and_Acceptance_v1.0,1.0,§9 Batch и coverage,SRC-DOC-M02-I-00106,,,,DATA,,,,,Canonicalized from 1 candidate row(s); source text preserved in 10_SOURCE_EXTRACTS.csv.
M02-CAN-0435,m02.current_1_0.data_contract.32b0cc77083705e6,1.0,CURRENT_1_0,M02,Проверка по ИИН,DATA_CONTRACT,DATA_MODEL,§9 Batch и coverage,Объект/поле: manual/unavailable/blocked/stale; Правило: Отдельные счётчики; каждый исключает COMPLETE_NO_RECORDS.,Объект/поле: manual/unavailable/blocked/stale; Правило: Отдельные счётчики; каждый исключает COMPLETE_NO_RECORDS.,,,,BLOCKED|STALE,M02_CASA_Pro_IIN_Check_R0_Implementation_and_Acceptance_v1.0,1.0,§9 Batch и coverage,SRC-DOC-M02-I-00107,,,,DATA,,,,,Canonicalized from 1 candidate row(s); source text preserved in 10_SOURCE_EXTRACTS.csv.
M02-CAN-0436,m02.current_1_0.product_semantic.d09506939d75c776,1.0,CURRENT_1_0,M02,Проверка по ИИН,PRODUCT_SEMANTIC,STATE,§9 Batch и coverage,Объект/поле: overall_status; Правило: Детерминированно выводится из results; пользователь не выбирает общий исход вручную.,Объект/поле: overall_status; Правило: Детерминированно выводится из results; пользователь не выбирает общий исход вручную.,,,,,M02_CASA_Pro_IIN_Check_R0_Implementation_and_Acceptance_v1.0,1.0,§9 Batch и coverage,SRC-DOC-M02-I-00108,,,,MULTI_LAYER,,,,,Canonicalized from 1 candidate row(s); source text preserved in 10_SOURCE_EXTRACTS.csv.
M02-CAN-0437,m02.current_1_0.ux_requirement.2d2636949d3751dd,1.0,CURRENT_1_0,M02,Проверка по ИИН,UX_REQUIREMENT,UI,§9 Batch и coverage,Overall: COMPLETE_FACTS_FOUND; Условие: Все обязательные checks завершены и минимум один outcome=found.; Текст брокеру: Проверка завершена. Найдены факты: N. Это не решение банка.,Overall: COMPLETE_FACTS_FOUND; Условие: Все обязательные checks завершены и минимум один outcome=found.; Текст брокеру: Проверка завершена. Найдены факты: N. Это не решение банка.,,,,,M02_CASA_Pro_IIN_Check_R0_Implementation_and_Acceptance_v1.0,1.0,§9 Batch и coverage,SRC-DOC-M02-I-00110,,,,MULTI_LAYER,,,,,Canonicalized from 1 candidate row(s); source text preserved in 10_SOURCE_EXTRACTS.csv.
M02-CAN-0438,m02.current_1_0.ux_requirement.3ef34fc78e179005,1.0,CURRENT_1_0,M02,Проверка по ИИН,UX_REQUIREMENT,UI,§9 Batch и coverage,"Overall: COMPLETE_NO_RECORDS; Условие: Все mandatory свежие, evidence-valid и имеют доказанный negative/zero; нет manual/unavailable/unknown.; Текст брокеру: Обязательные источники проверены. По проверенным источникам записей не найдено.","Overall: COMPLETE_NO_RECORDS; Условие: Все mandatory свежие, evidence-valid и имеют доказанный negative/zero; нет manual/unavailable/unknown.; Текст брокеру: Обязательные источники проверены. По проверенным источникам записей не найдено.",,,,ZERO|UNKNOWN,M02_CASA_Pro_IIN_Check_R0_Implementation_and_Acceptance_v1.0,1.0,§9 Batch и coverage,SRC-DOC-M02-I-00111,,,,MULTI_LAYER,,,,,Canonicalized from 1 candidate row(s); source text preserved in 10_SOURCE_EXTRACTS.csv.
M02-CAN-0439,m02.current_1_0.ux_requirement.b82d75fd96676c6b,1.0,CURRENT_1_0,M02,Проверка по ИИН,UX_REQUIREMENT,UI,§9 Batch и coverage,Overall: BLOCKED_LEGAL; Условие: Не выполнен обязательный legal gate для планируемого route.; Текст брокеру: Автоматическая проверка пока недоступна. Используйте разрешённый ручной путь.,Overall: BLOCKED_LEGAL; Условие: Не выполнен обязательный legal gate для планируемого route.; Текст брокеру: Автоматическая проверка пока недоступна. Используйте разрешённый ручной путь.,,,,,M02_CASA_Pro_IIN_Check_R0_Implementation_and_Acceptance_v1.0,1.0,§9 Batch и coverage,SRC-DOC-M02-I-00114,,,,LEGAL,,,,,Canonicalized from 1 candidate row(s); source text preserved in 10_SOURCE_EXTRACTS.csv.
M02-CAN-0440,m02.current_1_0.ux_requirement.0480b38c2f33d88a,1.0,CURRENT_1_0,M02,Проверка по ИИН,UX_REQUIREMENT,UI,§9 Batch и coverage,Overall: STALE; Условие: Хотя бы один необходимый result просрочен.; Текст брокеру: Результат устарел. Обновите проверку.,Overall: STALE; Условие: Хотя бы один необходимый result просрочен.; Текст брокеру: Результат устарел. Обновите проверку.,,,,STALE,M02_CASA_Pro_IIN_Check_R0_Implementation_and_Acceptance_v1.0,1.0,§9 Batch и coverage,SRC-DOC-M02-I-00115,,,,MULTI_LAYER,,,,,Canonicalized from 1 candidate row(s); source text preserved in 10_SOURCE_EXTRACTS.csv.
M02-CAN-0441,m02.current_1_0.security_control.4deee30d6d78c1d4,1.0,CURRENT_1_0,M02,Проверка по ИИН,SECURITY_CONTROL,CONSENT,§9 Batch и coverage,ПРИОРИТЕТ ИТОГА  Consent block показывается до запуска. После результатов stale required check делает batch STALE; любой незавершённый/unknown/error check делает coverage неполным. COMPLETE_* допускается только при полном доказанном покрытии.: ПРИОРИТЕТ ИТОГА  Consent block показывается до запуска. После результатов stale required check делает batch STALE; любой незавершённый/unknown/error check делает coverage неполным. COMPLETE_* допускается только при полном доказанном покрытии.,ПРИОРИТЕТ ИТОГА  Consent block показывается до запуска. После результатов stale required check делает batch STALE; любой незавершённый/unknown/error check делает coverage неполным. COMPLETE_* допускается только при полном доказанном покрытии.: ПРИОРИТЕТ ИТОГА  Consent block показывается до запуска. После результатов stale required check делает batch STALE; любой незавершённый/unknown/error check делает coverage неполным. COMPLETE_* допускается только при полном доказанном покрытии.,,,,STALE|UNKNOWN,M02_CASA_Pro_IIN_Check_R0_Implementation_and_Acceptance_v1.0,1.0,§9 Batch и coverage,SRC-DOC-M02-I-00116,,,,LEGAL,,,,,Canonicalized from 1 candidate row(s); source text preserved in 10_SOURCE_EXTRACTS.csv.
M02-CAN-0442,m02.current_1_0.security_control.02c2e681eb0e302f,1.0,CURRENT_1_0,M02,Проверка по ИИН,SECURITY_CONTROL,CONSENT,Входит в R0,"participant-bound consent purpose, manifest и отзыв/истечение;","participant-bound consent purpose, manifest и отзыв/истечение;",,,,,M02_CASA_Pro_IIN_Check_R0_Implementation_and_Acceptance_v1.0,1.0,Входит в R0,SRC-DOC-M02-I-00036,,,,LEGAL,,,,,Canonicalized from 1 candidate row(s); source text preserved in 10_SOURCE_EXTRACTS.csv.
M02-CAN-0443,m02.current_1_0.data_contract.268f420bf3f3f515,1.0,CURRENT_1_0,M02,Проверка по ИИН,DATA_CONTRACT,SNAPSHOT,Входит в R0,"client_check_batch, отдельные client_check_result/fact, manual_check_task, coverage и immutable refresh history;","client_check_batch, отдельные client_check_result/fact, manual_check_task, coverage и immutable refresh history;",,,,,M02_CASA_Pro_IIN_Check_R0_Implementation_and_Acceptance_v1.0,1.0,Входит в R0,SRC-DOC-M02-I-00037,,,,DATA,,,,,Canonicalized from 1 candidate row(s); source text preserved in 10_SOURCE_EXTRACTS.csv.
M02-CAN-0444,m02.current_1_0.product_semantic.bbcf36c41ac42883,1.0,CURRENT_1_0,M02,Проверка по ИИН,PRODUCT_SEMANTIC,ERROR,Входит в R0,"строгий NOT_FOUND contract, UNKNOWN, ошибки схемы, evidence/provenance и freshness;","строгий NOT_FOUND contract, UNKNOWN, ошибки схемы, evidence/provenance и freshness;",,,,UNKNOWN,M02_CASA_Pro_IIN_Check_R0_Implementation_and_Acceptance_v1.0,1.0,Входит в R0,SRC-DOC-M02-I-00039,,,,MULTI_LAYER,,,,,Canonicalized from 1 candidate row(s); source text preserved in 10_SOURCE_EXTRACTS.csv.
M02-CAN-0445,m02.current_1_0.ux_requirement.ff828eb319a34974,1.0,CURRENT_1_0,M02,Проверка по ИИН,UX_REQUIREMENT,UI,Входит в R0,"source-by-source broker UI, человеческие статусы, desktop/mobile/accessibility;","source-by-source broker UI, человеческие статусы, desktop/mobile/accessibility;",,,,,M02_CASA_Pro_IIN_Check_R0_Implementation_and_Acceptance_v1.0,1.0,Входит в R0,SRC-DOC-M02-I-00040,,,,FRONTEND,,,,,Canonicalized from 1 candidate row(s); source text preserved in 10_SOURCE_EXTRACTS.csv.
M02-CAN-0446,m02.current_1_0.security_control.97fc432cb083d04f,1.0,CURRENT_1_0,M02,Проверка по ИИН,SECURITY_CONTROL,SECURITY,Входит в R0,"tenant isolation, RBAC/MFA policy hooks, PII redaction, audit, idempotency и regression checklist T-001…T-048.","tenant isolation, RBAC/MFA policy hooks, PII redaction, audit, idempotency и regression checklist T-001…T-048.",,,,,M02_CASA_Pro_IIN_Check_R0_Implementation_and_Acceptance_v1.0,1.0,Входит в R0,SRC-DOC-M02-I-00041,,,,SECURITY,,,,,Canonicalized from 1 candidate row(s); source text preserved in 10_SOURCE_EXTRACTS.csv.
M02-CAN-0447,m02.current_1_0.implementation_detail.e38d65c9eb2f2385,1.0,CURRENT_1_0,M02,Проверка по ИИН,IMPLEMENTATION_DETAIL,API,Не входит,"Не реализовывать: Production API в R0; Граница: Нет вызовов AIS OIP, KGD или другого внешнего production endpoint; отсутствие token не блокирует R0.","Не реализовывать: Production API в R0; Граница: Нет вызовов AIS OIP, KGD или другого внешнего production endpoint; отсутствие token не блокирует R0.",,,,,M02_CASA_Pro_IIN_Check_R0_Implementation_and_Acceptance_v1.0,1.0,Не входит,SRC-DOC-M02-I-00044,,,,BACKEND|PRODUCT,,,,,Canonicalized from 1 candidate row(s); source text preserved in 10_SOURCE_EXTRACTS.csv.
M02-CAN-0448,m02.current_1_0.boundary.0e1f137e8aedc8ff,1.0,CURRENT_1_0,M02,Проверка по ИИН,BOUNDARY,FUTURE_BOUNDARY,Не входит,Не реализовывать: Новые государственные базы; Граница: Только Manifest v1 Production Spec; никаких дополнительных источников или blanket search.,Не реализовывать: Новые государственные базы; Граница: Только Manifest v1 Production Spec; никаких дополнительных источников или blanket search.,,,,,M02_CASA_Pro_IIN_Check_R0_Implementation_and_Acceptance_v1.0,1.0,Не входит,SRC-DOC-M02-I-00045,,,,PRODUCT,,,,,Canonicalized from 1 candidate row(s); source text preserved in 10_SOURCE_EXTRACTS.csv.
M02-CAN-0449,m02.current_1_0.product_semantic.44e1737cf0e68d70,1.0,CURRENT_1_0,M02,Проверка по ИИН,PRODUCT_SEMANTIC,PARSER,Не входит,"Не реализовывать: CAPTCHA/кабинеты; Граница: Нет OCR/solver/headless обхода, cookies, логинов, паролей, OTP и хранения ЭЦП клиента.","Не реализовывать: CAPTCHA/кабинеты; Граница: Нет OCR/solver/headless обхода, cookies, логинов, паролей, OTP и хранения ЭЦП клиента.",,,,,M02_CASA_Pro_IIN_Check_R0_Implementation_and_Acceptance_v1.0,1.0,Не входит,SRC-DOC-M02-I-00046,,,,PARSER,,,,,Canonicalized from 1 candidate row(s); source text preserved in 10_SOURCE_EXTRACTS.csv.
M02-CAN-0450,m02.current_1_0.boundary.2b408ad3bb0be4a4,1.0,CURRENT_1_0,M02,Проверка по ИИН,BOUNDARY,FUTURE_BOUNDARY,Не входит,"Не реализовывать: Bank Rules/вердикт; Граница: Fact layer не создаёт отказ, одобрение, score или банковскую интерпретацию.","Не реализовывать: Bank Rules/вердикт; Граница: Fact layer не создаёт отказ, одобрение, score или банковскую интерпретацию.",,,,,M02_CASA_Pro_IIN_Check_R0_Implementation_and_Acceptance_v1.0,1.0,Не входит,SRC-DOC-M02-I-00047,,,,MULTI_LAYER,,,,,Canonicalized from 1 candidate row(s); source text preserved in 10_SOURCE_EXTRACTS.csv.
M02-CAN-0451,m02.current_1_0.product_semantic.5b3ce5ac40c3fedb,1.0,CURRENT_1_0,M02,Проверка по ИИН,PRODUCT_SEMANTIC,CALCULATION,Не входит,"Не реализовывать: Другие модули; Граница: Нет Credit History, Pension, Client Profile design, Calculation Engine, сценариев и недвижимости.","Не реализовывать: Другие модули; Граница: Нет Credit History, Pension, Client Profile design, Calculation Engine, сценариев и недвижимости.",,,,,M02_CASA_Pro_IIN_Check_R0_Implementation_and_Acceptance_v1.0,1.0,Не входит,SRC-DOC-M02-I-00048,,,,MULTI_LAYER,,,,,Canonicalized from 1 candidate row(s); source text preserved in 10_SOURCE_EXTRACTS.csv.
M02-CAN-0452,m02.current_1_0.product_semantic.877300767d1362f6,1.0,CURRENT_1_0,M02,Проверка по ИИН,PRODUCT_SEMANTIC,STATE,Не входит,"Не реализовывать: Mock как проверка; Граница: Синтетические fixtures тестируют R0 state machine, но не отображаются пользователю как реальная проверка источника.","Не реализовывать: Mock как проверка; Граница: Синтетические fixtures тестируют R0 state machine, но не отображаются пользователю как реальная проверка источника.",,,,,M02_CASA_Pro_IIN_Check_R0_Implementation_and_Acceptance_v1.0,1.0,Не входит,SRC-DOC-M02-I-00049,,,,QA,,,,,Canonicalized from 1 candidate row(s); source text preserved in 10_SOURCE_EXTRACTS.csv.
M02-CAN-0453,m02.current_1_0.product_semantic.444e6108a2c9dff5,1.0,CURRENT_1_0,M02,Проверка по ИИН,PRODUCT_SEMANTIC,STATE,Обязательный контракт client_check_result,status отдельно от result.outcome; result.facts — references на immutable client_check_fact;,status отдельно от result.outcome; result.facts — references на immutable client_check_fact;,,,,,M02_CASA_Pro_IIN_Check_R0_Implementation_and_Acceptance_v1.0,1.0,Обязательный контракт client_check_result,SRC-DOC-M02-I-00130,,,,MULTI_LAYER,,,,,Canonicalized from 1 candidate row(s); source text preserved in 10_SOURCE_EXTRACTS.csv.
M02-CAN-0454,m02.current_1_0.product_semantic.7e38ec8e14c72009,1.0,CURRENT_1_0,M02,Проверка по ИИН,PRODUCT_SEMANTIC,BUSINESS_RULE,Обязательный контракт client_check_result,"checked_at, source_data_as_of, fresh_until или явный UNKNOWN;","checked_at, source_data_as_of, fresh_until или явный UNKNOWN;",,,,UNKNOWN,M02_CASA_Pro_IIN_Check_R0_Implementation_and_Acceptance_v1.0,1.0,Обязательный контракт client_check_result,SRC-DOC-M02-I-00131,,,,DATA,,,,,Canonicalized from 1 candidate row(s); source text preserved in 10_SOURCE_EXTRACTS.csv.
M02-CAN-0455,m02.current_1_0.product_semantic.8e3f28b2b9ed0df1,1.0,CURRENT_1_0,M02,Проверка по ИИН,PRODUCT_SEMANTIC,BUSINESS_RULE,Обязательный контракт client_check_result,source_reference request/response/upstream code только в разрешённой форме;,source_reference request/response/upstream code только в разрешённой форме;,,,,,M02_CASA_Pro_IIN_Check_R0_Implementation_and_Acceptance_v1.0,1.0,Обязательный контракт client_check_result,SRC-DOC-M02-I-00132,,,,MULTI_LAYER,,,,,Canonicalized from 1 candidate row(s); source text preserved in 10_SOURCE_EXTRACTS.csv.
M02-CAN-0456,m02.current_1_0.security_control.f1e37a59ccc80680,1.0,CURRENT_1_0,M02,Проверка по ИИН,SECURITY_CONTROL,CONSENT,Обязательный контракт client_check_result,legal_basis_status + consent_id + approval_id; evidence hash/reference + retention_policy_id;,legal_basis_status + consent_id + approval_id; evidence hash/reference + retention_policy_id;,,,,,M02_CASA_Pro_IIN_Check_R0_Implementation_and_Acceptance_v1.0,1.0,Обязательный контракт client_check_result,SRC-DOC-M02-I-00133,,,,LEGAL,,,,,Canonicalized from 1 candidate row(s); source text preserved in 10_SOURCE_EXTRACTS.csv.
M02-CAN-0457,m02.current_1_0.security_control.0e9aee9845c88a84,1.0,CURRENT_1_0,M02,Проверка по ИИН,SECURITY_CONTROL,SECURITY,Обязательный контракт client_check_result,"RAW MINIMIZATION  Raw response по умолчанию не хранится. Сохраняются allowlisted normalized facts, hash/IDs и минимальное evidence. Raw допустим только в encrypted evidence vault при утверждённых security/retention правилах.: RAW MINIMIZATION  Raw response по умолчанию не хранится. Сохраняются allowlisted normalized facts, hash/IDs и минимальное evidence. Raw допустим только в encrypted evidence vault при утверждённых security/retention правилах.","RAW MINIMIZATION  Raw response по умолчанию не хранится. Сохраняются allowlisted normalized facts, hash/IDs и минимальное evidence. Raw допустим только в encrypted evidence vault при утверждённых security/retention правилах.: RAW MINIMIZATION  Raw response по умолчанию не хранится. Сохраняются allowlisted normalized facts, hash/IDs и минимальное evidence. Raw допустим только в encrypted evidence vault при утверждённых security/retention правилах.",,,,,M02_CASA_Pro_IIN_Check_R0_Implementation_and_Acceptance_v1.0,1.0,Обязательный контракт client_check_result,SRC-DOC-M02-I-00135,,,,SECURITY,,,,,Canonicalized from 1 candidate row(s); source text preserved in 10_SOURCE_EXTRACTS.csv.
M02-CAN-0458,m02.current_1_0.ux_requirement.521dad0a0bdcbbd1,1.0,CURRENT_1_0,M02,Проверка по ИИН,UX_REQUIREMENT,UI,Целевой broker UI,Блок карточки: Заголовок; Показывать: Название проверки + официальный владелец источника.,Блок карточки: Заголовок; Показывать: Название проверки + официальный владелец источника.,,,,,M02_CASA_Pro_IIN_Check_R0_Implementation_and_Acceptance_v1.0,1.0,Целевой broker UI,SRC-DOC-M02-I-00203,,,,MULTI_LAYER,,,,,Canonicalized from 1 candidate row(s); source text preserved in 10_SOURCE_EXTRACTS.csv.
M02-CAN-0459,m02.current_1_0.ux_requirement.2a373e5d078d9bd9,1.0,CURRENT_1_0,M02,Проверка по ИИН,UX_REQUIREMENT,UI,Целевой broker UI,Блок карточки: Канал; Показывать: Автоматически / вручную / с участием клиента / временно недоступно.,Блок карточки: Канал; Показывать: Автоматически / вручную / с участием клиента / временно недоступно.,,,,,M02_CASA_Pro_IIN_Check_R0_Implementation_and_Acceptance_v1.0,1.0,Целевой broker UI,SRC-DOC-M02-I-00204,,,,MULTI_LAYER,,,,,Canonicalized from 1 candidate row(s); source text preserved in 10_SOURCE_EXTRACTS.csv.
M02-CAN-0460,m02.current_1_0.ux_requirement.d2cc1deae042efd1,1.0,CURRENT_1_0,M02,Проверка по ИИН,UX_REQUIREMENT,UI,Целевой broker UI,Блок карточки: Статус и исход; Показывать: Человеческий текст; technical enum доступен только в деталях/admin.,Блок карточки: Статус и исход; Показывать: Человеческий текст; technical enum доступен только в деталях/admin.,,,,,M02_CASA_Pro_IIN_Check_R0_Implementation_and_Acceptance_v1.0,1.0,Целевой broker UI,SRC-DOC-M02-I-00205,,,,MULTI_LAYER,,,,,Canonicalized from 1 candidate row(s); source text preserved in 10_SOURCE_EXTRACTS.csv.
M02-CAN-0461,m02.current_1_0.ux_requirement.1931366f37a8bf4b,1.0,CURRENT_1_0,M02,Проверка по ИИН,UX_REQUIREMENT,UI,Целевой broker UI,"Блок карточки: Время; Показывать: checked_at, source_data_as_of, fresh_until/возраст или понятный UNKNOWN.","Блок карточки: Время; Показывать: checked_at, source_data_as_of, fresh_until/возраст или понятный UNKNOWN.",,,,UNKNOWN,M02_CASA_Pro_IIN_Check_R0_Implementation_and_Acceptance_v1.0,1.0,Целевой broker UI,SRC-DOC-M02-I-00206,,,,DATA,,,,,Canonicalized from 1 candidate row(s); source text preserved in 10_SOURCE_EXTRACTS.csv.
M02-CAN-0462,m02.current_1_0.ux_requirement.88f6e7c6d6e3b29f,1.0,CURRENT_1_0,M02,Проверка по ИИН,UX_REQUIREMENT,UI,Целевой broker UI,Блок карточки: Факты; Показывать: Только allowlisted normalized facts; найденный факт нейтральный.,Блок карточки: Факты; Показывать: Только allowlisted normalized facts; найденный факт нейтральный.,,,,,M02_CASA_Pro_IIN_Check_R0_Implementation_and_Acceptance_v1.0,1.0,Целевой broker UI,SRC-DOC-M02-I-00207,,,,MULTI_LAYER,,,,,Canonicalized from 1 candidate row(s); source text preserved in 10_SOURCE_EXTRACTS.csv.
M02-CAN-0463,m02.current_1_0.ux_requirement.ae7639a0c130d569,1.0,CURRENT_1_0,M02,Проверка по ИИН,UX_REQUIREMENT,UI,Целевой broker UI,Блок карточки: Evidence; Показывать: Автоматически подтверждено / оператором / отсутствует + открыть evidence.,Блок карточки: Evidence; Показывать: Автоматически подтверждено / оператором / отсутствует + открыть evidence.,,,,,M02_CASA_Pro_IIN_Check_R0_Implementation_and_Acceptance_v1.0,1.0,Целевой broker UI,SRC-DOC-M02-I-00208,,,,MULTI_LAYER,,,,,Canonicalized from 1 candidate row(s); source text preserved in 10_SOURCE_EXTRACTS.csv.
M02-CAN-0464,m02.current_1_0.product_semantic.cabaf34b061774a1,1.0,CURRENT_1_0,M02,Проверка по ИИН,PRODUCT_SEMANTIC,STATE,Целевой broker UI,"Блок карточки: CTA; Показывать: Не более одного primary action, разрешённого текущим состоянием.","Блок карточки: CTA; Показывать: Не более одного primary action, разрешённого текущим состоянием.",,,,,M02_CASA_Pro_IIN_Check_R0_Implementation_and_Acceptance_v1.0,1.0,Целевой broker UI,SRC-DOC-M02-I-00209,,,,MULTI_LAYER,,,,,Canonicalized from 1 candidate row(s); source text preserved in 10_SOURCE_EXTRACTS.csv.
M02-CAN-0465,m02.current_1_0.ux_requirement.4ecfa8b43be954fb,1.0,CURRENT_1_0,M02,Проверка по ИИН,UX_REQUIREMENT,UI,Целевой broker UI,Блок карточки: Дисклеймер; Показывать: «Факт источника — не решение банка».,Блок карточки: Дисклеймер; Показывать: «Факт источника — не решение банка».,,,,,M02_CASA_Pro_IIN_Check_R0_Implementation_and_Acceptance_v1.0,1.0,Целевой broker UI,SRC-DOC-M02-I-00210,,,,MULTI_LAYER,,,,,Canonicalized from 1 candidate row(s); source text preserved in 10_SOURCE_EXTRACTS.csv.
