requirement_id,canonical_key,release,applicability,module_id,module_name,requirement_level,category,subsystem,requirement,expected_behavior,forbidden_behavior,input,output,state_or_status,source_documents,source_versions,source_sections,source_extract_ids,acceptance_test_ids,priority,criticality,implementation_layer,dependency,release_gate,open_gate_ids,developer_task_ids,notes
M03-CAN-0001,m03.current_1_0.product_semantic.c55388e8fe6c0229,1.0,CURRENT_1_0,M03,Кредитная история,PRODUCT_SEMANTIC,BUSINESS_RULE,A. Происхождение и идентификаторы,"Группа: Договор; Поля: contract_code, agreement_number, application_date, contract_start_date, contract_end_date, actual_issue_date, actual_close_date","Группа: Договор; Поля: contract_code, agreement_number, application_date, contract_start_date, contract_end_date, actual_issue_date, actual_close_date",,,,,CASA_Pro_Credit_History_Engine_Final_Spec_KZ_2026-08-21,2026-08-21,A. Происхождение и идентификаторы,SRC-DOC-M03-P-00230,,,,MULTI_LAYER,,,,,Canonicalized from 1 candidate row(s); source text preserved in 10_SOURCE_EXTRACTS.csv.
M03-CAN-0002,m03.current_1_0.product_semantic.29ef28fa86f22c90,1.0,CURRENT_1_0,M03,Кредитная история,PRODUCT_SEMANTIC,BUSINESS_RULE,A. Происхождение и идентификаторы,"Группа: Уступка; Поля: assignee_name, assignee_bin, assignment_date, assignment_amount, assignment_price, related_contract_refs[]","Группа: Уступка; Поля: assignee_name, assignee_bin, assignment_date, assignment_amount, assignment_price, related_contract_refs[]",,,,,CASA_Pro_Credit_History_Engine_Final_Spec_KZ_2026-08-21,2026-08-21,A. Происхождение и идентификаторы,SRC-DOC-M03-P-00232,,,,MULTI_LAYER,,,,,Canonicalized from 1 candidate row(s); source text preserved in 10_SOURCE_EXTRACTS.csv.
M03-CAN-0003,m03.current_1_0.product_semantic.937ee833f3bf5853,1.0,CURRENT_1_0,M03,Кредитная история,PRODUCT_SEMANTIC,STATE,B. Классификация,"Группа: Состояние; Поля: phase_raw, phase, source_status_raw, source_classification_raw, closure_kind, dispute_flag","Группа: Состояние; Поля: phase_raw, phase, source_status_raw, source_classification_raw, closure_kind, dispute_flag",,,,,CASA_Pro_Credit_History_Engine_Final_Spec_KZ_2026-08-21,2026-08-21,B. Классификация,SRC-DOC-M03-P-00237,,,,MULTI_LAYER,,,,,Canonicalized from 1 candidate row(s); source text preserved in 10_SOURCE_EXTRACTS.csv.
M03-CAN-0004,m03.current_1_0.product_semantic.5b801a9529e6c28c,1.0,CURRENT_1_0,M03,Кредитная история,PRODUCT_SEMANTIC,STATE,B. Классификация,"Группа: События; Поля: restructured_flag, refinanced_flag, prolongation_count, assigned_flag, recalled_flag, rehabilitation_status_raw, rehabilitation_date","Группа: События; Поля: restructured_flag, refinanced_flag, prolongation_count, assigned_flag, recalled_flag, rehabilitation_status_raw, rehabilitation_date",,,,,CASA_Pro_Credit_History_Engine_Final_Spec_KZ_2026-08-21,2026-08-21,B. Классификация,SRC-DOC-M03-P-00238,,,,MULTI_LAYER,,,,,Canonicalized from 1 candidate row(s); source text preserved in 10_SOURCE_EXTRACTS.csv.
M03-CAN-0005,m03.current_1_0.data_contract.527083bb3ab069c2,1.0,CURRENT_1_0,M03,Кредитная история,DATA_CONTRACT,DATA_MODEL,C. Суммы и платежи,"Поле: payment_frequency_raw, payment_frequency; Семантика: monthly/weekly/at_maturity/irregular/unknown","Поле: payment_frequency_raw, payment_frequency; Семантика: monthly/weekly/at_maturity/irregular/unknown",,,,UNKNOWN,CASA_Pro_Credit_History_Engine_Final_Spec_KZ_2026-08-21,2026-08-21,C. Суммы и платежи,SRC-DOC-M03-P-00255,,,,DATA,,,,,Canonicalized from 1 candidate row(s); source text preserved in 10_SOURCE_EXTRACTS.csv.
M03-CAN-0006,m03.current_1_0.data_contract.258a956d97faabcd,1.0,CURRENT_1_0,M03,Кредитная история,DATA_CONTRACT,DATA_MODEL,C. Суммы и платежи,"Поле: nominal_rate, effective_rate; Семантика: Факты из отчёта; не нужны для current debt total, но хранятся","Поле: nominal_rate, effective_rate; Семантика: Факты из отчёта; не нужны для current debt total, но хранятся",,,,,CASA_Pro_Credit_History_Engine_Final_Spec_KZ_2026-08-21,2026-08-21,C. Суммы и платежи,SRC-DOC-M03-P-00256,,,,DATA,,,,,Canonicalized from 1 candidate row(s); source text preserved in 10_SOURCE_EXTRACTS.csv.
M03-CAN-0007,m03.current_1_0.product_semantic.b019b4532752eb1b,1.0,CURRENT_1_0,M03,Кредитная история,PRODUCT_SEMANTIC,BUSINESS_RULE,C. Суммы и платежи,"Денежный инвариант: тип decimal(20,2) или более точный по схеме; никаких binary float. Сумма без currency невалидна. Пустая ячейка не превращается в 0.00.","Денежный инвариант: тип decimal(20,2) или более точный по схеме; никаких binary float. Сумма без currency невалидна. Пустая ячейка не превращается в 0.00.",,,,,CASA_Pro_Credit_History_Engine_Final_Spec_KZ_2026-08-21,2026-08-21,C. Суммы и платежи,SRC-DOC-M03-P-00257,,,,MULTI_LAYER,,,,,Canonicalized from 1 candidate row(s); source text preserved in 10_SOURCE_EXTRACTS.csv.
M03-CAN-0008,m03.current_1_0.data_contract.9e53ff7ccb93d3cd,1.0,CURRENT_1_0,M03,Кредитная история,DATA_CONTRACT,DATA_MODEL,C. Суммы и платежи,Поле: credit_limit; Семантика: Лимит карты/линии; не равен использованной сумме,Поле: credit_limit; Семантика: Лимит карты/линии; не равен использованной сумме,,,,,CASA_Pro_Credit_History_Engine_Final_Spec_KZ_2026-08-21|M03_CASA_Pro_Credit_History_Implementation_and_Acceptance_v1.1,2026-08-21|1.1,C. Суммы и платежи|§10 Кредитные карты,SRC-DOC-M03-P-00243|SRC-DOC-M03-I-00178,,,,DATA|FRONTEND,,,,,Canonicalized from 2 candidate row(s); source text preserved in 10_SOURCE_EXTRACTS.csv.
M03-CAN-0009,m03.current_1_0.data_contract.0e215017cb7da710,1.0,CURRENT_1_0,M03,Кредитная история,DATA_CONTRACT,DATA_MODEL,C. Суммы и платежи,Поле: utilized_amount; Семантика: Использованная сумма карты/линии,Поле: utilized_amount; Семантика: Использованная сумма карты/линии,,,,,CASA_Pro_Credit_History_Engine_Final_Spec_KZ_2026-08-21|M03_CASA_Pro_Credit_History_Implementation_and_Acceptance_v1.1,2026-08-21|1.1,C. Суммы и платежи|§10 Кредитные карты,SRC-DOC-M03-P-00244|SRC-DOC-M03-I-00179,,,,DATA|FRONTEND,,,,,Canonicalized from 2 candidate row(s); source text preserved in 10_SOURCE_EXTRACTS.csv.
M03-CAN-0010,m03.current_1_0.data_contract.ddd08a21483fb662,1.0,CURRENT_1_0,M03,Кредитная история,DATA_CONTRACT,DATA_MODEL,C. Суммы и платежи,Поле: periodic_payment_reported; Семантика: Платёж из ПКО; периодичность хранится отдельно,Поле: periodic_payment_reported; Семантика: Платёж из ПКО; периодичность хранится отдельно,,,,,CASA_Pro_Credit_History_Engine_Final_Spec_KZ_2026-08-21|M03_CASA_Pro_Credit_History_Implementation_and_Acceptance_v1.1,2026-08-21|1.1,C. Суммы и платежи|§10 Кредитные карты,SRC-DOC-M03-P-00253|SRC-DOC-M03-I-00182,,,,DATA|FRONTEND,,,,,Canonicalized from 2 candidate row(s); source text preserved in 10_SOURCE_EXTRACTS.csv.
M03-CAN-0011,m03.current_1_0.data_contract.2a77018c0e83139e,1.0,CURRENT_1_0,M03,Кредитная история,DATA_CONTRACT,DATA_MODEL,C. Суммы и платежи,Поле: minimum_payment_reported; Семантика: Минимальный платёж карты; не CASA estimate,Поле: minimum_payment_reported; Семантика: Минимальный платёж карты; не CASA estimate,,,,,CASA_Pro_Credit_History_Engine_Final_Spec_KZ_2026-08-21|M03_CASA_Pro_Credit_History_Implementation_and_Acceptance_v1.1,2026-08-21|1.1,C. Суммы и платежи|§10 Кредитные карты,SRC-DOC-M03-P-00254|SRC-DOC-M03-I-00181,,,,DATA|FRONTEND,,,,,Canonicalized from 2 candidate row(s); source text preserved in 10_SOURCE_EXTRACTS.csv.
M03-CAN-0012,m03.current_1_0.data_contract.912f37e111839eae,1.0,CURRENT_1_0,M03,Кредитная история,DATA_CONTRACT,DATA_MODEL,D. Просрочки и платёжная дисциплина,"Поле: monthly_delinquency_observations[]; Семантика: year/month, dpd, overdue_amount, penalty, presence, page/evidence","Поле: monthly_delinquency_observations[]; Семантика: year/month, dpd, overdue_amount, penalty, presence, page/evidence",,,,,CASA_Pro_Credit_History_Engine_Final_Spec_KZ_2026-08-21,2026-08-21,D. Просрочки и платёжная дисциплина,SRC-DOC-M03-P-00265,,,,DATA,,,,,Canonicalized from 1 candidate row(s); source text preserved in 10_SOURCE_EXTRACTS.csv.
M03-CAN-0013,m03.current_1_0.data_contract.c87b9932c3ae0c68,1.0,CURRENT_1_0,M03,Кредитная история,DATA_CONTRACT,DATA_MODEL,D. Просрочки и платёжная дисциплина,"Поле: bureau_summary_delinquency_class; Семантика: Категория из summary, например 30+ дней; не CASA threshold","Поле: bureau_summary_delinquency_class; Семантика: Категория из summary, например 30+ дней; не CASA threshold",,,,,CASA_Pro_Credit_History_Engine_Final_Spec_KZ_2026-08-21,2026-08-21,D. Просрочки и платёжная дисциплина,SRC-DOC-M03-P-00266,,,,DATA,,,,,Canonicalized from 1 candidate row(s); source text preserved in 10_SOURCE_EXTRACTS.csv.
M03-CAN-0014,m03.current_1_0.product_semantic.60a4954029bab550,1.0,CURRENT_1_0,M03,Кредитная история,PRODUCT_SEMANTIC,STATE,E. Обеспечение и связанные лица,"collateral[]: type raw/normalized, value, valuation type, location masked, source page.
related_subjects[]: role raw/normalized, masked name/identifier, joint obligation flag, source page.
guarantees[]: guarantee/surety kind, beneficiary/creditor, amount if printed, start/end/status.
Все связанные лица и залоги — персональные/чувствительные данные; UI маскирует их. Факт поручительства не превращается в нулевой долг; он передаётся как отдельный fact.","collateral[]: type raw/normalized, value, valuation type, location masked, source page.
related_subjects[]: role raw/normalized, masked name/identifier, joint obligation flag, source page.
guarantees[]: guarantee/surety kind, beneficiary/creditor, amount if printed, start/end/status.
Все связанные лица и залоги — персональные/чувствительные данные; UI маскирует их. Факт поручительства не превращается в нулевой долг; он передаётся как отдельный fact.",,,,,CASA_Pro_Credit_History_Engine_Final_Spec_KZ_2026-08-21,2026-08-21,E. Обеспечение и связанные лица,SRC-DOC-M03-P-00268,,,,FRONTEND,,,,,Canonicalized from 1 candidate row(s); source text preserved in 10_SOURCE_EXTRACTS.csv.
M03-CAN-0015,m03.current_1_0.product_semantic.beea9515c3914810,1.0,CURRENT_1_0,M03,Кредитная история,PRODUCT_SEMANTIC,BUSINESS_RULE,§1.1 Что CASA реально делает,CASA Pro в версии 1 должна:,CASA Pro в версии 1 должна:,,,,,CASA_Pro_Credit_History_Engine_Final_Spec_KZ_2026-08-21,2026-08-21,§1.1 Что CASA реально делает,SRC-DOC-M03-P-00031,,,,MULTI_LAYER,,,,,Canonicalized from 1 candidate row(s); source text preserved in 10_SOURCE_EXTRACTS.csv.
M03-CAN-0016,m03.current_1_0.security_control.fa18732a6739394d,1.0,CURRENT_1_0,M03,Кредитная история,SECURITY_CONTROL,SECURITY,§1.1 Что CASA реально делает,"зафиксировать хэш и технические свойства PDF, проверить MIME, размер, шифрование, malware и полноту страниц;","зафиксировать хэш и технические свойства PDF, проверить MIME, размер, шифрование, malware и полноту страниц;",,,,,CASA_Pro_Credit_History_Engine_Final_Spec_KZ_2026-08-21,2026-08-21,§1.1 Что CASA реально делает,SRC-DOC-M03-P-00033,,,,PARSER,,,,,Canonicalized from 1 candidate row(s); source text preserved in 10_SOURCE_EXTRACTS.csv.
M03-CAN-0017,m03.current_1_0.product_semantic.8afaf9f42fc9cfb0,1.0,CURRENT_1_0,M03,Кредитная история,PRODUCT_SEMANTIC,PARSER,§1.1 Что CASA реально делает,"извлечь текстовый слой, а OCR использовать как fallback для страниц/зон без надёжного текста;","извлечь текстовый слой, а OCR использовать как fallback для страниц/зон без надёжного текста;",,,,,CASA_Pro_Credit_History_Engine_Final_Spec_KZ_2026-08-21,2026-08-21,§1.1 Что CASA реально делает,SRC-DOC-M03-P-00035,,,,PARSER,,,,,Canonicalized from 1 candidate row(s); source text preserved in 10_SOURCE_EXTRACTS.csv.
M03-CAN-0018,m03.current_1_0.product_semantic.56cc87e55986cb89,1.0,CURRENT_1_0,M03,Кредитная история,PRODUCT_SEMANTIC,BUSINESS_RULE,§1.1 Что CASA реально делает,сохранить каждую напечатанную запись как отдельный source record;,сохранить каждую напечатанную запись как отдельный source record;,,,,,CASA_Pro_Credit_History_Engine_Final_Spec_KZ_2026-08-21,2026-08-21,§1.1 Что CASA реально делает,SRC-DOC-M03-P-00036,,,,MULTI_LAYER,,,,,Canonicalized from 1 candidate row(s); source text preserved in 10_SOURCE_EXTRACTS.csv.
M03-CAN-0019,m03.current_1_0.product_semantic.096ad1ae66011c25,1.0,CURRENT_1_0,M03,Кредитная история,PRODUCT_SEMANTIC,BUSINESS_RULE,§1.1 Что CASA реально делает,построить канонические обязательства и цепочки уступок без потери исходных строк;,построить канонические обязательства и цепочки уступок без потери исходных строк;,,,,,CASA_Pro_Credit_History_Engine_Final_Spec_KZ_2026-08-21,2026-08-21,§1.1 Что CASA реально делает,SRC-DOC-M03-P-00037,,,,MULTI_LAYER,,,,,Canonicalized from 1 candidate row(s); source text preserved in 10_SOURCE_EXTRACTS.csv.
M03-CAN-0020,m03.current_1_0.data_contract.d7785785e7fc7c23,1.0,CURRENT_1_0,M03,Кредитная история,DATA_CONTRACT,SNAPSHOT,§1.1 Что CASA реально делает,после ручного подтверждения создать неизменяемый версионный snapshot для следующих модулей.,после ручного подтверждения создать неизменяемый версионный snapshot для следующих модулей.,,,,,CASA_Pro_Credit_History_Engine_Final_Spec_KZ_2026-08-21,2026-08-21,§1.1 Что CASA реально делает,SRC-DOC-M03-P-00041,,,,DATA,,,,,Canonicalized from 1 candidate row(s); source text preserved in 10_SOURCE_EXTRACTS.csv.
M03-CAN-0021,m03.current_1_0.product_semantic.79001d95a47a187e,1.0,CURRENT_1_0,M03,Кредитная история,PRODUCT_SEMANTIC,BUSINESS_RULE,§1.2 Чего блок не делает,не запрашивает кредитную историю в бюро от имени CASA;,не запрашивает кредитную историю в бюро от имени CASA;,,,,,CASA_Pro_Credit_History_Engine_Final_Spec_KZ_2026-08-21,2026-08-21,§1.2 Чего блок не делает,SRC-DOC-M03-P-00043,,,,MULTI_LAYER,,,,,Canonicalized from 1 candidate row(s); source text preserved in 10_SOURCE_EXTRACTS.csv.
M03-CAN-0022,m03.current_1_0.boundary.d2e8c7367555fdfc,1.0,CURRENT_1_0,M03,Кредитная история,BOUNDARY,FUTURE_BOUNDARY,§1.2 Чего блок не делает,"не входит в личный кабинет клиента, не хранит логин, пароль, OTP или ЭЦП;","не входит в личный кабинет клиента, не хранит логин, пароль, OTP или ЭЦП;",,,,,CASA_Pro_Credit_History_Engine_Final_Spec_KZ_2026-08-21,2026-08-21,§1.2 Чего блок не делает,SRC-DOC-M03-P-00044,,,,MULTI_LAYER,,,,,Canonicalized from 1 candidate row(s); source text preserved in 10_SOURCE_EXTRACTS.csv.
M03-CAN-0023,m03.current_1_0.product_semantic.8b26e59b79b5cbcf,1.0,CURRENT_1_0,M03,Кредитная история,PRODUCT_SEMANTIC,VALIDATION,§1.2 Чего блок не делает,не проверяет ИИН-реестры и не заменяет блок №1;,не проверяет ИИН-реестры и не заменяет блок №1;,,,,,CASA_Pro_Credit_History_Engine_Final_Spec_KZ_2026-08-21,2026-08-21,§1.2 Чего блок не делает,SRC-DOC-M03-P-00045,,,,MULTI_LAYER,,,,,Canonicalized from 1 candidate row(s); source text preserved in 10_SOURCE_EXTRACTS.csv.
M03-CAN-0024,m03.current_1_0.data_contract.a18063df5c746012,1.0,CURRENT_1_0,M03,Кредитная история,DATA_CONTRACT,PROVENANCE,§1.3 Три несмешиваемых уровня,"Уровень: 1. SOURCE_FACT; Владелец: Кредитное бюро/поставщик через ПКО; Пример: «Максимальная просрочка 60 дней»; Что хранится: raw, normalized, page, bbox, source timestamp, evidence hash","Уровень: 1. SOURCE_FACT; Владелец: Кредитное бюро/поставщик через ПКО; Пример: «Максимальная просрочка 60 дней»; Что хранится: raw, normalized, page, bbox, source timestamp, evidence hash",,,,,CASA_Pro_Credit_History_Engine_Final_Spec_KZ_2026-08-21,2026-08-21,§1.3 Три несмешиваемых уровня,SRC-DOC-M03-P-00052,,,,DATA,,,,,Canonicalized from 1 candidate row(s); source text preserved in 10_SOURCE_EXTRACTS.csv.
M03-CAN-0025,m03.current_1_0.product_semantic.8efdd7e057c2c45e,1.0,CURRENT_1_0,M03,Кредитная история,PRODUCT_SEMANTIC,FORMULA,§1.3 Три несмешиваемых уровня,Уровень: 2. CASA_DERIVED; Владелец: Credit History Engine; Пример: «Число канонических обязательств с исторической DPD > 0 = 7»; Что хранится: formula/version/input IDs/reconciliation/quality,Уровень: 2. CASA_DERIVED; Владелец: Credit History Engine; Пример: «Число канонических обязательств с исторической DPD > 0 = 7»; Что хранится: formula/version/input IDs/reconciliation/quality,,,,,CASA_Pro_Credit_History_Engine_Final_Spec_KZ_2026-08-21,2026-08-21,§1.3 Три несмешиваемых уровня,SRC-DOC-M03-P-00053,,,,MULTI_LAYER,,,,,Canonicalized from 1 candidate row(s); source text preserved in 10_SOURCE_EXTRACTS.csv.
M03-CAN-0026,m03.current_1_0.product_semantic.46d496745c578ff9,1.0,CURRENT_1_0,M03,Кредитная история,PRODUCT_SEMANTIC,BUSINESS_RULE,§1.3 Три несмешиваемых уровня,Уровень: 3. BANK_RULE; Владелец: Будущий Bank Rules Engine; Пример: «Как конкретный банк учитывает 60 DPD»; Что хранится: не рассчитывается в этом блоке,Уровень: 3. BANK_RULE; Владелец: Будущий Bank Rules Engine; Пример: «Как конкретный банк учитывает 60 DPD»; Что хранится: не рассчитывается в этом блоке,,,,,CASA_Pro_Credit_History_Engine_Final_Spec_KZ_2026-08-21,2026-08-21,§1.3 Три несмешиваемых уровня,SRC-DOC-M03-P-00054,,,,MULTI_LAYER,,,,,Canonicalized from 1 candidate row(s); source text preserved in 10_SOURCE_EXTRACTS.csv.
M03-CAN-0027,m03.current_1_0.product_semantic.bf2555d94fccf82d,1.0,CURRENT_1_0,M03,Кредитная история,PRODUCT_SEMANTIC,CALCULATION,§1.3 Три несмешиваемых уровня,"Инвариант: уровень 2 никогда не перезаписывает уровень 1. Уровень 3 получает отдельный snapshot, но не меняет факты и расчёты Credit History Engine.","Инвариант: уровень 2 никогда не перезаписывает уровень 1. Уровень 3 получает отдельный snapshot, но не меняет факты и расчёты Credit History Engine.",,,,,CASA_Pro_Credit_History_Engine_Final_Spec_KZ_2026-08-21,2026-08-21,§1.3 Три несмешиваемых уровня,SRC-DOC-M03-P-00055,,,,DATA,,,,,Canonicalized from 1 candidate row(s); source text preserved in 10_SOURCE_EXTRACTS.csv.
M03-CAN-0028,m03.current_1_0.boundary.1e661295f1433849,1.0,CURRENT_1_0,M03,Кредитная история,BOUNDARY,FORBIDDEN,§10.1 Разные факты,Факт: current_dpd; Определение: DPD на delinquency_as_of в current node; Нельзя: Заменять lifetime max,,Факт: current_dpd; Определение: DPD на delinquency_as_of в current node; Нельзя: Заменять lifetime max,,,,CASA_Pro_Credit_History_Engine_Final_Spec_KZ_2026-08-21,2026-08-21,§10.1 Разные факты,SRC-DOC-M03-P-00352,,,,MULTI_LAYER,,,,,Canonicalized from 1 candidate row(s); source text preserved in 10_SOURCE_EXTRACTS.csv.
M03-CAN-0029,m03.current_1_0.boundary.84fbd0ce91e3359e,1.0,CURRENT_1_0,M03,Кредитная история,BOUNDARY,FORBIDDEN,§10.1 Разные факты,Факт: current_overdue_amount; Определение: Current overdue principal+interest+явно показанная неустойка по версионной формуле; Нельзя: Прибавлять historical max overdue,,Факт: current_overdue_amount; Определение: Current overdue principal+interest+явно показанная неустойка по версионной формуле; Нельзя: Прибавлять historical max overdue,,,,CASA_Pro_Credit_History_Engine_Final_Spec_KZ_2026-08-21,2026-08-21,§10.1 Разные факты,SRC-DOC-M03-P-00353,,,,MULTI_LAYER,,,,,Canonicalized from 1 candidate row(s); source text preserved in 10_SOURCE_EXTRACTS.csv.
M03-CAN-0030,m03.current_1_0.boundary.e146918d4eb92489,1.0,CURRENT_1_0,M03,Кредитная история,BOUNDARY,FORBIDDEN,§10.1 Разные факты,Факт: max_dpd_lifetime; Определение: Max validated lifetime facts в lineage; Нельзя: Считать текущим,,Факт: max_dpd_lifetime; Определение: Max validated lifetime facts в lineage; Нельзя: Считать текущим,,,,CASA_Pro_Credit_History_Engine_Final_Spec_KZ_2026-08-21,2026-08-21,§10.1 Разные факты,SRC-DOC-M03-P-00354,,,,MULTI_LAYER,,,,,Canonicalized from 1 candidate row(s); source text preserved in 10_SOURCE_EXTRACTS.csv.
M03-CAN-0031,m03.current_1_0.boundary.7517e79a3e5b9c75,1.0,CURRENT_1_0,M03,Кредитная история,BOUNDARY,FORBIDDEN,§10.1 Разные факты,Факт: monthly_observation; Определение: DPD/сумма за календарный месяц; Нельзя: Придумывать exact start/end day,,Факт: monthly_observation; Определение: DPD/сумма за календарный месяц; Нельзя: Придумывать exact start/end day,,,,CASA_Pro_Credit_History_Engine_Final_Spec_KZ_2026-08-21,2026-08-21,§10.1 Разные факты,SRC-DOC-M03-P-00355,,,,MULTI_LAYER,,,,,Canonicalized from 1 candidate row(s); source text preserved in 10_SOURCE_EXTRACTS.csv.
M03-CAN-0032,m03.current_1_0.boundary.343a46f8a113870a,1.0,CURRENT_1_0,M03,Кредитная история,BOUNDARY,FORBIDDEN,§10.1 Разные факты,Факт: bureau_summary_30_plus; Определение: Класс из summary ПКО по его сноске; Нельзя: Превращать в универсальную оценку,,Факт: bureau_summary_30_plus; Определение: Класс из summary ПКО по его сноске; Нельзя: Превращать в универсальную оценку,,,,CASA_Pro_Credit_History_Engine_Final_Spec_KZ_2026-08-21,2026-08-21,§10.1 Разные факты,SRC-DOC-M03-P-00356,,,,MULTI_LAYER,,,,,Canonicalized from 1 candidate row(s); source text preserved in 10_SOURCE_EXTRACTS.csv.
M03-CAN-0033,m03.current_1_0.product_semantic.82d6212089ed673a,1.0,CURRENT_1_0,M03,Кредитная история,PRODUCT_SEMANTIC,BUSINESS_RULE,§10.2 Эпизоды и счётчики,CASA может построить delinquency_episode_estimate только из последовательных месячных observations:,CASA может построить delinquency_episode_estimate только из последовательных месячных observations:,,,,,CASA_Pro_Credit_History_Engine_Final_Spec_KZ_2026-08-21,2026-08-21,§10.2 Эпизоды и счётчики,SRC-DOC-M03-P-00358,,,,MULTI_LAYER,,,,,Canonicalized from 1 candidate row(s); source text preserved in 10_SOURCE_EXTRACTS.csv.
M03-CAN-0034,m03.current_1_0.product_semantic.9db2baf666c3cbd7,1.0,CURRENT_1_0,M03,Кредитная история,PRODUCT_SEMANTIC,BUSINESS_RULE,§10.2 Эпизоды и счётчики,пустой/нечитаемый месяц не разрывает и не склеивает эпизод: результат UNKNOWN;,пустой/нечитаемый месяц не разрывает и не склеивает эпизод: результат UNKNOWN;,,,,UNKNOWN,CASA_Pro_Credit_History_Engine_Final_Spec_KZ_2026-08-21,2026-08-21,§10.2 Эпизоды и счётчики,SRC-DOC-M03-P-00361,,,,MULTI_LAYER,,,,,Canonicalized from 1 candidate row(s); source text preserved in 10_SOURCE_EXTRACTS.csv.
M03-CAN-0035,m03.current_1_0.boundary.56b4de774febf786,1.0,CURRENT_1_0,M03,Кредитная история,BOUNDARY,FORBIDDEN,§10.2 Эпизоды и счётчики,Термин «количество исторических просрочек» без единицы измерения запрещён. Engine возвращает отдельно:,,Термин «количество исторических просрочек» без единицы измерения запрещён. Engine возвращает отдельно:,,,,CASA_Pro_Credit_History_Engine_Final_Spec_KZ_2026-08-21,2026-08-21,§10.2 Эпизоды и счётчики,SRC-DOC-M03-P-00364,,,,MULTI_LAYER,,,,,Canonicalized from 1 candidate row(s); source text preserved in 10_SOURCE_EXTRACTS.csv.
M03-CAN-0036,m03.current_1_0.product_semantic.d38aba564b09da7d,1.0,CURRENT_1_0,M03,Кредитная история,PRODUCT_SEMANTIC,BUSINESS_RULE,§10.2 Эпизоды и счётчики,estimated_delinquency_episode_count или UNKNOWN.,estimated_delinquency_episode_count или UNKNOWN.,,,,UNKNOWN,CASA_Pro_Credit_History_Engine_Final_Spec_KZ_2026-08-21,2026-08-21,§10.2 Эпизоды и счётчики,SRC-DOC-M03-P-00368,,,,MULTI_LAYER,,,,,Canonicalized from 1 candidate row(s); source text preserved in 10_SOURCE_EXTRACTS.csv.
M03-CAN-0037,m03.current_1_0.product_semantic.c00311eb70eace21,1.0,CURRENT_1_0,M03,Кредитная история,PRODUCT_SEMANTIC,BUSINESS_RULE,§10.3 Текущая и историческая просрочка,"active record с current DPD 0, но lifetime 60 входит только в historical;","active record с current DPD 0, но lifetime 60 входит только в historical;",,,,,CASA_Pro_Credit_History_Engine_Final_Spec_KZ_2026-08-21,2026-08-21,§10.3 Текущая и историческая просрочка,SRC-DOC-M03-P-00370,,,,MULTI_LAYER,,,,,Canonicalized from 1 candidate row(s); source text preserved in 10_SOURCE_EXTRACTS.csv.
M03-CAN-0038,m03.current_1_0.boundary.05674f57e0ba5ceb,1.0,CURRENT_1_0,M03,Кредитная история,BOUNDARY,FUTURE_BOUNDARY,§10.3 Текущая и историческая просрочка,closed record с current DPD 0 и lifetime 1 919 не входит в current debt/delinquency;,closed record с current DPD 0 и lifetime 1 919 не входит в current debt/delinquency;,,,,,CASA_Pro_Credit_History_Engine_Final_Spec_KZ_2026-08-21,2026-08-21,§10.3 Текущая и историческая просрочка,SRC-DOC-M03-P-00371,,,,MULTI_LAYER,,,,,Canonicalized from 1 candidate row(s); source text preserved in 10_SOURCE_EXTRACTS.csv.
M03-CAN-0039,m03.current_1_0.product_semantic.1477249463c3500c,1.0,CURRENT_1_0,M03,Кредитная история,PRODUCT_SEMANTIC,BUSINESS_RULE,§10.3 Текущая и историческая просрочка,"old assigned-out record с DPD 337 сохраняет historical fact, но не суммируется с collector balance;","old assigned-out record с DPD 337 сохраняет historical fact, но не суммируется с collector balance;",,,,,CASA_Pro_Credit_History_Engine_Final_Spec_KZ_2026-08-21,2026-08-21,§10.3 Текущая и историческая просрочка,SRC-DOC-M03-P-00372,,,,MULTI_LAYER,,,,,Canonicalized from 1 candidate row(s); source text preserved in 10_SOURCE_EXTRACTS.csv.
M03-CAN-0040,m03.current_1_0.data_contract.972e61e33f24be71,1.0,CURRENT_1_0,M03,Кредитная история,DATA_CONTRACT,PROVENANCE,§10.3 Текущая и историческая просрочка,current/historical profiles ссылаются на evidence IDs.,current/historical profiles ссылаются на evidence IDs.,,,,,CASA_Pro_Credit_History_Engine_Final_Spec_KZ_2026-08-21,2026-08-21,§10.3 Текущая и историческая просрочка,SRC-DOC-M03-P-00374,,,,DATA,,,,,Canonicalized from 1 candidate row(s); source text preserved in 10_SOURCE_EXTRACTS.csv.
M03-CAN-0041,m03.current_1_0.data_contract.57ef8b862f3da730,1.0,CURRENT_1_0,M03,Кредитная история,DATA_CONTRACT,SNAPSHOT,§11.1 Общие правила,вход — reviewed source facts и dedup graph конкретного snapshot;,вход — reviewed source facts и dedup graph конкретного snapshot;,,,,,CASA_Pro_Credit_History_Engine_Final_Spec_KZ_2026-08-21,2026-08-21,§11.1 Общие правила,SRC-DOC-M03-P-00378,,,,DATA,,,,,Canonicalized from 1 candidate row(s); source text preserved in 10_SOURCE_EXTRACTS.csv.
M03-CAN-0042,m03.current_1_0.product_semantic.869cee0389e4fd0e,1.0,CURRENT_1_0,M03,Кредитная история,PRODUCT_SEMANTIC,BUSINESS_RULE,§11.1 Общие правила,UNKNOWN не заменяется нулём;,UNKNOWN не заменяется нулём;,,,,UNKNOWN,CASA_Pro_Credit_History_Engine_Final_Spec_KZ_2026-08-21,2026-08-21,§11.1 Общие правила,SRC-DOC-M03-P-00379,,,,MULTI_LAYER,,,,,Canonicalized from 1 candidate row(s); source text preserved in 10_SOURCE_EXTRACTS.csv.
M03-CAN-0043,m03.current_1_0.product_semantic.630ec1a1f3b99faa,1.0,CURRENT_1_0,M03,Кредитная история,PRODUCT_SEMANTIC,BUSINESS_RULE,§11.1 Общие правила,валюты не конвертируются; возвращается map по ISO currency;,валюты не конвертируются; возвращается map по ISO currency;,,,,,CASA_Pro_Credit_History_Engine_Final_Spec_KZ_2026-08-21,2026-08-21,§11.1 Общие правила,SRC-DOC-M03-P-00380,,,,MULTI_LAYER,,,,,Canonicalized from 1 candidate row(s); source text preserved in 10_SOURCE_EXTRACTS.csv.
M03-CAN-0044,m03.current_1_0.product_semantic.cdd1fa96af51da3e,1.0,CURRENT_1_0,M03,Кредитная история,PRODUCT_SEMANTIC,FORMULA,§11.2 current_debt_profile,Поле: unknown_current_amount_count; Формула/семантика: Active lineages без установимой current amount,Поле: unknown_current_amount_count; Формула/семантика: Active lineages без установимой current amount,,,,,CASA_Pro_Credit_History_Engine_Final_Spec_KZ_2026-08-21,2026-08-21,§11.2 current_debt_profile,SRC-DOC-M03-P-00398,,,,MULTI_LAYER,,,,,Canonicalized from 1 candidate row(s); source text preserved in 10_SOURCE_EXTRACTS.csv.
M03-CAN-0045,m03.current_1_0.product_semantic.3f9e818255bcff91,1.0,CURRENT_1_0,M03,Кредитная история,PRODUCT_SEMANTIC,STATE,§11.2 current_debt_profile,Поле: reconciliation_status; Формула/семантика: PASS/PASS_WITH_REVIEW/FAIL/UNKNOWN,Поле: reconciliation_status; Формула/семантика: PASS/PASS_WITH_REVIEW/FAIL/UNKNOWN,,,,UNKNOWN,CASA_Pro_Credit_History_Engine_Final_Spec_KZ_2026-08-21,2026-08-21,§11.2 current_debt_profile,SRC-DOC-M03-P-00400,,,,MULTI_LAYER,,,,,Canonicalized from 1 candidate row(s); source text preserved in 10_SOURCE_EXTRACTS.csv.
M03-CAN-0046,m03.current_1_0.product_semantic.0f579c5ed5a9a613,1.0,CURRENT_1_0,M03,Кредитная история,PRODUCT_SEMANTIC,FORMULA,§11.3 historical_credit_profile,Поле: source_contract_record_count; Формула/семантика: Все contract blocks,Поле: source_contract_record_count; Формула/семантика: Все contract blocks,,,,,CASA_Pro_Credit_History_Engine_Final_Spec_KZ_2026-08-21,2026-08-21,§11.3 historical_credit_profile,SRC-DOC-M03-P-00404,,,,MULTI_LAYER,,,,,Canonicalized from 1 candidate row(s); source text preserved in 10_SOURCE_EXTRACTS.csv.
M03-CAN-0047,m03.current_1_0.product_semantic.a06a2f0dc8184948,1.0,CURRENT_1_0,M03,Кредитная история,PRODUCT_SEMANTIC,FORMULA,§11.3 historical_credit_profile,Поле: estimated_delinquency_episode_count; Формула/семантика: По §10.2 или UNKNOWN,Поле: estimated_delinquency_episode_count; Формула/семантика: По §10.2 или UNKNOWN,,,,UNKNOWN,CASA_Pro_Credit_History_Engine_Final_Spec_KZ_2026-08-21,2026-08-21,§11.3 historical_credit_profile,SRC-DOC-M03-P-00412,,,,MULTI_LAYER,,,,,Canonicalized from 1 candidate row(s); source text preserved in 10_SOURCE_EXTRACTS.csv.
M03-CAN-0048,m03.current_1_0.product_semantic.8637eeb0d2c0c35a,1.0,CURRENT_1_0,M03,Кредитная история,PRODUCT_SEMANTIC,FORMULA,§11.3 historical_credit_profile,Поле: mfo_source_contract_record_count; Формула/семантика: Source records creditor type MFO,Поле: mfo_source_contract_record_count; Формула/семантика: Source records creditor type MFO,,,,,CASA_Pro_Credit_History_Engine_Final_Spec_KZ_2026-08-21,2026-08-21,§11.3 historical_credit_profile,SRC-DOC-M03-P-00413,,,,MULTI_LAYER,,,,,Canonicalized from 1 candidate row(s); source text preserved in 10_SOURCE_EXTRACTS.csv.
M03-CAN-0049,m03.current_1_0.product_semantic.d7df0059ceb67dee,1.0,CURRENT_1_0,M03,Кредитная история,PRODUCT_SEMANTIC,FORMULA,§11.3 historical_credit_profile,Поле: inquiry_count_30d/90d/180d; Формула/семантика: Все inquiry rows в окне,Поле: inquiry_count_30d/90d/180d; Формула/семантика: Все inquiry rows в окне,,,,,CASA_Pro_Credit_History_Engine_Final_Spec_KZ_2026-08-21,2026-08-21,§11.3 historical_credit_profile,SRC-DOC-M03-P-00422,,,,MULTI_LAYER,,,,,Canonicalized from 1 candidate row(s); source text preserved in 10_SOURCE_EXTRACTS.csv.
M03-CAN-0050,m03.current_1_0.product_semantic.f1cd40ac31f319fe,1.0,CURRENT_1_0,M03,Кредитная история,PRODUCT_SEMANTIC,FORMULA,§11.3 historical_credit_profile,Поле: creditor_inquiry_count_*; Формула/семантика: Только CREDITOR,Поле: creditor_inquiry_count_*; Формула/семантика: Только CREDITOR,,,,,CASA_Pro_Credit_History_Engine_Final_Spec_KZ_2026-08-21,2026-08-21,§11.3 historical_credit_profile,SRC-DOC-M03-P-00423,,,,MULTI_LAYER,,,,,Canonicalized from 1 candidate row(s); source text preserved in 10_SOURCE_EXTRACTS.csv.
M03-CAN-0051,m03.current_1_0.product_semantic.fb5797dc173faf42,1.0,CURRENT_1_0,M03,Кредитная история,PRODUCT_SEMANTIC,FORMULA,§11.3 historical_credit_profile,Поле: self_inquiry_count_*; Формула/семантика: Только SELF_REPORT,Поле: self_inquiry_count_*; Формула/семантика: Только SELF_REPORT,,,,,CASA_Pro_Credit_History_Engine_Final_Spec_KZ_2026-08-21,2026-08-21,§11.3 historical_credit_profile,SRC-DOC-M03-P-00424,,,,MULTI_LAYER,,,,,Canonicalized from 1 candidate row(s); source text preserved in 10_SOURCE_EXTRACTS.csv.
M03-CAN-0052,m03.current_1_0.product_semantic.5965ce21244dc159,1.0,CURRENT_1_0,M03,Кредитная история,PRODUCT_SEMANTIC,FORMULA,§11.3 historical_credit_profile,Поле: bureau_rating_fact; Формула/семантика: value/class/as_of из ПКО; не CASA metric,Поле: bureau_rating_fact; Формула/семантика: value/class/as_of из ПКО; не CASA metric,,,,,CASA_Pro_Credit_History_Engine_Final_Spec_KZ_2026-08-21,2026-08-21,§11.3 historical_credit_profile,SRC-DOC-M03-P-00425,,,,MULTI_LAYER,,,,,Canonicalized from 1 candidate row(s); source text preserved in 10_SOURCE_EXTRACTS.csv.
M03-CAN-0053,m03.current_1_0.product_semantic.373f580298ab382f,1.0,CURRENT_1_0,M03,Кредитная история,PRODUCT_SEMANTIC,STATE,§11.4 Когда итог не публикуется,"Метрика возвращает {status:""UNKNOWN"", reason_code:...} вместо числа, если неизвестна валюта, не разрешён current node, пропущена страница/секция, не сошлась critical reconciliation, не разрешён blank active amount/payment, есть subject mismatch/authenticity FAILED или не подтверждена critical manual correction.","Метрика возвращает {status:""UNKNOWN"", reason_code:...} вместо числа, если неизвестна валюта, не разрешён current node, пропущена страница/секция, не сошлась critical reconciliation, не разрешён blank active amount/payment, есть subject mismatch/authenticity FAILED или не подтверждена critical manual correction.",,,,UNKNOWN|BLANK,CASA_Pro_Credit_History_Engine_Final_Spec_KZ_2026-08-21,2026-08-21,§11.4 Когда итог не публикуется,SRC-DOC-M03-P-00428,,,CRITICAL,MULTI_LAYER,,,,,Canonicalized from 1 candidate row(s); source text preserved in 10_SOURCE_EXTRACTS.csv.
M03-CAN-0054,m03.current_1_0.product_semantic.36d233c3ce0b961f,1.0,CURRENT_1_0,M03,Кредитная история,PRODUCT_SEMANTIC,PARSER,§12.1 Стратегия extraction,"Если слой расходится с видимым рендером, прогнать OCR по этой зоне и создать disagreement task.","Если слой расходится с видимым рендером, прогнать OCR по этой зоне и создать disagreement task.",,,,,CASA_Pro_Credit_History_Engine_Final_Spec_KZ_2026-08-21,2026-08-21,§12.1 Стратегия extraction,SRC-DOC-M03-P-00433,,,,PARSER,,,,,Canonicalized from 1 candidate row(s); source text preserved in 10_SOURCE_EXTRACTS.csv.
M03-CAN-0055,m03.current_1_0.product_semantic.24798a28114e17c1,1.0,CURRENT_1_0,M03,Кредитная история,PRODUCT_SEMANTIC,PARSER,§12.1 Стратегия extraction,"OCR confidence хранится как сигнал, но не является доказанной точностью.","OCR confidence хранится как сигнал, но не является доказанной точностью.",,,,,CASA_Pro_Credit_History_Engine_Final_Spec_KZ_2026-08-21,2026-08-21,§12.1 Стратегия extraction,SRC-DOC-M03-P-00436,,,,PARSER,,,,,Canonicalized from 1 candidate row(s); source text preserved in 10_SOURCE_EXTRACTS.csv.
M03-CAN-0056,m03.current_1_0.data_contract.98e40c2d5f034605,1.0,CURRENT_1_0,M03,Кредитная история,DATA_CONTRACT,DATA_MODEL,§12.2 Field-level validation,"Тип поля: Деньги; Проверки: Decimal, currency, неотрицательно если макет не допускает иное; разделители пробел/запятая не меняют порядок","Тип поля: Деньги; Проверки: Decimal, currency, неотрицательно если макет не допускает иное; разделители пробел/запятая не меняют порядок",,,,,CASA_Pro_Credit_History_Engine_Final_Spec_KZ_2026-08-21,2026-08-21,§12.2 Field-level validation,SRC-DOC-M03-P-00440,,,,DATA,,,,,Canonicalized from 1 candidate row(s); source text preserved in 10_SOURCE_EXTRACTS.csv.
M03-CAN-0057,m03.current_1_0.data_contract.a7a70edcc77616a4,1.0,CURRENT_1_0,M03,Кредитная история,DATA_CONTRACT,DATA_MODEL,§12.2 Field-level validation,Тип поля: DPD; Проверки: Integer ≥ 0; не превращать минус/прочерк в 0,Тип поля: DPD; Проверки: Integer ≥ 0; не превращать минус/прочерк в 0,,,,,CASA_Pro_Credit_History_Engine_Final_Spec_KZ_2026-08-21,2026-08-21,§12.2 Field-level validation,SRC-DOC-M03-P-00441,,,,DATA,,,,,Canonicalized from 1 candidate row(s); source text preserved in 10_SOURCE_EXTRACTS.csv.
M03-CAN-0058,m03.current_1_0.data_contract.534ab133ae65cf20,1.0,CURRENT_1_0,M03,Кредитная история,DATA_CONTRACT,DATA_MODEL,§12.2 Field-level validation,"Тип поля: Идентификатор; Проверки: Сохранять leading zero, punctuation и raw; не считать number","Тип поля: Идентификатор; Проверки: Сохранять leading zero, punctuation и raw; не считать number",,,,ZERO,CASA_Pro_Credit_History_Engine_Final_Spec_KZ_2026-08-21,2026-08-21,§12.2 Field-level validation,SRC-DOC-M03-P-00442,,,,DATA,,,,,Canonicalized from 1 candidate row(s); source text preserved in 10_SOURCE_EXTRACTS.csv.
M03-CAN-0059,m03.current_1_0.data_contract.73c5a8a0acc6dabe,1.0,CURRENT_1_0,M03,Кредитная история,DATA_CONTRACT,DATA_MODEL,§12.2 Field-level validation,"Тип поля: Enum; Проверки: Точное dictionary mapping с raw; неизвестное → UNKNOWN, не nearest label","Тип поля: Enum; Проверки: Точное dictionary mapping с raw; неизвестное → UNKNOWN, не nearest label",,,,UNKNOWN,CASA_Pro_Credit_History_Engine_Final_Spec_KZ_2026-08-21,2026-08-21,§12.2 Field-level validation,SRC-DOC-M03-P-00443,,,,DATA,,,,,Canonicalized from 1 candidate row(s); source text preserved in 10_SOURCE_EXTRACTS.csv.
M03-CAN-0060,m03.current_1_0.data_contract.4145927ea96f856e,1.0,CURRENT_1_0,M03,Кредитная история,DATA_CONTRACT,DATA_MODEL,§12.2 Field-level validation,Тип поля: Null; Проверки: BLANK/NOT_APPLICABLE/UNREADABLE/NOT_IN_TEMPLATE различать,Тип поля: Null; Проверки: BLANK/NOT_APPLICABLE/UNREADABLE/NOT_IN_TEMPLATE различать,,,,BLANK|NOT_APPLICABLE,CASA_Pro_Credit_History_Engine_Final_Spec_KZ_2026-08-21,2026-08-21,§12.2 Field-level validation,SRC-DOC-M03-P-00444,,,,DATA,,,,,Canonicalized from 1 candidate row(s); source text preserved in 10_SOURCE_EXTRACTS.csv.
M03-CAN-0061,m03.current_1_0.product_semantic.0cae97d681989671,1.0,CURRENT_1_0,M03,Кредитная история,PRODUCT_SEMANTIC,VALIDATION,§12.3 Reconciliation checks,Код: REC-001; Проверка: Actual pages = declared pages; footer sequence continuous; Критичность: Blocking,Код: REC-001; Проверка: Actual pages = declared pages; footer sequence continuous; Критичность: Blocking,,,,DECLARED,CASA_Pro_Credit_History_Engine_Final_Spec_KZ_2026-08-21,2026-08-21,§12.3 Reconciliation checks,SRC-DOC-M03-P-00447,,,,MULTI_LAYER,,,,,Canonicalized from 1 candidate row(s); source text preserved in 10_SOURCE_EXTRACTS.csv.
M03-CAN-0062,m03.current_1_0.product_semantic.9ecbdcc8ced410ef,1.0,CURRENT_1_0,M03,Кредитная история,PRODUCT_SEMANTIC,VALIDATION,§12.3 Reconciliation checks,Код: REC-002; Проверка: Обязательные sections template присутствуют; Критичность: Blocking,Код: REC-002; Проверка: Обязательные sections template присутствуют; Критичность: Blocking,,,,,CASA_Pro_Credit_History_Engine_Final_Spec_KZ_2026-08-21,2026-08-21,§12.3 Reconciliation checks,SRC-DOC-M03-P-00448,,,,MULTI_LAYER,,,,,Canonicalized from 1 candidate row(s); source text preserved in 10_SOURCE_EXTRACTS.csv.
M03-CAN-0063,m03.current_1_0.product_semantic.d25589df2fd86a7c,1.0,CURRENT_1_0,M03,Кредитная история,PRODUCT_SEMANTIC,VALIDATION,§12.3 Reconciliation checks,Код: REC-003; Проверка: Число source contract blocks по sections воспроизводимо; Критичность: Blocking,Код: REC-003; Проверка: Число source contract blocks по sections воспроизводимо; Критичность: Blocking,,,,,CASA_Pro_Credit_History_Engine_Final_Spec_KZ_2026-08-21,2026-08-21,§12.3 Reconciliation checks,SRC-DOC-M03-P-00449,,,,MULTI_LAYER,,,,,Canonicalized from 1 candidate row(s); source text preserved in 10_SOURCE_EXTRACTS.csv.
M03-CAN-0064,m03.current_1_0.data_contract.d0cdfba495cb55d9,1.0,CURRENT_1_0,M03,Кредитная история,DATA_CONTRACT,SNAPSHOT,§12.3 Reconciliation checks,Код: REC-004; Проверка: Summary active/closed classes сопоставлены с records с учётом printed footnote; Критичность: Review if mismatch; blocking snapshot totals,Код: REC-004; Проверка: Summary active/closed classes сопоставлены с records с учётом printed footnote; Критичность: Review if mismatch; blocking snapshot totals,,,,,CASA_Pro_Credit_History_Engine_Final_Spec_KZ_2026-08-21,2026-08-21,§12.3 Reconciliation checks,SRC-DOC-M03-P-00450,,,,DATA,,,,,Canonicalized from 1 candidate row(s); source text preserved in 10_SOURCE_EXTRACTS.csv.
M03-CAN-0065,m03.current_1_0.product_semantic.23ec73b56b509553,1.0,CURRENT_1_0,M03,Кредитная история,PRODUCT_SEMANTIC,VALIDATION,§12.3 Reconciliation checks,Код: REC-005; Проверка: Сумма active outstanding по source rows = printed active total; Критичность: Blocking for current balance,Код: REC-005; Проверка: Сумма active outstanding по source rows = printed active total; Критичность: Blocking for current balance,,,,,CASA_Pro_Credit_History_Engine_Final_Spec_KZ_2026-08-21,2026-08-21,§12.3 Reconciliation checks,SRC-DOC-M03-P-00451,,,,MULTI_LAYER,,,,,Canonicalized from 1 candidate row(s); source text preserved in 10_SOURCE_EXTRACTS.csv.
M03-CAN-0066,m03.current_1_0.product_semantic.c7a61e603c1ed71e,1.0,CURRENT_1_0,M03,Кредитная история,PRODUCT_SEMANTIC,VALIDATION,§12.3 Reconciliation checks,Код: REC-006; Проверка: Сумма active reported payments = printed active payment total; Критичность: Blocking for payment total,Код: REC-006; Проверка: Сумма active reported payments = printed active payment total; Критичность: Blocking for payment total,,,,,CASA_Pro_Credit_History_Engine_Final_Spec_KZ_2026-08-21,2026-08-21,§12.3 Reconciliation checks,SRC-DOC-M03-P-00452,,,,MULTI_LAYER,,,,,Canonicalized from 1 candidate row(s); source text preserved in 10_SOURCE_EXTRACTS.csv.
M03-CAN-0067,m03.current_1_0.product_semantic.5af2ae6c8d7e6747,1.0,CURRENT_1_0,M03,Кредитная история,PRODUCT_SEMANTIC,VALIDATION,§12.3 Reconciliation checks,Код: REC-007; Проверка: Сумма current overdue components совместима с header overdue; Критичность: Blocking if active,Код: REC-007; Проверка: Сумма current overdue components совместима с header overdue; Критичность: Blocking if active,,,,,CASA_Pro_Credit_History_Engine_Final_Spec_KZ_2026-08-21,2026-08-21,§12.3 Reconciliation checks,SRC-DOC-M03-P-00453,,,,MULTI_LAYER,,,,,Canonicalized from 1 candidate row(s); source text preserved in 10_SOURCE_EXTRACTS.csv.
M03-CAN-0068,m03.current_1_0.product_semantic.e177277dffb5772c,1.0,CURRENT_1_0,M03,Кредитная история,PRODUCT_SEMANTIC,VALIDATION,§12.3 Reconciliation checks,Код: REC-008; Проверка: Для closed record explicit balance 0 не конфликтует с current header; Критичность: Review,Код: REC-008; Проверка: Для closed record explicit balance 0 не конфликтует с current header; Критичность: Review,,,,,CASA_Pro_Credit_History_Engine_Final_Spec_KZ_2026-08-21,2026-08-21,§12.3 Reconciliation checks,SRC-DOC-M03-P-00454,,,,MULTI_LAYER,,,,,Canonicalized from 1 candidate row(s); source text preserved in 10_SOURCE_EXTRACTS.csv.
M03-CAN-0069,m03.current_1_0.product_semantic.a1d61099dd7447f9,1.0,CURRENT_1_0,M03,Кредитная история,PRODUCT_SEMANTIC,VALIDATION,§12.3 Reconciliation checks,Код: REC-009; Проверка: Source rows ≥ canonical lineages; каждое снижение объяснено merge links; Критичность: Blocking,Код: REC-009; Проверка: Source rows ≥ canonical lineages; каждое снижение объяснено merge links; Критичность: Blocking,,,,,CASA_Pro_Credit_History_Engine_Final_Spec_KZ_2026-08-21,2026-08-21,§12.3 Reconciliation checks,SRC-DOC-M03-P-00455,,,,MULTI_LAYER,,,,,Canonicalized from 1 candidate row(s); source text preserved in 10_SOURCE_EXTRACTS.csv.
M03-CAN-0070,m03.current_1_0.product_semantic.25c6eb95510bfe50,1.0,CURRENT_1_0,M03,Кредитная история,PRODUCT_SEMANTIC,VALIDATION,§12.3 Reconciliation checks,Код: REC-010; Проверка: Все active source rows имеют exactly one current lineage; Критичность: Blocking,Код: REC-010; Проверка: Все active source rows имеют exactly one current lineage; Критичность: Blocking,,,,,CASA_Pro_Credit_History_Engine_Final_Spec_KZ_2026-08-21,2026-08-21,§12.3 Reconciliation checks,SRC-DOC-M03-P-00456,,,,MULTI_LAYER,,,,,Canonicalized from 1 candidate row(s); source text preserved in 10_SOURCE_EXTRACTS.csv.
M03-CAN-0071,m03.current_1_0.product_semantic.5426b292df4aeedb,1.0,CURRENT_1_0,M03,Кредитная история,PRODUCT_SEMANTIC,VALIDATION,§12.3 Reconciliation checks,Код: REC-011; Проверка: Число applications в section сходится с parsed application IDs; Критичность: Review/blocking historical profile,Код: REC-011; Проверка: Число applications в section сходится с parsed application IDs; Критичность: Review/blocking historical profile,,,,,CASA_Pro_Credit_History_Engine_Final_Spec_KZ_2026-08-21,2026-08-21,§12.3 Reconciliation checks,SRC-DOC-M03-P-00457,,,,MULTI_LAYER,,,,,Canonicalized from 1 candidate row(s); source text preserved in 10_SOURCE_EXTRACTS.csv.
M03-CAN-0072,m03.current_1_0.product_semantic.91f2dea7534805fe,1.0,CURRENT_1_0,M03,Кредитная история,PRODUCT_SEMANTIC,VALIDATION,§12.3 Reconciliation checks,Код: REC-012; Проверка: Все inquiry rows по страницам учтены; 30/90/180 пересчитаны; Критичность: Blocking inquiry metrics,Код: REC-012; Проверка: Все inquiry rows по страницам учтены; 30/90/180 пересчитаны; Критичность: Blocking inquiry metrics,,,,,CASA_Pro_Credit_History_Engine_Final_Spec_KZ_2026-08-21,2026-08-21,§12.3 Reconciliation checks,SRC-DOC-M03-P-00458,,,,MULTI_LAYER,,,,,Canonicalized from 1 candidate row(s); source text preserved in 10_SOURCE_EXTRACTS.csv.
M03-CAN-0073,m03.current_1_0.product_semantic.53ec36209169777c,1.0,CURRENT_1_0,M03,Кредитная история,PRODUCT_SEMANTIC,PARSER,§12.3 Reconciliation checks,Код: REC-013; Проверка: PKR value/class/as_of извлечены из одного rating block; Критичность: Review,Код: REC-013; Проверка: PKR value/class/as_of извлечены из одного rating block; Критичность: Review,,,,,CASA_Pro_Credit_History_Engine_Final_Spec_KZ_2026-08-21,2026-08-21,§12.3 Reconciliation checks,SRC-DOC-M03-P-00459,,,,MULTI_LAYER,,,,,Canonicalized from 1 candidate row(s); source text preserved in 10_SOURCE_EXTRACTS.csv.
M03-CAN-0074,m03.current_1_0.product_semantic.ea871ae1f0611119,1.0,CURRENT_1_0,M03,Кредитная история,PRODUCT_SEMANTIC,VALIDATION,§12.3 Reconciliation checks,Код: REC-014; Проверка: Все related-contract rows ссылаются на source record/lineage; Критичность: Blocking dedup,Код: REC-014; Проверка: Все related-contract rows ссылаются на source record/lineage; Критичность: Blocking dedup,,,,,CASA_Pro_Credit_History_Engine_Final_Spec_KZ_2026-08-21,2026-08-21,§12.3 Reconciliation checks,SRC-DOC-M03-P-00460,,,,MULTI_LAYER,,,,,Canonicalized from 1 candidate row(s); source text preserved in 10_SOURCE_EXTRACTS.csv.
M03-CAN-0075,m03.current_1_0.product_semantic.698a45710e43831d,1.0,CURRENT_1_0,M03,Кредитная история,PRODUCT_SEMANTIC,STATE,§12.3 Reconciliation checks,Код: REC-015; Проверка: Embedded state facts не вошли в debt metrics; Критичность: Blocking invariant,Код: REC-015; Проверка: Embedded state facts не вошли в debt metrics; Критичность: Blocking invariant,,,,,CASA_Pro_Credit_History_Engine_Final_Spec_KZ_2026-08-21,2026-08-21,§12.3 Reconciliation checks,SRC-DOC-M03-P-00461,,,,MULTI_LAYER,,,,,Canonicalized from 1 candidate row(s); source text preserved in 10_SOURCE_EXTRACTS.csv.
M03-CAN-0076,m03.current_1_0.boundary.09088a6051130285,1.0,CURRENT_1_0,M03,Кредитная история,BOUNDARY,FORBIDDEN,§12.3 Reconciliation checks,Точность money comparison по умолчанию — exact до printed minor unit. Расхождение из-за явной округлённой summary допускается только template-specific rule с зафиксированной tolerance и PASS_WITH_ROUNDING; молчаливая tolerance запрещена.,,Точность money comparison по умолчанию — exact до printed minor unit. Расхождение из-за явной округлённой summary допускается только template-specific rule с зафиксированной tolerance и PASS_WITH_ROUNDING; молчаливая tolerance запрещена.,,,,CASA_Pro_Credit_History_Engine_Final_Spec_KZ_2026-08-21,2026-08-21,§12.3 Reconciliation checks,SRC-DOC-M03-P-00462,,,,MULTI_LAYER,,,,,Canonicalized from 1 candidate row(s); source text preserved in 10_SOURCE_EXTRACTS.csv.
M03-CAN-0077,m03.current_1_0.product_semantic.3d84cad86db251fd,1.0,CURRENT_1_0,M03,Кредитная история,PRODUCT_SEMANTIC,PARSER,§12.4 Quality gates,Gate: EXTRACTED; Условие: Parser завершился; качество ещё не доказано,Gate: EXTRACTED; Условие: Parser завершился; качество ещё не доказано,,,,,CASA_Pro_Credit_History_Engine_Final_Spec_KZ_2026-08-21,2026-08-21,§12.4 Quality gates,SRC-DOC-M03-P-00465,,,,PARSER,,,,,Canonicalized from 1 candidate row(s); source text preserved in 10_SOURCE_EXTRACTS.csv.
M03-CAN-0078,m03.current_1_0.data_contract.30cb71b114f8ae40,1.0,CURRENT_1_0,M03,Кредитная история,DATA_CONTRACT,DATA_MODEL,§12.4 Quality gates,"Gate: NEEDS_REVIEW; Условие: Есть critical field, mismatch, ambiguity, unsupported zone или unverifiable authenticity","Gate: NEEDS_REVIEW; Условие: Есть critical field, mismatch, ambiguity, unsupported zone или unverifiable authenticity",,,,,CASA_Pro_Credit_History_Engine_Final_Spec_KZ_2026-08-21,2026-08-21,§12.4 Quality gates,SRC-DOC-M03-P-00466,,,CRITICAL,DATA,,,,,Canonicalized from 1 candidate row(s); source text preserved in 10_SOURCE_EXTRACTS.csv.
M03-CAN-0079,m03.current_1_0.product_semantic.2a9edb8304644965,1.0,CURRENT_1_0,M03,Кредитная история,PRODUCT_SEMANTIC,BUSINESS_RULE,§12.4 Quality gates,Gate: RECONCILED; Условие: Все applicable critical REC PASS/WAIVED с reviewer reason,Gate: RECONCILED; Условие: Все applicable critical REC PASS/WAIVED с reviewer reason,,,,,CASA_Pro_Credit_History_Engine_Final_Spec_KZ_2026-08-21,2026-08-21,§12.4 Quality gates,SRC-DOC-M03-P-00467,,,CRITICAL,MULTI_LAYER,,,,,Canonicalized from 1 candidate row(s); source text preserved in 10_SOURCE_EXTRACTS.csv.
M03-CAN-0080,m03.current_1_0.security_control.6f59563ac47eb061,1.0,CURRENT_1_0,M03,Кредитная история,SECURITY_CONTROL,CONSENT,§12.4 Quality gates,"Gate: VERIFIED_FOR_INTERNAL_USE; Условие: Consent active, subject match, no blocking errors, critical fields accepted/corrected, lineage resolved, profile generated","Gate: VERIFIED_FOR_INTERNAL_USE; Условие: Consent active, subject match, no blocking errors, critical fields accepted/corrected, lineage resolved, profile generated",,,,,CASA_Pro_Credit_History_Engine_Final_Spec_KZ_2026-08-21,2026-08-21,§12.4 Quality gates,SRC-DOC-M03-P-00468,,,CRITICAL,DATA|LEGAL,,,,,Canonicalized from 1 candidate row(s); source text preserved in 10_SOURCE_EXTRACTS.csv.
M03-CAN-0081,m03.current_1_0.security_control.e692ff87b9e90415,1.0,CURRENT_1_0,M03,Кредитная история,SECURITY_CONTROL,CONSENT,§12.4 Quality gates,"Gate: NOT_ELIGIBLE_FOR_SNAPSHOT; Условие: Нет полноты, subject mismatch, authenticity FAILED, unresolved active amount/lineage, revoked consent","Gate: NOT_ELIGIBLE_FOR_SNAPSHOT; Условие: Нет полноты, subject mismatch, authenticity FAILED, unresolved active amount/lineage, revoked consent",,,,,CASA_Pro_Credit_History_Engine_Final_Spec_KZ_2026-08-21,2026-08-21,§12.4 Quality gates,SRC-DOC-M03-P-00469,,,,DATA|LEGAL,,,,,Canonicalized from 1 candidate row(s); source text preserved in 10_SOURCE_EXTRACTS.csv.
M03-CAN-0082,m03.current_1_0.product_semantic.df265fdf0efdbe1a,1.0,CURRENT_1_0,M03,Кредитная история,PRODUCT_SEMANTIC,BUSINESS_RULE,§13.1 Что подтверждает риелтор,"Объект: Владелец отчёта; Обязательно, если: Всегда; Действие: Сверить маскированные ФИО/идентификатор с participant","Объект: Владелец отчёта; Обязательно, если: Всегда; Действие: Сверить маскированные ФИО/идентификатор с participant",,,,,CASA_Pro_Credit_History_Engine_Final_Spec_KZ_2026-08-21,2026-08-21,§13.1 Что подтверждает риелтор,SRC-DOC-M03-P-00474,,,,MULTI_LAYER,,,,,Canonicalized from 1 candidate row(s); source text preserved in 10_SOURCE_EXTRACTS.csv.
M03-CAN-0083,m03.current_1_0.product_semantic.d9f1adc906e84c8e,1.0,CURRENT_1_0,M03,Кредитная история,PRODUCT_SEMANTIC,BUSINESS_RULE,§13.1 Что подтверждает риелтор,"Объект: Издатель, тип, report_at, страницы; Обязательно, если: Всегда; Действие: Открыть титул/футер; подтвердить 1…N","Объект: Издатель, тип, report_at, страницы; Обязательно, если: Всегда; Действие: Открыть титул/футер; подтвердить 1…N",,,,,CASA_Pro_Credit_History_Engine_Final_Spec_KZ_2026-08-21,2026-08-21,§13.1 Что подтверждает риелтор,SRC-DOC-M03-P-00475,,,,MULTI_LAYER,,,,,Canonicalized from 1 candidate row(s); source text preserved in 10_SOURCE_EXTRACTS.csv.
M03-CAN-0084,m03.current_1_0.product_semantic.f74e80c11826763c,1.0,CURRENT_1_0,M03,Кредитная история,PRODUCT_SEMANTIC,BUSINESS_RULE,§13.1 Что подтверждает риелтор,"Объект: Подлинность; Обязательно, если: Статус не VERIFIED_SIGNATURE; Действие: Запустить/зафиксировать manual bureau check, либо принять UNVERIFIED с причиной","Объект: Подлинность; Обязательно, если: Статус не VERIFIED_SIGNATURE; Действие: Запустить/зафиксировать manual bureau check, либо принять UNVERIFIED с причиной",,,,,CASA_Pro_Credit_History_Engine_Final_Spec_KZ_2026-08-21,2026-08-21,§13.1 Что подтверждает риелтор,SRC-DOC-M03-P-00476,,,,MULTI_LAYER,,,,,Canonicalized from 1 candidate row(s); source text preserved in 10_SOURCE_EXTRACTS.csv.
M03-CAN-0085,m03.current_1_0.product_semantic.b0c9fed78a7faae8,1.0,CURRENT_1_0,M03,Кредитная история,PRODUCT_SEMANTIC,BUSINESS_RULE,§13.1 Что подтверждает риелтор,"Объект: Active creditor/type/code/role/as_of; Обязательно, если: Всегда в v1; Действие: Подтвердить карточку active record","Объект: Active creditor/type/code/role/as_of; Обязательно, если: Всегда в v1; Действие: Подтвердить карточку active record",,,,,CASA_Pro_Credit_History_Engine_Final_Spec_KZ_2026-08-21,2026-08-21,§13.1 Что подтверждает риелтор,SRC-DOC-M03-P-00477,,,,MULTI_LAYER,,,,,Canonicalized from 1 candidate row(s); source text preserved in 10_SOURCE_EXTRACTS.csv.
M03-CAN-0086,m03.current_1_0.product_semantic.83d3cf202ae70339,1.0,CURRENT_1_0,M03,Кредитная история,PRODUCT_SEMANTIC,BUSINESS_RULE,§13.1 Что подтверждает риелтор,"Объект: Active balance/payment/current DPD; Обязательно, если: Всегда в v1; Действие: Подтвердить цифры с page crop","Объект: Active balance/payment/current DPD; Обязательно, если: Всегда в v1; Действие: Подтвердить цифры с page crop",,,,,CASA_Pro_Credit_History_Engine_Final_Spec_KZ_2026-08-21,2026-08-21,§13.1 Что подтверждает риелтор,SRC-DOC-M03-P-00478,,,,MULTI_LAYER,,,,,Canonicalized from 1 candidate row(s); source text preserved in 10_SOURCE_EXTRACTS.csv.
M03-CAN-0087,m03.current_1_0.product_semantic.9bef5800c9c4ca3b,1.0,CURRENT_1_0,M03,Кредитная история,PRODUCT_SEMANTIC,VALIDATION,§13.1 Что подтверждает риелтор,"Объект: Итог current balance/payment; Обязательно, если: Всегда; Действие: Сверить с summary и подтвердить reconciliation","Объект: Итог current balance/payment; Обязательно, если: Всегда; Действие: Сверить с summary и подтвердить reconciliation",,,,,CASA_Pro_Credit_History_Engine_Final_Spec_KZ_2026-08-21,2026-08-21,§13.1 Что подтверждает риелтор,SRC-DOC-M03-P-00479,,,,MULTI_LAYER,,,,,Canonicalized from 1 candidate row(s); source text preserved in 10_SOURCE_EXTRACTS.csv.
M03-CAN-0088,m03.current_1_0.product_semantic.caf2d99884ab09fa,1.0,CURRENT_1_0,M03,Кредитная история,PRODUCT_SEMANTIC,BUSINESS_RULE,§13.1 Что подтверждает риелтор,"Объект: Current overdue; Обязательно, если: Любой current DPD/amount >0 или conflict; Действие: Подтвердить каждый current fact","Объект: Current overdue; Обязательно, если: Любой current DPD/amount >0 или conflict; Действие: Подтвердить каждый current fact",,,,CONFLICT,CASA_Pro_Credit_History_Engine_Final_Spec_KZ_2026-08-21,2026-08-21,§13.1 Что подтверждает риелтор,SRC-DOC-M03-P-00480,,,,MULTI_LAYER,,,,,Canonicalized from 1 candidate row(s); source text preserved in 10_SOURCE_EXTRACTS.csv.
M03-CAN-0089,m03.current_1_0.data_contract.d6d47e7e10539a73,1.0,CURRENT_1_0,M03,Кредитная история,DATA_CONTRACT,PROVENANCE,§13.1 Что подтверждает риелтор,"Объект: Merge/assignment; Обязательно, если: Любая lineage с >1 source record в v1; Действие: Принять/разделить с evidence; regression 1705551 обязателен","Объект: Merge/assignment; Обязательно, если: Любая lineage с >1 source record в v1; Действие: Принять/разделить с evidence; regression 1705551 обязателен",,,,,CASA_Pro_Credit_History_Engine_Final_Spec_KZ_2026-08-21,2026-08-21,§13.1 Что подтверждает риелтор,SRC-DOC-M03-P-00481,,,,DATA,,,,,Canonicalized from 1 candidate row(s); source text preserved in 10_SOURCE_EXTRACTS.csv.
M03-CAN-0090,m03.current_1_0.product_semantic.58d7bbb202db8efb,1.0,CURRENT_1_0,M03,Кредитная история,PRODUCT_SEMANTIC,BUSINESS_RULE,§13.1 Что подтверждает риелтор,"Объект: Role/guarantee/joint liability; Обязательно, если: Не BORROWER или есть joint flag; Действие: Подтвердить raw role, не выводить payment","Объект: Role/guarantee/joint liability; Обязательно, если: Не BORROWER или есть joint flag; Действие: Подтвердить raw role, не выводить payment",,,,,CASA_Pro_Credit_History_Engine_Final_Spec_KZ_2026-08-21,2026-08-21,§13.1 Что подтверждает риелтор,SRC-DOC-M03-P-00482,,,,MULTI_LAYER,,,,,Canonicalized from 1 candidate row(s); source text preserved in 10_SOURCE_EXTRACTS.csv.
M03-CAN-0091,m03.current_1_0.product_semantic.b8f0facf895817ce,1.0,CURRENT_1_0,M03,Кредитная история,PRODUCT_SEMANTIC,BUSINESS_RULE,§13.1 Что подтверждает риелтор,"Объект: Restructuring/assignment/write-off/forgiveness/rehab; Обязательно, если: Есть любой флаг/сумма; Действие: Подтвердить source wording/date/amount","Объект: Restructuring/assignment/write-off/forgiveness/rehab; Обязательно, если: Есть любой флаг/сумма; Действие: Подтвердить source wording/date/amount",,,,,CASA_Pro_Credit_History_Engine_Final_Spec_KZ_2026-08-21,2026-08-21,§13.1 Что подтверждает риелтор,SRC-DOC-M03-P-00483,,,,MULTI_LAYER,,,,,Canonicalized from 1 candidate row(s); source text preserved in 10_SOURCE_EXTRACTS.csv.
M03-CAN-0092,m03.current_1_0.data_contract.deafa1b522e03e94,1.0,CURRENT_1_0,M03,Кредитная история,DATA_CONTRACT,DATA_MODEL,§13.1 Что подтверждает риелтор,"Объект: Blank vs zero; Обязательно, если: Критическое поле BLANK/UNREADABLE; Действие: Выбрать presence; не вводить 0 без доказательства","Объект: Blank vs zero; Обязательно, если: Критическое поле BLANK/UNREADABLE; Действие: Выбрать presence; не вводить 0 без доказательства",,,,BLANK|ZERO,CASA_Pro_Credit_History_Engine_Final_Spec_KZ_2026-08-21,2026-08-21,§13.1 Что подтверждает риелтор,SRC-DOC-M03-P-00484,,,,DATA,,,,,Canonicalized from 1 candidate row(s); source text preserved in 10_SOURCE_EXTRACTS.csv.
M03-CAN-0093,m03.current_1_0.data_contract.4daa9a2995c8b9fc,1.0,CURRENT_1_0,M03,Кредитная история,DATA_CONTRACT,DATA_MODEL,§13.1 Что подтверждает риелтор,"Объект: Сверка; Обязательно, если: Есть FAIL/PASS_WITH_REVIEW; Действие: Исправить поле или WAIVE с причиной","Объект: Сверка; Обязательно, если: Есть FAIL/PASS_WITH_REVIEW; Действие: Исправить поле или WAIVE с причиной",,,,,CASA_Pro_Credit_History_Engine_Final_Spec_KZ_2026-08-21,2026-08-21,§13.1 Что подтверждает риелтор,SRC-DOC-M03-P-00485,,,,DATA,,,,,Canonicalized from 1 candidate row(s); source text preserved in 10_SOURCE_EXTRACTS.csv.
M03-CAN-0094,m03.current_1_0.product_semantic.8724e1b74cc0e012,1.0,CURRENT_1_0,M03,Кредитная история,PRODUCT_SEMANTIC,BUSINESS_RULE,§13.2 Редактирование,риелтор не меняе raw fact; создаёт corrected revision;,риелтор не меняе raw fact; создаёт corrected revision;,,,,,CASA_Pro_Credit_History_Engine_Final_Spec_KZ_2026-08-21,2026-08-21,§13.2 Редактирование,SRC-DOC-M03-P-00488,,,,MULTI_LAYER,,,,,Canonicalized from 1 candidate row(s); source text preserved in 10_SOURCE_EXTRACTS.csv.
M03-CAN-0095,m03.current_1_0.product_semantic.d940af6ae0300abf,1.0,CURRENT_1_0,M03,Кредитная история,PRODUCT_SEMANTIC,BUSINESS_RULE,§13.2 Редактирование,reason code и comment обязательны;,reason code и comment обязательны;,,,,,CASA_Pro_Credit_History_Engine_Final_Spec_KZ_2026-08-21,2026-08-21,§13.2 Редактирование,SRC-DOC-M03-P-00489,,,,MULTI_LAYER,,,,,Canonicalized from 1 candidate row(s); source text preserved in 10_SOURCE_EXTRACTS.csv.
M03-CAN-0096,m03.current_1_0.ux_requirement.689cfe42aa641418,1.0,CURRENT_1_0,M03,Кредитная история,UX_REQUIREMENT,UI,§13.2 Редактирование,"UI показывает raw, parsed, corrected и crop;","UI показывает raw, parsed, corrected и crop;",,,,,CASA_Pro_Credit_History_Engine_Final_Spec_KZ_2026-08-21,2026-08-21,§13.2 Редактирование,SRC-DOC-M03-P-00490,,,,MULTI_LAYER,,,,,Canonicalized from 1 candidate row(s); source text preserved in 10_SOURCE_EXTRACTS.csv.
M03-CAN-0097,m03.current_1_0.product_semantic.f2db967b048e2012,1.0,CURRENT_1_0,M03,Кредитная история,PRODUCT_SEMANTIC,VALIDATION,§13.2 Редактирование,каждая correction инвалидирует profiles и запускает reconciliation;,каждая correction инвалидирует profiles и запускает reconciliation;,,,,,CASA_Pro_Credit_History_Engine_Final_Spec_KZ_2026-08-21,2026-08-21,§13.2 Редактирование,SRC-DOC-M03-P-00491,,,,MULTI_LAYER,,,,,Canonicalized from 1 candidate row(s); source text preserved in 10_SOURCE_EXTRACTS.csv.
M03-CAN-0098,m03.current_1_0.boundary.a56b40c64baa6beb,1.0,CURRENT_1_0,M03,Кредитная история,BOUNDARY,FORBIDDEN,§13.2 Редактирование,удалять source record нельзя; его можно пометить NOT_A_CONTRACT_RECORD после review.,,удалять source record нельзя; его можно пометить NOT_A_CONTRACT_RECORD после review.,,,,CASA_Pro_Credit_History_Engine_Final_Spec_KZ_2026-08-21,2026-08-21,§13.2 Редактирование,SRC-DOC-M03-P-00492,,,,MULTI_LAYER,,,,,Canonicalized from 1 candidate row(s); source text preserved in 10_SOURCE_EXTRACTS.csv.
M03-CAN-0099,m03.current_1_0.product_semantic.a9099d2c188afa9f,1.0,CURRENT_1_0,M03,Кредитная история,PRODUCT_SEMANTIC,BUSINESS_RULE,§14.1 Компоновка,Две нейтральные карточки: «Текущие обязательства» и «История»; без красной/зелёной оценки.,Две нейтральные карточки: «Текущие обязательства» и «История»; без красной/зелёной оценки.,,,,,CASA_Pro_Credit_History_Engine_Final_Spec_KZ_2026-08-21,2026-08-21,§14.1 Компоновка,SRC-DOC-M03-P-00497,,,,MULTI_LAYER,,,,,Canonicalized from 1 candidate row(s); source text preserved in 10_SOURCE_EXTRACTS.csv.
M03-CAN-0100,m03.current_1_0.product_semantic.887872ab722e9a30,1.0,CURRENT_1_0,M03,Кредитная история,PRODUCT_SEMANTIC,VALIDATION,§14.1 Компоновка,"Таблица active obligations. Кредитор, тип, role, balance, payment kind/value, current DPD, record_as_of, quality, действие «Проверить».","Таблица active obligations. Кредитор, тип, role, balance, payment kind/value, current DPD, record_as_of, quality, действие «Проверить».",,,,,CASA_Pro_Credit_History_Engine_Final_Spec_KZ_2026-08-21,2026-08-21,§14.1 Компоновка,SRC-DOC-M03-P-00498,,,,MULTI_LAYER,,,,,Canonicalized from 1 candidate row(s); source text preserved in 10_SOURCE_EXTRACTS.csv.
M03-CAN-0101,m03.current_1_0.product_semantic.e0acefb82a5d6c3f,1.0,CURRENT_1_0,M03,Кредитная история,PRODUCT_SEMANTIC,STATE,§14.1 Компоновка,"Сворачиваемые разделы: закрытые/старше 5 лет, assignments/collectors, applications, inquiries, embedded state facts, PKR fact.","Сворачиваемые разделы: закрытые/старше 5 лет, assignments/collectors, applications, inquiries, embedded state facts, PKR fact.",,,,,CASA_Pro_Credit_History_Engine_Final_Spec_KZ_2026-08-21,2026-08-21,§14.1 Компоновка,SRC-DOC-M03-P-00500,,,,MULTI_LAYER,,,,,Canonicalized from 1 candidate row(s); source text preserved in 10_SOURCE_EXTRACTS.csv.
M03-CAN-0102,m03.current_1_0.data_contract.ef78eff406637d01,1.0,CURRENT_1_0,M03,Кредитная история,DATA_CONTRACT,SNAPSHOT,§14.1 Компоновка,"Футер действий: «Сохранить черновик», «Подтвердить факты и создать snapshot». Вторая кнопка disabled при blocking task.","Футер действий: «Сохранить черновик», «Подтвердить факты и создать snapshot». Вторая кнопка disabled при blocking task.",,,,DISABLED,CASA_Pro_Credit_History_Engine_Final_Spec_KZ_2026-08-21,2026-08-21,§14.1 Компоновка,SRC-DOC-M03-P-00501,,,,DATA,,,,,Canonicalized from 1 candidate row(s); source text preserved in 10_SOURCE_EXTRACTS.csv.
M03-CAN-0103,m03.current_1_0.product_semantic.c142593aa29e0a89,1.0,CURRENT_1_0,M03,Кредитная история,PRODUCT_SEMANTIC,BUSINESS_RULE,§14.2 Надписи и запреты,"Допустимо: «3 активных обязательства», «Текущая просрочка: не указана/0 по ПКО», «Исторический max DPD: 1 919», «В отчёте есть цепочка уступки», «Подлинность этой копии не подтверждена».","Допустимо: «3 активных обязательства», «Текущая просрочка: не указана/0 по ПКО», «Исторический max DPD: 1 919», «В отчёте есть цепочка уступки», «Подлинность этой копии не подтверждена».",,,,,CASA_Pro_Credit_History_Engine_Final_Spec_KZ_2026-08-21,2026-08-21,§14.2 Надписи и запреты,SRC-DOC-M03-P-00503,,,,MULTI_LAYER,,,,,Canonicalized from 1 candidate row(s); source text preserved in 10_SOURCE_EXTRACTS.csv.
M03-CAN-0104,m03.current_1_0.boundary.7b52804673d817b6,1.0,CURRENT_1_0,M03,Кредитная история,BOUNDARY,FORBIDDEN,§14.2 Надписи и запреты,"Запрещено: «хорошая/плохая КИ», «низкий/высокий риск CASA», «ипотека запрещена», «банк откажет», «банк одобрит», «скор CASA».",,"Запрещено: «хорошая/плохая КИ», «низкий/высокий риск CASA», «ипотека запрещена», «банк откажет», «банк одобрит», «скор CASA».",,,,CASA_Pro_Credit_History_Engine_Final_Spec_KZ_2026-08-21,2026-08-21,§14.2 Надписи и запреты,SRC-DOC-M03-P-00504,,,,MULTI_LAYER,,,,,Canonicalized from 1 candidate row(s); source text preserved in 10_SOURCE_EXTRACTS.csv.
M03-CAN-0105,m03.current_1_0.product_semantic.ea928cc3ffb74022,1.0,CURRENT_1_0,M03,Кредитная история,PRODUCT_SEMANTIC,STATE,§14.3 Состояния UI,"Состояние: UPLOADING; Когда: Идёт upload; Текст/действие: Progress, cancel if safe","Состояние: UPLOADING; Когда: Идёт upload; Текст/действие: Progress, cancel if safe",,,,,CASA_Pro_Credit_History_Engine_Final_Spec_KZ_2026-08-21,2026-08-21,§14.3 Состояния UI,SRC-DOC-M03-P-00509,,,,MULTI_LAYER,,,,,Canonicalized from 1 candidate row(s); source text preserved in 10_SOURCE_EXTRACTS.csv.
M03-CAN-0106,m03.current_1_0.product_semantic.560ea56dd6ac493b,1.0,CURRENT_1_0,M03,Кредитная история,PRODUCT_SEMANTIC,PARSER,§14.3 Состояния UI,Состояние: PROCESSING; Когда: Parse/OCR; Текст/действие: Page/section progress; без фальшивых процентов,Состояние: PROCESSING; Когда: Parse/OCR; Текст/действие: Page/section progress; без фальшивых процентов,,,,,CASA_Pro_Credit_History_Engine_Final_Spec_KZ_2026-08-21,2026-08-21,§14.3 Состояния UI,SRC-DOC-M03-P-00511,,,,PARSER,,,,,Canonicalized from 1 candidate row(s); source text preserved in 10_SOURCE_EXTRACTS.csv.
M03-CAN-0107,m03.current_1_0.product_semantic.dd9fea9cb7c2e6ad,1.0,CURRENT_1_0,M03,Кредитная история,PRODUCT_SEMANTIC,STATE,§14.3 Состояния UI,"Состояние: AUTHENTICITY_UNVERIFIED; Когда: Scan/flattened PDF/manual check не пройден; Текст/действие: Жёлтый neutral badge, причина","Состояние: AUTHENTICITY_UNVERIFIED; Когда: Scan/flattened PDF/manual check не пройден; Текст/действие: Жёлтый neutral badge, причина",,,,,CASA_Pro_Credit_History_Engine_Final_Spec_KZ_2026-08-21,2026-08-21,§14.3 Состояния UI,SRC-DOC-M03-P-00515,,,,PARSER,,,,,Canonicalized from 1 candidate row(s); source text preserved in 10_SOURCE_EXTRACTS.csv.
M03-CAN-0108,m03.current_1_0.product_semantic.68694dd5ec1b7298,1.0,CURRENT_1_0,M03,Кредитная история,PRODUCT_SEMANTIC,STATE,§14.3 Состояния UI,Состояние: STALE; Когда: Report/active records старше process policy; Текст/действие: Показать exact ages; «Загрузить новый отчёт»,Состояние: STALE; Когда: Report/active records старше process policy; Текст/действие: Показать exact ages; «Загрузить новый отчёт»,,,,STALE,CASA_Pro_Credit_History_Engine_Final_Spec_KZ_2026-08-21,2026-08-21,§14.3 Состояния UI,SRC-DOC-M03-P-00516,,,,MULTI_LAYER,,,,,Canonicalized from 1 candidate row(s); source text preserved in 10_SOURCE_EXTRACTS.csv.
M03-CAN-0109,m03.current_1_0.product_semantic.3e6e5547a2121288,1.0,CURRENT_1_0,M03,Кредитная история,PRODUCT_SEMANTIC,STATE,§14.3 Состояния UI,Состояние: UNSUPPORTED_TEMPLATE; Когда: Неизвестный layout/type; Текст/действие: SAMPLE_REQUIRED; secure manual fallback,Состояние: UNSUPPORTED_TEMPLATE; Когда: Неизвестный layout/type; Текст/действие: SAMPLE_REQUIRED; secure manual fallback,,,,,CASA_Pro_Credit_History_Engine_Final_Spec_KZ_2026-08-21,2026-08-21,§14.3 Состояния UI,SRC-DOC-M03-P-00517,,,,MULTI_LAYER,,,,,Canonicalized from 1 candidate row(s); source text preserved in 10_SOURCE_EXTRACTS.csv.
M03-CAN-0110,m03.current_1_0.product_semantic.349f56d14c43db44,1.0,CURRENT_1_0,M03,Кредитная история,PRODUCT_SEMANTIC,STATE,§14.3 Состояния UI,"Состояние: FAILED; Когда: Blocking technical/error; Текст/действие: Код, понятное действие, retry без duplicate","Состояние: FAILED; Когда: Blocking technical/error; Текст/действие: Код, понятное действие, retry без duplicate",,,,,CASA_Pro_Credit_History_Engine_Final_Spec_KZ_2026-08-21,2026-08-21,§14.3 Состояния UI,SRC-DOC-M03-P-00519,,,,MULTI_LAYER,,,,,Canonicalized from 1 candidate row(s); source text preserved in 10_SOURCE_EXTRACTS.csv.
M03-CAN-0111,m03.current_1_0.product_semantic.5252d6e419acadf8,1.0,CURRENT_1_0,M03,Кредитная история,PRODUCT_SEMANTIC,STATE,§14.3 Состояния UI,Состояние: SUPERSEDED; Когда: Есть новая version; Текст/действие: Read-only history,Состояние: SUPERSEDED; Когда: Есть новая version; Текст/действие: Read-only history,,,,,CASA_Pro_Credit_History_Engine_Final_Spec_KZ_2026-08-21,2026-08-21,§14.3 Состояния UI,SRC-DOC-M03-P-00520,,,,MULTI_LAYER,,,,,Canonicalized from 1 candidate row(s); source text preserved in 10_SOURCE_EXTRACTS.csv.
M03-CAN-0112,m03.current_1_0.product_semantic.d280890f8eefc400,1.0,CURRENT_1_0,M03,Кредитная история,PRODUCT_SEMANTIC,STATE,§14.3 Состояния UI,Состояние: VERIFIED_FOR_INTERNAL_USE; Когда: Critical gates закрыты; Текст/действие: Не называть «Банком подтверждено»,Состояние: VERIFIED_FOR_INTERNAL_USE; Когда: Critical gates закрыты; Текст/действие: Не называть «Банком подтверждено»,,,,,CASA_Pro_Credit_History_Engine_Final_Spec_KZ_2026-08-21|M03_CASA_Pro_Credit_History_Implementation_and_Acceptance_v1.1,2026-08-21|1.1,§14.3 Состояния UI|§15 Статусы экрана — продолжение,SRC-DOC-M03-P-00514|SRC-DOC-M03-I-00269,,,CRITICAL,MULTI_LAYER|DATA,,,,,Canonicalized from 2 candidate row(s); source text preserved in 10_SOURCE_EXTRACTS.csv.
M03-CAN-0113,m03.current_1_0.product_semantic.ab2ac18525fc01e0,1.0,CURRENT_1_0,M03,Кредитная история,PRODUCT_SEMANTIC,STATE,§14.3 Состояния UI,Состояние: SOURCE_MISMATCH; Когда: Subject не тот; Текст/действие: Блок snapshot; заменить PDF,Состояние: SOURCE_MISMATCH; Когда: Subject не тот; Текст/действие: Блок snapshot; заменить PDF,,,,BLOCKED,CASA_Pro_Credit_History_Engine_Final_Spec_KZ_2026-08-21|M03_CASA_Pro_Credit_History_Implementation_and_Acceptance_v1.1,2026-08-21|1.1,§14.3 Состояния UI|§15 Статусы экрана — продолжение,SRC-DOC-M03-P-00518|SRC-DOC-M03-I-00275,,,,DATA|PARSER,,,,,Canonicalized from 2 candidate row(s); source text preserved in 10_SOURCE_EXTRACTS.csv.
M03-CAN-0114,m03.current_1_0.security_control.14cba765698313ca,1.0,CURRENT_1_0,M03,Кредитная история,SECURITY_CONTROL,CONSENT,§14.3 Состояния UI,Состояние: CONSENT_REQUIRED; Когда: Нет/отозвано consent; Текст/действие: Upload/processing disabled,Состояние: CONSENT_REQUIRED; Когда: Нет/отозвано consent; Текст/действие: Upload/processing disabled,,,,DISABLED,CASA_Pro_Credit_History_Engine_Final_Spec_KZ_2026-08-21|M03_CASA_Pro_Credit_History_Implementation_and_Acceptance_v1.1,2026-08-21|1.1,§14.3 Состояния UI|§15 Статусы экрана — русские названия,SRC-DOC-M03-P-00508|SRC-DOC-M03-I-00261,,,,LEGAL,,,,,Canonicalized from 2 candidate row(s); source text preserved in 10_SOURCE_EXTRACTS.csv.
M03-CAN-0115,m03.current_1_0.product_semantic.1ed60177a5b0dd04,1.0,CURRENT_1_0,M03,Кредитная история,PRODUCT_SEMANTIC,STATE,§14.3 Состояния UI,Состояние: NEEDS_REVIEW; Когда: Есть tasks; Текст/действие: Число tasks по criticality,Состояние: NEEDS_REVIEW; Когда: Есть tasks; Текст/действие: Число tasks по criticality,,,,,CASA_Pro_Credit_History_Engine_Final_Spec_KZ_2026-08-21|M03_CASA_Pro_Credit_History_Implementation_and_Acceptance_v1.1,2026-08-21|1.1,§14.3 Состояния UI|§15 Статусы экрана — русские названия,SRC-DOC-M03-P-00512|SRC-DOC-M03-I-00264,,,,MULTI_LAYER,,,,,Canonicalized from 2 candidate row(s); source text preserved in 10_SOURCE_EXTRACTS.csv.
M03-CAN-0116,m03.current_1_0.product_semantic.19060730f852da10,1.0,CURRENT_1_0,M03,Кредитная история,PRODUCT_SEMANTIC,STATE,§14.3 Состояния UI,Состояние: PARTIALLY_VERIFIED; Когда: Некритические tasks остались; Текст/действие: Snapshot допустим только по policy,Состояние: PARTIALLY_VERIFIED; Когда: Некритические tasks остались; Текст/действие: Snapshot допустим только по policy,,,,,CASA_Pro_Credit_History_Engine_Final_Spec_KZ_2026-08-21|M03_CASA_Pro_Credit_History_Implementation_and_Acceptance_v1.1,2026-08-21|1.1,§14.3 Состояния UI|§15 Статусы экрана — русские названия,SRC-DOC-M03-P-00513|SRC-DOC-M03-I-00265,,,,DATA,,,,,Canonicalized from 2 candidate row(s); source text preserved in 10_SOURCE_EXTRACTS.csv.
M03-CAN-0117,m03.current_1_0.product_semantic.58b26517a667e465,1.0,CURRENT_1_0,M03,Кредитная история,PRODUCT_SEMANTIC,STATE,§14.3 Состояния UI,"Состояние: NOT_UPLOADED; Когда: Нет PDF; Текст/действие: «Загрузите ПКО, полученный клиентом»","Состояние: NOT_UPLOADED; Когда: Нет PDF; Текст/действие: «Загрузите ПКО, полученный клиентом»",,,,,CASA_Pro_Credit_History_Engine_Final_Spec_KZ_2026-08-21|M03_CASA_Pro_Credit_History_Implementation_and_Acceptance_v1.1,2026-08-21|1.1,§14.3 Состояния UI|§5 Пользовательский путь,SRC-DOC-M03-P-00507|SRC-DOC-M03-I-00058,,,,PARSER|LEGAL,,,,,Canonicalized from 2 candidate row(s); source text preserved in 10_SOURCE_EXTRACTS.csv.
M03-CAN-0118,m03.current_1_0.product_semantic.2704db1f096979b3,1.0,CURRENT_1_0,M03,Кредитная история,PRODUCT_SEMANTIC,STATE,§14.3 Состояния UI,Состояние: QUARANTINED; Когда: Техпроверка; Текст/действие: «Проверяем файл»,Состояние: QUARANTINED; Когда: Техпроверка; Текст/действие: «Проверяем файл»,,,,,CASA_Pro_Credit_History_Engine_Final_Spec_KZ_2026-08-21|M03_CASA_Pro_Credit_History_Implementation_and_Acceptance_v1.1,2026-08-21|1.1,§14.3 Состояния UI|§5 Пользовательский путь,SRC-DOC-M03-P-00510|SRC-DOC-M03-I-00060,,,,MULTI_LAYER,,,,,Canonicalized from 2 candidate row(s); source text preserved in 10_SOURCE_EXTRACTS.csv.
M03-CAN-0119,m03.current_1_0.product_semantic.9453503c8f780a32,1.0,CURRENT_1_0,M03,Кредитная история,PRODUCT_SEMANTIC,API,§15.1 Command/API surface,Method: POST; Endpoint: /api/v2/cases/{caseId}/participants/{participantId}/credit-reports/upload-grant; Назначение: Одноразовый upload grant после consent/ACL check,Method: POST; Endpoint: /api/v2/cases/{caseId}/participants/{participantId}/credit-reports/upload-grant; Назначение: Одноразовый upload grant после consent/ACL check,,,,,CASA_Pro_Credit_History_Engine_Final_Spec_KZ_2026-08-21,2026-08-21,§15.1 Command/API surface,SRC-DOC-M03-P-00524,,,,BACKEND|SECURITY|LEGAL,,,,,Canonicalized from 1 candidate row(s); source text preserved in 10_SOURCE_EXTRACTS.csv.
M03-CAN-0120,m03.current_1_0.product_semantic.ce6da96e0761cee1,1.0,CURRENT_1_0,M03,Кредитная история,PRODUCT_SEMANTIC,API,§15.1 Command/API surface,Method: POST; Endpoint: /api/v2/credit-reports/{reportId}/versions/{versionId}:process; Назначение: Idempotent start/retry parse; Idempotency-Key required,Method: POST; Endpoint: /api/v2/credit-reports/{reportId}/versions/{versionId}:process; Назначение: Idempotent start/retry parse; Idempotency-Key required,,,,,CASA_Pro_Credit_History_Engine_Final_Spec_KZ_2026-08-21,2026-08-21,§15.1 Command/API surface,SRC-DOC-M03-P-00525,,,,BACKEND,,,,,Canonicalized from 1 candidate row(s); source text preserved in 10_SOURCE_EXTRACTS.csv.
M03-CAN-0121,m03.current_1_0.product_semantic.3c1c99d5c1f3096d,1.0,CURRENT_1_0,M03,Кредитная история,PRODUCT_SEMANTIC,API,§15.1 Command/API surface,"Method: GET; Endpoint: /api/v2/credit-reports/{reportId}; Назначение: Шапка, versions, statuses","Method: GET; Endpoint: /api/v2/credit-reports/{reportId}; Назначение: Шапка, versions, statuses",,,,,CASA_Pro_Credit_History_Engine_Final_Spec_KZ_2026-08-21,2026-08-21,§15.1 Command/API surface,SRC-DOC-M03-P-00526,,,,BACKEND,,,,,Canonicalized from 1 candidate row(s); source text preserved in 10_SOURCE_EXTRACTS.csv.
M03-CAN-0122,m03.current_1_0.product_semantic.f35507496db3fe3a,1.0,CURRENT_1_0,M03,Кредитная история,PRODUCT_SEMANTIC,API,§15.1 Command/API surface,"Method: GET; Endpoint: /api/v2/credit-reports/{reportId}/versions/{versionId}/results; Назначение: Facts, source records, lineages, profiles, reconciliation","Method: GET; Endpoint: /api/v2/credit-reports/{reportId}/versions/{versionId}/results; Назначение: Facts, source records, lineages, profiles, reconciliation",,,,,CASA_Pro_Credit_History_Engine_Final_Spec_KZ_2026-08-21,2026-08-21,§15.1 Command/API surface,SRC-DOC-M03-P-00527,,,,BACKEND,,,,,Canonicalized from 1 candidate row(s); source text preserved in 10_SOURCE_EXTRACTS.csv.
M03-CAN-0123,m03.current_1_0.product_semantic.5ed71dbc5e78afae,1.0,CURRENT_1_0,M03,Кредитная история,PRODUCT_SEMANTIC,API,§15.1 Command/API surface,"Method: GET; Endpoint: /api/v2/credit-reports/{reportId}/review-tasks; Назначение: Очередь review, фильтры severity/type/status","Method: GET; Endpoint: /api/v2/credit-reports/{reportId}/review-tasks; Назначение: Очередь review, фильтры severity/type/status",,,,,CASA_Pro_Credit_History_Engine_Final_Spec_KZ_2026-08-21,2026-08-21,§15.1 Command/API surface,SRC-DOC-M03-P-00528,,,,BACKEND,,,,,Canonicalized from 1 candidate row(s); source text preserved in 10_SOURCE_EXTRACTS.csv.
M03-CAN-0124,m03.current_1_0.product_semantic.fba18bd769951faf,1.0,CURRENT_1_0,M03,Кредитная история,PRODUCT_SEMANTIC,API,§15.1 Command/API surface,Method: POST; Endpoint: /api/v2/credit-reports/{reportId}/review-tasks/{taskId}:resolve; Назначение: Accept/correct/reject/waive с reason и If-Match,Method: POST; Endpoint: /api/v2/credit-reports/{reportId}/review-tasks/{taskId}:resolve; Назначение: Accept/correct/reject/waive с reason и If-Match,,,,,CASA_Pro_Credit_History_Engine_Final_Spec_KZ_2026-08-21,2026-08-21,§15.1 Command/API surface,SRC-DOC-M03-P-00529,,,,BACKEND,,,,,Canonicalized from 1 candidate row(s); source text preserved in 10_SOURCE_EXTRACTS.csv.
M03-CAN-0125,m03.current_1_0.product_semantic.230658b25dd04f9d,1.0,CURRENT_1_0,M03,Кредитная история,PRODUCT_SEMANTIC,API,§15.1 Command/API surface,Method: POST; Endpoint: /api/v2/credit-reports/{reportId}/lineage-links/{linkId}:decide; Назначение: Merge/keep/split с evidence/reason,Method: POST; Endpoint: /api/v2/credit-reports/{reportId}/lineage-links/{linkId}:decide; Назначение: Merge/keep/split с evidence/reason,,,,,CASA_Pro_Credit_History_Engine_Final_Spec_KZ_2026-08-21,2026-08-21,§15.1 Command/API surface,SRC-DOC-M03-P-00530,,,,BACKEND,,,,,Canonicalized from 1 candidate row(s); source text preserved in 10_SOURCE_EXTRACTS.csv.
M03-CAN-0126,m03.current_1_0.product_semantic.f5266aa6ce562154,1.0,CURRENT_1_0,M03,Кредитная история,PRODUCT_SEMANTIC,API,§15.1 Command/API surface,Method: POST; Endpoint: /api/v2/credit-reports/{reportId}:verify-authenticity-manually; Назначение: Зафиксировать manual bureau check; evidence required,Method: POST; Endpoint: /api/v2/credit-reports/{reportId}:verify-authenticity-manually; Назначение: Зафиксировать manual bureau check; evidence required,,,,,CASA_Pro_Credit_History_Engine_Final_Spec_KZ_2026-08-21,2026-08-21,§15.1 Command/API surface,SRC-DOC-M03-P-00531,,,,BACKEND,,,,,Canonicalized from 1 candidate row(s); source text preserved in 10_SOURCE_EXTRACTS.csv.
M03-CAN-0127,m03.current_1_0.product_semantic.37b64a29816212f3,1.0,CURRENT_1_0,M03,Кредитная история,PRODUCT_SEMANTIC,API,§15.1 Command/API surface,Method: POST; Endpoint: /api/v2/credit-reports/{reportId}:publish-snapshot; Назначение: Проверить gates и создать immutable snapshot,Method: POST; Endpoint: /api/v2/credit-reports/{reportId}:publish-snapshot; Назначение: Проверить gates и создать immutable snapshot,,,,,CASA_Pro_Credit_History_Engine_Final_Spec_KZ_2026-08-21,2026-08-21,§15.1 Command/API surface,SRC-DOC-M03-P-00532,,,,BACKEND|DATA,,,,,Canonicalized from 1 candidate row(s); source text preserved in 10_SOURCE_EXTRACTS.csv.
M03-CAN-0128,m03.current_1_0.product_semantic.dea2ed0f319682fc,1.0,CURRENT_1_0,M03,Кредитная история,PRODUCT_SEMANTIC,API,§15.1 Command/API surface,Method: GET; Endpoint: /api/v2/credit-history-snapshots/{snapshotId}; Назначение: Нейтральный published payload,Method: GET; Endpoint: /api/v2/credit-history-snapshots/{snapshotId}; Назначение: Нейтральный published payload,,,,,CASA_Pro_Credit_History_Engine_Final_Spec_KZ_2026-08-21,2026-08-21,§15.1 Command/API surface,SRC-DOC-M03-P-00533,,,,BACKEND|DATA,,,,,Canonicalized from 1 candidate row(s); source text preserved in 10_SOURCE_EXTRACTS.csv.
M03-CAN-0129,m03.current_1_0.product_semantic.57e74a0efb017563,1.0,CURRENT_1_0,M03,Кредитная история,PRODUCT_SEMANTIC,API,§15.1 Command/API surface,Method: POST; Endpoint: /api/v2/credit-reports/{reportId}:supersede; Назначение: Привязать новую report version; не hard delete,Method: POST; Endpoint: /api/v2/credit-reports/{reportId}:supersede; Назначение: Привязать новую report version; не hard delete,,,,,CASA_Pro_Credit_History_Engine_Final_Spec_KZ_2026-08-21,2026-08-21,§15.1 Command/API surface,SRC-DOC-M03-P-00534,,,,BACKEND,,,,,Canonicalized from 1 candidate row(s); source text preserved in 10_SOURCE_EXTRACTS.csv.
M03-CAN-0130,m03.current_1_0.product_semantic.40575721a8250a69,1.0,CURRENT_1_0,M03,Кредитная история,PRODUCT_SEMANTIC,API,§15.1 Command/API surface,"Все mutation endpoints требуют tenant/case ACL, consent gate, CSRF/аутентикацию, idempotency где применимо, optimistic concurrency и audit. API не возвращает presigned storage URL после expiry и не выдаёт raw PDF без separate authorization.","Все mutation endpoints требуют tenant/case ACL, consent gate, CSRF/аутентикацию, idempotency где применимо, optimistic concurrency и audit. API не возвращает presigned storage URL после expiry и не выдаёт raw PDF без separate authorization.",,,,,CASA_Pro_Credit_History_Engine_Final_Spec_KZ_2026-08-21,2026-08-21,§15.1 Command/API surface,SRC-DOC-M03-P-00535,,,,BACKEND|PARSER|SECURITY|LEGAL,,,,,Canonicalized from 1 candidate row(s); source text preserved in 10_SOURCE_EXTRACTS.csv.
M03-CAN-0131,m03.current_1_0.security_control.8fa9e7745346177d,1.0,CURRENT_1_0,M03,Кредитная история,SECURITY_CONTROL,CONSENT,§15.4 Ошибки,Код: CONSENT_MISSING / CONSENT_REVOKED; HTTP/Retry: 403/no; Blocking: Да; Действие: Получить новое основание; ограничить existing processing,Код: CONSENT_MISSING / CONSENT_REVOKED; HTTP/Retry: 403/no; Blocking: Да; Действие: Получить новое основание; ограничить existing processing,,,,,CASA_Pro_Credit_History_Engine_Final_Spec_KZ_2026-08-21,2026-08-21,§15.4 Ошибки,SRC-DOC-M03-P-00545,,,,LEGAL,,,,,Canonicalized from 1 candidate row(s); source text preserved in 10_SOURCE_EXTRACTS.csv.
M03-CAN-0132,m03.current_1_0.product_semantic.2f45d4d69584a316,1.0,CURRENT_1_0,M03,Кредитная история,PRODUCT_SEMANTIC,ERROR,§15.4 Ошибки,Код: PASSWORD_PROTECTED; HTTP/Retry: 422/no; Blocking: Да; Действие: Клиент выгружает незашифованную копию; пароль CASA не принимает,Код: PASSWORD_PROTECTED; HTTP/Retry: 422/no; Blocking: Да; Действие: Клиент выгружает незашифованную копию; пароль CASA не принимает,,,,,CASA_Pro_Credit_History_Engine_Final_Spec_KZ_2026-08-21,2026-08-21,§15.4 Ошибки,SRC-DOC-M03-P-00548,,,,MULTI_LAYER,,,,,Canonicalized from 1 candidate row(s); source text preserved in 10_SOURCE_EXTRACTS.csv.
M03-CAN-0133,m03.current_1_0.product_semantic.fc671cd35a90e62f,1.0,CURRENT_1_0,M03,Кредитная история,PRODUCT_SEMANTIC,ERROR,§15.4 Ошибки,Код: UNSUPPORTED_REPORT_TYPE; HTTP/Retry: 422/no; Blocking: Да; Действие: SAMPLE_REQUIRED/manual workflow,Код: UNSUPPORTED_REPORT_TYPE; HTTP/Retry: 422/no; Blocking: Да; Действие: SAMPLE_REQUIRED/manual workflow,,,,,CASA_Pro_Credit_History_Engine_Final_Spec_KZ_2026-08-21,2026-08-21,§15.4 Ошибки,SRC-DOC-M03-P-00552,,,,MULTI_LAYER,,,,,Canonicalized from 1 candidate row(s); source text preserved in 10_SOURCE_EXTRACTS.csv.
M03-CAN-0134,m03.current_1_0.product_semantic.0bfc457d2ddc3f59,1.0,CURRENT_1_0,M03,Кредитная история,PRODUCT_SEMANTIC,ERROR,§15.4 Ошибки,Код: REQUIRED_FIELD_MISSING; HTTP/Retry: 200/no; Blocking: Да для snapshot; Действие: Manual review/UNKNOWN,Код: REQUIRED_FIELD_MISSING; HTTP/Retry: 200/no; Blocking: Да для snapshot; Действие: Manual review/UNKNOWN,,,,UNKNOWN,CASA_Pro_Credit_History_Engine_Final_Spec_KZ_2026-08-21,2026-08-21,§15.4 Ошибки,SRC-DOC-M03-P-00562,,,,DATA,,,,,Canonicalized from 1 candidate row(s); source text preserved in 10_SOURCE_EXTRACTS.csv.
M03-CAN-0135,m03.current_1_0.product_semantic.95dd6c5a7c7a0583,1.0,CURRENT_1_0,M03,Кредитная история,PRODUCT_SEMANTIC,ERROR,§15.4 Ошибки,Код: CONTRACT_COUNT_MISMATCH; HTTP/Retry: 200/no; Blocking: Да; Действие: Page/segmentation review,Код: CONTRACT_COUNT_MISMATCH; HTTP/Retry: 200/no; Blocking: Да; Действие: Page/segmentation review,,,,,CASA_Pro_Credit_History_Engine_Final_Spec_KZ_2026-08-21,2026-08-21,§15.4 Ошибки,SRC-DOC-M03-P-00564,,,,MULTI_LAYER,,,,,Canonicalized from 1 candidate row(s); source text preserved in 10_SOURCE_EXTRACTS.csv.
M03-CAN-0136,m03.current_1_0.product_semantic.176dab1e86513212,1.0,CURRENT_1_0,M03,Кредитная история,PRODUCT_SEMANTIC,STATE,§15.4 Ошибки,Код: AMBIGUOUS_CURRENT_NODE; HTTP/Retry: 200/no; Blocking: Да для current total; Действие: Resolve source state,Код: AMBIGUOUS_CURRENT_NODE; HTTP/Retry: 200/no; Blocking: Да для current total; Действие: Resolve source state,,,,,CASA_Pro_Credit_History_Engine_Final_Spec_KZ_2026-08-21,2026-08-21,§15.4 Ошибки,SRC-DOC-M03-P-00567,,,,MULTI_LAYER,,,,,Canonicalized from 1 candidate row(s); source text preserved in 10_SOURCE_EXTRACTS.csv.
M03-CAN-0137,m03.current_1_0.product_semantic.85ca91944c6dfa67,1.0,CURRENT_1_0,M03,Кредитная история,PRODUCT_SEMANTIC,ERROR,§15.4 Ошибки,Код: SNAPSHOT_GATE_FAILED; HTTP/Retry: 409/no; Blocking: Да; Действие: Возврат списка unresolved gate codes,Код: SNAPSHOT_GATE_FAILED; HTTP/Retry: 409/no; Blocking: Да; Действие: Возврат списка unresolved gate codes,,,,,CASA_Pro_Credit_History_Engine_Final_Spec_KZ_2026-08-21,2026-08-21,§15.4 Ошибки,SRC-DOC-M03-P-00571,,,,DATA,,,,,Canonicalized from 1 candidate row(s); source text preserved in 10_SOURCE_EXTRACTS.csv.
M03-CAN-0138,m03.current_1_0.data_contract.5177caf2688278ec,1.0,CURRENT_1_0,M03,Кредитная история,DATA_CONTRACT,SNAPSHOT,§16.1 Что передаётся,Только immutable credit_history_snapshot:,Только immutable credit_history_snapshot:,,,,,CASA_Pro_Credit_History_Engine_Final_Spec_KZ_2026-08-21,2026-08-21,§16.1 Что передаётся,SRC-DOC-M03-P-00575,,,,DATA,,,,,Canonicalized from 1 candidate row(s); source text preserved in 10_SOURCE_EXTRACTS.csv.
M03-CAN-0139,m03.current_1_0.product_semantic.ff3f6e6a7a21b9a4,1.0,CURRENT_1_0,M03,Кредитная история,PRODUCT_SEMANTIC,STATE,§16.1 Что передаётся,"verification, authenticity, reconciliation, review and freshness statuses;","verification, authenticity, reconciliation, review and freshness statuses;",,,,,CASA_Pro_Credit_History_Engine_Final_Spec_KZ_2026-08-21,2026-08-21,§16.1 Что передаётся,SRC-DOC-M03-P-00577,,,,MULTI_LAYER,,,,,Canonicalized from 1 candidate row(s); source text preserved in 10_SOURCE_EXTRACTS.csv.
M03-CAN-0140,m03.current_1_0.product_semantic.22a361e8855cc990,1.0,CURRENT_1_0,M03,Кредитная история,PRODUCT_SEMANTIC,BUSINESS_RULE,§16.1 Что передаётся,application and inquiry facts с window-neutral dates/classification;,application and inquiry facts с window-neutral dates/classification;,,,,,CASA_Pro_Credit_History_Engine_Final_Spec_KZ_2026-08-21,2026-08-21,§16.1 Что передаётся,SRC-DOC-M03-P-00582,,,,MULTI_LAYER,,,,,Canonicalized from 1 candidate row(s); source text preserved in 10_SOURCE_EXTRACTS.csv.
M03-CAN-0141,m03.current_1_0.product_semantic.1d697000d178a3de,1.0,CURRENT_1_0,M03,Кредитная история,PRODUCT_SEMANTIC,PARSER,§16.1 Что передаётся,"unknowns, stale flags, evidence IDs, parser/dedup/profile versions.","unknowns, stale flags, evidence IDs, parser/dedup/profile versions.",,,,STALE,CASA_Pro_Credit_History_Engine_Final_Spec_KZ_2026-08-21,2026-08-21,§16.1 Что передаётся,SRC-DOC-M03-P-00584,,,,PARSER,,,,,Canonicalized from 1 candidate row(s); source text preserved in 10_SOURCE_EXTRACTS.csv.
M03-CAN-0142,m03.current_1_0.product_semantic.6f8e77bf94a6005e,1.0,CURRENT_1_0,M03,Кредитная история,PRODUCT_SEMANTIC,BUSINESS_RULE,§16.2 Что не передаётся как факт,внутренний скор CASA;,внутренний скор CASA;,,,,,CASA_Pro_Credit_History_Engine_Final_Spec_KZ_2026-08-21,2026-08-21,§16.2 Что не передаётся как факт,SRC-DOC-M03-P-00588,,,,MULTI_LAYER,,,,,Canonicalized from 1 candidate row(s); source text preserved in 10_SOURCE_EXTRACTS.csv.
M03-CAN-0143,m03.current_1_0.data_contract.ac209a75b5d7c67e,1.0,CURRENT_1_0,M03,Кредитная история,DATA_CONTRACT,SNAPSHOT,§16.3 Consumer gate,"Bank Rules Engine может принять snapshot, если:","Bank Rules Engine может принять snapshot, если:",,,,,CASA_Pro_Credit_History_Engine_Final_Spec_KZ_2026-08-21,2026-08-21,§16.3 Consumer gate,SRC-DOC-M03-P-00593,,,,DATA,,,,,Canonicalized from 1 candidate row(s); source text preserved in 10_SOURCE_EXTRACTS.csv.
M03-CAN-0144,m03.current_1_0.product_semantic.8a978fbaff493fbf,1.0,CURRENT_1_0,M03,Кредитная история,PRODUCT_SEMANTIC,STATE,§16.3 Consumer gate,verification.manual_review_status=COMPLETED или явное policy waiver;,verification.manual_review_status=COMPLETED или явное policy waiver;,,,,,CASA_Pro_Credit_History_Engine_Final_Spec_KZ_2026-08-21,2026-08-21,§16.3 Consumer gate,SRC-DOC-M03-P-00594,,,,MULTI_LAYER,,,,,Canonicalized from 1 candidate row(s); source text preserved in 10_SOURCE_EXTRACTS.csv.
M03-CAN-0145,m03.current_1_0.security_control.11bb56dbc84f8bde,1.0,CURRENT_1_0,M03,Кредитная история,SECURITY_CONTROL,CONSENT,§16.3 Consumer gate,subject/consent gates действуют;,subject/consent gates действуют;,,,,,CASA_Pro_Credit_History_Engine_Final_Spec_KZ_2026-08-21,2026-08-21,§16.3 Consumer gate,SRC-DOC-M03-P-00597,,,,LEGAL,,,,,Canonicalized from 1 candidate row(s); source text preserved in 10_SOURCE_EXTRACTS.csv.
M03-CAN-0146,m03.current_1_0.product_semantic.be2d4cb91487c746,1.0,CURRENT_1_0,M03,Кредитная история,PRODUCT_SEMANTIC,CALCULATION,§16.3 Consumer gate,consumer сохраняет snapshot_id и snapshot_hash в trace любого своего расчёта.,consumer сохраняет snapshot_id и snapshot_hash в trace любого своего расчёта.,,,,,CASA_Pro_Credit_History_Engine_Final_Spec_KZ_2026-08-21,2026-08-21,§16.3 Consumer gate,SRC-DOC-M03-P-00599,,,,DATA,,,,,Canonicalized from 1 candidate row(s); source text preserved in 10_SOURCE_EXTRACTS.csv.
M03-CAN-0147,m03.current_1_0.product_semantic.6779dc827e4eff25,1.0,CURRENT_1_0,M03,Кредитная история,PRODUCT_SEMANTIC,BUSINESS_RULE,§16.3 Consumer gate,"Если свежесть/подлинность не подтверждена, consumer получает сами факты и quality flags; решение, можно ли их использовать, принимает не Credit History Engine.","Если свежесть/подлинность не подтверждена, consumer получает сами факты и quality flags; решение, можно ли их использовать, принимает не Credit History Engine.",,,,,CASA_Pro_Credit_History_Engine_Final_Spec_KZ_2026-08-21,2026-08-21,§16.3 Consumer gate,SRC-DOC-M03-P-00600,,,,MULTI_LAYER,,,,,Canonicalized from 1 candidate row(s); source text preserved in 10_SOURCE_EXTRACTS.csv.
M03-CAN-0148,m03.current_1_0.security_control.6c421660a6effd91,1.0,CURRENT_1_0,M03,Кредитная история,SECURITY_CONTROL,SECURITY,§17.1 Обязательные controls,data residency/storage architecture в РК — как требует утверждённая legal/security architecture; LEGAL_REVIEW_REQUIRED для exact deployment;,data residency/storage architecture в РК — как требует утверждённая legal/security architecture; LEGAL_REVIEW_REQUIRED для exact deployment;,,,,,CASA_Pro_Credit_History_Engine_Final_Spec_KZ_2026-08-21,2026-08-21,§17.1 Обязательные controls,SRC-DOC-M03-P-00603,,,,DATA|SECURITY|LEGAL,,,,,Canonicalized from 1 candidate row(s); source text preserved in 10_SOURCE_EXTRACTS.csv.
M03-CAN-0149,m03.current_1_0.data_contract.186e7f3bf369afdf,1.0,CURRENT_1_0,M03,Кредитная история,DATA_CONTRACT,SNAPSHOT,§17.1 Обязательные controls,"immutable append-only audit для upload, view, download, extraction, correction, merge/split, export, snapshot, deletion/restriction;","immutable append-only audit для upload, view, download, extraction, correction, merge/split, export, snapshot, deletion/restriction;",,,,,CASA_Pro_Credit_History_Engine_Final_Spec_KZ_2026-08-21,2026-08-21,§17.1 Обязательные controls,SRC-DOC-M03-P-00606,,,,DATA,,,,,Canonicalized from 1 candidate row(s); source text preserved in 10_SOURCE_EXTRACTS.csv.
M03-CAN-0150,m03.current_1_0.security_control.1501e3de2eadf710,1.0,CURRENT_1_0,M03,Кредитная история,SECURITY_CONTROL,SECURITY,§17.1 Обязательные controls,полные PII и contract IDs не попадают в logs/metrics/traces/support tickets;,полные PII и contract IDs не попадают в logs/metrics/traces/support tickets;,,,,,CASA_Pro_Credit_History_Engine_Final_Spec_KZ_2026-08-21,2026-08-21,§17.1 Обязательные controls,SRC-DOC-M03-P-00607,,,,SECURITY,,,,,Canonicalized from 1 candidate row(s); source text preserved in 10_SOURCE_EXTRACTS.csv.
M03-CAN-0151,m03.current_1_0.security_control.ebdeaf9aa18753a8,1.0,CURRENT_1_0,M03,Кредитная история,SECURITY_CONTROL,AUDIT,§17.1 Обязательные controls,"support access только JIT, с approval, TTL и audit; по умолчанию no content;","support access только JIT, с approval, TTL и audit; по умолчанию no content;",,,,,CASA_Pro_Credit_History_Engine_Final_Spec_KZ_2026-08-21,2026-08-21,§17.1 Обязательные controls,SRC-DOC-M03-P-00608,,,,MULTI_LAYER,,,,,Canonicalized from 1 candidate row(s); source text preserved in 10_SOURCE_EXTRACTS.csv.
M03-CAN-0152,m03.current_1_0.product_semantic.396105ce046fa308,1.0,CURRENT_1_0,M03,Кредитная история,PRODUCT_SEMANTIC,PARSER,§17.1 Обязательные controls,malware quarantine и изолированный parser; никакого active PDF execution;,malware quarantine и изолированный parser; никакого active PDF execution;,,,,,CASA_Pro_Credit_History_Engine_Final_Spec_KZ_2026-08-21,2026-08-21,§17.1 Обязательные controls,SRC-DOC-M03-P-00609,,,,PARSER,,,,,Canonicalized from 1 candidate row(s); source text preserved in 10_SOURCE_EXTRACTS.csv.
M03-CAN-0153,m03.current_1_0.ux_requirement.988977b311a26850,1.0,CURRENT_1_0,M03,Кредитная история,UX_REQUIREMENT,UI,§17.1 Обязательные controls,"маскирование related subjects, полных номеров и report ID в UI;","маскирование related subjects, полных номеров и report ID в UI;",,,,,CASA_Pro_Credit_History_Engine_Final_Spec_KZ_2026-08-21,2026-08-21,§17.1 Обязательные controls,SRC-DOC-M03-P-00610,,,,FRONTEND,,,,,Canonicalized from 1 candidate row(s); source text preserved in 10_SOURCE_EXTRACTS.csv.
M03-CAN-0154,m03.current_1_0.data_contract.6db51a6383f57d59,1.0,CURRENT_1_0,M03,Кредитная история,DATA_CONTRACT,SNAPSHOT,§17.1 Обязательные controls,отдельная authorization на скачивание original PDF и export snapshot;,отдельная authorization на скачивание original PDF и export snapshot;,,,,,CASA_Pro_Credit_History_Engine_Final_Spec_KZ_2026-08-21,2026-08-21,§17.1 Обязательные controls,SRC-DOC-M03-P-00611,,,,DATA|PARSER,,,,,Canonicalized from 1 candidate row(s); source text preserved in 10_SOURCE_EXTRACTS.csv.
M03-CAN-0155,m03.current_1_0.security_control.c6025beab7d7d1b5,1.0,CURRENT_1_0,M03,Кредитная история,SECURITY_CONTROL,SECURITY,§17.1 Обязательные controls,"Официальный уполномоченный орган относит к типичным нарушениям отсутствие consent/legal basis, незаконное распространение, отсутствие ответственного лица, неиспользование шифрования и отсутствие логирования. [S14]","Официальный уполномоченный орган относит к типичным нарушениям отсутствие consent/legal basis, незаконное распространение, отсутствие ответственного лица, неиспользование шифрования и отсутствие логирования. [S14]",,,,,CASA_Pro_Credit_History_Engine_Final_Spec_KZ_2026-08-21,2026-08-21,§17.1 Обязательные controls,SRC-DOC-M03-P-00614,,,,LEGAL,,,,,Canonicalized from 1 candidate row(s); source text preserved in 10_SOURCE_EXTRACTS.csv.
M03-CAN-0156,m03.current_1_0.data_contract.755fb961bf98f369,1.0,CURRENT_1_0,M03,Кредитная история,DATA_CONTRACT,SNAPSHOT,§17.2 Retention,"PDF, evidence crops, extracted facts, snapshots и audit имеют разные retention classes.","PDF, evidence crops, extracted facts, snapshots и audit имеют разные retention classes.",,,,,CASA_Pro_Credit_History_Engine_Final_Spec_KZ_2026-08-21,2026-08-21,§17.2 Retention,SRC-DOC-M03-P-00616,,,,DATA|PARSER,,,,,Canonicalized from 1 candidate row(s); source text preserved in 10_SOURCE_EXTRACTS.csv.
M03-CAN-0157,m03.current_1_0.security_control.944822ed08dce9c5,1.0,CURRENT_1_0,M03,Кредитная история,SECURITY_CONTROL,AUDIT,§17.2 Retention,"Окончание цели/отзыв запускают policy evaluation: restrict processing, revoke share/export, schedule deletion/anonymization, preserve minimal audit where legally justified.","Окончание цели/отзыв запускают policy evaluation: restrict processing, revoke share/export, schedule deletion/anonymization, preserve minimal audit where legally justified.",,,,,CASA_Pro_Credit_History_Engine_Final_Spec_KZ_2026-08-21,2026-08-21,§17.2 Retention,SRC-DOC-M03-P-00618,,,,LEGAL,,,,,Canonicalized from 1 candidate row(s); source text preserved in 10_SOURCE_EXTRACTS.csv.
M03-CAN-0158,m03.current_1_0.product_semantic.fe5e684e0f5ec8d9,1.0,CURRENT_1_0,M03,Кредитная история,PRODUCT_SEMANTIC,BUSINESS_RULE,§17.2 Retention,Официальный пятилетний срок хранения информации кредитным бюро [S03] не автоматический retention CASA.,Официальный пятилетний срок хранения информации кредитным бюро [S03] не автоматический retention CASA.,,,,,CASA_Pro_Credit_History_Engine_Final_Spec_KZ_2026-08-21,2026-08-21,§17.2 Retention,SRC-DOC-M03-P-00620,,,,MULTI_LAYER,,,,,Canonicalized from 1 candidate row(s); source text preserved in 10_SOURCE_EXTRACTS.csv.
M03-CAN-0159,m03.current_1_0.security_control.3d5344b1a1fa4029,1.0,CURRENT_1_0,M03,Кредитная история,SECURITY_CONTROL,CONSENT,§17.2 Retention,"До production: утвердить письменно CASA retention matrix, consent text, controller/processor roles, subprocessor/OCR locations, incident process, data subject request flow и legal hold — LEGAL_REVIEW_REQUIRED.","До production: утвердить письменно CASA retention matrix, consent text, controller/processor roles, subprocessor/OCR locations, incident process, data subject request flow и legal hold — LEGAL_REVIEW_REQUIRED.",,,,,CASA_Pro_Credit_History_Engine_Final_Spec_KZ_2026-08-21,2026-08-21,§17.2 Retention,SRC-DOC-M03-P-00621,,,,DATA|PARSER|LEGAL|PRODUCT,,,,,Canonicalized from 1 candidate row(s); source text preserved in 10_SOURCE_EXTRACTS.csv.
M03-CAN-0160,m03.current_1_0.product_semantic.09f8e4c72628bb78,1.0,CURRENT_1_0,M03,Кредитная история,PRODUCT_SEMANTIC,API,§18 Контрольные тесты,"Ниже 90 обязательных тестов. Все expected values должны проверяться на API и, где применимо, в UI. Regression PDF хранится в защищённом тестовом контуре; в CI допускается только обезличенный fixture или защищённый secret asset без PII в логах.","Ниже 90 обязательных тестов. Все expected values должны проверяться на API и, где применимо, в UI. Regression PDF хранится в защищённом тестовом контуре; в CI допускается только обезличенный fixture или защищённый secret asset без PII в логах.",,,,,CASA_Pro_Credit_History_Engine_Final_Spec_KZ_2026-08-21,2026-08-21,§18 Контрольные тесты,SRC-DOC-M03-P-00623,,,,BACKEND|FRONTEND|PARSER|QA|SECURITY,,,,,Canonicalized from 1 candidate row(s); source text preserved in 10_SOURCE_EXTRACTS.csv.
M03-CAN-0161,m03.current_1_0.product_semantic.c359f9f3b48cf2fb,1.0,CURRENT_1_0,M03,Кредитная история,PRODUCT_SEMANTIC,API,"§18.8 Review, API и isolation",Release criterion: CH-001…CH-090 pass. Для любого SAMPLE_REQUIRED template создаётся отдельный regression suite до включения feature flag.,Release criterion: CH-001…CH-090 pass. Для любого SAMPLE_REQUIRED template создаётся отдельный regression suite до включения feature flag.,,,,,CASA_Pro_Credit_History_Engine_Final_Spec_KZ_2026-08-21,2026-08-21,"§18.8 Review, API и isolation",SRC-DOC-M03-P-00730,CH-001|CH-090,,,MULTI_LAYER,,,,M03-TASK-001,Canonicalized from 1 candidate row(s); source text preserved in 10_SOURCE_EXTRACTS.csv.
M03-CAN-0162,m03.current_1_0.product_semantic.c2ed9f36ac34c8d0,1.0,CURRENT_1_0,M03,Кредитная история,PRODUCT_SEMANTIC,BUSINESS_RULE,§2.1 Что изучено,CASA_Pro_Ipoteka_TZ_v2.0(3).docx;,CASA_Pro_Ipoteka_TZ_v2.0(3).docx;,,,,,CASA_Pro_Credit_History_Engine_Final_Spec_KZ_2026-08-21,2026-08-21,§2.1 Что изучено,SRC-DOC-M03-P-00058,,,,MULTI_LAYER,,,,,Canonicalized from 1 candidate row(s); source text preserved in 10_SOURCE_EXTRACTS.csv.
M03-CAN-0163,m03.current_1_0.product_semantic.38179fb00a230e6c,1.0,CURRENT_1_0,M03,Кредитная история,PRODUCT_SEMANTIC,BUSINESS_RULE,§2.1 Что изучено,CASA_Pro_Ipoteka_Project_Spec_v2.0(3).json;,CASA_Pro_Ipoteka_Project_Spec_v2.0(3).json;,,,,,CASA_Pro_Credit_History_Engine_Final_Spec_KZ_2026-08-21,2026-08-21,§2.1 Что изучено,SRC-DOC-M03-P-00059,,,,MULTI_LAYER,,,,,Canonicalized from 1 candidate row(s); source text preserved in 10_SOURCE_EXTRACTS.csv.
M03-CAN-0164,m03.current_1_0.product_semantic.74bc921876bc1a34,1.0,CURRENT_1_0,M03,Кредитная история,PRODUCT_SEMANTIC,PARSER,§2.2 Что уже правильно в v2.0,поток upload → signature/MIME/size → malware quarantine → classification → OCR/extraction → normalization → checks → manual review → confirmation → immutable snapshot;,поток upload → signature/MIME/size → malware quarantine → classification → OCR/extraction → normalization → checks → manual review → confirmation → immutable snapshot;,,,,,CASA_Pro_Credit_History_Engine_Final_Spec_KZ_2026-08-21,2026-08-21,§2.2 Что уже правильно в v2.0,SRC-DOC-M03-P-00064,,,,DATA|PARSER,,,,,Canonicalized from 1 candidate row(s); source text preserved in 10_SOURCE_EXTRACTS.csv.
M03-CAN-0165,m03.current_1_0.product_semantic.440ce9235b09c2de,1.0,CURRENT_1_0,M03,Кредитная история,PRODUCT_SEMANTIC,STATE,§2.2 Что уже правильно в v2.0,"хранение raw и normalized значения, страницы, extractor version, confidence и review status;","хранение raw и normalized значения, страницы, extractor version, confidence и review status;",,,,,CASA_Pro_Credit_History_Engine_Final_Spec_KZ_2026-08-21,2026-08-21,§2.2 Что уже правильно в v2.0,SRC-DOC-M03-P-00066,,,,MULTI_LAYER,,,,,Canonicalized from 1 candidate row(s); source text preserved in 10_SOURCE_EXTRACTS.csv.
M03-CAN-0166,m03.current_1_0.product_semantic.ac0db1b3f6f838d8,1.0,CURRENT_1_0,M03,Кредитная история,PRODUCT_SEMANTIC,BUSINESS_RULE,§2.3 Опасные пробелы v2.0 и обязательные исправления,"Проблема: loan_obligation смешивает исходную строку ПКО и канонический долг; Риск: Задвоение при уступке; Финальное исправление: Разнести contract_record, obligation_lineage, record_link","Проблема: loan_obligation смешивает исходную строку ПКО и канонический долг; Риск: Задвоение при уступке; Финальное исправление: Разнести contract_record, obligation_lineage, record_link",,,,,CASA_Pro_Credit_History_Engine_Final_Spec_KZ_2026-08-21,2026-08-21,§2.3 Опасные пробелы v2.0 и обязательные исправления,SRC-DOC-M03-P-00073,,,,MULTI_LAYER,,,,,Canonicalized from 1 candidate row(s); source text preserved in 10_SOURCE_EXTRACTS.csv.
M03-CAN-0167,m03.current_1_0.product_semantic.4b3801750121d276,1.0,CURRENT_1_0,M03,Кредитная история,PRODUCT_SEMANTIC,STATE,§2.3 Опасные пробелы v2.0 и обязательные исправления,"Проблема: status включает active/closed/restructured/guarantee; Риск: Фаза, событие и роль ошибочно слиты; Финальное исправление: Отдельные phase, source_status, event, subject_role","Проблема: status включает active/closed/restructured/guarantee; Риск: Фаза, событие и роль ошибочно слиты; Финальное исправление: Отдельные phase, source_status, event, subject_role",,,,,CASA_Pro_Credit_History_Engine_Final_Spec_KZ_2026-08-21,2026-08-21,§2.3 Опасные пробелы v2.0 и обязательные исправления,SRC-DOC-M03-P-00074,,,,MULTI_LAYER,,,,,Canonicalized from 1 candidate row(s); source text preserved in 10_SOURCE_EXTRACTS.csv.
M03-CAN-0168,m03.current_1_0.product_semantic.f1b4d060eab2dd34,1.0,CURRENT_1_0,M03,Кредитная история,PRODUCT_SEMANTIC,BUSINESS_RULE,§2.3 Опасные пробелы v2.0 и обязательные исправления,"Проблема: balance и monthly_payment обязательны всегда; Риск: Пусто может быть UNKNOWN, а не zero; у гарантии может не быть платежа; Финальное исправление: Decimal nullable + value_presence: present/explicit_zero/blank/not_applicable/unreadable","Проблема: balance и monthly_payment обязательны всегда; Риск: Пусто может быть UNKNOWN, а не zero; у гарантии может не быть платежа; Финальное исправление: Decimal nullable + value_presence: present/explicit_zero/blank/not_applicable/unreadable",,,,UNKNOWN|ZERO|BLANK|NOT_APPLICABLE,CASA_Pro_Credit_History_Engine_Final_Spec_KZ_2026-08-21,2026-08-21,§2.3 Опасные пробелы v2.0 и обязательные исправления,SRC-DOC-M03-P-00075,,,,MULTI_LAYER,,,,,Canonicalized from 1 candidate row(s); source text preserved in 10_SOURCE_EXTRACTS.csv.
M03-CAN-0169,m03.current_1_0.product_semantic.7fb168f9dfbd0198,1.0,CURRENT_1_0,M03,Кредитная история,PRODUCT_SEMANTIC,BUSINESS_RULE,§2.3 Опасные пробелы v2.0 и обязательные исправления,"Проблема: Один credit_history_event для всего; Риск: Потеря семантики заявок, запросов, месячных DPD, уступок; Финальное исправление: Отдельные typed entities","Проблема: Один credit_history_event для всего; Риск: Потеря семантики заявок, запросов, месячных DPD, уступок; Финальное исправление: Отдельные typed entities",,,,,CASA_Pro_Credit_History_Engine_Final_Spec_KZ_2026-08-21,2026-08-21,§2.3 Опасные пробелы v2.0 и обязательные исправления,SRC-DOC-M03-P-00076,,,,MULTI_LAYER,,,,,Canonicalized from 1 candidate row(s); source text preserved in 10_SOURCE_EXTRACTS.csv.
M03-CAN-0170,m03.current_1_0.product_semantic.aeb44560556633cf,1.0,CURRENT_1_0,M03,Кредитная история,PRODUCT_SEMANTIC,PARSER,§2.3 Опасные пробелы v2.0 и обязательные исправления,Проблема: Единый confidence-threshold; Риск: Высокая OCR-confidence может скрыть неверную цифру; Финальное исправление: Field/template thresholds + reconciliation + ручная проверка critical fields,Проблема: Единый confidence-threshold; Риск: Высокая OCR-confidence может скрыть неверную цифру; Финальное исправление: Field/template thresholds + reconciliation + ручная проверка critical fields,,,,,CASA_Pro_Credit_History_Engine_Final_Spec_KZ_2026-08-21,2026-08-21,§2.3 Опасные пробелы v2.0 и обязательные исправления,SRC-DOC-M03-P-00077,,,CRITICAL,DATA|PARSER,,,,,Canonicalized from 1 candidate row(s); source text preserved in 10_SOURCE_EXTRACTS.csv.
M03-CAN-0171,m03.current_1_0.product_semantic.904c99a1edc92523,1.0,CURRENT_1_0,M03,Кредитная история,PRODUCT_SEMANTIC,BUSINESS_RULE,§2.3 Опасные пробелы v2.0 и обязательные исправления,"Проблема: «Дата отчёта» как одна свежесть; Риск: Данные кредиторов внутри свежего ПКО могут быть старыми; Финальное исправление: Хранить report_generated_at, record_as_of, bureau_received_at раздельно","Проблема: «Дата отчёта» как одна свежесть; Риск: Данные кредиторов внутри свежего ПКО могут быть старыми; Финальное исправление: Хранить report_generated_at, record_as_of, bureau_received_at раздельно",,,,,CASA_Pro_Credit_History_Engine_Final_Spec_KZ_2026-08-21,2026-08-21,§2.3 Опасные пробелы v2.0 и обязательные исправления,SRC-DOC-M03-P-00078,,,,MULTI_LAYER,,,,,Canonicalized from 1 candidate row(s); source text preserved in 10_SOURCE_EXTRACTS.csv.
M03-CAN-0172,m03.current_1_0.product_semantic.dac2cc98f384795c,1.0,CURRENT_1_0,M03,Кредитная история,PRODUCT_SEMANTIC,ERROR,§2.3 Опасные пробелы v2.0 и обязательные исправления,"Проблема: Проектное «дело + 5 лет»; Риск: Ошибочно переносит обязанность бюро на CASA; Финальное исправление: Срок CASA — purpose-based, версионная retention policy, LEGAL_REVIEW_REQUIRED","Проблема: Проектное «дело + 5 лет»; Риск: Ошибочно переносит обязанность бюро на CASA; Финальное исправление: Срок CASA — purpose-based, версионная retention policy, LEGAL_REVIEW_REQUIRED",,,,,CASA_Pro_Credit_History_Engine_Final_Spec_KZ_2026-08-21,2026-08-21,§2.3 Опасные пробелы v2.0 и обязательные исправления,SRC-DOC-M03-P-00079,,,,LEGAL,,,,,Canonicalized from 1 candidate row(s); source text preserved in 10_SOURCE_EXTRACTS.csv.
M03-CAN-0173,m03.current_1_0.ux_requirement.6bc495a19b549b4b,1.0,CURRENT_1_0,M03,Кредитная история,UX_REQUIREMENT,UI,§2.3 Опасные пробелы v2.0 и обязательные исправления,"Проблема: Текущий UI показывает один зелёный «Подтверждён»; Риск: Не видно полноту, подлинность, сверку и manual corrections; Финальное исправление: Разделить статусы файла, подлинности, extraction, reconciliation и review","Проблема: Текущий UI показывает один зелёный «Подтверждён»; Риск: Не видно полноту, подлинность, сверку и manual corrections; Финальное исправление: Разделить статусы файла, подлинности, extraction, reconciliation и review",,,,,CASA_Pro_Credit_History_Engine_Final_Spec_KZ_2026-08-21,2026-08-21,§2.3 Опасные пробелы v2.0 и обязательные исправления,SRC-DOC-M03-P-00080,,,,FRONTEND,,,,,Canonicalized from 1 candidate row(s); source text preserved in 10_SOURCE_EXTRACTS.csv.
M03-CAN-0174,m03.current_1_0.product_semantic.d043b34b5c1bfccb,1.0,CURRENT_1_0,M03,Кредитная история,PRODUCT_SEMANTIC,BUSINESS_RULE,§2.3 Опасные пробелы v2.0 и обязательные исправления,"Проблема: Демо-UI показывает «активных займов» и одну сумму платежей; Риск: Карта, займ, лимит, баланс и min payment неразличимы; Финальное исправление: Показывать типы и два профиля; банковский КДН не считать здесь","Проблема: Демо-UI показывает «активных займов» и одну сумму платежей; Риск: Карта, займ, лимит, баланс и min payment неразличимы; Финальное исправление: Показывать типы и два профиля; банковский КДН не считать здесь",,,,,CASA_Pro_Credit_History_Engine_Final_Spec_KZ_2026-08-21,2026-08-21,§2.3 Опасные пробелы v2.0 и обязательные исправления,SRC-DOC-M03-P-00081,,,,MULTI_LAYER,,,,,Canonicalized from 1 candidate row(s); source text preserved in 10_SOURCE_EXTRACTS.csv.
M03-CAN-0175,m03.current_1_0.security_control.6704bcd5f245c217,1.0,CURRENT_1_0,M03,Кредитная история,SECURITY_CONTROL,CONSENT,§21.1 Manifest v1,Параметр: Вход; Финальное решение: Ручно загруженный PDF ПКО при consent; без личных кабинетов/ЭЦП/паролей,Параметр: Вход; Финальное решение: Ручно загруженный PDF ПКО при consent; без личных кабинетов/ЭЦП/паролей,,,,,CASA_Pro_Credit_History_Engine_Final_Spec_KZ_2026-08-21,2026-08-21,§21.1 Manifest v1,SRC-DOC-M03-P-00776,,,,PARSER|LEGAL,,,,,Canonicalized from 1 candidate row(s); source text preserved in 10_SOURCE_EXTRACTS.csv.
M03-CAN-0176,m03.current_1_0.product_semantic.657c85f79fddc19c,1.0,CURRENT_1_0,M03,Кредитная история,PRODUCT_SEMANTIC,BUSINESS_RULE,§21.1 Manifest v1,"Параметр: Supported template; Финальное решение: FCB full personal PDF layout, покрытый regression-fixture; другие SAMPLE_REQUIRED","Параметр: Supported template; Финальное решение: FCB full personal PDF layout, покрытый regression-fixture; другие SAMPLE_REQUIRED",,,,,CASA_Pro_Credit_History_Engine_Final_Spec_KZ_2026-08-21,2026-08-21,§21.1 Manifest v1,SRC-DOC-M03-P-00777,,,,PARSER|QA,,,,,Canonicalized from 1 candidate row(s); source text preserved in 10_SOURCE_EXTRACTS.csv.
M03-CAN-0177,m03.current_1_0.product_semantic.1010f0ab1e5734aa,1.0,CURRENT_1_0,M03,Кредитная история,PRODUCT_SEMANTIC,CALCULATION,§21.1 Manifest v1,Параметр: Истина; Финальное решение: Source fact с raw+normalized+evidence; CASA calculation отдельно,Параметр: Истина; Финальное решение: Source fact с raw+normalized+evidence; CASA calculation отдельно,,,,,CASA_Pro_Credit_History_Engine_Final_Spec_KZ_2026-08-21,2026-08-21,§21.1 Manifest v1,SRC-DOC-M03-P-00778,,,,MULTI_LAYER,,,,,Canonicalized from 1 candidate row(s); source text preserved in 10_SOURCE_EXTRACTS.csv.
M03-CAN-0178,m03.current_1_0.data_contract.1539fd6b714ec9aa,1.0,CURRENT_1_0,M03,Кредитная история,DATA_CONTRACT,SNAPSHOT,§21.1 Manifest v1,Параметр: Основная единица; Финальное решение: Immutable source contract record + canonical obligation lineage,Параметр: Основная единица; Финальное решение: Immutable source contract record + canonical obligation lineage,,,,,CASA_Pro_Credit_History_Engine_Final_Spec_KZ_2026-08-21,2026-08-21,§21.1 Manifest v1,SRC-DOC-M03-P-00779,,,,DATA,,,,,Canonicalized from 1 candidate row(s); source text preserved in 10_SOURCE_EXTRACTS.csv.
M03-CAN-0179,m03.current_1_0.security_control.d745d78a5861d0c5,1.0,CURRENT_1_0,M03,Кредитная история,SECURITY_CONTROL,AUDIT,§21.1 Manifest v1,Параметр: Дедуп; Финальное решение: Explicit assignment/related-contract evidence; reversible audited merge,Параметр: Дедуп; Финальное решение: Explicit assignment/related-contract evidence; reversible audited merge,,,,,CASA_Pro_Credit_History_Engine_Final_Spec_KZ_2026-08-21,2026-08-21,§21.1 Manifest v1,SRC-DOC-M03-P-00780,,,,MULTI_LAYER,,,,,Canonicalized from 1 candidate row(s); source text preserved in 10_SOURCE_EXTRACTS.csv.
M03-CAN-0180,m03.current_1_0.product_semantic.39fb82e58e5ab998,1.0,CURRENT_1_0,M03,Кредитная история,PRODUCT_SEMANTIC,BUSINESS_RULE,§21.1 Manifest v1,"Параметр: History; Финальное решение: DPD, events, MFO, applications, inquiries, PKR и старые договоры сохраняются без оценки","Параметр: History; Финальное решение: DPD, events, MFO, applications, inquiries, PKR и старые договоры сохраняются без оценки",,,,,CASA_Pro_Credit_History_Engine_Final_Spec_KZ_2026-08-21,2026-08-21,§21.1 Manifest v1,SRC-DOC-M03-P-00782,,,,MULTI_LAYER,,,,,Canonicalized from 1 candidate row(s); source text preserved in 10_SOURCE_EXTRACTS.csv.
M03-CAN-0181,m03.current_1_0.data_contract.d1c0fed863199a49,1.0,CURRENT_1_0,M03,Кредитная история,DATA_CONTRACT,SNAPSHOT,§21.1 Manifest v1,"Параметр: Выход; Финальное решение: Immutable credit_history_snapshot с current/historical profiles, quality и evidence","Параметр: Выход; Финальное решение: Immutable credit_history_snapshot с current/historical profiles, quality и evidence",,,,,CASA_Pro_Credit_History_Engine_Final_Spec_KZ_2026-08-21,2026-08-21,§21.1 Manifest v1,SRC-DOC-M03-P-00784,,,,DATA,,,,,Canonicalized from 1 candidate row(s); source text preserved in 10_SOURCE_EXTRACTS.csv.
M03-CAN-0182,m03.current_1_0.data_contract.e76801cd09dc5a40,1.0,CURRENT_1_0,M03,Кредитная история,DATA_CONTRACT,PROVENANCE,§21.2 MUST,MUST сохранять raw record и evidence даже после dedup;,MUST сохранять raw record и evidence даже после dedup;,,,,,CASA_Pro_Credit_History_Engine_Final_Spec_KZ_2026-08-21,2026-08-21,§21.2 MUST,SRC-DOC-M03-P-00787,,,,DATA,,,,,Canonicalized from 1 candidate row(s); source text preserved in 10_SOURCE_EXTRACTS.csv.
M03-CAN-0183,m03.current_1_0.product_semantic.b9150b1fc0467aac,1.0,CURRENT_1_0,M03,Кредитная история,PRODUCT_SEMANTIC,BUSINESS_RULE,§21.2 MUST,"MUST различать blank, zero, unknown, not applicable и unreadable;","MUST различать blank, zero, unknown, not applicable и unreadable;",,,,BLANK|ZERO|UNKNOWN,CASA_Pro_Credit_History_Engine_Final_Spec_KZ_2026-08-21,2026-08-21,§21.2 MUST,SRC-DOC-M03-P-00788,,,,MULTI_LAYER,,,,,Canonicalized from 1 candidate row(s); source text preserved in 10_SOURCE_EXTRACTS.csv.
M03-CAN-0184,m03.current_1_0.product_semantic.885775129f309ed3,1.0,CURRENT_1_0,M03,Кредитная история,PRODUCT_SEMANTIC,BUSINESS_RULE,§21.2 MUST,"MUST хранить report_at, record_as_of и bureau_received_at отдельно;","MUST хранить report_at, record_as_of и bureau_received_at отдельно;",,,,,CASA_Pro_Credit_History_Engine_Final_Spec_KZ_2026-08-21,2026-08-21,§21.2 MUST,SRC-DOC-M03-P-00789,,,,MULTI_LAYER,,,,,Canonicalized from 1 candidate row(s); source text preserved in 10_SOURCE_EXTRACTS.csv.
M03-CAN-0185,m03.current_1_0.product_semantic.a3d898231b8ec06f,1.0,CURRENT_1_0,M03,Кредитная история,PRODUCT_SEMANTIC,BUSINESS_RULE,§21.2 MUST,MUST считать current totals по canonical lineages и валютам;,MUST считать current totals по canonical lineages и валютам;,,,,,CASA_Pro_Credit_History_Engine_Final_Spec_KZ_2026-08-21,2026-08-21,§21.2 MUST,SRC-DOC-M03-P-00790,,,,MULTI_LAYER,,,,,Canonicalized from 1 candidate row(s); source text preserved in 10_SOURCE_EXTRACTS.csv.
M03-CAN-0186,m03.current_1_0.product_semantic.1576b7b8a7cce7a1,1.0,CURRENT_1_0,M03,Кредитная история,PRODUCT_SEMANTIC,BUSINESS_RULE,§21.2 MUST,"MUST различать current DPD, lifetime max, monthly observations и bureau summary class;","MUST различать current DPD, lifetime max, monthly observations и bureau summary class;",,,,,CASA_Pro_Credit_History_Engine_Final_Spec_KZ_2026-08-21,2026-08-21,§21.2 MUST,SRC-DOC-M03-P-00791,,,,MULTI_LAYER,,,,,Canonicalized from 1 candidate row(s); source text preserved in 10_SOURCE_EXTRACTS.csv.
M03-CAN-0187,m03.current_1_0.product_semantic.1338d4a33b560772,1.0,CURRENT_1_0,M03,Кредитная история,PRODUCT_SEMANTIC,BUSINESS_RULE,§21.2 MUST,"MUST различать applications и inquiries, creditor и self inquiries;","MUST различать applications и inquiries, creditor и self inquiries;",,,,,CASA_Pro_Credit_History_Engine_Final_Spec_KZ_2026-08-21,2026-08-21,§21.2 MUST,SRC-DOC-M03-P-00792,,,,MULTI_LAYER,,,,,Canonicalized from 1 candidate row(s); source text preserved in 10_SOURCE_EXTRACTS.csv.
M03-CAN-0188,m03.current_1_0.product_semantic.992f445cbb461b2a,1.0,CURRENT_1_0,M03,Кредитная история,PRODUCT_SEMANTIC,BUSINESS_RULE,§21.2 MUST,MUST хранить роли borrower/co-borrower/guarantor/surety/pledgor;,MUST хранить роли borrower/co-borrower/guarantor/surety/pledgor;,,,,,CASA_Pro_Credit_History_Engine_Final_Spec_KZ_2026-08-21,2026-08-21,§21.2 MUST,SRC-DOC-M03-P-00793,,,,MULTI_LAYER,,,,,Canonicalized from 1 candidate row(s); source text preserved in 10_SOURCE_EXTRACTS.csv.
M03-CAN-0189,m03.current_1_0.product_semantic.c1eb2ad88c6887be,1.0,CURRENT_1_0,M03,Кредитная история,PRODUCT_SEMANTIC,VALIDATION,§21.2 MUST,"MUST показывать подлинность, extraction, reconciliation и review раздельно;","MUST показывать подлинность, extraction, reconciliation и review раздельно;",,,,,CASA_Pro_Credit_History_Engine_Final_Spec_KZ_2026-08-21,2026-08-21,§21.2 MUST,SRC-DOC-M03-P-00794,,,,MULTI_LAYER,,,,,Canonicalized from 1 candidate row(s); source text preserved in 10_SOURCE_EXTRACTS.csv.
M03-CAN-0190,m03.current_1_0.data_contract.9fd0a92aef7d3c28,1.0,CURRENT_1_0,M03,Кредитная история,DATA_CONTRACT,SNAPSHOT,§21.2 MUST,MUST блокировать snapshot при unresolved critical ambiguity;,MUST блокировать snapshot при unresolved critical ambiguity;,,,,,CASA_Pro_Credit_History_Engine_Final_Spec_KZ_2026-08-21,2026-08-21,§21.2 MUST,SRC-DOC-M03-P-00795,,,CRITICAL,DATA,,,,,Canonicalized from 1 candidate row(s); source text preserved in 10_SOURCE_EXTRACTS.csv.
M03-CAN-0191,m03.current_1_0.product_semantic.80a55490105095e5,1.0,CURRENT_1_0,M03,Кредитная история,PRODUCT_SEMANTIC,PARSER,§21.2 MUST,"MUST версионировать parser, mappings, dedup, profiles, review и snapshot;","MUST версионировать parser, mappings, dedup, profiles, review и snapshot;",,,,,CASA_Pro_Credit_History_Engine_Final_Spec_KZ_2026-08-21,2026-08-21,§21.2 MUST,SRC-DOC-M03-P-00796,,,,DATA|PARSER,,,,,Canonicalized from 1 candidate row(s); source text preserved in 10_SOURCE_EXTRACTS.csv.
M03-CAN-0192,m03.current_1_0.product_semantic.054ffcdf61211716,1.0,CURRENT_1_0,M03,Кредитная история,PRODUCT_SEMANTIC,BUSINESS_RULE,§21.2 MUST,MUST пройти CH-001…CH-090.,MUST пройти CH-001…CH-090.,,,,,CASA_Pro_Credit_History_Engine_Final_Spec_KZ_2026-08-21,2026-08-21,§21.2 MUST,SRC-DOC-M03-P-00797,CH-001|CH-090,,,MULTI_LAYER,,,,M03-TASK-001,Canonicalized from 1 candidate row(s); source text preserved in 10_SOURCE_EXTRACTS.csv.
M03-CAN-0193,m03.current_1_0.boundary.c606f30f68fe25da,1.0,CURRENT_1_0,M03,Кредитная история,BOUNDARY,FORBIDDEN,§21.3 MUST NOT,MUST NOT называть печатную/сканированную копию подлинной без proof;,,MUST NOT называть печатную/сканированную копию подлинной без proof;,,,,CASA_Pro_Credit_History_Engine_Final_Spec_KZ_2026-08-21,2026-08-21,§21.3 MUST NOT,SRC-DOC-M03-P-00799,,,,MULTI_LAYER,,,,,Canonicalized from 1 candidate row(s); source text preserved in 10_SOURCE_EXTRACTS.csv.
M03-CAN-0194,m03.current_1_0.boundary.d3b24cdfdefcbbf4,1.0,CURRENT_1_0,M03,Кредитная история,BOUNDARY,FORBIDDEN,§21.3 MUST NOT,MUST NOT переводить confidence в бизнес-истину;,,MUST NOT переводить confidence в бизнес-истину;,,,,CASA_Pro_Credit_History_Engine_Final_Spec_KZ_2026-08-21,2026-08-21,§21.3 MUST NOT,SRC-DOC-M03-P-00800,,,,MULTI_LAYER,,,,,Canonicalized from 1 candidate row(s); source text preserved in 10_SOURCE_EXTRACTS.csv.
M03-CAN-0195,m03.current_1_0.boundary.dd86ffe8b4b15152,1.0,CURRENT_1_0,M03,Кредитная история,BOUNDARY,FORBIDDEN,§21.3 MUST NOT,MUST NOT объединять долги/заявки/запросы по fuzzy similarity без evidence;,,MUST NOT объединять долги/заявки/запросы по fuzzy similarity без evidence;,,,,CASA_Pro_Credit_History_Engine_Final_Spec_KZ_2026-08-21,2026-08-21,§21.3 MUST NOT,SRC-DOC-M03-P-00801,,,,MULTI_LAYER,,,,,Canonicalized from 1 candidate row(s); source text preserved in 10_SOURCE_EXTRACTS.csv.
M03-CAN-0196,m03.current_1_0.boundary.cc8e08383655f6eb,1.0,CURRENT_1_0,M03,Кредитная история,BOUNDARY,FORBIDDEN,§21.3 MUST NOT,MUST NOT суммировать predecessor и successor при уступке;,,MUST NOT суммировать predecessor и successor при уступке;,,,,CASA_Pro_Credit_History_Engine_Final_Spec_KZ_2026-08-21,2026-08-21,§21.3 MUST NOT,SRC-DOC-M03-P-00802,,,,MULTI_LAYER,,,,,Canonicalized from 1 candidate row(s); source text preserved in 10_SOURCE_EXTRACTS.csv.
M03-CAN-0197,m03.current_1_0.boundary.8deb3bf96ab0bd31,1.0,CURRENT_1_0,M03,Кредитная история,BOUNDARY,FORBIDDEN,§21.3 MUST NOT,MUST NOT считать лимит карты текущим остатком;,,MUST NOT считать лимит карты текущим остатком;,,,,CASA_Pro_Credit_History_Engine_Final_Spec_KZ_2026-08-21,2026-08-21,§21.3 MUST NOT,SRC-DOC-M03-P-00803,,,,MULTI_LAYER,,,,,Canonicalized from 1 candidate row(s); source text preserved in 10_SOURCE_EXTRACTS.csv.
M03-CAN-0198,m03.current_1_0.boundary.dfcbe58002726b24,1.0,CURRENT_1_0,M03,Кредитная история,BOUNDARY,FORBIDDEN,§21.3 MUST NOT,MUST NOT считать lifetime DPD текущей просрочкой;,,MUST NOT считать lifetime DPD текущей просрочкой;,,,,CASA_Pro_Credit_History_Engine_Final_Spec_KZ_2026-08-21,2026-08-21,§21.3 MUST NOT,SRC-DOC-M03-P-00804,,,,MULTI_LAYER,,,,,Canonicalized from 1 candidate row(s); source text preserved in 10_SOURCE_EXTRACTS.csv.
M03-CAN-0199,m03.current_1_0.boundary.88bae844dfa64f88,1.0,CURRENT_1_0,M03,Кредитная история,BOUNDARY,FORBIDDEN,§21.3 MUST NOT,MUST NOT стирать историю из-за rehabilitation/closure;,,MUST NOT стирать историю из-за rehabilitation/closure;,,,,CASA_Pro_Credit_History_Engine_Final_Spec_KZ_2026-08-21,2026-08-21,§21.3 MUST NOT,SRC-DOC-M03-P-00805,,,,MULTI_LAYER,,,,,Canonicalized from 1 candidate row(s); source text preserved in 10_SOURCE_EXTRACTS.csv.
M03-CAN-0200,m03.current_1_0.boundary.653a0dad3baa0247,1.0,CURRENT_1_0,M03,Кредитная история,BOUNDARY,FORBIDDEN,§21.3 MUST NOT,MUST NOT заменять UNKNOWN нулём;,,MUST NOT заменять UNKNOWN нулём;,,,UNKNOWN,CASA_Pro_Credit_History_Engine_Final_Spec_KZ_2026-08-21,2026-08-21,§21.3 MUST NOT,SRC-DOC-M03-P-00806,,,,MULTI_LAYER,,,,,Canonicalized from 1 candidate row(s); source text preserved in 10_SOURCE_EXTRACTS.csv.
M03-CAN-0201,m03.current_1_0.boundary.260e5d2eb5ea1a6d,1.0,CURRENT_1_0,M03,Кредитная история,BOUNDARY,FORBIDDEN,§21.3 MUST NOT,"MUST NOT выводить bank verdict, банковый КДН или CASA good/bad score;",,"MUST NOT выводить bank verdict, банковый КДН или CASA good/bad score;",,,,CASA_Pro_Credit_History_Engine_Final_Spec_KZ_2026-08-21,2026-08-21,§21.3 MUST NOT,SRC-DOC-M03-P-00807,,,,MULTI_LAYER,,,,,Canonicalized from 1 candidate row(s); source text preserved in 10_SOURCE_EXTRACTS.csv.
M03-CAN-0202,m03.current_1_0.boundary.26de79d455bb4116,1.0,CURRENT_1_0,M03,Кредитная история,BOUNDARY,FORBIDDEN,§21.3 MUST NOT,MUST NOT использовать credentials/ЭЦП клиента или неподтверждённый public API.,,MUST NOT использовать credentials/ЭЦП клиента или неподтверждённый public API.,,,,CASA_Pro_Credit_History_Engine_Final_Spec_KZ_2026-08-21,2026-08-21,§21.3 MUST NOT,SRC-DOC-M03-P-00808,,,,BACKEND,,,,,Canonicalized from 1 candidate row(s); source text preserved in 10_SOURCE_EXTRACTS.csv.
M03-CAN-0203,m03.current_1_0.security_control.1f8bf9ea60efea8c,1.0,CURRENT_1_0,M03,Кредитная история,SECURITY_CONTROL,CONSENT,§3.1 Юридические и продуктовые выводы,"Доступ организаций к кредитной истории требует согласия субъекта; однако ручная загрузка уже полученного клиентом PDF не превращает CASA автоматически в «получателя кредитного отчёта» по договору с бюро. CASA всё равно нужно отдельное целевое согласие на загрузку, анализ, хранение и передачу нейтрального snapshot внутри CASA. [S01][S02][S03]","Доступ организаций к кредитной истории требует согласия субъекта; однако ручная загрузка уже полученного клиентом PDF не превращает CASA автоматически в «получателя кредитного отчёта» по договору с бюро. CASA всё равно нужно отдельное целевое согласие на загрузку, анализ, хранение и передачу нейтрального snapshot внутри CASA. [S01][S02][S03]",,,,,CASA_Pro_Credit_History_Engine_Final_Spec_KZ_2026-08-21,2026-08-21,§3.1 Юридические и продуктовые выводы,SRC-DOC-M03-P-00086,,,,DATA|PARSER|LEGAL,,,,,Canonicalized from 1 candidate row(s); source text preserved in 10_SOURCE_EXTRACTS.csv.
M03-CAN-0204,m03.current_1_0.product_semantic.12d0c250c0853536,1.0,CURRENT_1_0,M03,Кредитная история,PRODUCT_SEMANTIC,API,§3.1 Юридические и продуктовые выводы,"ГКБ публикует техническую документацию для получателей отчётов, но там же прямо указана необходимость договора для доступа к выгрузке. Это не является публичным API CASA. [S10][S11]","ГКБ публикует техническую документацию для получателей отчётов, но там же прямо указана необходимость договора для доступа к выгрузке. Это не является публичным API CASA. [S10][S11]",,,,,CASA_Pro_Credit_History_Engine_Final_Spec_KZ_2026-08-21,2026-08-21,§3.1 Юридические и продуктовые выводы,SRC-DOC-M03-P-00087,,,,BACKEND,,,,,Canonicalized from 1 candidate row(s); source text preserved in 10_SOURCE_EXTRACTS.csv.
M03-CAN-0205,m03.current_1_0.product_semantic.4990c91d3ca3a996,1.0,CURRENT_1_0,M03,Кредитная история,PRODUCT_SEMANTIC,BUSINESS_RULE,§3.1 Юридические и продуктовые выводы,Smart Bridge-сервис передаёт данные для получения ПКО порталом eGov/eGov Mobile; наличие паспорта сервиса не доказывает право CASA на вызов. [S12],Smart Bridge-сервис передаёт данные для получения ПКО порталом eGov/eGov Mobile; наличие паспорта сервиса не доказывает право CASA на вызов. [S12],,,,,CASA_Pro_Credit_History_Engine_Final_Spec_KZ_2026-08-21,2026-08-21,§3.1 Юридические и продуктовые выводы,SRC-DOC-M03-P-00088,,,,MULTI_LAYER,,,,,Canonicalized from 1 candidate row(s); source text preserved in 10_SOURCE_EXTRACTS.csv.
M03-CAN-0206,m03.current_1_0.product_semantic.d4e10ab93c5090bd,1.0,CURRENT_1_0,M03,Кредитная история,PRODUCT_SEMANTIC,API,§3.1 Юридические и продуктовые выводы,ПКБ публикует ручную проверку подлинности PDF-отчёта; сканированные копии проверке не подлежат. Документация публичного machine API для CASA не найдена: MANUAL_REVIEW. [S07],ПКБ публикует ручную проверку подлинности PDF-отчёта; сканированные копии проверке не подлежат. Документация публичного machine API для CASA не найдена: MANUAL_REVIEW. [S07],,,,,CASA_Pro_Credit_History_Engine_Final_Spec_KZ_2026-08-21,2026-08-21,§3.1 Юридические и продуктовые выводы,SRC-DOC-M03-P-00089,,,,BACKEND|PARSER,,,,,Canonicalized from 1 candidate row(s); source text preserved in 10_SOURCE_EXTRACTS.csv.
M03-CAN-0207,m03.current_1_0.product_semantic.865a2e424cbe73e5,1.0,CURRENT_1_0,M03,Кредитная история,PRODUCT_SEMANTIC,BUSINESS_RULE,§3.1 Юридические и продуктовые выводы,"ПКР — рейтинг, рассчитанный бюро; он носит информационный характер и не гарантирует одобрение. CASA сохраняет его как SOURCE_FACT, но не пересчитывает и не использует как вердикт. [S08]","ПКР — рейтинг, рассчитанный бюро; он носит информационный характер и не гарантирует одобрение. CASA сохраняет его как SOURCE_FACT, но не пересчитывает и не использует как вердикт. [S08]",,,,,CASA_Pro_Credit_History_Engine_Final_Spec_KZ_2026-08-21,2026-08-21,§3.1 Юридические и продуктовые выводы,SRC-DOC-M03-P-00090,,,,MULTI_LAYER,,,,,Canonicalized from 1 candidate row(s); source text preserved in 10_SOURCE_EXTRACTS.csv.
M03-CAN-0208,m03.current_1_0.product_semantic.5231f34d1673c48a,1.0,CURRENT_1_0,M03,Кредитная история,PRODUCT_SEMANTIC,BUSINESS_RULE,§3.1 Юридические и продуктовые выводы,"Статус «Реабилитирован» присваивает бюро. CASA не повторяет юридическую/регуляторную логику, а переносит статус и дату из ПКО. [S09]","Статус «Реабилитирован» присваивает бюро. CASA не повторяет юридическую/регуляторную логику, а переносит статус и дату из ПКО. [S09]",,,,,CASA_Pro_Credit_History_Engine_Final_Spec_KZ_2026-08-21,2026-08-21,§3.1 Юридические и продуктовые выводы,SRC-DOC-M03-P-00091,,,,MULTI_LAYER,,,,,Canonicalized from 1 candidate row(s); source text preserved in 10_SOURCE_EXTRACTS.csv.
M03-CAN-0209,m03.current_1_0.product_semantic.db833f5e447ea6e9,1.0,CURRENT_1_0,M03,Кредитная история,PRODUCT_SEMANTIC,BUSINESS_RULE,§3.1 Юридические и продуктовые выводы,"Срок хранения данных в бюро не равен сроку хранения копии PDF в CASA. Для CASA нужны целевое ограничение, управление отзывом, удалением/ограничением и legal hold. [S01]","Срок хранения данных в бюро не равен сроку хранения копии PDF в CASA. Для CASA нужны целевое ограничение, управление отзывом, удалением/ограничением и legal hold. [S01]",,,,,CASA_Pro_Credit_History_Engine_Final_Spec_KZ_2026-08-21,2026-08-21,§3.1 Юридические и продуктовые выводы,SRC-DOC-M03-P-00093,,,,PARSER|LEGAL,,,,,Canonicalized from 1 candidate row(s); source text preserved in 10_SOURCE_EXTRACTS.csv.
M03-CAN-0210,m03.current_1_0.product_semantic.95cff763228bb285,1.0,CURRENT_1_0,M03,Кредитная история,PRODUCT_SEMANTIC,PARSER,§3.2 Статусы допуска,Токен: SUPPORTED; Значение в этой спецификации: Есть официальное подтверждение типа и regression-sample; parser можно включать,Токен: SUPPORTED; Значение в этой спецификации: Есть официальное подтверждение типа и regression-sample; parser можно включать,,,,,CASA_Pro_Credit_History_Engine_Final_Spec_KZ_2026-08-21,2026-08-21,§3.2 Статусы допуска,SRC-DOC-M03-P-00096,,,,PARSER,,,,,Canonicalized from 1 candidate row(s); source text preserved in 10_SOURCE_EXTRACTS.csv.
M03-CAN-0211,m03.current_1_0.product_semantic.478e5a3138361ffd,1.0,CURRENT_1_0,M03,Кредитная история,PRODUCT_SEMANTIC,BUSINESS_RULE,§3.2 Статусы допуска,"Токен: SAMPLE_REQUIRED; Значение в этой спецификации: Тип отчёта существует, но у CASA нет реального обезличенного полного образца и gold dataset","Токен: SAMPLE_REQUIRED; Значение в этой спецификации: Тип отчёта существует, но у CASA нет реального обезличенного полного образца и gold dataset",,,,,CASA_Pro_Credit_History_Engine_Final_Spec_KZ_2026-08-21,2026-08-21,§3.2 Статусы допуска,SRC-DOC-M03-P-00097,,,,DATA,,,,,Canonicalized from 1 candidate row(s); source text preserved in 10_SOURCE_EXTRACTS.csv.
M03-CAN-0212,m03.current_1_0.product_semantic.8b2750db896d1058,1.0,CURRENT_1_0,M03,Кредитная история,PRODUCT_SEMANTIC,API,§3.2 Статусы допуска,Токен: CONTRACT_REQUIRED; Значение в этой спецификации: Прямой API/выгрузка бюро не включаются без договора и юридического основания,Токен: CONTRACT_REQUIRED; Значение в этой спецификации: Прямой API/выгрузка бюро не включаются без договора и юридического основания,,,,,CASA_Pro_Credit_History_Engine_Final_Spec_KZ_2026-08-21,2026-08-21,§3.2 Статусы допуска,SRC-DOC-M03-P-00099,,,,BACKEND,,,,,Canonicalized from 1 candidate row(s); source text preserved in 10_SOURCE_EXTRACTS.csv.
M03-CAN-0213,m03.current_1_0.product_semantic.1d179a8b5bb879f1,1.0,CURRENT_1_0,M03,Кредитная история,PRODUCT_SEMANTIC,BUSINESS_RULE,§3.2 Статусы допуска,Токен: LEGAL_REVIEW_REQUIRED; Значение в этой спецификации: Необходимо отдельное письменное заключение юриста РК,Токен: LEGAL_REVIEW_REQUIRED; Значение в этой спецификации: Необходимо отдельное письменное заключение юриста РК,,,,,CASA_Pro_Credit_History_Engine_Final_Spec_KZ_2026-08-21,2026-08-21,§3.2 Статусы допуска,SRC-DOC-M03-P-00100,,,,LEGAL,,,,,Canonicalized from 1 candidate row(s); source text preserved in 10_SOURCE_EXTRACTS.csv.
M03-CAN-0214,m03.current_1_0.boundary.6444695a91db46d9,1.0,CURRENT_1_0,M03,Кредитная история,BOUNDARY,FORBIDDEN,§3.2 Статусы допуска,"Токен: UNKNOWN; Значение в этой спецификации: Ни официальный источник, ни реальный образец не позволяют закрыть вопрос; нуль/догадка запрещены",,"Токен: UNKNOWN; Значение в этой спецификации: Ни официальный источник, ни реальный образец не позволяют закрыть вопрос; нуль/догадка запрещены",,,UNKNOWN,CASA_Pro_Credit_History_Engine_Final_Spec_KZ_2026-08-21,2026-08-21,§3.2 Статусы допуска,SRC-DOC-M03-P-00101,,,,MULTI_LAYER,,,,,Canonicalized from 1 candidate row(s); source text preserved in 10_SOURCE_EXTRACTS.csv.
M03-CAN-0215,m03.current_1_0.product_semantic.a48ed4380b557dde,1.0,CURRENT_1_0,M03,Кредитная история,PRODUCT_SEMANTIC,VALIDATION,§4 Поддерживаемые типы отчётов,"Тип/канал: ПКБ: полный персональный кредитный отчёт, PDF; Официальное основание: Официальный продукт ПКБ [S06]; Статус v1: SUPPORTED для шаблона regression-fixture; Авторазбор: Да, при полной сверке; Подлинность: Ручная проверка ПКБ или электронная подпись, если сохранена","Тип/канал: ПКБ: полный персональный кредитный отчёт, PDF; Официальное основание: Официальный продукт ПКБ [S06]; Статус v1: SUPPORTED для шаблона regression-fixture; Авторазбор: Да, при полной сверке; Подлинность: Ручная проверка ПКБ или электронная подпись, если сохранена",,,,,CASA_Pro_Credit_History_Engine_Final_Spec_KZ_2026-08-21,2026-08-21,§4 Поддерживаемые типы отчётов,SRC-DOC-M03-P-00104,,,,PARSER|QA,,,,,Canonicalized from 1 candidate row(s); source text preserved in 10_SOURCE_EXTRACTS.csv.
M03-CAN-0216,m03.current_1_0.product_semantic.3d0c2177ab06b8ca,1.0,CURRENT_1_0,M03,Кредитная история,PRODUCT_SEMANTIC,BUSINESS_RULE,§4 Поддерживаемые типы отчётов,"Тип/канал: ПКБ: персональный/краткий отчёт, PDF; Официальное основание: Официальный продукт ПКБ [S06]; Статус v1: SAMPLE_REQUIRED; Авторазбор: Нет до золотого sample; Подлинность: По файлу/сервису бюро","Тип/канал: ПКБ: персональный/краткий отчёт, PDF; Официальное основание: Официальный продукт ПКБ [S06]; Статус v1: SAMPLE_REQUIRED; Авторазбор: Нет до золотого sample; Подлинность: По файлу/сервису бюро",,,,,CASA_Pro_Credit_History_Engine_Final_Spec_KZ_2026-08-21,2026-08-21,§4 Поддерживаемые типы отчётов,SRC-DOC-M03-P-00105,,,,PARSER,,,,,Canonicalized from 1 candidate row(s); source text preserved in 10_SOURCE_EXTRACTS.csv.
M03-CAN-0217,m03.current_1_0.product_semantic.e260bbeeb852fa73,1.0,CURRENT_1_0,M03,Кредитная история,PRODUCT_SEMANTIC,BUSINESS_RULE,§4 Поддерживаемые типы отчётов,"Тип/канал: ГКБ: персональный отчёт, PDF; Официальное основание: Официальный продукт ГКБ [S04][S10]; Статус v1: SAMPLE_REQUIRED; Авторазбор: Нет до золотого sample; Подлинность: По механизму конкретного PDF; UNKNOWN до sample","Тип/канал: ГКБ: персональный отчёт, PDF; Официальное основание: Официальный продукт ГКБ [S04][S10]; Статус v1: SAMPLE_REQUIRED; Авторазбор: Нет до золотого sample; Подлинность: По механизму конкретного PDF; UNKNOWN до sample",,,,UNKNOWN,CASA_Pro_Credit_History_Engine_Final_Spec_KZ_2026-08-21,2026-08-21,§4 Поддерживаемые типы отчётов,SRC-DOC-M03-P-00106,,,,PARSER,,,,,Canonicalized from 1 candidate row(s); source text preserved in 10_SOURCE_EXTRACTS.csv.
M03-CAN-0218,m03.current_1_0.product_semantic.063a9dc67d3dcd9c,1.0,CURRENT_1_0,M03,Кредитная история,PRODUCT_SEMANTIC,BUSINESS_RULE,§4 Поддерживаемые типы отчётов,"Тип/канал: PDF, полученный через eGov; Официальное основание: eGov — канал получения [S05][S12]; Статус v1: Детектировать underlying bureau/template; иначе SAMPLE_REQUIRED; Авторазбор: Не по слову «eGov»; Подлинность: По подписи/верификации underlying issuer","Тип/канал: PDF, полученный через eGov; Официальное основание: eGov — канал получения [S05][S12]; Статус v1: Детектировать underlying bureau/template; иначе SAMPLE_REQUIRED; Авторазбор: Не по слову «eGov»; Подлинность: По подписи/верификации underlying issuer",,,,,CASA_Pro_Credit_History_Engine_Final_Spec_KZ_2026-08-21,2026-08-21,§4 Поддерживаемые типы отчётов,SRC-DOC-M03-P-00107,,,,PARSER,,,,,Canonicalized from 1 candidate row(s); source text preserved in 10_SOURCE_EXTRACTS.csv.
M03-CAN-0219,m03.current_1_0.boundary.38a0c19c7f0a00ef,1.0,CURRENT_1_0,M03,Кредитная история,BOUNDARY,FORBIDDEN,§4 Поддерживаемые типы отчётов,Тип/канал: Скан/фото-PDF тех же отчётов; Официальное основание: ПКБ: сканы не проверяются [S07]; Статус v1: MANUAL_REVIEW; Авторазбор: OCR допустим; auto-confirm запрещён; Подлинность: UNVERIFIED,,Тип/канал: Скан/фото-PDF тех же отчётов; Официальное основание: ПКБ: сканы не проверяются [S07]; Статус v1: MANUAL_REVIEW; Авторазбор: OCR допустим; auto-confirm запрещён; Подлинность: UNVERIFIED,,,,CASA_Pro_Credit_History_Engine_Final_Spec_KZ_2026-08-21,2026-08-21,§4 Поддерживаемые типы отчётов,SRC-DOC-M03-P-00108,,,,PARSER,,,,,Canonicalized from 1 candidate row(s); source text preserved in 10_SOURCE_EXTRACTS.csv.
M03-CAN-0220,m03.current_1_0.product_semantic.cc7af6e2738787f6,1.0,CURRENT_1_0,M03,Кредитная история,PRODUCT_SEMANTIC,API,§4 Поддерживаемые типы отчётов,Тип/канал: Отчёт receiver/API бюро; Официальное основание: Документация ГКБ [S10][S11]; Статус v1: CONTRACT_REQUIRED + LEGAL_REVIEW_REQUIRED; не v1; Авторазбор: После отдельного проекта; Подлинность: На уровне договора/канала,Тип/канал: Отчёт receiver/API бюро; Официальное основание: Документация ГКБ [S10][S11]; Статус v1: CONTRACT_REQUIRED + LEGAL_REVIEW_REQUIRED; не v1; Авторазбор: После отдельного проекта; Подлинность: На уровне договора/канала,,,,,CASA_Pro_Credit_History_Engine_Final_Spec_KZ_2026-08-21,2026-08-21,§4 Поддерживаемые типы отчётов,SRC-DOC-M03-P-00109,,,,BACKEND|LEGAL,,,,,Canonicalized from 1 candidate row(s); source text preserved in 10_SOURCE_EXTRACTS.csv.
M03-CAN-0221,m03.current_1_0.data_contract.40feca56a73ca78a,1.0,CURRENT_1_0,M03,Кредитная история,DATA_CONTRACT,DATA_MODEL,§4 Поддерживаемые типы отчётов,"Release gate нового шаблона: не менее 20 обезличенных полных PDF из разных периодов/макетов, двойная ручная разметка critical fields, проверка reconciliation и набор negative/corrupt samples. Число 20 — внутренний engineering gate CASA, а не норма закона.","Release gate нового шаблона: не менее 20 обезличенных полных PDF из разных периодов/макетов, двойная ручная разметка critical fields, проверка reconciliation и набор negative/corrupt samples. Число 20 — внутренний engineering gate CASA, а не норма закона.",,,,,CASA_Pro_Credit_History_Engine_Final_Spec_KZ_2026-08-21,2026-08-21,§4 Поддерживаемые типы отчётов,SRC-DOC-M03-P-00112,,,CRITICAL,DATA|PARSER,,,,,Canonicalized from 1 candidate row(s); source text preserved in 10_SOURCE_EXTRACTS.csv.
M03-CAN-0222,m03.current_1_0.product_semantic.bc965b0ef2eb7d07,1.0,CURRENT_1_0,M03,Кредитная история,PRODUCT_SEMANTIC,CALCULATION,§5.2 Ожидаемые итоги образца,"Метрика: Всего source contract records; Ожидаемое значение: 30; Примечание: Напечатанные блоки, не долги","Метрика: Всего source contract records; Ожидаемое значение: 30; Примечание: Напечатанные блоки, не долги",,,,,CASA_Pro_Credit_History_Engine_Final_Spec_KZ_2026-08-21,2026-08-21,§5.2 Ожидаемые итоги образца,SRC-DOC-M03-P-00128,,,,MULTI_LAYER,,,,,Canonicalized from 1 candidate row(s); source text preserved in 10_SOURCE_EXTRACTS.csv.
M03-CAN-0223,m03.current_1_0.product_semantic.02849c28353243d7,1.0,CURRENT_1_0,M03,Кредитная история,PRODUCT_SEMANTIC,CALCULATION,§5.2 Ожидаемые итоги образца,Метрика: Уникальные contract codes; Ожидаемое значение: 29; Примечание: Код 1705551 встречается дважды,Метрика: Уникальные contract codes; Ожидаемое значение: 29; Примечание: Код 1705551 встречается дважды,,,,,CASA_Pro_Credit_History_Engine_Final_Spec_KZ_2026-08-21,2026-08-21,§5.2 Ожидаемые итоги образца,SRC-DOC-M03-P-00129,,,,MULTI_LAYER,,,,,Canonicalized from 1 candidate row(s); source text preserved in 10_SOURCE_EXTRACTS.csv.
M03-CAN-0224,m03.current_1_0.product_semantic.a49033cecb76a68b,1.0,CURRENT_1_0,M03,Кредитная история,PRODUCT_SEMANTIC,CALCULATION,§5.2 Ожидаемые итоги образца,Метрика: MFO source contract records; Ожидаемое значение: 24; Примечание: Множество закрытых микрозаймов,Метрика: MFO source contract records; Ожидаемое значение: 24; Примечание: Множество закрытых микрозаймов,,,,,CASA_Pro_Credit_History_Engine_Final_Spec_KZ_2026-08-21,2026-08-21,§5.2 Ожидаемые итоги образца,SRC-DOC-M03-P-00137,,,,MULTI_LAYER,,,,,Canonicalized from 1 candidate row(s); source text preserved in 10_SOURCE_EXTRACTS.csv.
M03-CAN-0225,m03.current_1_0.product_semantic.959638f9c28229ee,1.0,CURRENT_1_0,M03,Кредитная история,PRODUCT_SEMANTIC,CALCULATION,§5.2 Ожидаемые итоги образца,Метрика: Запросы всего; Ожидаемое значение: 130; Примечание: Каждая напечатанная строка сохраняется,Метрика: Запросы всего; Ожидаемое значение: 130; Примечание: Каждая напечатанная строка сохраняется,,,,,CASA_Pro_Credit_History_Engine_Final_Spec_KZ_2026-08-21,2026-08-21,§5.2 Ожидаемые итоги образца,SRC-DOC-M03-P-00140,,,,MULTI_LAYER,,,,,Canonicalized from 1 candidate row(s); source text preserved in 10_SOURCE_EXTRACTS.csv.
M03-CAN-0226,m03.current_1_0.product_semantic.0e3d6b3df40903da,1.0,CURRENT_1_0,M03,Кредитная история,PRODUCT_SEMANTIC,BUSINESS_RULE,§6.1 Предусловия загрузки,CASA показывает кнопку «Загрузить кредитную историю» только если:,CASA показывает кнопку «Загрузить кредитную историю» только если:,,,,,CASA_Pro_Credit_History_Engine_Final_Spec_KZ_2026-08-21,2026-08-21,§6.1 Предусловия загрузки,SRC-DOC-M03-P-00162,,,,MULTI_LAYER,,,,,Canonicalized from 1 candidate row(s); source text preserved in 10_SOURCE_EXTRACTS.csv.
M03-CAN-0227,m03.current_1_0.product_semantic.ce962a0ad5ee38ac,1.0,CURRENT_1_0,M03,Кредитная история,PRODUCT_SEMANTIC,BUSINESS_RULE,§6.1 Предусловия загрузки,созданы case_id и participant_id;,созданы case_id и participant_id;,,,,,CASA_Pro_Credit_History_Engine_Final_Spec_KZ_2026-08-21,2026-08-21,§6.1 Предусловия загрузки,SRC-DOC-M03-P-00163,,,,MULTI_LAYER,,,,,Canonicalized from 1 candidate row(s); source text preserved in 10_SOURCE_EXTRACTS.csv.
M03-CAN-0228,m03.current_1_0.security_control.c97913323341eed4,1.0,CURRENT_1_0,M03,Кредитная история,SECURITY_CONTROL,CONSENT,§6.1 Предусловия загрузки,"есть действующее consent evidence с целями credit_report_upload, credit_report_extraction, credit_history_analysis, internal_snapshot_use;","есть действующее consent evidence с целями credit_report_upload, credit_report_extraction, credit_history_analysis, internal_snapshot_use;",,,,,CASA_Pro_Credit_History_Engine_Final_Spec_KZ_2026-08-21,2026-08-21,§6.1 Предусловия загрузки,SRC-DOC-M03-P-00164,,,,DATA|LEGAL,,,,,Canonicalized from 1 candidate row(s); source text preserved in 10_SOURCE_EXTRACTS.csv.
M03-CAN-0229,m03.current_1_0.product_semantic.a78b30ea87a7adb1,1.0,CURRENT_1_0,M03,Кредитная история,PRODUCT_SEMANTIC,BUSINESS_RULE,§6.1 Предусловия загрузки,"клиенту показано, что CASA не запрашивает отчёт у бюро и не получает банковское решение;","клиенту показано, что CASA не запрашивает отчёт у бюро и не получает банковское решение;",,,,,CASA_Pro_Credit_History_Engine_Final_Spec_KZ_2026-08-21,2026-08-21,§6.1 Предусловия загрузки,SRC-DOC-M03-P-00166,,,,MULTI_LAYER,,,,,Canonicalized from 1 candidate row(s); source text preserved in 10_SOURCE_EXTRACTS.csv.
M03-CAN-0230,m03.current_1_0.security_control.86735b90cd8bb9df,1.0,CURRENT_1_0,M03,Кредитная история,SECURITY_CONTROL,CONSENT,§6.1 Предусловия загрузки,"Юридический gate: точный текст согласия, способ его подписания, срок, отзыв и передача в будущий Bank Rules Engine — LEGAL_REVIEW_REQUIRED.","Юридический gate: точный текст согласия, способ его подписания, срок, отзыв и передача в будущий Bank Rules Engine — LEGAL_REVIEW_REQUIRED.",,,,,CASA_Pro_Credit_History_Engine_Final_Spec_KZ_2026-08-21,2026-08-21,§6.1 Предусловия загрузки,SRC-DOC-M03-P-00168,,,,LEGAL,,,,,Canonicalized from 1 candidate row(s); source text preserved in 10_SOURCE_EXTRACTS.csv.
M03-CAN-0231,m03.current_1_0.security_control.395153b43634fa63,1.0,CURRENT_1_0,M03,Кредитная история,SECURITY_CONTROL,SECURITY,§6.2 Технический intake,"Шаг: 1; Действие: Выдать одноразовый upload grant, привязанный к tenant/case/participant/document type; Блокирующий результат: Истёк/повторно использован токен","Шаг: 1; Действие: Выдать одноразовый upload grant, привязанный к tenant/case/participant/document type; Блокирующий результат: Истёк/повторно использован токен",,,,,CASA_Pro_Credit_History_Engine_Final_Spec_KZ_2026-08-21,2026-08-21,§6.2 Технический intake,SRC-DOC-M03-P-00171,,,,SECURITY,,,,,Canonicalized from 1 candidate row(s); source text preserved in 10_SOURCE_EXTRACTS.csv.
M03-CAN-0232,m03.current_1_0.product_semantic.e07e712d73c706e6,1.0,CURRENT_1_0,M03,Кредитная история,PRODUCT_SEMANTIC,BUSINESS_RULE,§6.2 Технический intake,Шаг: 2; Действие: Принять байты в quarantine; оригинальное имя не использовать как storage key; Блокирующий результат: Превышен size limit,Шаг: 2; Действие: Принять байты в quarantine; оригинальное имя не использовать как storage key; Блокирующий результат: Превышен size limit,,,,,CASA_Pro_Credit_History_Engine_Final_Spec_KZ_2026-08-21,2026-08-21,§6.2 Технический intake,SRC-DOC-M03-P-00172,,,,MULTI_LAYER,,,,,Canonicalized from 1 candidate row(s); source text preserved in 10_SOURCE_EXTRACTS.csv.
M03-CAN-0233,m03.current_1_0.product_semantic.24ce4ae6fe041cbc,1.0,CURRENT_1_0,M03,Кредитная история,PRODUCT_SEMANTIC,BUSINESS_RULE,§6.2 Технический intake,Шаг: 3; Действие: Посчитать SHA-256 потоково до любой трансформации; Блокирующий результат: Невозможно записать hash,Шаг: 3; Действие: Посчитать SHA-256 потоково до любой трансформации; Блокирующий результат: Невозможно записать hash,,,,,CASA_Pro_Credit_History_Engine_Final_Spec_KZ_2026-08-21,2026-08-21,§6.2 Технический intake,SRC-DOC-M03-P-00173,,,,MULTI_LAYER,,,,,Canonicalized from 1 candidate row(s); source text preserved in 10_SOURCE_EXTRACTS.csv.
M03-CAN-0234,m03.current_1_0.product_semantic.4beebc3a800c873c,1.0,CURRENT_1_0,M03,Кредитная история,PRODUCT_SEMANTIC,PARSER,§6.2 Технический intake,"Шаг: 4; Действие: Сверить magic bytes, MIME=application/pdf, parser verdict; не доверять extension; Блокирующий результат: FILE_TYPE_MISMATCH","Шаг: 4; Действие: Сверить magic bytes, MIME=application/pdf, parser verdict; не доверять extension; Блокирующий результат: FILE_TYPE_MISMATCH",,,,,CASA_Pro_Credit_History_Engine_Final_Spec_KZ_2026-08-21,2026-08-21,§6.2 Технический intake,SRC-DOC-M03-P-00174,,,,PARSER,,,,,Canonicalized from 1 candidate row(s); source text preserved in 10_SOURCE_EXTRACTS.csv.
M03-CAN-0235,m03.current_1_0.product_semantic.7eaee49cf7a69c6c,1.0,CURRENT_1_0,M03,Кредитная история,PRODUCT_SEMANTIC,VALIDATION,§6.2 Технический intake,"Шаг: 5; Действие: Проверить пароль/шифование, повреждение, xref, page count; Блокирующий результат: PASSWORD_PROTECTED, PDF_CORRUPT, PAGE_COUNT_INVALID","Шаг: 5; Действие: Проверить пароль/шифование, повреждение, xref, page count; Блокирующий результат: PASSWORD_PROTECTED, PDF_CORRUPT, PAGE_COUNT_INVALID",,,,,CASA_Pro_Credit_History_Engine_Final_Spec_KZ_2026-08-21,2026-08-21,§6.2 Технический intake,SRC-DOC-M03-P-00175,,,,PARSER,,,,,Canonicalized from 1 candidate row(s); source text preserved in 10_SOURCE_EXTRACTS.csv.
M03-CAN-0236,m03.current_1_0.product_semantic.d1d9c856435f96c6,1.0,CURRENT_1_0,M03,Кредитная история,PRODUCT_SEMANTIC,BUSINESS_RULE,§6.2 Технический intake,"Шаг: 6; Действие: Malware/active-content scan; JavaScript, launch actions, embedded files попадают в quarantine policy; Блокирующий результат: MALWARE_DETECTED, ACTIVE_CONTENT_BLOCKED","Шаг: 6; Действие: Malware/active-content scan; JavaScript, launch actions, embedded files попадают в quarantine policy; Блокирующий результат: MALWARE_DETECTED, ACTIVE_CONTENT_BLOCKED",,,,,CASA_Pro_Credit_History_Engine_Final_Spec_KZ_2026-08-21,2026-08-21,§6.2 Технический intake,SRC-DOC-M03-P-00176,,,,MULTI_LAYER,,,,,Canonicalized from 1 candidate row(s); source text preserved in 10_SOURCE_EXTRACTS.csv.
M03-CAN-0237,m03.current_1_0.product_semantic.647496ceffa927f8,1.0,CURRENT_1_0,M03,Кредитная история,PRODUCT_SEMANTIC,PARSER,§6.2 Технический intake,"Шаг: 7; Действие: Извлечь PDF metadata, подписи, сертификаты, revision count; Блокирующий результат: Невалидная подпись блокирует auto-confirm, но не стирает файл","Шаг: 7; Действие: Извлечь PDF metadata, подписи, сертификаты, revision count; Блокирующий результат: Невалидная подпись блокирует auto-confirm, но не стирает файл",,,,,CASA_Pro_Credit_History_Engine_Final_Spec_KZ_2026-08-21,2026-08-21,§6.2 Технический intake,SRC-DOC-M03-P-00177,,,,DATA|PARSER,,,,,Canonicalized from 1 candidate row(s); source text preserved in 10_SOURCE_EXTRACTS.csv.
M03-CAN-0238,m03.current_1_0.product_semantic.976a70637a6c1245,1.0,CURRENT_1_0,M03,Кредитная история,PRODUCT_SEMANTIC,BUSINESS_RULE,§6.2 Технический intake,"Шаг: 8; Действие: Обнаружить издателя, report type, template fingerprint, language, page numbering; Блокирующий результат: UNSUPPORTED_TEMPLATE, MISSING_PAGE","Шаг: 8; Действие: Обнаружить издателя, report type, template fingerprint, language, page numbering; Блокирующий результат: UNSUPPORTED_TEMPLATE, MISSING_PAGE",,,,,CASA_Pro_Credit_History_Engine_Final_Spec_KZ_2026-08-21,2026-08-21,§6.2 Технический intake,SRC-DOC-M03-P-00178,,,,MULTI_LAYER,,,,,Canonicalized from 1 candidate row(s); source text preserved in 10_SOURCE_EXTRACTS.csv.
M03-CAN-0239,m03.current_1_0.product_semantic.3f1b218e806ce752,1.0,CURRENT_1_0,M03,Кредитная история,PRODUCT_SEMANTIC,PARSER,§6.2 Технический intake,Шаг: 9; Действие: Проверить exact duplicate по SHA-256 в этом case; Блокирующий результат: Не парсить повторно; ссылка на существующую версию,Шаг: 9; Действие: Проверить exact duplicate по SHA-256 в этом case; Блокирующий результат: Не парсить повторно; ссылка на существующую версию,,,,,CASA_Pro_Credit_History_Engine_Final_Spec_KZ_2026-08-21,2026-08-21,§6.2 Технический intake,SRC-DOC-M03-P-00179,,,,MULTI_LAYER,,,,,Canonicalized from 1 candidate row(s); source text preserved in 10_SOURCE_EXTRACTS.csv.
M03-CAN-0240,m03.current_1_0.product_semantic.02c349145858c4f6,1.0,CURRENT_1_0,M03,Кредитная история,PRODUCT_SEMANTIC,ERROR,§6.2 Технический intake,Шаг: 10; Действие: Перевести в READY_FOR_EXTRACTION; оригинал становится immutable; Блокирующий результат: Любой blocking error,Шаг: 10; Действие: Перевести в READY_FOR_EXTRACTION; оригинал становится immutable; Блокирующий результат: Любой blocking error,,,,,CASA_Pro_Credit_History_Engine_Final_Spec_KZ_2026-08-21,2026-08-21,§6.2 Технический intake,SRC-DOC-M03-P-00180,,,,MULTI_LAYER,,,,,Canonicalized from 1 candidate row(s); source text preserved in 10_SOURCE_EXTRACTS.csv.
M03-CAN-0241,m03.current_1_0.product_semantic.1df48177fa8dbd86,1.0,CURRENT_1_0,M03,Кредитная история,PRODUCT_SEMANTIC,BUSINESS_RULE,§6.2 Технический intake,"Исходная конфигурация CASA, не норма бюро: PDF до 50 MiB, 1–200 страниц, processing timeout 10 минут, один active parse-run на document version. Лимиты версионируются в config.","Исходная конфигурация CASA, не норма бюро: PDF до 50 MiB, 1–200 страниц, processing timeout 10 минут, один active parse-run на document version. Лимиты версионируются в config.",,,,,CASA_Pro_Credit_History_Engine_Final_Spec_KZ_2026-08-21,2026-08-21,§6.2 Технический intake,SRC-DOC-M03-P-00181,,,,PARSER,,,,,Canonicalized from 1 candidate row(s); source text preserved in 10_SOURCE_EXTRACTS.csv.
M03-CAN-0242,m03.current_1_0.product_semantic.458d0382b7efb96a,1.0,CURRENT_1_0,M03,Кредитная история,PRODUCT_SEMANTIC,STATE,§6.3 Три разных проверки,"Проверка: file_integrity_status; Вопрос: PDF технически цел, не изменился после upload?; Возможные статусы: VALID, CORRUPT, HASH_MISMATCH, UNREADABLE","Проверка: file_integrity_status; Вопрос: PDF технически цел, не изменился после upload?; Возможные статусы: VALID, CORRUPT, HASH_MISMATCH, UNREADABLE",,,,,CASA_Pro_Credit_History_Engine_Final_Spec_KZ_2026-08-21,2026-08-21,§6.3 Три разных проверки,SRC-DOC-M03-P-00184,,,,PARSER,,,,,Canonicalized from 1 candidate row(s); source text preserved in 10_SOURCE_EXTRACTS.csv.
M03-CAN-0243,m03.current_1_0.product_semantic.579dbea50535c5e6,1.0,CURRENT_1_0,M03,Кредитная история,PRODUCT_SEMANTIC,STATE,§6.3 Три разных проверки,"Проверка: authenticity_status; Вопрос: Можно ли подтвердить, что PDF выдан заявленным бюро?; Возможные статусы: VERIFIED_SIGNATURE, VERIFIED_BUREAU_MANUAL, UNVERIFIED_FLATTENED_PDF, UNVERIFIED_SCAN, FAILED, UNKNOWN","Проверка: authenticity_status; Вопрос: Можно ли подтвердить, что PDF выдан заявленным бюро?; Возможные статусы: VERIFIED_SIGNATURE, VERIFIED_BUREAU_MANUAL, UNVERIFIED_FLATTENED_PDF, UNVERIFIED_SCAN, FAILED, UNKNOWN",,,,UNKNOWN,CASA_Pro_Credit_History_Engine_Final_Spec_KZ_2026-08-21,2026-08-21,§6.3 Три разных проверки,SRC-DOC-M03-P-00185,,,,PARSER,,,,,Canonicalized from 1 candidate row(s); source text preserved in 10_SOURCE_EXTRACTS.csv.
M03-CAN-0244,m03.current_1_0.product_semantic.7f867f15cfc17c86,1.0,CURRENT_1_0,M03,Кредитная история,PRODUCT_SEMANTIC,STATE,§6.3 Три разных проверки,"Проверка: extraction_quality_status; Вопрос: Верно ли CASA считала текст/таблицы?; Возможные статусы: PASS, PASS_WITH_REVIEW, NEEDS_REVIEW, FAILED","Проверка: extraction_quality_status; Вопрос: Верно ли CASA считала текст/таблицы?; Возможные статусы: PASS, PASS_WITH_REVIEW, NEEDS_REVIEW, FAILED",,,,,CASA_Pro_Credit_History_Engine_Final_Spec_KZ_2026-08-21,2026-08-21,§6.3 Три разных проверки,SRC-DOC-M03-P-00186,,,,MULTI_LAYER,,,,,Canonicalized from 1 candidate row(s); source text preserved in 10_SOURCE_EXTRACTS.csv.
M03-CAN-0245,m03.current_1_0.product_semantic.0c1dcc7b6babe675,1.0,CURRENT_1_0,M03,Кредитная история,PRODUCT_SEMANTIC,ERROR,§6.3 Три разных проверки,Ни один из трёх статусов не выводится из другого. Целый PDF может быть подделкой; подлинный PDF можно ошибочно распознать; верно распознанный скан может оставаться непроверяемым.,Ни один из трёх статусов не выводится из другого. Целый PDF может быть подделкой; подлинный PDF можно ошибочно распознать; верно распознанный скан может оставаться непроверяемым.,,,,,CASA_Pro_Credit_History_Engine_Final_Spec_KZ_2026-08-21,2026-08-21,§6.3 Три разных проверки,SRC-DOC-M03-P-00187,,,,PARSER,,,,,Canonicalized from 1 candidate row(s); source text preserved in 10_SOURCE_EXTRACTS.csv.
M03-CAN-0246,m03.current_1_0.data_contract.d77f307b4d029ef1,1.0,CURRENT_1_0,M03,Кредитная история,DATA_CONTRACT,SNAPSHOT,§6.4 Версионность и замена,новый отчёт не стирает старый: он создаёт новый profile snapshot и supersedes_document_id;,новый отчёт не стирает старый: он создаёт новый profile snapshot и supersedes_document_id;,,,,,CASA_Pro_Credit_History_Engine_Final_Spec_KZ_2026-08-21,2026-08-21,§6.4 Версионность и замена,SRC-DOC-M03-P-00191,,,,DATA,,,,,Canonicalized from 1 candidate row(s); source text preserved in 10_SOURCE_EXTRACTS.csv.
M03-CAN-0247,m03.current_1_0.product_semantic.76034cdd6a19c3a3,1.0,CURRENT_1_0,M03,Кредитная история,PRODUCT_SEMANTIC,PARSER,§6.4 Версионность и замена,"повторный parse того же PDF с новой версией parser создаёт новый parse_run, но не новый original document;","повторный parse того же PDF с новой версией parser создаёт новый parse_run, но не новый original document;",,,,,CASA_Pro_Credit_History_Engine_Final_Spec_KZ_2026-08-21,2026-08-21,§6.4 Версионность и замена,SRC-DOC-M03-P-00192,,,,PARSER,,,,,Canonicalized from 1 candidate row(s); source text preserved in 10_SOURCE_EXTRACTS.csv.
M03-CAN-0248,m03.current_1_0.data_contract.a01f128ba5c109de,1.0,CURRENT_1_0,M03,Кредитная история,DATA_CONTRACT,SNAPSHOT,§6.4 Версионность и замена,любой snapshot ссылается на exact document SHA-256 и parse/review versions.,любой snapshot ссылается на exact document SHA-256 и parse/review versions.,,,,,CASA_Pro_Credit_History_Engine_Final_Spec_KZ_2026-08-21,2026-08-21,§6.4 Версионность и замена,SRC-DOC-M03-P-00194,,,,DATA,,,,,Canonicalized from 1 candidate row(s); source text preserved in 10_SOURCE_EXTRACTS.csv.
M03-CAN-0249,m03.current_1_0.product_semantic.22d570f445524a08,1.0,CURRENT_1_0,M03,Кредитная история,PRODUCT_SEMANTIC,BUSINESS_RULE,§7.1 Этапы,Page map. Классифицировать каждую страницу: header/summary/applications/active contracts/closed contracts/older-than-five/recalled/inquiries/certification/unknown.,Page map. Классифицировать каждую страницу: header/summary/applications/active contracts/closed contracts/older-than-five/recalled/inquiries/certification/unknown.,,,,UNKNOWN,CASA_Pro_Credit_History_Engine_Final_Spec_KZ_2026-08-21,2026-08-21,§7.1 Этапы,SRC-DOC-M03-P-00198,,,,MULTI_LAYER,,,,,Canonicalized from 1 candidate row(s); source text preserved in 10_SOURCE_EXTRACTS.csv.
M03-CAN-0250,m03.current_1_0.product_semantic.0d21e37eed210ba5,1.0,CURRENT_1_0,M03,Кредитная история,PRODUCT_SEMANTIC,PARSER,§7.1 Этапы,Text layer first. Извлечь glyphs с координатами; сохранить reading order и bounding boxes. Не растрировать весь текстовый PDF.,Text layer first. Извлечь glyphs с координатами; сохранить reading order и bounding boxes. Не растрировать весь текстовый PDF.,,,,,CASA_Pro_Credit_History_Engine_Final_Spec_KZ_2026-08-21,2026-08-21,§7.1 Этапы,SRC-DOC-M03-P-00199,,,,PARSER,,,,,Canonicalized from 1 candidate row(s); source text preserved in 10_SOURCE_EXTRACTS.csv.
M03-CAN-0251,m03.current_1_0.data_contract.64a9407ca826a8cd,1.0,CURRENT_1_0,M03,Кредитная история,DATA_CONTRACT,SNAPSHOT,§7.1 Этапы,"Source record extraction. Каждый напечатанный блок «КОНТРАКТ N» становится отдельным immutable credit_report_contract_record, даже если позже будет объединён в lineage.","Source record extraction. Каждый напечатанный блок «КОНТРАКТ N» становится отдельным immutable credit_report_contract_record, даже если позже будет объединён в lineage.",,,,,CASA_Pro_Credit_History_Engine_Final_Spec_KZ_2026-08-21,2026-08-21,§7.1 Этапы,SRC-DOC-M03-P-00202,,,,DATA,,,,,Canonicalized from 1 candidate row(s); source text preserved in 10_SOURCE_EXTRACTS.csv.
M03-CAN-0252,m03.current_1_0.product_semantic.861ce34c3953b59f,1.0,CURRENT_1_0,M03,Кредитная история,PRODUCT_SEMANTIC,PARSER,§7.1 Этапы,"Nested table extraction. Отдельно извлечь balance details, 24-month payment discipline, collateral, related contracts, assignment data, applications, inquiries, embedded state facts.","Nested table extraction. Отдельно извлечь balance details, 24-month payment discipline, collateral, related contracts, assignment data, applications, inquiries, embedded state facts.",,,,,CASA_Pro_Credit_History_Engine_Final_Spec_KZ_2026-08-21,2026-08-21,§7.1 Этапы,SRC-DOC-M03-P-00203,,,,DATA,,,,,Canonicalized from 1 candidate row(s); source text preserved in 10_SOURCE_EXTRACTS.csv.
M03-CAN-0253,m03.current_1_0.product_semantic.456d466388a0e8a3,1.0,CURRENT_1_0,M03,Кредитная история,PRODUCT_SEMANTIC,BUSINESS_RULE,§7.1 Этапы,"Semantic classification. Отдельно определить source institution type, product, subject role, phase, event flags. При UNKNOWN не гадать.","Semantic classification. Отдельно определить source institution type, product, subject role, phase, event flags. При UNKNOWN не гадать.",,,,UNKNOWN,CASA_Pro_Credit_History_Engine_Final_Spec_KZ_2026-08-21,2026-08-21,§7.1 Этапы,SRC-DOC-M03-P-00205,,,,PRODUCT,,,,,Canonicalized from 1 candidate row(s); source text preserved in 10_SOURCE_EXTRACTS.csv.
M03-CAN-0254,m03.current_1_0.product_semantic.547b57b0fa204f9b,1.0,CURRENT_1_0,M03,Кредитная история,PRODUCT_SEMANTIC,BUSINESS_RULE,§7.1 Этапы,"Dedup/lineage graph. Создать candidate edges, применить только deterministic rules; ambiguous edges → MANUAL_REVIEW.","Dedup/lineage graph. Создать candidate edges, применить только deterministic rules; ambiguous edges → MANUAL_REVIEW.",,,,,CASA_Pro_Credit_History_Engine_Final_Spec_KZ_2026-08-21,2026-08-21,§7.1 Этапы,SRC-DOC-M03-P-00206,,,,MULTI_LAYER,,,,,Canonicalized from 1 candidate row(s); source text preserved in 10_SOURCE_EXTRACTS.csv.
M03-CAN-0255,m03.current_1_0.product_semantic.5f43421888be4e6a,1.0,CURRENT_1_0,M03,Кредитная история,PRODUCT_SEMANTIC,VALIDATION,§7.1 Этапы,"Reconciliation. Сверить page/section counts, source rows, canonical rows, balances, payments, summary categories, applications and inquiries.","Reconciliation. Сверить page/section counts, source rows, canonical rows, balances, payments, summary categories, applications and inquiries.",,,,,CASA_Pro_Credit_History_Engine_Final_Spec_KZ_2026-08-21,2026-08-21,§7.1 Этапы,SRC-DOC-M03-P-00207,,,,MULTI_LAYER,,,,,Canonicalized from 1 candidate row(s); source text preserved in 10_SOURCE_EXTRACTS.csv.
M03-CAN-0256,m03.current_1_0.data_contract.b0af3339cf2a6da9,1.0,CURRENT_1_0,M03,Кредитная история,DATA_CONTRACT,DATA_MODEL,§7.1 Этапы,Review queue. Создать задачи только для critical/low-confidence/mismatched/ambiguous fields с переходом к исходной зоне PDF.,Review queue. Создать задачи только для critical/low-confidence/mismatched/ambiguous fields с переходом к исходной зоне PDF.,,,,,CASA_Pro_Credit_History_Engine_Final_Spec_KZ_2026-08-21,2026-08-21,§7.1 Этапы,SRC-DOC-M03-P-00208,,,CRITICAL,DATA|PARSER,,,,,Canonicalized from 1 candidate row(s); source text preserved in 10_SOURCE_EXTRACTS.csv.
M03-CAN-0257,m03.current_1_0.product_semantic.24f6d3a8293f14a5,1.0,CURRENT_1_0,M03,Кредитная история,PRODUCT_SEMANTIC,CALCULATION,§7.1 Этапы,Profile calculation. После дедупликации и разрешения critical review посчитать два нейтральных профиля.,Profile calculation. После дедупликации и разрешения critical review посчитать два нейтральных профиля.,,,,,CASA_Pro_Credit_History_Engine_Final_Spec_KZ_2026-08-21,2026-08-21,§7.1 Этапы,SRC-DOC-M03-P-00209,,,CRITICAL,MULTI_LAYER,,,,,Canonicalized from 1 candidate row(s); source text preserved in 10_SOURCE_EXTRACTS.csv.
M03-CAN-0258,m03.current_1_0.product_semantic.f4929a1a93ba7199,1.0,CURRENT_1_0,M03,Кредитная история,PRODUCT_SEMANTIC,PARSER,§7.1 Этапы,"Immutable snapshot. Сохранить входные IDs/hash, parser/reconciliation/profile versions, reviewer decisions и audit trace.","Immutable snapshot. Сохранить входные IDs/hash, parser/reconciliation/profile versions, reviewer decisions и audit trace.",,,,,CASA_Pro_Credit_History_Engine_Final_Spec_KZ_2026-08-21,2026-08-21,§7.1 Этапы,SRC-DOC-M03-P-00210,,,,DATA|PARSER,,,,,Canonicalized from 1 candidate row(s); source text preserved in 10_SOURCE_EXTRACTS.csv.
M03-CAN-0259,m03.current_1_0.data_contract.e5ce3b3f822236bf,1.0,CURRENT_1_0,M03,Кредитная история,DATA_CONTRACT,DATA_MODEL,§7.2 Поля шапки отчёта,"Поле: bureau; Тип: enum + raw; Обязательно: Да; Примечание: FCB, SCB, UNKNOWN","Поле: bureau; Тип: enum + raw; Обязательно: Да; Примечание: FCB, SCB, UNKNOWN",,,,UNKNOWN,CASA_Pro_Credit_History_Engine_Final_Spec_KZ_2026-08-21,2026-08-21,§7.2 Поля шапки отчёта,SRC-DOC-M03-P-00213,,,,DATA,,,,,Canonicalized from 1 candidate row(s); source text preserved in 10_SOURCE_EXTRACTS.csv.
M03-CAN-0260,m03.current_1_0.data_contract.67668738c4c0f4cf,1.0,CURRENT_1_0,M03,Кредитная история,DATA_CONTRACT,DATA_MODEL,§7.2 Поля шапки отчёта,Поле: report_kind; Тип: enum + raw; Обязательно: Да; Примечание: full_personal/personal/partial/unknown,Поле: report_kind; Тип: enum + raw; Обязательно: Да; Примечание: full_personal/personal/partial/unknown,,,,UNKNOWN,CASA_Pro_Credit_History_Engine_Final_Spec_KZ_2026-08-21,2026-08-21,§7.2 Поля шапки отчёта,SRC-DOC-M03-P-00214,,,,DATA,,,,,Canonicalized from 1 candidate row(s); source text preserved in 10_SOURCE_EXTRACTS.csv.
M03-CAN-0261,m03.current_1_0.data_contract.ae79e94b040dd41f,1.0,CURRENT_1_0,M03,Кредитная история,DATA_CONTRACT,DATA_MODEL,§7.2 Поля шапки отчёта,Поле: report_id; Тип: string; Обязательно: Если напечатан; Примечание: Не выдумывать,Поле: report_id; Тип: string; Обязательно: Если напечатан; Примечание: Не выдумывать,,,,,CASA_Pro_Credit_History_Engine_Final_Spec_KZ_2026-08-21,2026-08-21,§7.2 Поля шапки отчёта,SRC-DOC-M03-P-00215,,,,DATA,,,,,Canonicalized from 1 candidate row(s); source text preserved in 10_SOURCE_EXTRACTS.csv.
M03-CAN-0262,m03.current_1_0.data_contract.9a89932b4148db2a,1.0,CURRENT_1_0,M03,Кредитная история,DATA_CONTRACT,SNAPSHOT,§7.2 Поля шапки отчёта,Поле: report_generated_at; Тип: datetime; Обязательно: Да для snapshot; Примечание: Часовой пояс: explicit/assumed/unknown,Поле: report_generated_at; Тип: datetime; Обязательно: Да для snapshot; Примечание: Часовой пояс: explicit/assumed/unknown,,,,UNKNOWN,CASA_Pro_Credit_History_Engine_Final_Spec_KZ_2026-08-21,2026-08-21,§7.2 Поля шапки отчёта,SRC-DOC-M03-P-00216,,,,DATA,,,,,Canonicalized from 1 candidate row(s); source text preserved in 10_SOURCE_EXTRACTS.csv.
M03-CAN-0263,m03.current_1_0.data_contract.8cdf5e38c93af697,1.0,CURRENT_1_0,M03,Кредитная история,DATA_CONTRACT,DATA_MODEL,§7.2 Поля шапки отчёта,Поле: subject_name_raw; Тип: string; Обязательно: Да; Примечание: На UI mask; exact в защищённом хранилище,Поле: subject_name_raw; Тип: string; Обязательно: Да; Примечание: На UI mask; exact в защищённом хранилище,,,,,CASA_Pro_Credit_History_Engine_Final_Spec_KZ_2026-08-21,2026-08-21,§7.2 Поля шапки отчёта,SRC-DOC-M03-P-00217,,,,FRONTEND,,,,,Canonicalized from 1 candidate row(s); source text preserved in 10_SOURCE_EXTRACTS.csv.
M03-CAN-0264,m03.current_1_0.data_contract.1e3fef8530b1992b,1.0,CURRENT_1_0,M03,Кредитная история,DATA_CONTRACT,DATA_MODEL,§7.2 Поля шапки отчёта,Поле: subject_identifier_masked; Тип: string; Обязательно: Если есть; Примечание: Не выводить полный идентификатор в UI/log,Поле: subject_identifier_masked; Тип: string; Обязательно: Если есть; Примечание: Не выводить полный идентификатор в UI/log,,,,,CASA_Pro_Credit_History_Engine_Final_Spec_KZ_2026-08-21,2026-08-21,§7.2 Поля шапки отчёта,SRC-DOC-M03-P-00218,,,,FRONTEND,,,,,Canonicalized from 1 candidate row(s); source text preserved in 10_SOURCE_EXTRACTS.csv.
M03-CAN-0265,m03.current_1_0.data_contract.013ddb93436f5571,1.0,CURRENT_1_0,M03,Кредитная история,DATA_CONTRACT,DATA_MODEL,§7.2 Поля шапки отчёта,Поле: report_pages_declared; Тип: integer; Обязательно: Да; Примечание: Из footer/header,Поле: report_pages_declared; Тип: integer; Обязательно: Да; Примечание: Из footer/header,,,,,CASA_Pro_Credit_History_Engine_Final_Spec_KZ_2026-08-21,2026-08-21,§7.2 Поля шапки отчёта,SRC-DOC-M03-P-00219,,,,DATA,,,,,Canonicalized from 1 candidate row(s); source text preserved in 10_SOURCE_EXTRACTS.csv.
M03-CAN-0266,m03.current_1_0.product_semantic.3bca363592ea0bfa,1.0,CURRENT_1_0,M03,Кредитная история,PRODUCT_SEMANTIC,PARSER,§7.2 Поля шапки отчёта,Поле: report_pages_actual; Тип: integer; Обязательно: Да; Примечание: Из PDF parser,Поле: report_pages_actual; Тип: integer; Обязательно: Да; Примечание: Из PDF parser,,,,,CASA_Pro_Credit_History_Engine_Final_Spec_KZ_2026-08-21,2026-08-21,§7.2 Поля шапки отчёта,SRC-DOC-M03-P-00220,,,,PARSER,,,,,Canonicalized from 1 candidate row(s); source text preserved in 10_SOURCE_EXTRACTS.csv.
M03-CAN-0267,m03.current_1_0.data_contract.15ef9d7f77a5ab34,1.0,CURRENT_1_0,M03,Кредитная история,DATA_CONTRACT,DATA_MODEL,§7.2 Поля шапки отчёта,"Поле: language_codes; Тип: array; Обязательно: Да; Примечание: ru, kk, en","Поле: language_codes; Тип: array; Обязательно: Да; Примечание: ru, kk, en",,,,,CASA_Pro_Credit_History_Engine_Final_Spec_KZ_2026-08-21,2026-08-21,§7.2 Поля шапки отчёта,SRC-DOC-M03-P-00221,,,,DATA,,,,,Canonicalized from 1 candidate row(s); source text preserved in 10_SOURCE_EXTRACTS.csv.
M03-CAN-0268,m03.current_1_0.data_contract.03b514e9c2017d54,1.0,CURRENT_1_0,M03,Кредитная история,DATA_CONTRACT,DATA_MODEL,§7.2 Поля шапки отчёта,Поле: bureau_rating; Тип: object; Обязательно: Нет; Примечание: value/raw class/as_of/model label if printed,Поле: bureau_rating; Тип: object; Обязательно: Нет; Примечание: value/raw class/as_of/model label if printed,,,,,CASA_Pro_Credit_History_Engine_Final_Spec_KZ_2026-08-21,2026-08-21,§7.2 Поля шапки отчёта,SRC-DOC-M03-P-00222,,,,DATA,,,,,Canonicalized from 1 candidate row(s); source text preserved in 10_SOURCE_EXTRACTS.csv.
M03-CAN-0269,m03.current_1_0.data_contract.0e60f11b2d3a9f41,1.0,CURRENT_1_0,M03,Кредитная история,DATA_CONTRACT,DATA_MODEL,§7.2 Поля шапки отчёта,Поле: summary_facts; Тип: array; Обязательно: Нет; Примечание: Как напечатано; не заменяет CASA profiles,Поле: summary_facts; Тип: array; Обязательно: Нет; Примечание: Как напечатано; не заменяет CASA profiles,,,,,CASA_Pro_Credit_History_Engine_Final_Spec_KZ_2026-08-21,2026-08-21,§7.2 Поля шапки отчёта,SRC-DOC-M03-P-00223,,,,DATA,,,,,Canonicalized from 1 candidate row(s); source text preserved in 10_SOURCE_EXTRACTS.csv.
M03-CAN-0270,m03.current_1_0.product_semantic.d6fc5c635465b725,1.0,CURRENT_1_0,M03,Кредитная история,PRODUCT_SEMANTIC,STATE,§7.3 Поля каждого договора/source record,"Каждое поле имеет raw_value, normalized_value, presence, page, bbox, extractor, confidence, validation_status, review_status, evidence_id.","Каждое поле имеет raw_value, normalized_value, presence, page, bbox, extractor, confidence, validation_status, review_status, evidence_id.",,,,,CASA_Pro_Credit_History_Engine_Final_Spec_KZ_2026-08-21,2026-08-21,§7.3 Поля каждого договора/source record,SRC-DOC-M03-P-00225,,,,MULTI_LAYER,,,,,Canonicalized from 1 candidate row(s); source text preserved in 10_SOURCE_EXTRACTS.csv.
M03-CAN-0271,m03.current_1_0.product_semantic.6bc994675bfddfee,1.0,CURRENT_1_0,M03,Кредитная история,PRODUCT_SEMANTIC,BUSINESS_RULE,§7.4 Заявки на кредит,credit_application_event должен хранить:,credit_application_event должен хранить:,,,,,CASA_Pro_Credit_History_Engine_Final_Spec_KZ_2026-08-21,2026-08-21,§7.4 Заявки на кредит,SRC-DOC-M03-P-00270,,,,MULTI_LAYER,,,,,Canonicalized from 1 candidate row(s); source text preserved in 10_SOURCE_EXTRACTS.csv.
M03-CAN-0272,m03.current_1_0.product_semantic.b4daeb3439442a83,1.0,CURRENT_1_0,M03,Кредитная история,PRODUCT_SEMANTIC,BUSINESS_RULE,§7.4 Заявки на кредит,"source outcome raw/normalized: created, under_review, approved, withdrawn, declined_by_lender, cancelled, unknown;","source outcome raw/normalized: created, under_review, approved, withdrawn, declined_by_lender, cancelled, unknown;",,,,UNKNOWN,CASA_Pro_Credit_History_Engine_Final_Spec_KZ_2026-08-21,2026-08-21,§7.4 Заявки на кредит,SRC-DOC-M03-P-00276,,,,MULTI_LAYER,,,,,Canonicalized from 1 candidate row(s); source text preserved in 10_SOURCE_EXTRACTS.csv.
M03-CAN-0273,m03.current_1_0.product_semantic.be800d3ded8a75db,1.0,CURRENT_1_0,M03,Кредитная история,PRODUCT_SEMANTIC,BUSINESS_RULE,§7.4 Заявки на кредит,"linked contract code, only if explicit;","linked contract code, only if explicit;",,,,,CASA_Pro_Credit_History_Engine_Final_Spec_KZ_2026-08-21,2026-08-21,§7.4 Заявки на кредит,SRC-DOC-M03-P-00278,,,,MULTI_LAYER,,,,,Canonicalized from 1 candidate row(s); source text preserved in 10_SOURCE_EXTRACTS.csv.
M03-CAN-0274,m03.current_1_0.data_contract.1d7c2e29b090a82e,1.0,CURRENT_1_0,M03,Кредитная история,DATA_CONTRACT,PROVENANCE,§7.4 Заявки на кредит,page/bbox/evidence.,page/bbox/evidence.,,,,,CASA_Pro_Credit_History_Engine_Final_Spec_KZ_2026-08-21,2026-08-21,§7.4 Заявки на кредит|§7.5 Запросы кредитной истории,SRC-DOC-M03-P-00279|SRC-DOC-M03-P-00289,,,,DATA,,,,,Canonicalized from 1 candidate row(s); source text preserved in 10_SOURCE_EXTRACTS.csv.
M03-CAN-0275,m03.current_1_0.product_semantic.273c2e6146a387b2,1.0,CURRENT_1_0,M03,Кредитная история,PRODUCT_SEMANTIC,BUSINESS_RULE,§7.5 Запросы кредитной истории,credit_history_inquiry:,credit_history_inquiry:,,,,,CASA_Pro_Credit_History_Engine_Final_Spec_KZ_2026-08-21,2026-08-21,§7.5 Запросы кредитной истории,SRC-DOC-M03-P-00282,,,,MULTI_LAYER,,,,,Canonicalized from 1 candidate row(s); source text preserved in 10_SOURCE_EXTRACTS.csv.
M03-CAN-0276,m03.current_1_0.product_semantic.d8f20d63c44ec3bb,1.0,CURRENT_1_0,M03,Кредитная история,PRODUCT_SEMANTIC,BUSINESS_RULE,§7.5 Запросы кредитной истории,"inquiry_id CASA, source_row_ordinal, source unique key if printed;","inquiry_id CASA, source_row_ordinal, source unique key if printed;",,,,,CASA_Pro_Credit_History_Engine_Final_Spec_KZ_2026-08-21,2026-08-21,§7.5 Запросы кредитной истории,SRC-DOC-M03-P-00283,,,,MULTI_LAYER,,,,,Canonicalized from 1 candidate row(s); source text preserved in 10_SOURCE_EXTRACTS.csv.
M03-CAN-0277,m03.current_1_0.product_semantic.c0f58c298ab229d6,1.0,CURRENT_1_0,M03,Кредитная история,PRODUCT_SEMANTIC,BUSINESS_RULE,§7.5 Запросы кредитной истории,inquiry date/time; date precision separately;,inquiry date/time; date precision separately;,,,,,CASA_Pro_Credit_History_Engine_Final_Spec_KZ_2026-08-21,2026-08-21,§7.5 Запросы кредитной истории,SRC-DOC-M03-P-00286,,,,MULTI_LAYER,,,,,Canonicalized from 1 candidate row(s); source text preserved in 10_SOURCE_EXTRACTS.csv.
M03-CAN-0278,m03.current_1_0.product_semantic.8c8d803ba0ccab94,1.0,CURRENT_1_0,M03,Кредитная история,PRODUCT_SEMANTIC,BUSINESS_RULE,§7.5 Запросы кредитной истории,inquiry_purpose if printed;,inquiry_purpose if printed;,,,,,CASA_Pro_Credit_History_Engine_Final_Spec_KZ_2026-08-21,2026-08-21,§7.5 Запросы кредитной истории,SRC-DOC-M03-P-00287,,,,MULTI_LAYER,,,,,Canonicalized from 1 candidate row(s); source text preserved in 10_SOURCE_EXTRACTS.csv.
M03-CAN-0279,m03.current_1_0.product_semantic.9438aa9040ecfa10,1.0,CURRENT_1_0,M03,Кредитная история,PRODUCT_SEMANTIC,BUSINESS_RULE,§7.5 Запросы кредитной истории,"inquiry_class: CREDITOR, SELF_REPORT, GOVERNMENT_SERVICE, OTHER, UNKNOWN;","inquiry_class: CREDITOR, SELF_REPORT, GOVERNMENT_SERVICE, OTHER, UNKNOWN;",,,,UNKNOWN,CASA_Pro_Credit_History_Engine_Final_Spec_KZ_2026-08-21,2026-08-21,§7.5 Запросы кредитной истории,SRC-DOC-M03-P-00288,,,,BACKEND,,,,,Canonicalized from 1 candidate row(s); source text preserved in 10_SOURCE_EXTRACTS.csv.
M03-CAN-0280,m03.current_1_0.product_semantic.878e4255ce1ff7a5,1.0,CURRENT_1_0,M03,Кредитная история,PRODUCT_SEMANTIC,BUSINESS_RULE,§7.5 Запросы кредитной истории,Класс SELF_REPORT в regression-fixture определяется по типу «Персональный кредитный отчёт»/«Полный персональный кредитный отчёт». Неизвестный тип не считается creditor inquiry по умолчанию.,Класс SELF_REPORT в regression-fixture определяется по типу «Персональный кредитный отчёт»/«Полный персональный кредитный отчёт». Неизвестный тип не считается creditor inquiry по умолчанию.,,,,,CASA_Pro_Credit_History_Engine_Final_Spec_KZ_2026-08-21,2026-08-21,§7.5 Запросы кредитной истории,SRC-DOC-M03-P-00290,,,,QA,,,,,Canonicalized from 1 candidate row(s); source text preserved in 10_SOURCE_EXTRACTS.csv.
M03-CAN-0281,m03.current_1_0.product_semantic.630a477c6ec9d569,1.0,CURRENT_1_0,M03,Кредитная история,PRODUCT_SEMANTIC,BUSINESS_RULE,§8.1 Сущности,Сущность: credit_report_document; Назначение: Логический отчёт в деле; Ключевой инвариант: Не хранит mutable extraction,Сущность: credit_report_document; Назначение: Логический отчёт в деле; Ключевой инвариант: Не хранит mutable extraction,,,,,CASA_Pro_Credit_History_Engine_Final_Spec_KZ_2026-08-21,2026-08-21,§8.1 Сущности,SRC-DOC-M03-P-00294,,,,MULTI_LAYER,,,,,Canonicalized from 1 candidate row(s); source text preserved in 10_SOURCE_EXTRACTS.csv.
M03-CAN-0282,m03.current_1_0.data_contract.cfbd1e881840ec5d,1.0,CURRENT_1_0,M03,Кредитная история,DATA_CONTRACT,SNAPSHOT,§8.1 Сущности,"Сущность: credit_report_document_version; Назначение: Immutable байты, hash, metadata, статусы; Ключевой инвариант: Версия всегда привязана к case/participant; SHA-256 даёт duplicate signal, но не склеивает дела","Сущность: credit_report_document_version; Назначение: Immutable байты, hash, metadata, статусы; Ключевой инвариант: Версия всегда привязана к case/participant; SHA-256 даёт duplicate signal, но не склеивает дела",,,,,CASA_Pro_Credit_History_Engine_Final_Spec_KZ_2026-08-21,2026-08-21,§8.1 Сущности,SRC-DOC-M03-P-00295,,,,DATA,,,,,Canonicalized from 1 candidate row(s); source text preserved in 10_SOURCE_EXTRACTS.csv.
M03-CAN-0283,m03.current_1_0.product_semantic.cf457dfa19a25fc3,1.0,CURRENT_1_0,M03,Кредитная история,PRODUCT_SEMANTIC,PARSER,§8.1 Сущности,"Сущность: credit_report_page; Назначение: Страница, page role, text/OCR coverage, footer number; Ключевой инвариант: Непрерывная нумерация проверяется","Сущность: credit_report_page; Назначение: Страница, page role, text/OCR coverage, footer number; Ключевой инвариант: Непрерывная нумерация проверяется",,,,,CASA_Pro_Credit_History_Engine_Final_Spec_KZ_2026-08-21,2026-08-21,§8.1 Сущности,SRC-DOC-M03-P-00296,,,,PARSER,,,,,Canonicalized from 1 candidate row(s); source text preserved in 10_SOURCE_EXTRACTS.csv.
M03-CAN-0284,m03.current_1_0.product_semantic.d5882389564c7dd3,1.0,CURRENT_1_0,M03,Кредитная история,PRODUCT_SEMANTIC,PARSER,§8.1 Сущности,Сущность: credit_report_parse_run; Назначение: Запуск parser/OCR с версиями и метриками; Ключевой инвариант: Два run не перезаписываются,Сущность: credit_report_parse_run; Назначение: Запуск parser/OCR с версиями и метриками; Ключевой инвариант: Два run не перезаписываются,,,,,CASA_Pro_Credit_History_Engine_Final_Spec_KZ_2026-08-21,2026-08-21,§8.1 Сущности,SRC-DOC-M03-P-00297,,,,PARSER,,,,,Canonicalized from 1 candidate row(s); source text preserved in 10_SOURCE_EXTRACTS.csv.
M03-CAN-0285,m03.current_1_0.data_contract.ba43f5b056f8dc7c,1.0,CURRENT_1_0,M03,Кредитная история,DATA_CONTRACT,PROVENANCE,§8.1 Сущности,Сущность: credit_report_evidence; Назначение: Ссылка на page+bbox+render crop+text span+hash; Ключевой инвариант: Любой факт имеет evidence,Сущность: credit_report_evidence; Назначение: Ссылка на page+bbox+render crop+text span+hash; Ключевой инвариант: Любой факт имеет evidence,,,,,CASA_Pro_Credit_History_Engine_Final_Spec_KZ_2026-08-21,2026-08-21,§8.1 Сущности,SRC-DOC-M03-P-00298,,,,DATA,,,,,Canonicalized from 1 candidate row(s); source text preserved in 10_SOURCE_EXTRACTS.csv.
M03-CAN-0286,m03.current_1_0.data_contract.16c182ce87969235,1.0,CURRENT_1_0,M03,Кредитная история,DATA_CONTRACT,DATA_MODEL,§8.1 Сущности,Сущность: credit_report_extracted_field; Назначение: Raw/normalized/presence/confidence/validation/review; Ключевой инвариант: Исправление создаёт новую revision,Сущность: credit_report_extracted_field; Назначение: Raw/normalized/presence/confidence/validation/review; Ключевой инвариант: Исправление создаёт новую revision,,,,,CASA_Pro_Credit_History_Engine_Final_Spec_KZ_2026-08-21,2026-08-21,§8.1 Сущности,SRC-DOC-M03-P-00299,,,,DATA,,,,,Canonicalized from 1 candidate row(s); source text preserved in 10_SOURCE_EXTRACTS.csv.
M03-CAN-0287,m03.current_1_0.product_semantic.e4adc5f086b2a694,1.0,CURRENT_1_0,M03,Кредитная история,PRODUCT_SEMANTIC,CALCULATION,§8.1 Сущности,Сущность: credit_report_summary_fact; Назначение: Напечатанные итоги/ПКР; Ключевой инвариант: Не CASA calculation,Сущность: credit_report_summary_fact; Назначение: Напечатанные итоги/ПКР; Ключевой инвариант: Не CASA calculation,,,,,CASA_Pro_Credit_History_Engine_Final_Spec_KZ_2026-08-21,2026-08-21,§8.1 Сущности,SRC-DOC-M03-P-00300,,,,MULTI_LAYER,,,,,Canonicalized from 1 candidate row(s); source text preserved in 10_SOURCE_EXTRACTS.csv.
M03-CAN-0288,m03.current_1_0.product_semantic.58d9792848d5a6e3,1.0,CURRENT_1_0,M03,Кредитная история,PRODUCT_SEMANTIC,BUSINESS_RULE,§8.1 Сущности,Сущность: credit_report_contract_record; Назначение: Один напечатанный блок договора; Ключевой инвариант: Никогда не удаляется после dedup,Сущность: credit_report_contract_record; Назначение: Один напечатанный блок договора; Ключевой инвариант: Никогда не удаляется после dedup,,,,,CASA_Pro_Credit_History_Engine_Final_Spec_KZ_2026-08-21,2026-08-21,§8.1 Сущности,SRC-DOC-M03-P-00301,,,,MULTI_LAYER,,,,,Canonicalized from 1 candidate row(s); source text preserved in 10_SOURCE_EXTRACTS.csv.
M03-CAN-0289,m03.current_1_0.product_semantic.aed001b24da9a35f,1.0,CURRENT_1_0,M03,Кредитная история,PRODUCT_SEMANTIC,BUSINESS_RULE,§8.1 Сущности,Сущность: credit_report_balance_component; Назначение: Компонент баланса: current/overdue/written_off/forgiven; Ключевой инвариант: Ключ type+as_of+currency,Сущность: credit_report_balance_component; Назначение: Компонент баланса: current/overdue/written_off/forgiven; Ключевой инвариант: Ключ type+as_of+currency,,,,,CASA_Pro_Credit_History_Engine_Final_Spec_KZ_2026-08-21,2026-08-21,§8.1 Сущности,SRC-DOC-M03-P-00302,,,,MULTI_LAYER,,,,,Canonicalized from 1 candidate row(s); source text preserved in 10_SOURCE_EXTRACTS.csv.
M03-CAN-0290,m03.current_1_0.product_semantic.cdb13400fc971c10,1.0,CURRENT_1_0,M03,Кредитная история,PRODUCT_SEMANTIC,BUSINESS_RULE,§8.1 Сущности,"Сущность: credit_report_delinquency_observation; Назначение: Current, lifetime max или monthly наблюдение; Ключевой инвариант: observation_kind обязателен","Сущность: credit_report_delinquency_observation; Назначение: Current, lifetime max или monthly наблюдение; Ключевой инвариант: observation_kind обязателен",,,,,CASA_Pro_Credit_History_Engine_Final_Spec_KZ_2026-08-21,2026-08-21,§8.1 Сущности,SRC-DOC-M03-P-00303,,,,MULTI_LAYER,,,,,Canonicalized from 1 candidate row(s); source text preserved in 10_SOURCE_EXTRACTS.csv.
M03-CAN-0291,m03.current_1_0.product_semantic.d428d092533a2cf9,1.0,CURRENT_1_0,M03,Кредитная история,PRODUCT_SEMANTIC,BUSINESS_RULE,§8.1 Сущности,Сущность: credit_application / credit_application_event; Назначение: Заявка и её события; Ключевой инвариант: Разные source IDs не сливаются,Сущность: credit_application / credit_application_event; Назначение: Заявка и её события; Ключевой инвариант: Разные source IDs не сливаются,,,,,CASA_Pro_Credit_History_Engine_Final_Spec_KZ_2026-08-21,2026-08-21,§8.1 Сущности,SRC-DOC-M03-P-00304,,,,MULTI_LAYER,,,,,Canonicalized from 1 candidate row(s); source text preserved in 10_SOURCE_EXTRACTS.csv.
M03-CAN-0292,m03.current_1_0.product_semantic.a5e4befb91f40fc2,1.0,CURRENT_1_0,M03,Кредитная история,PRODUCT_SEMANTIC,BUSINESS_RULE,§8.1 Сущности,Сущность: credit_history_inquiry; Назначение: Один запрос отчёта; Ключевой инвариант: Самозапрос и creditor inquiry разделены,Сущность: credit_history_inquiry; Назначение: Один запрос отчёта; Ключевой инвариант: Самозапрос и creditor inquiry разделены,,,,,CASA_Pro_Credit_History_Engine_Final_Spec_KZ_2026-08-21,2026-08-21,§8.1 Сущности,SRC-DOC-M03-P-00305,,,,MULTI_LAYER,,,,,Canonicalized from 1 candidate row(s); source text preserved in 10_SOURCE_EXTRACTS.csv.
M03-CAN-0293,m03.current_1_0.boundary.42cc9c186fb479e2,1.0,CURRENT_1_0,M03,Кредитная история,BOUNDARY,FUTURE_BOUNDARY,§8.1 Сущности,Сущность: credit_report_embedded_external_fact; Назначение: Госсведение внутри ПКО; Ключевой инвариант: Не входит в credit metrics,Сущность: credit_report_embedded_external_fact; Назначение: Госсведение внутри ПКО; Ключевой инвариант: Не входит в credit metrics,,,,,CASA_Pro_Credit_History_Engine_Final_Spec_KZ_2026-08-21,2026-08-21,§8.1 Сущности,SRC-DOC-M03-P-00306,,,,MULTI_LAYER,,,,,Canonicalized from 1 candidate row(s); source text preserved in 10_SOURCE_EXTRACTS.csv.
M03-CAN-0294,m03.current_1_0.product_semantic.8cdc6c118881b8b4,1.0,CURRENT_1_0,M03,Кредитная история,PRODUCT_SEMANTIC,BUSINESS_RULE,§8.1 Сущности,"Сущность: credit_obligation_lineage; Назначение: Каноническая экономическая линия долга; Ключевой инвариант: Текущий долг считается здесь, не по source rows","Сущность: credit_obligation_lineage; Назначение: Каноническая экономическая линия долга; Ключевой инвариант: Текущий долг считается здесь, не по source rows",,,,,CASA_Pro_Credit_History_Engine_Final_Spec_KZ_2026-08-21,2026-08-21,§8.1 Сущности,SRC-DOC-M03-P-00307,,,,MULTI_LAYER,,,,,Canonicalized from 1 candidate row(s); source text preserved in 10_SOURCE_EXTRACTS.csv.
M03-CAN-0295,m03.current_1_0.product_semantic.6faed6a0aa1fdcc3,1.0,CURRENT_1_0,M03,Кредитная история,PRODUCT_SEMANTIC,BUSINESS_RULE,§8.1 Сущности,"Сущность: credit_obligation_record_link; Назначение: Решение merge/split с основанием; Ключевой инвариант: Обратимо, версионно, аудируемо","Сущность: credit_obligation_record_link; Назначение: Решение merge/split с основанием; Ключевой инвариант: Обратимо, версионно, аудируемо",,,,,CASA_Pro_Credit_History_Engine_Final_Spec_KZ_2026-08-21,2026-08-21,§8.1 Сущности,SRC-DOC-M03-P-00308,,,,MULTI_LAYER,,,,,Canonicalized from 1 candidate row(s); source text preserved in 10_SOURCE_EXTRACTS.csv.
M03-CAN-0296,m03.current_1_0.data_contract.14464284c2cb5782,1.0,CURRENT_1_0,M03,Кредитная история,DATA_CONTRACT,DATA_MODEL,§8.1 Сущности,Сущность: credit_history_review_task; Назначение: Аномалия/поле/дедуп для человека; Ключевой инвариант: Закрывается actor+reason+before/after,Сущность: credit_history_review_task; Назначение: Аномалия/поле/дедуп для человека; Ключевой инвариант: Закрывается actor+reason+before/after,,,,,CASA_Pro_Credit_History_Engine_Final_Spec_KZ_2026-08-21,2026-08-21,§8.1 Сущности,SRC-DOC-M03-P-00309,,,,DATA,,,,,Canonicalized from 1 candidate row(s); source text preserved in 10_SOURCE_EXTRACTS.csv.
M03-CAN-0297,m03.current_1_0.data_contract.d1e24be2bd147c76,1.0,CURRENT_1_0,M03,Кредитная история,DATA_CONTRACT,SNAPSHOT,§8.1 Сущности,Сущность: credit_report_reconciliation_check; Назначение: Одна проверка итогов; Ключевой инвариант: Все critical checks PASS/WAIVED до verified snapshot,Сущность: credit_report_reconciliation_check; Назначение: Одна проверка итогов; Ключевой инвариант: Все critical checks PASS/WAIVED до verified snapshot,,,,VERIFIED,CASA_Pro_Credit_History_Engine_Final_Spec_KZ_2026-08-21,2026-08-21,§8.1 Сущности,SRC-DOC-M03-P-00310,,,CRITICAL,DATA,,,,,Canonicalized from 1 candidate row(s); source text preserved in 10_SOURCE_EXTRACTS.csv.
M03-CAN-0298,m03.current_1_0.data_contract.bc91c3f591c8757a,1.0,CURRENT_1_0,M03,Кредитная история,DATA_CONTRACT,SNAPSHOT,§8.1 Сущности,Сущность: credit_report_profile_snapshot; Назначение: Immutable current/historical profiles; Ключевой инвариант: Ссылка на exact document/parse/review/profile versions,Сущность: credit_report_profile_snapshot; Назначение: Immutable current/historical profiles; Ключевой инвариант: Ссылка на exact document/parse/review/profile versions,,,,,CASA_Pro_Credit_History_Engine_Final_Spec_KZ_2026-08-21,2026-08-21,§8.1 Сущности,SRC-DOC-M03-P-00311,,,,DATA,,,,,Canonicalized from 1 candidate row(s); source text preserved in 10_SOURCE_EXTRACTS.csv.
M03-CAN-0299,m03.current_1_0.data_contract.a3e996f70f4f8a75,1.0,CURRENT_1_0,M03,Кредитная история,DATA_CONTRACT,DATA_MODEL,§8.2 Кардинальность и общие поля,"parse run 1→N pages, fields, source records, applications, inquiries, embedded facts;","parse run 1→N pages, fields, source records, applications, inquiries, embedded facts;",,,,,CASA_Pro_Credit_History_Engine_Final_Spec_KZ_2026-08-21,2026-08-21,§8.2 Кардинальность и общие поля,SRC-DOC-M03-P-00314,,,,DATA,,,,,Canonicalized from 1 candidate row(s); source text preserved in 10_SOURCE_EXTRACTS.csv.
M03-CAN-0300,m03.current_1_0.data_contract.31cd1faffe89a42f,1.0,CURRENT_1_0,M03,Кредитная история,DATA_CONTRACT,SNAPSHOT,§8.2 Кардинальность и общие поля,source record N↔N lineages через versioned links; в одном published snapshot каждый record входит не более чем в один active lineage;,source record N↔N lineages через versioned links; в одном published snapshot каждый record входит не более чем в один active lineage;,,,,,CASA_Pro_Credit_History_Engine_Final_Spec_KZ_2026-08-21,2026-08-21,§8.2 Кардинальность и общие поля,SRC-DOC-M03-P-00315,,,,DATA,,,,,Canonicalized from 1 candidate row(s); source text preserved in 10_SOURCE_EXTRACTS.csv.
M03-CAN-0301,m03.current_1_0.data_contract.63f10242accc957a,1.0,CURRENT_1_0,M03,Кредитная история,DATA_CONTRACT,SNAPSHOT,§8.2 Кардинальность и общие поля,document version 1→N profile snapshots; один current snapshot на participant/case/report timestamp.,document version 1→N profile snapshots; один current snapshot на participant/case/report timestamp.,,,,,CASA_Pro_Credit_History_Engine_Final_Spec_KZ_2026-08-21,2026-08-21,§8.2 Кардинальность и общие поля,SRC-DOC-M03-P-00317,,,,DATA,,,,,Canonicalized from 1 candidate row(s); source text preserved in 10_SOURCE_EXTRACTS.csv.
M03-CAN-0302,m03.current_1_0.security_control.268a67f0c646db1c,1.0,CURRENT_1_0,M03,Кредитная история,SECURITY_CONTROL,SECURITY,§8.2 Кардинальность и общие поля,"Все tenant-owned сущности имеют id, tenant_id, case_id, participant_id, created_at, created_by, version, data_classification, retention_policy_id, legal_hold, row_hash. Доменные записи имеют source_document_version_id, parse_run_id, evidence_ids[], source_raw, normalizer_version, review_status.","Все tenant-owned сущности имеют id, tenant_id, case_id, participant_id, created_at, created_by, version, data_classification, retention_policy_id, legal_hold, row_hash. Доменные записи имеют source_document_version_id, parse_run_id, evidence_ids[], source_raw, normalizer_version, review_status.",,,,,CASA_Pro_Credit_History_Engine_Final_Spec_KZ_2026-08-21,2026-08-21,§8.2 Кардинальность и общие поля,SRC-DOC-M03-P-00318,,,,DATA|SECURITY|LEGAL,,,,,Canonicalized from 1 candidate row(s); source text preserved in 10_SOURCE_EXTRACTS.csv.
M03-CAN-0303,m03.current_1_0.product_semantic.225785ca22845b6c,1.0,CURRENT_1_0,M03,Кредитная история,PRODUCT_SEMANTIC,BUSINESS_RULE,§8.3 Таксономии,"Product: LOAN, MICROLOAN, CREDIT_CARD, CREDIT_LINE, INSTALLMENT, MORTGAGE, OVERDRAFT, GUARANTEE, SURETY, OTHER, UNKNOWN.","Product: LOAN, MICROLOAN, CREDIT_CARD, CREDIT_LINE, INSTALLMENT, MORTGAGE, OVERDRAFT, GUARANTEE, SURETY, OTHER, UNKNOWN.",,,,UNKNOWN,CASA_Pro_Credit_History_Engine_Final_Spec_KZ_2026-08-21,2026-08-21,§8.3 Таксономии,SRC-DOC-M03-P-00320,,,,PRODUCT,,,,,Canonicalized from 1 candidate row(s); source text preserved in 10_SOURCE_EXTRACTS.csv.
M03-CAN-0304,m03.current_1_0.product_semantic.31cdf1598d10eab0,1.0,CURRENT_1_0,M03,Кредитная история,PRODUCT_SEMANTIC,BUSINESS_RULE,§8.3 Таксономии,"Creditor/source: BANK, MFO, CREDIT_PARTNERSHIP, PAWNSHOP, COLLECTOR, RETAILER, TELECOM_OR_UTILITY, GOVERNMENT, OTHER, UNKNOWN.","Creditor/source: BANK, MFO, CREDIT_PARTNERSHIP, PAWNSHOP, COLLECTOR, RETAILER, TELECOM_OR_UTILITY, GOVERNMENT, OTHER, UNKNOWN.",,,,UNKNOWN,CASA_Pro_Credit_History_Engine_Final_Spec_KZ_2026-08-21,2026-08-21,§8.3 Таксономии,SRC-DOC-M03-P-00321,,,,MULTI_LAYER,,,,,Canonicalized from 1 candidate row(s); source text preserved in 10_SOURCE_EXTRACTS.csv.
M03-CAN-0305,m03.current_1_0.product_semantic.b2d7b324d8d24dcd,1.0,CURRENT_1_0,M03,Кредитная история,PRODUCT_SEMANTIC,BUSINESS_RULE,§8.3 Таксономии,"Subject role: BORROWER, CO_BORROWER, JOINT_BORROWER, GUARANTOR, SURETY_PROVIDER, PLEDGOR, OTHER, UNKNOWN. joint_liability_flag и payment_responsibility_reported хранятся отдельно; CASA не выводит их из названия роли.","Subject role: BORROWER, CO_BORROWER, JOINT_BORROWER, GUARANTOR, SURETY_PROVIDER, PLEDGOR, OTHER, UNKNOWN. joint_liability_flag и payment_responsibility_reported хранятся отдельно; CASA не выводит их из названия роли.",,,,UNKNOWN,CASA_Pro_Credit_History_Engine_Final_Spec_KZ_2026-08-21,2026-08-21,§8.3 Таксономии,SRC-DOC-M03-P-00322,,,,MULTI_LAYER,,,,,Canonicalized from 1 candidate row(s); source text preserved in 10_SOURCE_EXTRACTS.csv.
M03-CAN-0306,m03.current_1_0.product_semantic.cce9f0b5beae34aa,1.0,CURRENT_1_0,M03,Кредитная история,PRODUCT_SEMANTIC,BUSINESS_RULE,§8.3 Таксономии,"Phase: ACTIVE, CLOSED, CLOSED_EARLY, ASSIGNED_OUT, RECALLED, UNKNOWN. RESTRUCTURED, REFINANCED, REHABILITATED, WRITTEN_OFF, FORGIVEN — события/факты, не phase.","Phase: ACTIVE, CLOSED, CLOSED_EARLY, ASSIGNED_OUT, RECALLED, UNKNOWN. RESTRUCTURED, REFINANCED, REHABILITATED, WRITTEN_OFF, FORGIVEN — события/факты, не phase.",,,,UNKNOWN,CASA_Pro_Credit_History_Engine_Final_Spec_KZ_2026-08-21,2026-08-21,§8.3 Таксономии,SRC-DOC-M03-P-00323,,,,MULTI_LAYER,,,,,Canonicalized from 1 candidate row(s); source text preserved in 10_SOURCE_EXTRACTS.csv.
M03-CAN-0307,m03.current_1_0.product_semantic.c54a04522efd69f7,1.0,CURRENT_1_0,M03,Кредитная история,PRODUCT_SEMANTIC,BUSINESS_RULE,§8.3 Таксономии,"Presence: PRESENT, EXPLICIT_ZERO, BLANK, NOT_APPLICABLE, UNREADABLE, NOT_IN_TEMPLATE, UNKNOWN. Только PRESENT и EXPLICIT_ZERO участвуют в арифметике без особого решения.","Presence: PRESENT, EXPLICIT_ZERO, BLANK, NOT_APPLICABLE, UNREADABLE, NOT_IN_TEMPLATE, UNKNOWN. Только PRESENT и EXPLICIT_ZERO участвуют в арифметике без особого решения.",,,,BLANK|NOT_APPLICABLE|UNKNOWN,CASA_Pro_Credit_History_Engine_Final_Spec_KZ_2026-08-21,2026-08-21,§8.3 Таксономии,SRC-DOC-M03-P-00324,,,,MULTI_LAYER,,,,,Canonicalized from 1 candidate row(s); source text preserved in 10_SOURCE_EXTRACTS.csv.
M03-CAN-0308,m03.current_1_0.product_semantic.cb07969ab367fe95,1.0,CURRENT_1_0,M03,Кредитная история,PRODUCT_SEMANTIC,STATE,§9.1 Цель и уровни совпадения,"Дедупликация не удаляет записи ПКО. Она связывает source records, описывающие одну экономическую линию. В current debt входит одно актуальное состояние lineage; история всех узлов сохраняется.","Дедупликация не удаляет записи ПКО. Она связывает source records, описывающие одну экономическую линию. В current debt входит одно актуальное состояние lineage; история всех узлов сохраняется.",,,,,CASA_Pro_Credit_History_Engine_Final_Spec_KZ_2026-08-21,2026-08-21,§9.1 Цель и уровни совпадения,SRC-DOC-M03-P-00327,,,,MULTI_LAYER,,,,,Canonicalized from 1 candidate row(s); source text preserved in 10_SOURCE_EXTRACTS.csv.
M03-CAN-0309,m03.current_1_0.product_semantic.555d76b81389b54f,1.0,CURRENT_1_0,M03,Кредитная история,PRODUCT_SEMANTIC,PARSER,§9.1 Цель и уровни совпадения,"Уровень: A. Exact record duplicate; Условие: Один version, record hash/page/block; parser создал две копии; Действие: Убрать parser duplicate, сохранить warning","Уровень: A. Exact record duplicate; Условие: Один version, record hash/page/block; parser создал две копии; Действие: Убрать parser duplicate, сохранить warning",,,,,CASA_Pro_Credit_History_Engine_Final_Spec_KZ_2026-08-21,2026-08-21,§9.1 Цель и уровни совпадения,SRC-DOC-M03-P-00329,,,,PARSER,,,,,Canonicalized from 1 candidate row(s); source text preserved in 10_SOURCE_EXTRACTS.csv.
M03-CAN-0310,m03.current_1_0.data_contract.129b91d44414a381,1.0,CURRENT_1_0,M03,Кредитная история,DATA_CONTRACT,PROVENANCE,§9.1 Цель и уровни совпадения,Уровень: B. Deterministic lineage; Условие: Явная таблица related contracts/assignment + matching IDs; Действие: Auto-link с reason/evidence/version,Уровень: B. Deterministic lineage; Условие: Явная таблица related contracts/assignment + matching IDs; Действие: Auto-link с reason/evidence/version,,,,,CASA_Pro_Credit_History_Engine_Final_Spec_KZ_2026-08-21,2026-08-21,§9.1 Цель и уровни совпадения,SRC-DOC-M03-P-00330,,,,DATA,,,,,Canonicalized from 1 candidate row(s); source text preserved in 10_SOURCE_EXTRACTS.csv.
M03-CAN-0311,m03.current_1_0.data_contract.b018a2590125c451,1.0,CURRENT_1_0,M03,Кредитная история,DATA_CONTRACT,PROVENANCE,§9.1 Цель и уровни совпадения,"Уровень: C. Strong candidate; Условие: Совпадают subject, exact code/number, origin creditor/date/amount; есть phase/assignee evidence; Действие: MANUAL_REVIEW; auto-link только после калибровки","Уровень: C. Strong candidate; Условие: Совпадают subject, exact code/number, origin creditor/date/amount; есть phase/assignee evidence; Действие: MANUAL_REVIEW; auto-link только после калибровки",,,,,CASA_Pro_Credit_History_Engine_Final_Spec_KZ_2026-08-21,2026-08-21,§9.1 Цель и уровни совпадения,SRC-DOC-M03-P-00331,,,,DATA,,,,,Canonicalized from 1 candidate row(s); source text preserved in 10_SOURCE_EXTRACTS.csv.
M03-CAN-0312,m03.current_1_0.product_semantic.e0e9846d57514093,1.0,CURRENT_1_0,M03,Кредитная история,PRODUCT_SEMANTIC,BUSINESS_RULE,§9.1 Цель и уровни совпадения,Уровень: D. Fuzzy similarity; Условие: Одинаковые кредитор/сумма/дата/тип без explicit IDs; Действие: Не merge; можно показать candidate,Уровень: D. Fuzzy similarity; Условие: Одинаковые кредитор/сумма/дата/тип без explicit IDs; Действие: Не merge; можно показать candidate,,,,,CASA_Pro_Credit_History_Engine_Final_Spec_KZ_2026-08-21,2026-08-21,§9.1 Цель и уровни совпадения,SRC-DOC-M03-P-00332,,,,MULTI_LAYER,,,,,Canonicalized from 1 candidate row(s); source text preserved in 10_SOURCE_EXTRACTS.csv.
M03-CAN-0313,m03.current_1_0.product_semantic.090c237e7b1c14cd,1.0,CURRENT_1_0,M03,Кредитная история,PRODUCT_SEMANTIC,BUSINESS_RULE,§9.2 Ключи и ограничения,Сильный source key: bureau + subject + contract_code/agreement_number + creditor_bin + contract_start_date. Пропущенную часть не додумывать.,Сильный source key: bureau + subject + contract_code/agreement_number + creditor_bin + contract_start_date. Пропущенную часть не додумывать.,,,,,CASA_Pro_Credit_History_Engine_Final_Spec_KZ_2026-08-21,2026-08-21,§9.2 Ключи и ограничения,SRC-DOC-M03-P-00334,,,,MULTI_LAYER,,,,,Canonicalized from 1 candidate row(s); source text preserved in 10_SOURCE_EXTRACTS.csv.
M03-CAN-0314,m03.current_1_0.product_semantic.570b2890bb1b8389,1.0,CURRENT_1_0,M03,Кредитная история,PRODUCT_SEMANTIC,BUSINESS_RULE,§9.2 Ключи и ограничения,Между разными кредиторами exact code недостаточен; нужен explicit assignment/related-contract/assignee fact или manual confirmation.,Между разными кредиторами exact code недостаточен; нужен explicit assignment/related-contract/assignee fact или manual confirmation.,,,,,CASA_Pro_Credit_History_Engine_Final_Spec_KZ_2026-08-21,2026-08-21,§9.2 Ключи и ограничения,SRC-DOC-M03-P-00335,,,,MULTI_LAYER,,,,,Canonicalized from 1 candidate row(s); source text preserved in 10_SOURCE_EXTRACTS.csv.
M03-CAN-0315,m03.current_1_0.product_semantic.857a5dd2d8914d1a,1.0,CURRENT_1_0,M03,Кредитная история,PRODUCT_SEMANTIC,BUSINESS_RULE,§9.2 Ключи и ограничения,Facility и child drawdowns хранятся отдельно с parent_facility_id. Неясная агрегация → MANUAL_REVIEW и блок current total.,Facility и child drawdowns хранятся отдельно с parent_facility_id. Неясная агрегация → MANUAL_REVIEW и блок current total.,,,,,CASA_Pro_Credit_History_Engine_Final_Spec_KZ_2026-08-21,2026-08-21,§9.2 Ключи и ограничения,SRC-DOC-M03-P-00337,,,,MULTI_LAYER,,,,,Canonicalized from 1 candidate row(s); source text preserved in 10_SOURCE_EXTRACTS.csv.
M03-CAN-0316,m03.current_1_0.product_semantic.5854c3dc3ae70c2c,1.0,CURRENT_1_0,M03,Кредитная история,PRODUCT_SEMANTIC,BUSINESS_RULE,§9.2 Ключи и ограничения,Новый договор при реструктуризации/рефинансировании не merge без explicit link. При связи два legal contracts остаются двумя nodes одного lineage.,Новый договор при реструктуризации/рефинансировании не merge без explicit link. При связи два legal contracts остаются двумя nodes одного lineage.,,,,,CASA_Pro_Credit_History_Engine_Final_Spec_KZ_2026-08-21,2026-08-21,§9.2 Ключи и ограничения,SRC-DOC-M03-P-00338,,,,LEGAL,,,,,Canonicalized from 1 candidate row(s); source text preserved in 10_SOURCE_EXTRACTS.csv.
M03-CAN-0317,m03.current_1_0.product_semantic.6fe37a32618ef00b,1.0,CURRENT_1_0,M03,Кредитная история,PRODUCT_SEMANTIC,BUSINESS_RULE,§9.3 Выбор current node,Два latest active nodes с противоречием → AMBIGUOUS_CURRENT_NODE; aggregate не публикуется.,Два latest active nodes с противоречием → AMBIGUOUS_CURRENT_NODE; aggregate не публикуется.,,,,,CASA_Pro_Credit_History_Engine_Final_Spec_KZ_2026-08-21,2026-08-21,§9.3 Выбор current node,SRC-DOC-M03-P-00345,,,,QA,,,,,Canonicalized from 1 candidate row(s); source text preserved in 10_SOURCE_EXTRACTS.csv.
M03-CAN-0318,m03.current_1_0.product_semantic.2546a61717c07219,1.0,CURRENT_1_0,M03,Кредитная история,PRODUCT_SEMANTIC,VALIDATION,§9.3 Выбор current node,Historical DPD lineage = max validated nodes; все source values сохраняются.,Historical DPD lineage = max validated nodes; все source values сохраняются.,,,,,CASA_Pro_Credit_History_Engine_Final_Spec_KZ_2026-08-21,2026-08-21,§9.3 Выбор current node,SRC-DOC-M03-P-00346,,,,MULTI_LAYER,,,,,Canonicalized from 1 candidate row(s); source text preserved in 10_SOURCE_EXTRACTS.csv.
M03-CAN-0319,m03.current_1_0.security_control.09222883486f5e67,1.0,CURRENT_1_0,M03,Кредитная история,SECURITY_CONTROL,AUDIT,§9.4 Аудит merge,"credit_obligation_record_link хранит decision (MERGE, KEEP_SEPARATE, SPLIT, PENDING), rule_code/version, evidence_ids[], compared keys, chain direction, technical confidence, decided_by/at, reason, supersedes_link_id, before/after membership hashes. Риелтор может отменить auto-merge только с причиной; профили пересчитываются в новой версии.","credit_obligation_record_link хранит decision (MERGE, KEEP_SEPARATE, SPLIT, PENDING), rule_code/version, evidence_ids[], compared keys, chain direction, technical confidence, decided_by/at, reason, supersedes_link_id, before/after membership hashes. Риелтор может отменить auto-merge только с причиной; профили пересчитываются в новой версии.",,,,,CASA_Pro_Credit_History_Engine_Final_Spec_KZ_2026-08-21,2026-08-21,§9.4 Аудит merge,SRC-DOC-M03-P-00348,,,,MULTI_LAYER,,,,,Canonicalized from 1 candidate row(s); source text preserved in 10_SOURCE_EXTRACTS.csv.
M03-CAN-0320,m03.current_1_0.product_semantic.9294a0216a981c42,1.0,CURRENT_1_0,M03,Кредитная история,PRODUCT_SEMANTIC,STATE,Государственные сведения внутри ПКО,"Коды/статусы из госистем на стр. 2 хранятся как embedded_external_fact с точным source code, raw status, датой получения бюро и ссылкой на страницу. Они:","Коды/статусы из госистем на стр. 2 хранятся как embedded_external_fact с точным source code, raw status, датой получения бюро и ссылкой на страницу. Они:",,,,,CASA_Pro_Credit_History_Engine_Final_Spec_KZ_2026-08-21,2026-08-21,Государственные сведения внутри ПКО,SRC-DOC-M03-P-00155,,,,MULTI_LAYER,,,,,Canonicalized from 1 candidate row(s); source text preserved in 10_SOURCE_EXTRACTS.csv.
M03-CAN-0321,m03.current_1_0.product_semantic.23e39fb57777883d,1.0,CURRENT_1_0,M03,Кредитная история,PRODUCT_SEMANTIC,BUSINESS_RULE,Государственные сведения внутри ПКО,не входят в current debt и historical credit metrics;,не входят в current debt и historical credit metrics;,,,,,CASA_Pro_Credit_History_Engine_Final_Spec_KZ_2026-08-21,2026-08-21,Государственные сведения внутри ПКО,SRC-DOC-M03-P-00156,,,,MULTI_LAYER,,,,,Canonicalized from 1 candidate row(s); source text preserved in 10_SOURCE_EXTRACTS.csv.
M03-CAN-0322,m03.current_1_0.product_semantic.ecd1c693b60b6386,1.0,CURRENT_1_0,M03,Кредитная история,PRODUCT_SEMANTIC,VALIDATION,Государственные сведения внутри ПКО,не подменяют прямую проверку блока №1;,не подменяют прямую проверку блока №1;,,,,,CASA_Pro_Credit_History_Engine_Final_Spec_KZ_2026-08-21,2026-08-21,Государственные сведения внутри ПКО,SRC-DOC-M03-P-00157,,,,MULTI_LAYER,,,,,Canonicalized from 1 candidate row(s); source text preserved in 10_SOURCE_EXTRACTS.csv.
M03-CAN-0323,m03.current_1_0.product_semantic.bc5a5b705f0f36bf,1.0,CURRENT_1_0,M03,Кредитная история,PRODUCT_SEMANTIC,BUSINESS_RULE,Кредитные карты,"Две карты с кодами, оканчивающимися -001 и -003, — разные обязательства. Общий префикс, кредитор и тип не дают права объединять их. Для карт хранятся отдельно limit, utilized/outstanding и source-reported minimum payment.","Две карты с кодами, оканчивающимися -001 и -003, — разные обязательства. Общий префикс, кредитор и тип не дают права объединять их. Для карт хранятся отдельно limit, utilized/outstanding и source-reported minimum payment.",,,,,CASA_Pro_Credit_History_Engine_Final_Spec_KZ_2026-08-21,2026-08-21,Кредитные карты,SRC-DOC-M03-P-00146,,,,MULTI_LAYER,,,,,Canonicalized from 1 candidate row(s); source text preserved in 10_SOURCE_EXTRACTS.csv.
M03-CAN-0324,m03.current_1_0.product_semantic.55e3a39df64debd6,1.0,CURRENT_1_0,M03,Кредитная история,PRODUCT_SEMANTIC,BUSINESS_RULE,ПКР,"В отчёте указан ПКР 636 и текстовый класс бюро, но дата рейтинга 08.07.2024 существенно старше даты отчёта. CASA хранит rating_value, rating_class_raw, rating_as_of, rating_source; показывает отдельную дату и не называет это оценкой CASA.","В отчёте указан ПКР 636 и текстовый класс бюро, но дата рейтинга 08.07.2024 существенно старше даты отчёта. CASA хранит rating_value, rating_class_raw, rating_as_of, rating_source; показывает отдельную дату и не называет это оценкой CASA.",,,,,CASA_Pro_Credit_History_Engine_Final_Spec_KZ_2026-08-21,2026-08-21,ПКР,SRC-DOC-M03-P-00153,,,,MULTI_LAYER,,,,,Canonicalized from 1 candidate row(s); source text preserved in 10_SOURCE_EXTRACTS.csv.
M03-CAN-0325,m03.current_1_0.security_control.be2eec161399a4c0,1.0,CURRENT_1_0,M03,Кредитная история,SECURITY_CONTROL,AUDIT,Содержание,Входные материалы и аудит текущего CASA,Входные материалы и аудит текущего CASA,,,,,CASA_Pro_Credit_History_Engine_Final_Spec_KZ_2026-08-21,2026-08-21,Содержание,SRC-DOC-M03-P-00009,,,,MULTI_LAYER,,,,,Canonicalized from 1 candidate row(s); source text preserved in 10_SOURCE_EXTRACTS.csv.
M03-CAN-0326,m03.current_1_0.product_semantic.d99a05d3fe121bb7,1.0,CURRENT_1_0,M03,Кредитная история,PRODUCT_SEMANTIC,VALIDATION,Содержание,"Приём, проверка и жизненный цикл PDF","Приём, проверка и жизненный цикл PDF",,,,,CASA_Pro_Credit_History_Engine_Final_Spec_KZ_2026-08-21,2026-08-21,Содержание,SRC-DOC-M03-P-00013,,,,PARSER,,,,,Canonicalized from 1 candidate row(s); source text preserved in 10_SOURCE_EXTRACTS.csv.
M03-CAN-0327,m03.current_1_0.product_semantic.ddc7972cf8e8c98f,1.0,CURRENT_1_0,M03,Кредитная история,PRODUCT_SEMANTIC,BUSINESS_RULE,Содержание,Обязательное ручное подтверждение,Обязательное ручное подтверждение,,,,,CASA_Pro_Credit_History_Engine_Final_Spec_KZ_2026-08-21,2026-08-21,Содержание,SRC-DOC-M03-P-00020,,,,MULTI_LAYER,,,,,Canonicalized from 1 candidate row(s); source text preserved in 10_SOURCE_EXTRACTS.csv.
M03-CAN-0328,m03.current_1_0.ux_requirement.0c94f707356665f8,1.0,CURRENT_1_0,M03,Кредитная история,UX_REQUIREMENT,UI,Содержание,Простой экран проверки,Простой экран проверки,,,,,CASA_Pro_Credit_History_Engine_Final_Spec_KZ_2026-08-21,2026-08-21,Содержание,SRC-DOC-M03-P-00021,,,,FRONTEND,,,,,Canonicalized from 1 candidate row(s); source text preserved in 10_SOURCE_EXTRACTS.csv.
M03-CAN-0329,m03.current_1_0.product_semantic.561a3bbbacd6bca1,1.0,CURRENT_1_0,M03,Кредитная история,PRODUCT_SEMANTIC,API,Содержание,"API, JSON Schema и статусы ошибок","API, JSON Schema и статусы ошибок",,,,,CASA_Pro_Credit_History_Engine_Final_Spec_KZ_2026-08-21,2026-08-21,Содержание,SRC-DOC-M03-P-00022,,,,BACKEND|DATA,,,,,Canonicalized from 1 candidate row(s); source text preserved in 10_SOURCE_EXTRACTS.csv.
M03-CAN-0330,m03.current_1_0.security_control.bb1d518444968ff1,1.0,CURRENT_1_0,M03,Кредитная история,SECURITY_CONTROL,SECURITY,Содержание,"Безопасность, приватность и хранение","Безопасность, приватность и хранение",,,,,CASA_Pro_Credit_History_Engine_Final_Spec_KZ_2026-08-21,2026-08-21,Содержание,SRC-DOC-M03-P-00024,,,,MULTI_LAYER,,,,,Canonicalized from 1 candidate row(s); source text preserved in 10_SOURCE_EXTRACTS.csv.
M03-CAN-0331,m03.current_1_0.product_semantic.546145fe9d28cb76,1.0,CURRENT_1_0,M03,Кредитная история,PRODUCT_SEMANTIC,BUSINESS_RULE,Уступка и коллектор,"Ожидание: два credit_report_contract_record, один credit_obligation_lineage, два узла цепочки. Текущий остаток = 0. Исторические суммы и DPD сохраняются как факты, но не прибавляются к current debt.","Ожидание: два credit_report_contract_record, один credit_obligation_lineage, два узла цепочки. Текущий остаток = 0. Исторические суммы и DPD сохраняются как факты, но не прибавляются к current debt.",,,,,CASA_Pro_Credit_History_Engine_Final_Spec_KZ_2026-08-21,2026-08-21,Уступка и коллектор,SRC-DOC-M03-P-00151,,,,MULTI_LAYER,,,,,Canonicalized from 1 candidate row(s); source text preserved in 10_SOURCE_EXTRACTS.csv.
M03-CAN-0332,m03.current_1_0.product_semantic.89c2ebd7ffd7f070,1.0,CURRENT_1_0,M03,Кредитная история,PRODUCT_SEMANTIC,BUSINESS_RULE,A. Шапка документа,Элемент: Источник; Точный смысл / пример текста: «Первое кредитное бюро (ПКБ)»; raw issuer хранится отдельно.; Действие: —,Элемент: Источник; Точный смысл / пример текста: «Первое кредитное бюро (ПКБ)»; raw issuer хранится отдельно.; Действие: —,,,,,M03_CASA_Pro_Credit_History_Implementation_and_Acceptance_v1.1,1.1,A. Шапка документа,SRC-DOC-M03-I-00073,,,,MULTI_LAYER,,,,,Canonicalized from 1 candidate row(s); source text preserved in 10_SOURCE_EXTRACTS.csv.
M03-CAN-0333,m03.current_1_0.product_semantic.c60bec4500a2a087,1.0,CURRENT_1_0,M03,Кредитная история,PRODUCT_SEMANTIC,VALIDATION,A. Шапка документа,Элемент: Страницы; Точный смысл / пример текста: «29 из 29; порядок страниц проверен».; Действие: Открыть PDF,Элемент: Страницы; Точный смысл / пример текста: «29 из 29; порядок страниц проверен».; Действие: Открыть PDF,,,,,M03_CASA_Pro_Credit_History_Implementation_and_Acceptance_v1.1,1.1,A. Шапка документа,SRC-DOC-M03-I-00076,,,,PARSER,,,,,Canonicalized from 1 candidate row(s); source text preserved in 10_SOURCE_EXTRACTS.csv.
M03-CAN-0334,m03.current_1_0.product_semantic.a9c43197bafb576b,1.0,CURRENT_1_0,M03,Кредитная история,PRODUCT_SEMANTIC,VALIDATION,A. Шапка документа,Элемент: Подлинность; Точный смысл / пример текста: «Подлинность копии не подтверждена» — если UNVERIFIED_FLATTENED_PDF.; Действие: Зафиксировать ручную проверку,Элемент: Подлинность; Точный смысл / пример текста: «Подлинность копии не подтверждена» — если UNVERIFIED_FLATTENED_PDF.; Действие: Зафиксировать ручную проверку,,,,,M03_CASA_Pro_Credit_History_Implementation_and_Acceptance_v1.1,1.1,A. Шапка документа,SRC-DOC-M03-I-00078,,,,PARSER,,,,,Canonicalized from 1 candidate row(s); source text preserved in 10_SOURCE_EXTRACTS.csv.
M03-CAN-0335,m03.current_1_0.product_semantic.1b2447d4d626048c,1.0,CURRENT_1_0,M03,Кредитная история,PRODUCT_SEMANTIC,PARSER,A. Шапка документа,Элемент: Извлечение; Точный смысл / пример текста: «Данные извлечены; 3 поля нужно проверить».; Действие: К задачам,Элемент: Извлечение; Точный смысл / пример текста: «Данные извлечены; 3 поля нужно проверить».; Действие: К задачам,,,,,M03_CASA_Pro_Credit_History_Implementation_and_Acceptance_v1.1,1.1,A. Шапка документа,SRC-DOC-M03-I-00079,,,,MULTI_LAYER,,,,,Canonicalized from 1 candidate row(s); source text preserved in 10_SOURCE_EXTRACTS.csv.
M03-CAN-0336,m03.current_1_0.product_semantic.9e2da90e555835cd,1.0,CURRENT_1_0,M03,Кредитная история,PRODUCT_SEMANTIC,VALIDATION,A. Шапка документа,Элемент: Сверка и проверка; Точный смысл / пример текста: «Итоги сходятся» / «Есть расхождения» / «Факты проверены для внутреннего использования».; Действие: Открыть детали,Элемент: Сверка и проверка; Точный смысл / пример текста: «Итоги сходятся» / «Есть расхождения» / «Факты проверены для внутреннего использования».; Действие: Открыть детали,,,,,M03_CASA_Pro_Credit_History_Implementation_and_Acceptance_v1.1,1.1,A. Шапка документа,SRC-DOC-M03-I-00080,,,,MULTI_LAYER,,,,,Canonicalized from 1 candidate row(s); source text preserved in 10_SOURCE_EXTRACTS.csv.
M03-CAN-0337,m03.current_1_0.product_semantic.a7fa40d572479088,1.0,CURRENT_1_0,M03,Кредитная история,PRODUCT_SEMANTIC,BUSINESS_RULE,B–F. Основные блоки,Блок: Текущие обязательства; Что показывает: Нейтральные totals и только актуальные канонические линии.; Запрет: Не смешивать закрытые/уступленные записи.,Блок: Текущие обязательства; Что показывает: Нейтральные totals и только актуальные канонические линии.; Запрет: Не смешивать закрытые/уступленные записи.,,,,,M03_CASA_Pro_Credit_History_Implementation_and_Acceptance_v1.1,1.1,B–F. Основные блоки,SRC-DOC-M03-I-00083,,,,MULTI_LAYER,,,,,Canonicalized from 1 candidate row(s); source text preserved in 10_SOURCE_EXTRACTS.csv.
M03-CAN-0338,m03.current_1_0.product_semantic.abb3b381357c02b2,1.0,CURRENT_1_0,M03,Кредитная история,PRODUCT_SEMANTIC,BUSINESS_RULE,B–F. Основные блоки,"Блок: Активные обязательства; Что показывает: Таблица кредиторов, типов, остатков, платежей, current DPD и качества.; Запрет: Не заменять UNKNOWN нулём.","Блок: Активные обязательства; Что показывает: Таблица кредиторов, типов, остатков, платежей, current DPD и качества.; Запрет: Не заменять UNKNOWN нулём.",,,,UNKNOWN,M03_CASA_Pro_Credit_History_Implementation_and_Acceptance_v1.1,1.1,B–F. Основные блоки,SRC-DOC-M03-I-00084,,,,MULTI_LAYER,,,,,Canonicalized from 1 candidate row(s); source text preserved in 10_SOURCE_EXTRACTS.csv.
M03-CAN-0339,m03.current_1_0.product_semantic.a0d45b05a8a9c7e3,1.0,CURRENT_1_0,M03,Кредитная история,PRODUCT_SEMANTIC,VALIDATION,B–F. Основные блоки,Блок: Нужно проверить; Что показывает: Только нерешённые задачи: subject/completeness → current money/DPD → dedup → events → history.; Запрет: Не показывать закрытые задачи как активные.,Блок: Нужно проверить; Что показывает: Только нерешённые задачи: subject/completeness → current money/DPD → dedup → events → history.; Запрет: Не показывать закрытые задачи как активные.,,,,,M03_CASA_Pro_Credit_History_Implementation_and_Acceptance_v1.1,1.1,B–F. Основные блоки,SRC-DOC-M03-I-00086,,,,MULTI_LAYER,,,,,Canonicalized from 1 candidate row(s); source text preserved in 10_SOURCE_EXTRACTS.csv.
M03-CAN-0340,m03.current_1_0.product_semantic.187ff8e08d640508,1.0,CURRENT_1_0,M03,Кредитная история,PRODUCT_SEMANTIC,BUSINESS_RULE,B–F. Основные блоки,Блок: Действия; Что показывает: «Сохранить черновик»; «Подтвердить факты и создать снимок».; Запрет: Publish disabled при blocking task.,Блок: Действия; Что показывает: «Сохранить черновик»; «Подтвердить факты и создать снимок».; Запрет: Publish disabled при blocking task.,,,,DISABLED,M03_CASA_Pro_Credit_History_Implementation_and_Acceptance_v1.1,1.1,B–F. Основные блоки,SRC-DOC-M03-I-00087,,,,MULTI_LAYER,,,,,Canonicalized from 1 candidate row(s); source text preserved in 10_SOURCE_EXTRACTS.csv.
M03-CAN-0341,m03.current_1_0.product_semantic.0e38774dd22a6b55,1.0,CURRENT_1_0,M03,Кредитная история,PRODUCT_SEMANTIC,BUSINESS_RULE,B–F. Основные блоки,В интерфейсе используются нейтральные подписи. Цвет — только дополнительный сигнал; каждый статус всегда написан текстом.,В интерфейсе используются нейтральные подписи. Цвет — только дополнительный сигнал; каждый статус всегда написан текстом.,,,,,M03_CASA_Pro_Credit_History_Implementation_and_Acceptance_v1.1,1.1,B–F. Основные блоки,SRC-DOC-M03-I-00088,,,,MULTI_LAYER,,,,,Canonicalized from 1 candidate row(s); source text preserved in 10_SOURCE_EXTRACTS.csv.
M03-CAN-0342,m03.current_1_0.implementation_detail.c10989eb79b1faef,1.0,CURRENT_1_0,M03,Кредитная история,IMPLEMENTATION_DETAIL,STATE,Evidence object,"Каждый факт содержит page, bbox/text span, render crop, evidence hash, extractor/version, raw и normalized value, presence, confidence, validation_status и review_status. Полный PDF открывается в защищённом viewer; crop не заменяет оригинал.","Каждый факт содержит page, bbox/text span, render crop, evidence hash, extractor/version, raw и normalized value, presence, confidence, validation_status и review_status. Полный PDF открывается в защищённом viewer; crop не заменяет оригинал.",,,,,M03_CASA_Pro_Credit_History_Implementation_and_Acceptance_v1.1,1.1,Evidence object,SRC-DOC-M03-I-00243,,,,PARSER,,,,,Canonicalized from 1 candidate row(s); source text preserved in 10_SOURCE_EXTRACTS.csv.
M03-CAN-0343,m03.current_1_0.data_contract.b406e4fb74459eda,1.0,CURRENT_1_0,M03,Кредитная история,DATA_CONTRACT,DATA_MODEL,KEEP / CHANGE / REMOVE / ADD,"Элемент: Шапка КИ; Что известно сейчас: Видны PKO.pdf, FCB, FULL_PERSONAL, дата отчёта и badge «Нужна ручная проверка».; Решение: KEEP / CHANGE; Почему: Базовая идентификация полезна, но machine values не являются пользовательским текстом.; Как должно быть: Сохранить идентичность документа; перевести тип/статусы на русский, добавить страницы и действия «Открыть PDF / заменить».; Источник: M03 §6; CH-011/012/090","Элемент: Шапка КИ; Что известно сейчас: Видны PKO.pdf, FCB, FULL_PERSONAL, дата отчёта и badge «Нужна ручная проверка».; Решение: KEEP / CHANGE; Почему: Базовая идентификация полезна, но machine values не являются пользовательским текстом.; Как должно быть: Сохранить идентичность документа; перевести тип/статусы на русский, добавить страницы и действия «Открыть PDF / заменить».; Источник: M03 §6; CH-011/012/090",,,,,M03_CASA_Pro_Credit_History_Implementation_and_Acceptance_v1.1,1.1,KEEP / CHANGE / REMOVE / ADD,SRC-DOC-M03-I-00378,CH-011,,,PARSER,,,,M03-TASK-004,Canonicalized from 1 candidate row(s); source text preserved in 10_SOURCE_EXTRACTS.csv.
M03-CAN-0344,m03.current_1_0.security_control.44d8bd77a0406bc4,1.0,CURRENT_1_0,M03,Кредитная история,SECURITY_CONTROL,SECURITY,KEEP / CHANGE / REMOVE / ADD,"Элемент: Внутренние коды; Что известно сейчас: В broker UI видны MANUAL_REVIEW_REQUIRED, CONTRACT_REQUIRED, UNVERIFIED, LEGAL_REVIEW_REQUIRED, VALID, PARTIAL.; Решение: REMOVE; Почему: Брокер вынужден расшифровывать технические enum и может неверно понять состояние.; Как должно быть: Показывать русское объяснение и действие; codes оставить только в Dev/Admin details и QA evidence.; Источник: M03 §15; AT-CH-UX-003; CH-090","Элемент: Внутренние коды; Что известно сейчас: В broker UI видны MANUAL_REVIEW_REQUIRED, CONTRACT_REQUIRED, UNVERIFIED, LEGAL_REVIEW_REQUIRED, VALID, PARTIAL.; Решение: REMOVE; Почему: Брокер вынужден расшифровывать технические enum и может неверно понять состояние.; Как должно быть: Показывать русское объяснение и действие; codes оставить только в Dev/Admin details и QA evidence.; Источник: M03 §15; AT-CH-UX-003; CH-090",,,,,M03_CASA_Pro_Credit_History_Implementation_and_Acceptance_v1.1,1.1,KEEP / CHANGE / REMOVE / ADD,SRC-DOC-M03-I-00379,AT-CH-UX-003|CH-090,,,FRONTEND|QA|LEGAL,,,,,Canonicalized from 1 candidate row(s); source text preserved in 10_SOURCE_EXTRACTS.csv.
M03-CAN-0345,m03.current_1_0.boundary.39a4165f0caff588,1.0,CURRENT_1_0,M03,Кредитная история,BOUNDARY,FORBIDDEN,KEEP / CHANGE / REMOVE / ADD,"Элемент: Статусы документа; Что известно сейчас: Один badge «Нужна ручная проверка» и одна строка file/authenticity/extraction; отдельной сверки не видно.; Решение: CHANGE; Почему: Файл, подлинность, извлечение и проверка — независимые состояния. Общий «Подтверждено» для M03 также запрещён.; Как должно быть: Четыре отдельные русские статуса: файл; подлинность; извлечение; сверка/ручная проверка.; Источник: M03 §§15–16; CH-017/078/090",,"Элемент: Статусы документа; Что известно сейчас: Один badge «Нужна ручная проверка» и одна строка file/authenticity/extraction; отдельной сверки не видно.; Решение: CHANGE; Почему: Файл, подлинность, извлечение и проверка — независимые состояния. Общий «Подтверждено» для M03 также запрещён.; Как должно быть: Четыре отдельные русские статуса: файл; подлинность; извлечение; сверка/ручная проверка.; Источник: M03 §§15–16; CH-017/078/090",,,,M03_CASA_Pro_Credit_History_Implementation_and_Acceptance_v1.1,1.1,KEEP / CHANGE / REMOVE / ADD,SRC-DOC-M03-I-00380,CH-017,,,MULTI_LAYER,,,,M03-TASK-017,Canonicalized from 1 candidate row(s); source text preserved in 10_SOURCE_EXTRACTS.csv.
M03-CAN-0346,m03.current_1_0.product_semantic.495470f8c32429e0,1.0,CURRENT_1_0,M03,Кредитная история,PRODUCT_SEMANTIC,BUSINESS_RULE,KEEP / CHANGE / REMOVE / ADD,"Элемент: Количество страниц; Что известно сейчас: «Страниц (по footer) = 2», уверенность 60%; доступно «Исправить».; Решение: CHANGE; Почему: Приложенный PKO.pdf содержит 29 страниц; footer показывает 1/29…29/29. Видимое значение неверно.; Как должно быть: Показывать «Страниц в отчёте: 29»; sequence 1…29; mismatch создаёт blocker с page/crop.; Источник: PKO.pdf; CH-012","Элемент: Количество страниц; Что известно сейчас: «Страниц (по footer) = 2», уверенность 60%; доступно «Исправить».; Решение: CHANGE; Почему: Приложенный PKO.pdf содержит 29 страниц; footer показывает 1/29…29/29. Видимое значение неверно.; Как должно быть: Показывать «Страниц в отчёте: 29»; sequence 1…29; mismatch создаёт blocker с page/crop.; Источник: PKO.pdf; CH-012",,,,,M03_CASA_Pro_Credit_History_Implementation_and_Acceptance_v1.1,1.1,KEEP / CHANGE / REMOVE / ADD,SRC-DOC-M03-I-00381,CH-012,,,PARSER,,,,,Canonicalized from 1 candidate row(s); source text preserved in 10_SOURCE_EXTRACTS.csv.
M03-CAN-0347,m03.current_1_0.data_contract.733d30654bf02a04,1.0,CURRENT_1_0,M03,Кредитная история,DATA_CONTRACT,PROVENANCE,KEEP / CHANGE / REMOVE / ADD,"Элемент: Текущий остаток и платежи; Что известно сейчас: «Итоговый остаток» = —, уверенность 0%; сумма текущих платежей в M03 не показана.; Решение: CHANGE; Почему: В том же PDF напечатаны 4 737 798,64 ₸ и 211 711,02 ₸.; Как должно быть: Карточка current: остаток 4 737 798,64 ₸; платежи из отчёта 211 711,02 ₸; exact, с evidence.; Источник: PKO.pdf p.2; CH-033/034","Элемент: Текущий остаток и платежи; Что известно сейчас: «Итоговый остаток» = —, уверенность 0%; сумма текущих платежей в M03 не показана.; Решение: CHANGE; Почему: В том же PDF напечатаны 4 737 798,64 ₸ и 211 711,02 ₸.; Как должно быть: Карточка current: остаток 4 737 798,64 ₸; платежи из отчёта 211 711,02 ₸; exact, с evidence.; Источник: PKO.pdf p.2; CH-033/034",,,,,M03_CASA_Pro_Credit_History_Implementation_and_Acceptance_v1.1,1.1,KEEP / CHANGE / REMOVE / ADD,SRC-DOC-M03-I-00382,CH-033,,,PARSER,,,,,Canonicalized from 1 candidate row(s); source text preserved in 10_SOURCE_EXTRACTS.csv.
M03-CAN-0348,m03.current_1_0.ux_requirement.63e39c23d3178a49,1.0,CURRENT_1_0,M03,Кредитная история,UX_REQUIREMENT,UI,KEEP / CHANGE / REMOVE / ADD,"Элемент: Текущие обязательства / История; Что известно сейчас: В одной компактной таблице смешаны поля документа, counts действующих/завершённых договоров и lifetime DPD.; Решение: ADD / CHANGE; Почему: Брокер не видит отдельную картину «сейчас» и «раньше».; Как должно быть: Две отдельные карточки/раздела; закрытые записи и lifetime DPD только в «Истории».; Источник: M03 §§6–9; AT-CH-UX-001","Элемент: Текущие обязательства / История; Что известно сейчас: В одной компактной таблице смешаны поля документа, counts действующих/завершённых договоров и lifetime DPD.; Решение: ADD / CHANGE; Почему: Брокер не видит отдельную картину «сейчас» и «раньше».; Как должно быть: Две отдельные карточки/раздела; закрытые записи и lifetime DPD только в «Истории».; Источник: M03 §§6–9; AT-CH-UX-001",,,,,M03_CASA_Pro_Credit_History_Implementation_and_Acceptance_v1.1,1.1,KEEP / CHANGE / REMOVE / ADD,SRC-DOC-M03-I-00383,AT-CH-UX-001,,,MULTI_LAYER,,,,M03-TASK-018,Canonicalized from 1 candidate row(s); source text preserved in 10_SOURCE_EXTRACTS.csv.
M03-CAN-0349,m03.current_1_0.boundary.c4b5b33a068324a6,1.0,CURRENT_1_0,M03,Кредитная история,BOUNDARY,FORBIDDEN,KEEP / CHANGE / REMOVE / ADD,"Элемент: Текущая просрочка; Что известно сейчас: Показано «Действующие договоры с просрочкой = 1»; рядом сказано, что current и history не смешиваются.; Решение: CHANGE — CRITICAL; Почему: В активных строках этого PDF current DPD=0; fixture ожидает count=0 и max current DPD=0. Значение 1 нельзя выдавать как текущую просрочку.; Как должно быть: Current: «Просрочено сейчас: 0 обязательств; максимум 0 дней». Historical fact вынести в «Историю».; Источник: PKO.pdf p.2; AT-CH-BUG-001; CH-053",,"Элемент: Текущая просрочка; Что известно сейчас: Показано «Действующие договоры с просрочкой = 1»; рядом сказано, что current и history не смешиваются.; Решение: CHANGE — CRITICAL; Почему: В активных строках этого PDF current DPD=0; fixture ожидает count=0 и max current DPD=0. Значение 1 нельзя выдавать как текущую просрочку.; Как должно быть: Current: «Просрочено сейчас: 0 обязательств; максимум 0 дней». Historical fact вынести в «Историю».; Источник: PKO.pdf p.2; AT-CH-BUG-001; CH-053",,,,M03_CASA_Pro_Credit_History_Implementation_and_Acceptance_v1.1,1.1,KEEP / CHANGE / REMOVE / ADD,SRC-DOC-M03-I-00384,AT-CH-BUG-001|CH-053,,CRITICAL,PARSER|QA,,,,M03-TASK-008|M03-TASK-011|M03-TASK-022|M03-TASK-018,Canonicalized from 1 candidate row(s); source text preserved in 10_SOURCE_EXTRACTS.csv.
M03-CAN-0350,m03.current_1_0.product_semantic.eed3021e2c348079,1.0,CURRENT_1_0,M03,Кредитная история,PRODUCT_SEMANTIC,VALIDATION,KEEP / CHANGE / REMOVE / ADD,"Элемент: Исторический максимум DPD; Что известно сейчас: «Макс. DPD за всё время» = «нет данных», уверенность 0%.; Решение: CHANGE; Почему: Fixture того же отчёта содержит lifetime max DPD=1 919; отсутствие результата должно быть UNKNOWN/review, а не финальным фактом.; Как должно быть: Показать в «Истории» 1 919 после сверки; до неё — «Не удалось определить — требуется проверка».; Источник: M03 §§9/18; CH-057","Элемент: Исторический максимум DPD; Что известно сейчас: «Макс. DPD за всё время» = «нет данных», уверенность 0%.; Решение: CHANGE; Почему: Fixture того же отчёта содержит lifetime max DPD=1 919; отсутствие результата должно быть UNKNOWN/review, а не финальным фактом.; Как должно быть: Показать в «Истории» 1 919 после сверки; до неё — «Не удалось определить — требуется проверка».; Источник: M03 §§9/18; CH-057",,,,UNKNOWN,M03_CASA_Pro_Credit_History_Implementation_and_Acceptance_v1.1,1.1,KEEP / CHANGE / REMOVE / ADD,SRC-DOC-M03-I-00385,CH-057,,,QA,,,,,Canonicalized from 1 candidate row(s); source text preserved in 10_SOURCE_EXTRACTS.csv.
M03-CAN-0351,m03.current_1_0.data_contract.83f83da0d4a90500,1.0,CURRENT_1_0,M03,Кредитная история,DATA_CONTRACT,DATA_MODEL,KEEP / CHANGE / REMOVE / ADD,"Элемент: Активные карты; Что известно сейчас: Отдельной таблицы обязательств и карточных полей на экране нет.; Решение: ADD; Почему: PDF содержит две активные карты, но broker не видит limit/utilized/outstanding/minimum payment отдельно.; Как должно быть: Две отдельные строки карт; подписанные limit, utilized, текущий остаток, reported/minimum payment и frequency.; Источник: M03 §10; CH-032/035/038/046/089","Элемент: Активные карты; Что известно сейчас: Отдельной таблицы обязательств и карточных полей на экране нет.; Решение: ADD; Почему: PDF содержит две активные карты, но broker не видит limit/utilized/outstanding/minimum payment отдельно.; Как должно быть: Две отдельные строки карт; подписанные limit, utilized, текущий остаток, reported/minimum payment и frequency.; Источник: M03 §10; CH-032/035/038/046/089",,,,,M03_CASA_Pro_Credit_History_Implementation_and_Acceptance_v1.1,1.1,KEEP / CHANGE / REMOVE / ADD,SRC-DOC-M03-I-00386,CH-032,,,FRONTEND|PARSER,,,,M03-TASK-013,Canonicalized from 1 candidate row(s); source text preserved in 10_SOURCE_EXTRACTS.csv.
M03-CAN-0352,m03.current_1_0.data_contract.012fb19c07673f26,1.0,CURRENT_1_0,M03,Кредитная история,DATA_CONTRACT,DATA_MODEL,KEEP / CHANGE / REMOVE / ADD,"Элемент: Источник критичного значения; Что известно сейчас: Видны проценты уверенности, но нет видимой ссылки на document/page/crop для строк КИ.; Решение: ADD; Почему: Процент сам по себе не позволяет проверить цифру.; Как должно быть: Для каждого critical field: «Открыть источник» → PDF, page, crop, raw/parsed value, confidence.; Источник: M03 §13; CH-023; AT-CH-UX-002","Элемент: Источник критичного значения; Что известно сейчас: Видны проценты уверенности, но нет видимой ссылки на document/page/crop для строк КИ.; Решение: ADD; Почему: Процент сам по себе не позволяет проверить цифру.; Как должно быть: Для каждого critical field: «Открыть источник» → PDF, page, crop, raw/parsed value, confidence.; Источник: M03 §13; CH-023; AT-CH-UX-002",,,,,M03_CASA_Pro_Credit_History_Implementation_and_Acceptance_v1.1,1.1,KEEP / CHANGE / REMOVE / ADD,SRC-DOC-M03-I-00387,CH-023|AT-CH-UX-002,,CRITICAL,DATA|PARSER,,,,M03-TASK-005|M03-TASK-015,Canonicalized from 1 candidate row(s); source text preserved in 10_SOURCE_EXTRACTS.csv.
M03-CAN-0353,m03.current_1_0.data_contract.48b9b8ee7655beac,1.0,CURRENT_1_0,M03,Кредитная история,DATA_CONTRACT,DATA_MODEL,KEEP / CHANGE / REMOVE / ADD,Элемент: Подтвердить / исправить; Что известно сейчас: «Исправить» видно только для числа страниц; ниже — общая кнопка «Подтвердить данные документа».; Решение: CHANGE; Почему: Общее подтверждение не фиксирует решение по каждому critical field.; Как должно быть: У каждой critical task: «Подтвердить» или «Исправить»; correction reason обязателен; raw сохраняется; новая версия.; Источник: M03 §§13–14; CH-075; AT-CH-UX-002,Элемент: Подтвердить / исправить; Что известно сейчас: «Исправить» видно только для числа страниц; ниже — общая кнопка «Подтвердить данные документа».; Решение: CHANGE; Почему: Общее подтверждение не фиксирует решение по каждому critical field.; Как должно быть: У каждой critical task: «Подтвердить» или «Исправить»; correction reason обязателен; raw сохраняется; новая версия.; Источник: M03 §§13–14; CH-075; AT-CH-UX-002,,,,,M03_CASA_Pro_Credit_History_Implementation_and_Acceptance_v1.1,1.1,KEEP / CHANGE / REMOVE / ADD,SRC-DOC-M03-I-00388,CH-075|AT-CH-UX-002,,CRITICAL,DATA,,,,M03-TASK-016|M03-TASK-005|M03-TASK-015,Canonicalized from 1 candidate row(s); source text preserved in 10_SOURCE_EXTRACTS.csv.
M03-CAN-0354,m03.current_1_0.data_contract.3de24b784b7aaadf,1.0,CURRENT_1_0,M03,Кредитная история,DATA_CONTRACT,SNAPSHOT,KEEP / CHANGE / REMOVE / ADD,"Элемент: Блок «Нужно проверить»; Что известно сейчас: Есть оранжевые предупреждения и одно critical field, но основной текст заполнен raw codes и общими пояснениями.; Решение: CHANGE; Почему: Нет короткой очереди только нерешённых действий с понятной причиной и источником.; Как должно быть: Показывать unresolved tasks: поле, проблема, влияние, источник, действие, блокирует ли snapshot.; Источник: M03 §6E/§15; CH-077; AT-CH-UX-002","Элемент: Блок «Нужно проверить»; Что известно сейчас: Есть оранжевые предупреждения и одно critical field, но основной текст заполнен raw codes и общими пояснениями.; Решение: CHANGE; Почему: Нет короткой очереди только нерешённых действий с понятной причиной и источником.; Как должно быть: Показывать unresolved tasks: поле, проблема, влияние, источник, действие, блокирует ли snapshot.; Источник: M03 §6E/§15; CH-077; AT-CH-UX-002",,,,,M03_CASA_Pro_Credit_History_Implementation_and_Acceptance_v1.1,1.1,KEEP / CHANGE / REMOVE / ADD,SRC-DOC-M03-I-00389,CH-077|AT-CH-UX-002,,CRITICAL,DATA,,,,M03-TASK-015|M03-TASK-019|M03-TASK-005,Canonicalized from 1 candidate row(s); source text preserved in 10_SOURCE_EXTRACTS.csv.
M03-CAN-0355,m03.current_1_0.product_semantic.3f78214f75bc8209,1.0,CURRENT_1_0,M03,Кредитная история,PRODUCT_SEMANTIC,STATE,KEEP / CHANGE / REMOVE / ADD,"Элемент: Рейтинг бюро; Что известно сейчас: «ПКР (рейтинг бюро) = 636» подписан как факт бюро; отдельная дата rating as_of не видна.; Решение: KEEP / CHANGE; Почему: Это допустимый source fact, но его дата 08.07.2024 не равна report_at 08.08.2026.; Как должно быть: Оставить нейтральную подпись; рядом показать «по состоянию на 08.07.2024»; не называть CASA Score.; Источник: M03 §18; CH-072","Элемент: Рейтинг бюро; Что известно сейчас: «ПКР (рейтинг бюро) = 636» подписан как факт бюро; отдельная дата rating as_of не видна.; Решение: KEEP / CHANGE; Почему: Это допустимый source fact, но его дата 08.07.2024 не равна report_at 08.08.2026.; Как должно быть: Оставить нейтральную подпись; рядом показать «по состоянию на 08.07.2024»; не называть CASA Score.; Источник: M03 §18; CH-072",,,,,M03_CASA_Pro_Credit_History_Implementation_and_Acceptance_v1.1,1.1,KEEP / CHANGE / REMOVE / ADD,SRC-DOC-M03-I-00390,CH-072,,,MULTI_LAYER,,,,,Canonicalized from 1 candidate row(s); source text preserved in 10_SOURCE_EXTRACTS.csv.
M03-CAN-0356,m03.current_1_0.data_contract.b70fc28fcd6fb5d0,1.0,CURRENT_1_0,M03,Кредитная история,DATA_CONTRACT,SNAPSHOT,KEEP / CHANGE / REMOVE / ADD,"Элемент: Вердикты и CASA Score; Что известно сейчас: В карточке КИ не видны good/bad КИ, bank approve/refuse или CASA Score.; Решение: KEEP; Почему: M03 показывает факты, а не банковское решение.; Как должно быть: Не добавлять эти labels в карточку, export или snapshot.; Источник: M03 §16; CH-082; AT-CH-UX-003","Элемент: Вердикты и CASA Score; Что известно сейчас: В карточке КИ не видны good/bad КИ, bank approve/refuse или CASA Score.; Решение: KEEP; Почему: M03 показывает факты, а не банковское решение.; Как должно быть: Не добавлять эти labels в карточку, export или snapshot.; Источник: M03 §16; CH-082; AT-CH-UX-003",,,,,M03_CASA_Pro_Credit_History_Implementation_and_Acceptance_v1.1,1.1,KEEP / CHANGE / REMOVE / ADD,SRC-DOC-M03-I-00391,CH-082|AT-CH-UX-003,,,DATA,,,,,Canonicalized from 1 candidate row(s); source text preserved in 10_SOURCE_EXTRACTS.csv.
M03-CAN-0357,m03.current_1_0.data_contract.8f573116909344c0,1.0,CURRENT_1_0,M03,Кредитная история,DATA_CONTRACT,DATA_MODEL,§10 Кредитные карты,"Поле: product_type; Смысл: CREDIT_CARD, а не generic loan.; UI: «Кредитная карта».; Запрет: Не скрывать тип.","Поле: product_type; Смысл: CREDIT_CARD, а не generic loan.; UI: «Кредитная карта».; Запрет: Не скрывать тип.",,,,,M03_CASA_Pro_Credit_History_Implementation_and_Acceptance_v1.1,1.1,§10 Кредитные карты,SRC-DOC-M03-I-00177,,,,FRONTEND|PRODUCT,,,,,Canonicalized from 1 candidate row(s); source text preserved in 10_SOURCE_EXTRACTS.csv.
M03-CAN-0358,m03.current_1_0.data_contract.10a45195f815283a,1.0,CURRENT_1_0,M03,Кредитная история,DATA_CONTRACT,DATA_MODEL,§10 Кредитные карты,"Поле: outstanding_total_reported; Смысл: Текущий остаток из ПКО, если напечатан.; UI: «Текущий остаток».; Запрет: Не смешивать с original principal.","Поле: outstanding_total_reported; Смысл: Текущий остаток из ПКО, если напечатан.; UI: «Текущий остаток».; Запрет: Не смешивать с original principal.",,,,,M03_CASA_Pro_Credit_History_Implementation_and_Acceptance_v1.1,1.1,§10 Кредитные карты,SRC-DOC-M03-I-00180,,,,FRONTEND,,,,,Canonicalized from 1 candidate row(s); source text preserved in 10_SOURCE_EXTRACTS.csv.
M03-CAN-0359,m03.current_1_0.data_contract.c7fd39dd60520295,1.0,CURRENT_1_0,M03,Кредитная история,DATA_CONTRACT,DATA_MODEL,§10 Кредитные карты,Поле: payment_frequency; Смысл: monthly/weekly/at maturity/irregular/unknown.; UI: «Периодичность».; Запрет: Не предполагать monthly.,Поле: payment_frequency; Смысл: monthly/weekly/at maturity/irregular/unknown.; UI: «Периодичность».; Запрет: Не предполагать monthly.,,,,UNKNOWN,M03_CASA_Pro_Credit_History_Implementation_and_Acceptance_v1.1,1.1,§10 Кредитные карты,SRC-DOC-M03-I-00183,,,,FRONTEND,,,,,Canonicalized from 1 candidate row(s); source text preserved in 10_SOURCE_EXTRACTS.csv.
M03-CAN-0360,m03.current_1_0.data_contract.fe5470ce00854b66,1.0,CURRENT_1_0,M03,Кредитная история,DATA_CONTRACT,DATA_MODEL,§10 Кредитные карты,Поле: current_dpd; Смысл: Текущий DPD на delinquency_as_of.; UI: «Текущая просрочка».; Запрет: Не подставлять lifetime max.,Поле: current_dpd; Смысл: Текущий DPD на delinquency_as_of.; UI: «Текущая просрочка».; Запрет: Не подставлять lifetime max.,,,,,M03_CASA_Pro_Credit_History_Implementation_and_Acceptance_v1.1,1.1,§10 Кредитные карты,SRC-DOC-M03-I-00184,,,,FRONTEND,,,,,Canonicalized from 1 candidate row(s); source text preserved in 10_SOURCE_EXTRACTS.csv.
M03-CAN-0361,m03.current_1_0.implementation_detail.970ebd9183b762a3,1.0,CURRENT_1_0,M03,Кредитная история,IMPLEMENTATION_DETAIL,PARSER,§11 Дубли / уступки / линии долга,Уровень совпадения: Exact parser duplicate; Основание: Тот же record hash/page/block в одном parse run.; Действие: Убрать технический дубль; сохранить warning.,Уровень совпадения: Exact parser duplicate; Основание: Тот же record hash/page/block в одном parse run.; Действие: Убрать технический дубль; сохранить warning.,,,,,M03_CASA_Pro_Credit_History_Implementation_and_Acceptance_v1.1,1.1,§11 Дубли / уступки / линии долга,SRC-DOC-M03-I-00196,,,,PARSER,,,,,Canonicalized from 1 candidate row(s); source text preserved in 10_SOURCE_EXTRACTS.csv.
M03-CAN-0362,m03.current_1_0.data_contract.b12b1c08dd1dbe59,1.0,CURRENT_1_0,M03,Кредитная история,DATA_CONTRACT,PROVENANCE,§11 Дубли / уступки / линии долга,Уровень совпадения: Deterministic lineage; Основание: Явные related contracts/assignment + matching IDs.; Действие: Auto-link с reason/evidence/version.,Уровень совпадения: Deterministic lineage; Основание: Явные related contracts/assignment + matching IDs.; Действие: Auto-link с reason/evidence/version.,,,,,M03_CASA_Pro_Credit_History_Implementation_and_Acceptance_v1.1,1.1,§11 Дубли / уступки / линии долга,SRC-DOC-M03-I-00197,,,,DATA,,,,,Canonicalized from 1 candidate row(s); source text preserved in 10_SOURCE_EXTRACTS.csv.
M03-CAN-0363,m03.current_1_0.data_contract.f3dc8726ddc66145,1.0,CURRENT_1_0,M03,Кредитная история,DATA_CONTRACT,PROVENANCE,§11 Дубли / уступки / линии долга,Уровень совпадения: Strong candidate; Основание: Exact code/number + subject/origin/date/amount + supporting evidence.; Действие: MANUAL REVIEW; v1 требует решения.,Уровень совпадения: Strong candidate; Основание: Exact code/number + subject/origin/date/amount + supporting evidence.; Действие: MANUAL REVIEW; v1 требует решения.,,,,,M03_CASA_Pro_Credit_History_Implementation_and_Acceptance_v1.1,1.1,§11 Дубли / уступки / линии долга,SRC-DOC-M03-I-00198,,,,DATA,,,,,Canonicalized from 1 candidate row(s); source text preserved in 10_SOURCE_EXTRACTS.csv.
M03-CAN-0364,m03.current_1_0.product_semantic.e0ab4144f92fea88,1.0,CURRENT_1_0,M03,Кредитная история,PRODUCT_SEMANTIC,STATE,§12 UNKNOWN и качество данных,Состояние: 0 / EXPLICIT_ZERO; Значение: Источник явно напечатал ноль.; Арифметика / UI: Можно использовать как 0 при валидной currency/семантике; показать «0».,Состояние: 0 / EXPLICIT_ZERO; Значение: Источник явно напечатал ноль.; Арифметика / UI: Можно использовать как 0 при валидной currency/семантике; показать «0».,,,,,M03_CASA_Pro_Credit_History_Implementation_and_Acceptance_v1.1,1.1,§12 UNKNOWN и качество данных,SRC-DOC-M03-I-00213,,,,FRONTEND,,,,,Canonicalized from 1 candidate row(s); source text preserved in 10_SOURCE_EXTRACTS.csv.
M03-CAN-0365,m03.current_1_0.product_semantic.9fbfeb2fe6bfec98,1.0,CURRENT_1_0,M03,Кредитная история,PRODUCT_SEMANTIC,STATE,§12 UNKNOWN и качество данных,Состояние: UNKNOWN; Значение: Недостаточно факта или контекста.; Арифметика / UI: Не участвует как 0; итог UNKNOWN с причиной.,Состояние: UNKNOWN; Значение: Недостаточно факта или контекста.; Арифметика / UI: Не участвует как 0; итог UNKNOWN с причиной.,,,,UNKNOWN,M03_CASA_Pro_Credit_History_Implementation_and_Acceptance_v1.1,1.1,§12 UNKNOWN и качество данных,SRC-DOC-M03-I-00214,,,,FRONTEND,,,,,Canonicalized from 1 candidate row(s); source text preserved in 10_SOURCE_EXTRACTS.csv.
M03-CAN-0366,m03.current_1_0.product_semantic.e8fb34bac0e45058,1.0,CURRENT_1_0,M03,Кредитная история,PRODUCT_SEMANTIC,STATE,§12 UNKNOWN и качество данных,Состояние: BLANK; Значение: Ячейка/поле пусты.; Арифметика / UI: amount=null; нужно определить семантику.,Состояние: BLANK; Значение: Ячейка/поле пусты.; Арифметика / UI: amount=null; нужно определить семантику.,,,,BLANK,M03_CASA_Pro_Credit_History_Implementation_and_Acceptance_v1.1,1.1,§12 UNKNOWN и качество данных,SRC-DOC-M03-I-00215,,,,FRONTEND,,,,,Canonicalized from 1 candidate row(s); source text preserved in 10_SOURCE_EXTRACTS.csv.
M03-CAN-0367,m03.current_1_0.product_semantic.93d8bac57cde5450,1.0,CURRENT_1_0,M03,Кредитная история,PRODUCT_SEMANTIC,STATE,§12 UNKNOWN и качество данных,"Состояние: UNREADABLE; Значение: Значение есть, но не читается.; Арифметика / UI: Review/evidence; не подставлять догадку.","Состояние: UNREADABLE; Значение: Значение есть, но не читается.; Арифметика / UI: Review/evidence; не подставлять догадку.",,,,,M03_CASA_Pro_Credit_History_Implementation_and_Acceptance_v1.1,1.1,§12 UNKNOWN и качество данных,SRC-DOC-M03-I-00216,,,,FRONTEND,,,,,Canonicalized from 1 candidate row(s); source text preserved in 10_SOURCE_EXTRACTS.csv.
M03-CAN-0368,m03.current_1_0.product_semantic.3d6b67d1c0526311,1.0,CURRENT_1_0,M03,Кредитная история,PRODUCT_SEMANTIC,STATE,§12 UNKNOWN и качество данных,Состояние: NOT_APPLICABLE; Значение: Поле неприменимо по утверждённому template dictionary.; Арифметика / UI: Не считать отсутствующей ошибкой и не подставлять 0.,Состояние: NOT_APPLICABLE; Значение: Поле неприменимо по утверждённому template dictionary.; Арифметика / UI: Не считать отсутствующей ошибкой и не подставлять 0.,,,,NOT_APPLICABLE,M03_CASA_Pro_Credit_History_Implementation_and_Acceptance_v1.1,1.1,§12 UNKNOWN и качество данных,SRC-DOC-M03-I-00217,,,,FRONTEND,,,,,Canonicalized from 1 candidate row(s); source text preserved in 10_SOURCE_EXTRACTS.csv.
M03-CAN-0369,m03.current_1_0.product_semantic.5b1bb38ca9e3adf1,1.0,CURRENT_1_0,M03,Кредитная история,PRODUCT_SEMANTIC,STATE,§12 UNKNOWN и качество данных,Состояние: NOT_IN_TEMPLATE; Значение: В этом макете поля нет.; Арифметика / UI: Не выдавать как source fact.,Состояние: NOT_IN_TEMPLATE; Значение: В этом макете поля нет.; Арифметика / UI: Не выдавать как source fact.,,,,,M03_CASA_Pro_Credit_History_Implementation_and_Acceptance_v1.1,1.1,§12 UNKNOWN и качество данных,SRC-DOC-M03-I-00218,,,,FRONTEND,,,,,Canonicalized from 1 candidate row(s); source text preserved in 10_SOURCE_EXTRACTS.csv.
M03-CAN-0370,m03.current_1_0.product_semantic.84bf26e07fb84fb3,1.0,CURRENT_1_0,M03,Кредитная история,PRODUCT_SEMANTIC,STATE,§12 UNKNOWN и качество данных,Состояние: Пусто в UI; Значение: Технически не загружено/не отрисовано.; Арифметика / UI: Не использовать как бизнес-состояние; показывать понятную метку.,Состояние: Пусто в UI; Значение: Технически не загружено/не отрисовано.; Арифметика / UI: Не использовать как бизнес-состояние; показывать понятную метку.,,,,,M03_CASA_Pro_Credit_History_Implementation_and_Acceptance_v1.1,1.1,§12 UNKNOWN и качество данных,SRC-DOC-M03-I-00219,,,,FRONTEND,,,,,Canonicalized from 1 candidate row(s); source text preserved in 10_SOURCE_EXTRACTS.csv.
M03-CAN-0371,m03.current_1_0.data_contract.d1b15b5dd9d9a8b5,1.0,CURRENT_1_0,M03,Кредитная история,DATA_CONTRACT,DATA_MODEL,§13 Проверка критичных полей,ПОЛЬЗОВАТЕЛЬСКИЙ КОНТРАКТ  Значение → источник → документ → страница → фрагмент PDF → уверенность распознавания → статус проверки → [Подтвердить] / [Исправить].: ПОЛЬЗОВАТЕЛЬСКИЙ КОНТРАКТ  Значение → источник → документ → страница → фрагмент PDF → уверенность распознавания → статус проверки → [Подтвердить] / [Исправить].,ПОЛЬЗОВАТЕЛЬСКИЙ КОНТРАКТ  Значение → источник → документ → страница → фрагмент PDF → уверенность распознавания → статус проверки → [Подтвердить] / [Исправить].: ПОЛЬЗОВАТЕЛЬСКИЙ КОНТРАКТ  Значение → источник → документ → страница → фрагмент PDF → уверенность распознавания → статус проверки → [Подтвердить] / [Исправить].,,,,,M03_CASA_Pro_Credit_History_Implementation_and_Acceptance_v1.1,1.1,§13 Проверка критичных полей,SRC-DOC-M03-I-00230,,,,PARSER,,,,,Canonicalized from 1 candidate row(s); source text preserved in 10_SOURCE_EXTRACTS.csv.
M03-CAN-0372,m03.current_1_0.data_contract.45a417d5ac595314,1.0,CURRENT_1_0,M03,Кредитная история,DATA_CONTRACT,SNAPSHOT,§13 Проверка критичных полей,"Группа: Субъект; Критичные поля M03: Владелец отчёта, маскированный identifier, participant match.; Когда блокирует: Всегда до snapshot.","Группа: Субъект; Критичные поля M03: Владелец отчёта, маскированный identifier, participant match.; Когда блокирует: Всегда до snapshot.",,,,,M03_CASA_Pro_Credit_History_Implementation_and_Acceptance_v1.1,1.1,§13 Проверка критичных полей,SRC-DOC-M03-I-00232,,,,DATA,,,,,Canonicalized from 1 candidate row(s); source text preserved in 10_SOURCE_EXTRACTS.csv.
M03-CAN-0373,m03.current_1_0.product_semantic.5e1e08d6dc650e0d,1.0,CURRENT_1_0,M03,Кредитная история,PRODUCT_SEMANTIC,STATE,§13 Проверка критичных полей,"Группа: Шапка; Критичные поля M03: bureau, report kind, report_generated_at/time zone status, declared/actual pages, template.; Когда блокирует: Всегда; missing page/template mismatch.","Группа: Шапка; Критичные поля M03: bureau, report kind, report_generated_at/time zone status, declared/actual pages, template.; Когда блокирует: Всегда; missing page/template mismatch.",,,,DECLARED,M03_CASA_Pro_Credit_History_Implementation_and_Acceptance_v1.1,1.1,§13 Проверка критичных полей,SRC-DOC-M03-I-00233,,,,MULTI_LAYER,,,,,Canonicalized from 1 candidate row(s); source text preserved in 10_SOURCE_EXTRACTS.csv.
M03-CAN-0374,m03.current_1_0.data_contract.a01988d34862c8f1,1.0,CURRENT_1_0,M03,Кредитная история,DATA_CONTRACT,DATA_MODEL,§13 Проверка критичных полей,"Группа: Active identity; Критичные поля M03: creditor, product, contract code, role, phase, record_as_of, current node.; Когда блокирует: Всегда в v1 для active record.","Группа: Active identity; Критичные поля M03: creditor, product, contract code, role, phase, record_as_of, current node.; Когда блокирует: Всегда в v1 для active record.",,,,,M03_CASA_Pro_Credit_History_Implementation_and_Acceptance_v1.1,1.1,§13 Проверка критичных полей,SRC-DOC-M03-I-00234,,,,PRODUCT,,,,,Canonicalized from 1 candidate row(s); source text preserved in 10_SOURCE_EXTRACTS.csv.
M03-CAN-0375,m03.current_1_0.data_contract.90f1c8b237ffced9,1.0,CURRENT_1_0,M03,Кредитная история,DATA_CONTRACT,DATA_MODEL,§13 Проверка критичных полей,"Группа: Current money; Критичные поля M03: currency, current outstanding/components, reported payment, payment kind/frequency, current overdue.; Когда блокирует: Любая BLANK/UNREADABLE/conflict.","Группа: Current money; Критичные поля M03: currency, current outstanding/components, reported payment, payment kind/frequency, current overdue.; Когда блокирует: Любая BLANK/UNREADABLE/conflict.",,,,BLANK|CONFLICT,M03_CASA_Pro_Credit_History_Implementation_and_Acceptance_v1.1,1.1,§13 Проверка критичных полей,SRC-DOC-M03-I-00235,,,,DATA,,,,,Canonicalized from 1 candidate row(s); source text preserved in 10_SOURCE_EXTRACTS.csv.
M03-CAN-0376,m03.current_1_0.data_contract.4888ec77ef640ce1,1.0,CURRENT_1_0,M03,Кредитная история,DATA_CONTRACT,DATA_MODEL,§13 Проверка критичных полей,"Группа: Карты; Критичные поля M03: limit, utilized/outstanding, minimum payment — отдельные поля.; Когда блокирует: Если влияет на current profile и не подтверждено.","Группа: Карты; Критичные поля M03: limit, utilized/outstanding, minimum payment — отдельные поля.; Когда блокирует: Если влияет на current profile и не подтверждено.",,,,,M03_CASA_Pro_Credit_History_Implementation_and_Acceptance_v1.1,1.1,§13 Проверка критичных полей,SRC-DOC-M03-I-00236,,,,DATA,,,,,Canonicalized from 1 candidate row(s); source text preserved in 10_SOURCE_EXTRACTS.csv.
M03-CAN-0377,m03.current_1_0.data_contract.0ebf81de0d4be5f9,1.0,CURRENT_1_0,M03,Кредитная история,DATA_CONTRACT,DATA_MODEL,§13 Проверка критичных полей,Группа: Просрочка; Критичные поля M03: current_dpd + delinquency_as_of; lifetime max отдельно.; Когда блокирует: Unknown/conflict current DPD active line.,Группа: Просрочка; Критичные поля M03: current_dpd + delinquency_as_of; lifetime max отдельно.; Когда блокирует: Unknown/conflict current DPD active line.,,,,UNKNOWN|CONFLICT,M03_CASA_Pro_Credit_History_Implementation_and_Acceptance_v1.1,1.1,§13 Проверка критичных полей,SRC-DOC-M03-I-00237,,,,DATA,,,,,Canonicalized from 1 candidate row(s); source text preserved in 10_SOURCE_EXTRACTS.csv.
M03-CAN-0378,m03.current_1_0.data_contract.1869bdf7e344e6ee,1.0,CURRENT_1_0,M03,Кредитная история,DATA_CONTRACT,DATA_MODEL,§13 Проверка критичных полей,"Группа: Lineage; Критичные поля M03: assignment/related refs, current node, merge/keep/split decision.; Когда блокирует: Любая линия >1 record в v1 или ambiguity.","Группа: Lineage; Критичные поля M03: assignment/related refs, current node, merge/keep/split decision.; Когда блокирует: Любая линия >1 record в v1 или ambiguity.",,,,,M03_CASA_Pro_Credit_History_Implementation_and_Acceptance_v1.1,1.1,§13 Проверка критичных полей,SRC-DOC-M03-I-00238,,,,DATA,,,,,Canonicalized from 1 candidate row(s); source text preserved in 10_SOURCE_EXTRACTS.csv.
M03-CAN-0379,m03.current_1_0.data_contract.df8559b5fe8ff358,1.0,CURRENT_1_0,M03,Кредитная история,DATA_CONTRACT,DATA_MODEL,§13 Проверка критичных полей,"Группа: Special events; Критичные поля M03: restructure, assignment, write-off, forgiveness, rehabilitation — wording/date/amount.; Когда блокирует: По criticality/affected profile.","Группа: Special events; Критичные поля M03: restructure, assignment, write-off, forgiveness, rehabilitation — wording/date/amount.; Когда блокирует: По criticality/affected profile.",,,,,M03_CASA_Pro_Credit_History_Implementation_and_Acceptance_v1.1,1.1,§13 Проверка критичных полей,SRC-DOC-M03-I-00239,,,,DATA,,,,,Canonicalized from 1 candidate row(s); source text preserved in 10_SOURCE_EXTRACTS.csv.
M03-CAN-0380,m03.current_1_0.data_contract.999ba72bd063b5d9,1.0,CURRENT_1_0,M03,Кредитная история,DATA_CONTRACT,DATA_MODEL,§13 Проверка критичных полей,Группа: Totals; Критичные поля M03: current outstanding/payment/current overdue + REC results.; Когда блокирует: Всегда для affected published metric.,Группа: Totals; Критичные поля M03: current outstanding/payment/current overdue + REC results.; Когда блокирует: Всегда для affected published metric.,,,,,M03_CASA_Pro_Credit_History_Implementation_and_Acceptance_v1.1,1.1,§13 Проверка критичных полей,SRC-DOC-M03-I-00240,,,,DATA,,,,,Canonicalized from 1 candidate row(s); source text preserved in 10_SOURCE_EXTRACTS.csv.
M03-CAN-0381,m03.current_1_0.product_semantic.e3f1e397f25418a2,1.0,CURRENT_1_0,M03,Кредитная история,PRODUCT_SEMANTIC,STATE,§13 Проверка критичных полей,Группа: Подлинность; Критичные поля M03: authenticity proof/status/reason.; Когда блокирует: По policy; acceptance не превращает UNVERIFIED в VERIFIED.,Группа: Подлинность; Критичные поля M03: authenticity proof/status/reason.; Когда блокирует: По policy; acceptance не превращает UNVERIFIED в VERIFIED.,,,,VERIFIED,M03_CASA_Pro_Credit_History_Implementation_and_Acceptance_v1.1,1.1,§13 Проверка критичных полей,SRC-DOC-M03-I-00241,,,,MULTI_LAYER,,,,,Canonicalized from 1 candidate row(s); source text preserved in 10_SOURCE_EXTRACTS.csv.
M03-CAN-0382,m03.current_1_0.product_semantic.0d108950081858c3,1.0,CURRENT_1_0,M03,Кредитная история,PRODUCT_SEMANTIC,STATE,§14 Ручные исправления,"Шаг: 1. Открыть; Требование: Показать raw, parsed/current corrected, page/crop, confidence и status.","Шаг: 1. Открыть; Требование: Показать raw, parsed/current corrected, page/crop, confidence и status.",,,,,M03_CASA_Pro_Credit_History_Implementation_and_Acceptance_v1.1,1.1,§14 Ручные исправления,SRC-DOC-M03-I-00248,,,,MULTI_LAYER,,,,,Canonicalized from 1 candidate row(s); source text preserved in 10_SOURCE_EXTRACTS.csv.
M03-CAN-0383,m03.current_1_0.data_contract.3a5edf8a72e29b24,1.0,CURRENT_1_0,M03,Кредитная история,DATA_CONTRACT,PROVENANCE,§14 Ручные исправления,Шаг: 2. Подтвердить; Требование: Принять parsed value; actor/date/evidence фиксируются.,Шаг: 2. Подтвердить; Требование: Принять parsed value; actor/date/evidence фиксируются.,,,,,M03_CASA_Pro_Credit_History_Implementation_and_Acceptance_v1.1,1.1,§14 Ручные исправления,SRC-DOC-M03-I-00249,,,,DATA,,,,,Canonicalized from 1 candidate row(s); source text preserved in 10_SOURCE_EXTRACTS.csv.
M03-CAN-0384,m03.current_1_0.product_semantic.69589ea0dafd6302,1.0,CURRENT_1_0,M03,Кредитная история,PRODUCT_SEMANTIC,BUSINESS_RULE,§14 Ручные исправления,Шаг: 3. Исправить; Требование: Создать corrected revision; original/raw не стирается.,Шаг: 3. Исправить; Требование: Создать corrected revision; original/raw не стирается.,,,,,M03_CASA_Pro_Credit_History_Implementation_and_Acceptance_v1.1,1.1,§14 Ручные исправления,SRC-DOC-M03-I-00250,,,,MULTI_LAYER,,,,,Canonicalized from 1 candidate row(s); source text preserved in 10_SOURCE_EXTRACTS.csv.
M03-CAN-0385,m03.current_1_0.product_semantic.e35730132c8596f1,1.0,CURRENT_1_0,M03,Кредитная история,PRODUCT_SEMANTIC,BUSINESS_RULE,§14 Ручные исправления,Шаг: 4. Обосновать; Требование: Reason code + комментарий обязательны; техническая уверенность не заменяет решение.,Шаг: 4. Обосновать; Требование: Reason code + комментарий обязательны; техническая уверенность не заменяет решение.,,,,,M03_CASA_Pro_Credit_History_Implementation_and_Acceptance_v1.1,1.1,§14 Ручные исправления,SRC-DOC-M03-I-00251,,,,MULTI_LAYER,,,,,Canonicalized from 1 candidate row(s); source text preserved in 10_SOURCE_EXTRACTS.csv.
M03-CAN-0386,m03.current_1_0.product_semantic.0c404682ca8f6b83,1.0,CURRENT_1_0,M03,Кредитная история,PRODUCT_SEMANTIC,VALIDATION,§14 Ручные исправления,"Шаг: 6. Пересчитать; Требование: Correction инвалидирует profiles, запускает reconciliation и создаёт новую version результата.","Шаг: 6. Пересчитать; Требование: Correction инвалидирует profiles, запускает reconciliation и создаёт новую version результата.",,,,,M03_CASA_Pro_Credit_History_Implementation_and_Acceptance_v1.1,1.1,§14 Ручные исправления,SRC-DOC-M03-I-00253,,,,MULTI_LAYER,,,,,Canonicalized from 1 candidate row(s); source text preserved in 10_SOURCE_EXTRACTS.csv.
M03-CAN-0387,m03.current_1_0.data_contract.6316c1f46e5d52d0,1.0,CURRENT_1_0,M03,Кредитная история,DATA_CONTRACT,PROVENANCE,§14 Ручные исправления,"Шаг: 7. Аудировать; Требование: Хранить before/after, actor, time, task, evidence, affected metrics и version IDs.","Шаг: 7. Аудировать; Требование: Хранить before/after, actor, time, task, evidence, affected metrics и version IDs.",,,,,M03_CASA_Pro_Credit_History_Implementation_and_Acceptance_v1.1,1.1,§14 Ручные исправления,SRC-DOC-M03-I-00254,,,,DATA,,,,,Canonicalized from 1 candidate row(s); source text preserved in 10_SOURCE_EXTRACTS.csv.
M03-CAN-0388,m03.current_1_0.boundary.1e2886a139fdf200,1.0,CURRENT_1_0,M03,Кредитная история,BOUNDARY,FORBIDDEN,§14 Ручные исправления,Шаг: 8. Не удалять; Требование: Source record нельзя удалить; только reviewed marker NOT_A_CONTRACT_RECORD при доказательстве.,,Шаг: 8. Не удалять; Требование: Source record нельзя удалить; только reviewed marker NOT_A_CONTRACT_RECORD при доказательстве.,,,,M03_CASA_Pro_Credit_History_Implementation_and_Acceptance_v1.1,1.1,§14 Ручные исправления,SRC-DOC-M03-I-00255,,,,MULTI_LAYER,,,,,Canonicalized from 1 candidate row(s); source text preserved in 10_SOURCE_EXTRACTS.csv.
M03-CAN-0389,m03.current_1_0.security_control.3b1db87514e14756,1.0,CURRENT_1_0,M03,Кредитная история,SECURITY_CONTROL,SECURITY,§15 Статусы экрана — продолжение,Техническое состояние: PROCESSING_FAILED / FAILED; Основной текст брокеру: «Не удалось обработать файл» + безопасная причина; Действие / gate: Повторить/заменить; не создавать duplicate run.,Техническое состояние: PROCESSING_FAILED / FAILED; Основной текст брокеру: «Не удалось обработать файл» + безопасная причина; Действие / gate: Повторить/заменить; не создавать duplicate run.,,,,,M03_CASA_Pro_Credit_History_Implementation_and_Acceptance_v1.1,1.1,§15 Статусы экрана — продолжение,SRC-DOC-M03-I-00272,,,,MULTI_LAYER,,,,,Canonicalized from 1 candidate row(s); source text preserved in 10_SOURCE_EXTRACTS.csv.
M03-CAN-0390,m03.current_1_0.security_control.78bc35a694259ff7,1.0,CURRENT_1_0,M03,Кредитная история,SECURITY_CONTROL,SECURITY,§15 Статусы экрана — продолжение,Техническое состояние: QUARANTINED; Основной текст брокеру: «Проверяем безопасность файла»; Действие / gate: Ожидать; при malware доступ закрыт.,Техническое состояние: QUARANTINED; Основной текст брокеру: «Проверяем безопасность файла»; Действие / gate: Ожидать; при malware доступ закрыт.,,,,,M03_CASA_Pro_Credit_History_Implementation_and_Acceptance_v1.1,1.1,§15 Статусы экрана — продолжение,SRC-DOC-M03-I-00273,,,,MULTI_LAYER,,,,,Canonicalized from 1 candidate row(s); source text preserved in 10_SOURCE_EXTRACTS.csv.
M03-CAN-0391,m03.current_1_0.boundary.ebdf6678ca7db6e4,1.0,CURRENT_1_0,M03,Кредитная история,BOUNDARY,FORBIDDEN,§15 Статусы экрана — продолжение,Техническое состояние: UNSUPPORTED_TEMPLATE; Основной текст брокеру: «Этот формат пока нельзя разобрать автоматически»; Действие / gate: Snapshot blocked; approved manual/sample path.,,Техническое состояние: UNSUPPORTED_TEMPLATE; Основной текст брокеру: «Этот формат пока нельзя разобрать автоматически»; Действие / gate: Snapshot blocked; approved manual/sample path.,,,BLOCKED,M03_CASA_Pro_Credit_History_Implementation_and_Acceptance_v1.1,1.1,§15 Статусы экрана — продолжение,SRC-DOC-M03-I-00274,,,,DATA,,,,,Canonicalized from 1 candidate row(s); source text preserved in 10_SOURCE_EXTRACTS.csv.
M03-CAN-0392,m03.current_1_0.product_semantic.1bd57823c1c9419e,1.0,CURRENT_1_0,M03,Кредитная история,PRODUCT_SEMANTIC,STATE,§15 Статусы экрана — русские названия,"Техническое состояние: PROCESSING; Основной текст брокеру: «Извлекаем и проверяем данные»; Действие / gate: Этапы, без фальшивых процентов.","Техническое состояние: PROCESSING; Основной текст брокеру: «Извлекаем и проверяем данные»; Действие / gate: Этапы, без фальшивых процентов.",,,,,M03_CASA_Pro_Credit_History_Implementation_and_Acceptance_v1.1,1.1,§15 Статусы экрана — русские названия,SRC-DOC-M03-I-00263,,,,MULTI_LAYER,,,,,Canonicalized from 1 candidate row(s); source text preserved in 10_SOURCE_EXTRACTS.csv.
M03-CAN-0393,m03.current_1_0.implementation_detail.d8529ebfd01a0c6d,1.0,CURRENT_1_0,M03,Кредитная история,IMPLEMENTATION_DETAIL,ERROR,§16 Подлинность / полнота / сверка,Измерение: Целостность файла; На какой вопрос отвечает: PDF технически цел и не изменился?; Статусы / UI: VALID/CORRUPT/HASH_MISMATCH/UNREADABLE → «Файл исправен» или понятная ошибка.,Измерение: Целостность файла; На какой вопрос отвечает: PDF технически цел и не изменился?; Статусы / UI: VALID/CORRUPT/HASH_MISMATCH/UNREADABLE → «Файл исправен» или понятная ошибка.,,,,,M03_CASA_Pro_Credit_History_Implementation_and_Acceptance_v1.1,1.1,§16 Подлинность / полнота / сверка,SRC-DOC-M03-I-00293,,,,FRONTEND|PARSER,,,,,Canonicalized from 1 candidate row(s); source text preserved in 10_SOURCE_EXTRACTS.csv.
M03-CAN-0394,m03.current_1_0.ux_requirement.85ac2bdd97a9f178,1.0,CURRENT_1_0,M03,Кредитная история,UX_REQUIREMENT,UI,§16 Подлинность / полнота / сверка,Измерение: Шаблон; На какой вопрос отвечает: Известны issuer/report kind/layout и обязательные sections?; Статусы / UI: Распознан / SAMPLE_REQUIRED / unsupported; не closest-template guess.,Измерение: Шаблон; На какой вопрос отвечает: Известны issuer/report kind/layout и обязательные sections?; Статусы / UI: Распознан / SAMPLE_REQUIRED / unsupported; не closest-template guess.,,,,,M03_CASA_Pro_Credit_History_Implementation_and_Acceptance_v1.1,1.1,§16 Подлинность / полнота / сверка,SRC-DOC-M03-I-00294,,,,FRONTEND,,,,,Canonicalized from 1 candidate row(s); source text preserved in 10_SOURCE_EXTRACTS.csv.
M03-CAN-0395,m03.current_1_0.ux_requirement.5525f4aa0582cbca,1.0,CURRENT_1_0,M03,Кредитная история,UX_REQUIREMENT,UI,§16 Подлинность / полнота / сверка,Измерение: Подлинность; На какой вопрос отвечает: Есть доказательство выдачи заявленным бюро?; Статусы / UI: VERIFIED_SIGNATURE / VERIFIED_BUREAU_MANUAL / UNVERIFIED / FAILED / UNKNOWN.,Измерение: Подлинность; На какой вопрос отвечает: Есть доказательство выдачи заявленным бюро?; Статусы / UI: VERIFIED_SIGNATURE / VERIFIED_BUREAU_MANUAL / UNVERIFIED / FAILED / UNKNOWN.,,,,UNKNOWN,M03_CASA_Pro_Credit_History_Implementation_and_Acceptance_v1.1,1.1,§16 Подлинность / полнота / сверка,SRC-DOC-M03-I-00295,,,,FRONTEND,,,,,Canonicalized from 1 candidate row(s); source text preserved in 10_SOURCE_EXTRACTS.csv.
M03-CAN-0396,m03.current_1_0.product_semantic.7c14d798e7d3a822,1.0,CURRENT_1_0,M03,Кредитная история,PRODUCT_SEMANTIC,PARSER,§16 Подлинность / полнота / сверка,Измерение: Извлечение; На какой вопрос отвечает: Текст/таблицы считаны корректно?; Статусы / UI: PASS / PASS_WITH_REVIEW / NEEDS_REVIEW / FAILED.,Измерение: Извлечение; На какой вопрос отвечает: Текст/таблицы считаны корректно?; Статусы / UI: PASS / PASS_WITH_REVIEW / NEEDS_REVIEW / FAILED.,,,,,M03_CASA_Pro_Credit_History_Implementation_and_Acceptance_v1.1,1.1,§16 Подлинность / полнота / сверка,SRC-DOC-M03-I-00296,,,,FRONTEND,,,,,Canonicalized from 1 candidate row(s); source text preserved in 10_SOURCE_EXTRACTS.csv.
M03-CAN-0397,m03.current_1_0.security_control.da5803a50fb7105e,1.0,CURRENT_1_0,M03,Кредитная история,SECURITY_CONTROL,CONSENT,§16 Подлинность / полнота / сверка,"Измерение: Сверка; На какой вопрос отвечает: Страницы, записи, суммы, связи и итоги согласуются?; Статусы / UI: PASS / PASS_WITH_REVIEW / FAIL / UNKNOWN.","Измерение: Сверка; На какой вопрос отвечает: Страницы, записи, суммы, связи и итоги согласуются?; Статусы / UI: PASS / PASS_WITH_REVIEW / FAIL / UNKNOWN.",,,,UNKNOWN,M03_CASA_Pro_Credit_History_Implementation_and_Acceptance_v1.1,1.1,§16 Подлинность / полнота / сверка,SRC-DOC-M03-I-00297,,,,FRONTEND|LEGAL,,,,,Canonicalized from 1 candidate row(s); source text preserved in 10_SOURCE_EXTRACTS.csv.
M03-CAN-0398,m03.current_1_0.ux_requirement.4b049ff433e6b82b,1.0,CURRENT_1_0,M03,Кредитная история,UX_REQUIREMENT,UI,§16 Подлинность / полнота / сверка,Измерение: Ручная проверка; На какой вопрос отвечает: Критичные факты приняты/исправлены человеком?; Статусы / UI: NOT_STARTED / IN_PROGRESS / COMPLETED / policy waiver.,Измерение: Ручная проверка; На какой вопрос отвечает: Критичные факты приняты/исправлены человеком?; Статусы / UI: NOT_STARTED / IN_PROGRESS / COMPLETED / policy waiver.,,,,,M03_CASA_Pro_Credit_History_Implementation_and_Acceptance_v1.1,1.1,§16 Подлинность / полнота / сверка,SRC-DOC-M03-I-00298,,,,FRONTEND,,,,,Canonicalized from 1 candidate row(s); source text preserved in 10_SOURCE_EXTRACTS.csv.
M03-CAN-0399,m03.current_1_0.data_contract.ddddb8a6510af5c7,1.0,CURRENT_1_0,M03,Кредитная история,DATA_CONTRACT,SNAPSHOT,§17 Выходной snapshot,"После закрытия blocking review создаётся неизменяемый credit_history_snapshot для Client Profile и последующих модулей. Он ссылается на точный document SHA-256, parse/review/profile versions и сохраняет доказательства каждого результата.","После закрытия blocking review создаётся неизменяемый credit_history_snapshot для Client Profile и последующих модулей. Он ссылается на точный document SHA-256, parse/review/profile versions и сохраняет доказательства каждого результата.",,,,,M03_CASA_Pro_Credit_History_Implementation_and_Acceptance_v1.1,1.1,§17 Выходной snapshot,SRC-DOC-M03-I-00312,,,,DATA,,,,,Canonicalized from 1 candidate row(s); source text preserved in 10_SOURCE_EXTRACTS.csv.
M03-CAN-0400,m03.current_1_0.data_contract.751f3f494a926f53,1.0,CURRENT_1_0,M03,Кредитная история,DATA_CONTRACT,SNAPSHOT,§17 Выходной snapshot,"Отдаёт дальше: Идентичность источника; Содержание: bureau, report kind/date, document version/hash, pages, template/version.","Отдаёт дальше: Идентичность источника; Содержание: bureau, report kind/date, document version/hash, pages, template/version.",,,,,M03_CASA_Pro_Credit_History_Implementation_and_Acceptance_v1.1,1.1,§17 Выходной snapshot,SRC-DOC-M03-I-00314,,,,DATA,,,,,Canonicalized from 1 candidate row(s); source text preserved in 10_SOURCE_EXTRACTS.csv.
M03-CAN-0401,m03.current_1_0.security_control.151eebb26eb4bddc,1.0,CURRENT_1_0,M03,Кредитная история,SECURITY_CONTROL,CONSENT,§17 Выходной snapshot,"Отдаёт дальше: Verification; Содержание: file integrity, authenticity, extraction, reconciliation, manual review, consent evidence.","Отдаёт дальше: Verification; Содержание: file integrity, authenticity, extraction, reconciliation, manual review, consent evidence.",,,,,M03_CASA_Pro_Credit_History_Implementation_and_Acceptance_v1.1,1.1,§17 Выходной snapshot,SRC-DOC-M03-I-00315,,,,LEGAL,,,,,Canonicalized from 1 candidate row(s); source text preserved in 10_SOURCE_EXTRACTS.csv.
M03-CAN-0402,m03.current_1_0.data_contract.a3e5c2824927a6bf,1.0,CURRENT_1_0,M03,Кредитная история,DATA_CONTRACT,SNAPSHOT,§17 Выходной snapshot,"Отдаёт дальше: Current debt profile; Содержание: активные lineages, balances, payment kind/value/frequency, current DPD/as_of, roles, cards, MFO, UNKNOWN/stale.","Отдаёт дальше: Current debt profile; Содержание: активные lineages, balances, payment kind/value/frequency, current DPD/as_of, roles, cards, MFO, UNKNOWN/stale.",,,,UNKNOWN|STALE,M03_CASA_Pro_Credit_History_Implementation_and_Acceptance_v1.1,1.1,§17 Выходной snapshot,SRC-DOC-M03-I-00316,,,,DATA,,,,,Canonicalized from 1 candidate row(s); source text preserved in 10_SOURCE_EXTRACTS.csv.
M03-CAN-0403,m03.current_1_0.data_contract.6f3314b97036f55c,1.0,CURRENT_1_0,M03,Кредитная история,DATA_CONTRACT,SNAPSHOT,§17 Выходной snapshot,"Отдаёт дальше: Historical profile; Содержание: lineages, closed/old records, lifetime DPD, monthly observations, assignments, collector, restructuring, write-off/forgiveness/rehab.","Отдаёт дальше: Historical profile; Содержание: lineages, closed/old records, lifetime DPD, monthly observations, assignments, collector, restructuring, write-off/forgiveness/rehab.",,,,,M03_CASA_Pro_Credit_History_Implementation_and_Acceptance_v1.1,1.1,§17 Выходной snapshot,SRC-DOC-M03-I-00317,,,,DATA,,,,,Canonicalized from 1 candidate row(s); source text preserved in 10_SOURCE_EXTRACTS.csv.
M03-CAN-0404,m03.current_1_0.data_contract.298106c33019d815,1.0,CURRENT_1_0,M03,Кредитная история,DATA_CONTRACT,SNAPSHOT,§17 Выходной snapshot,Отдаёт дальше: События; Содержание: applications и inquiries с исходными датами/классами; PKR как dated bureau fact; embedded facts отдельно.,Отдаёт дальше: События; Содержание: applications и inquiries с исходными датами/классами; PKR как dated bureau fact; embedded facts отдельно.,,,,,M03_CASA_Pro_Credit_History_Implementation_and_Acceptance_v1.1,1.1,§17 Выходной snapshot,SRC-DOC-M03-I-00318,,,,DATA,,,,,Canonicalized from 1 candidate row(s); source text preserved in 10_SOURCE_EXTRACTS.csv.
M03-CAN-0405,m03.current_1_0.data_contract.2444c36a887e1e60,1.0,CURRENT_1_0,M03,Кредитная история,DATA_CONTRACT,SNAPSHOT,§17 Выходной snapshot,"Отдаёт дальше: Качество; Содержание: blocking/warnings/unknown counts, review flags, reconciliation IDs.","Отдаёт дальше: Качество; Содержание: blocking/warnings/unknown counts, review flags, reconciliation IDs.",,,,UNKNOWN,M03_CASA_Pro_Credit_History_Implementation_and_Acceptance_v1.1,1.1,§17 Выходной snapshot,SRC-DOC-M03-I-00319,,,,DATA,,,,,Canonicalized from 1 candidate row(s); source text preserved in 10_SOURCE_EXTRACTS.csv.
M03-CAN-0406,m03.current_1_0.data_contract.8efd20699287e2bc,1.0,CURRENT_1_0,M03,Кредитная история,DATA_CONTRACT,SNAPSHOT,§17 Выходной snapshot,"Отдаёт дальше: Evidence; Содержание: IDs, page/bbox/crop/hash для фактов и решений.","Отдаёт дальше: Evidence; Содержание: IDs, page/bbox/crop/hash для фактов и решений.",,,,,M03_CASA_Pro_Credit_History_Implementation_and_Acceptance_v1.1,1.1,§17 Выходной snapshot,SRC-DOC-M03-I-00320,,,,DATA,,,,,Canonicalized from 1 candidate row(s); source text preserved in 10_SOURCE_EXTRACTS.csv.
M03-CAN-0407,m03.current_1_0.implementation_detail.9a6f411e04371db9,1.0,CURRENT_1_0,M03,Кредитная история,IMPLEMENTATION_DETAIL,PARSER,§17 Выходной snapshot,"Отдаёт дальше: Версии; Содержание: parser, normalizer, dedup, profile, schema и snapshot hash.","Отдаёт дальше: Версии; Содержание: parser, normalizer, dedup, profile, schema и snapshot hash.",,,,,M03_CASA_Pro_Credit_History_Implementation_and_Acceptance_v1.1,1.1,§17 Выходной snapshot,SRC-DOC-M03-I-00321,,,,DATA|PARSER,,,,,Canonicalized from 1 candidate row(s); source text preserved in 10_SOURCE_EXTRACTS.csv.
M03-CAN-0408,m03.current_1_0.product_semantic.a5dcb07768ebb410,1.0,CURRENT_1_0,M03,Кредитная история,PRODUCT_SEMANTIC,BUSINESS_RULE,§19 Regression tests,Этот документ не дублирует 90 тестов. Полный обязательный suite остаётся в Production Spec §18.1–18.8 и принимается строкой AT-CH-SUITE-01. Ниже — реализационные блоки и их существующая трассировка.,Этот документ не дублирует 90 тестов. Полный обязательный suite остаётся в Production Spec §18.1–18.8 и принимается строкой AT-CH-SUITE-01. Ниже — реализационные блоки и их существующая трассировка.,,,,,M03_CASA_Pro_Credit_History_Implementation_and_Acceptance_v1.1,1.1,§19 Regression tests,SRC-DOC-M03-I-00354,AT-CH-SUITE-01,,,PRODUCT,,,,M03-TASK-007|M03-TASK-014|M03-TASK-021,Canonicalized from 1 candidate row(s); source text preserved in 10_SOURCE_EXTRACTS.csv.
M03-CAN-0409,m03.current_1_0.ux_requirement.b634c5ab40e1bb55,1.0,CURRENT_1_0,M03,Кредитная история,UX_REQUIREMENT,UI,§2 Назначение модуля,"Модуль принимает документ, проверяет его, извлекает напечатанные факты с доказательствами, сохраняет каждую исходную запись, строит канонические линии долга, разделяет текущую нагрузку и историю, закрывает критичные вопросы с участием брокера и публикует воспроизводимый снимок.","Модуль принимает документ, проверяет его, извлекает напечатанные факты с доказательствами, сохраняет каждую исходную запись, строит канонические линии долга, разделяет текущую нагрузку и историю, закрывает критичные вопросы с участием брокера и публикует воспроизводимый снимок.",,,,,M03_CASA_Pro_Credit_History_Implementation_and_Acceptance_v1.1,1.1,§2 Назначение модуля,SRC-DOC-M03-I-00025,,,,MULTI_LAYER,,,,,Canonicalized from 1 candidate row(s); source text preserved in 10_SOURCE_EXTRACTS.csv.
M03-CAN-0410,m03.current_1_0.product_semantic.ee3ca7c3c7e6174c,1.0,CURRENT_1_0,M03,Кредитная история,PRODUCT_SEMANTIC,BUSINESS_RULE,§2 Назначение модуля,"НЕ ЕГО РЕШЕНИЕ  Модуль не определяет, подходит ли клиент банку, не считает банковский КДН, не выбирает ипотечную программу, не присваивает оценку «хорошая/плохая КИ» и не создаёт CASA Score.: НЕ ЕГО РЕШЕНИЕ  Модуль не определяет, подходит ли клиент банку, не считает банковский КДН, не выбирает ипотечную программу, не присваивает оценку «хорошая/плохая КИ» и не создаёт CASA Score.","НЕ ЕГО РЕШЕНИЕ  Модуль не определяет, подходит ли клиент банку, не считает банковский КДН, не выбирает ипотечную программу, не присваивает оценку «хорошая/плохая КИ» и не создаёт CASA Score.: НЕ ЕГО РЕШЕНИЕ  Модуль не определяет, подходит ли клиент банку, не считает банковский КДН, не выбирает ипотечную программу, не присваивает оценку «хорошая/плохая КИ» и не создаёт CASA Score.",,,,,M03_CASA_Pro_Credit_History_Implementation_and_Acceptance_v1.1,1.1,§2 Назначение модуля,SRC-DOC-M03-I-00026,,,,MULTI_LAYER,,,,,Canonicalized from 1 candidate row(s); source text preserved in 10_SOURCE_EXTRACTS.csv.
M03-CAN-0411,m03.current_1_0.implementation_detail.484c12493a30be82,1.0,CURRENT_1_0,M03,Кредитная история,IMPLEMENTATION_DETAIL,PARSER,§20 Разбор текущего демо,"ОСНОВАНИЕ ПРЯМОГО СРАВНЕНИЯ  Предоставлены четыре фактических скриншота pro.casa.kz и файл PKO.pdf. Совпадают имя файла, бюро FCB, тип FULL_PERSONAL, дата/время отчёта 08.08.2026 09:51:38 и рейтинг бюро 636. Поэтому видимые значения интерфейса можно сопоставить с приложенным PDF и fixture M03. По скриншотам не делается вывод о скрытой причине в backend/parser.: ОСНОВАНИЕ ПРЯМОГО СРАВНЕНИЯ  Предоставлены четыре фактических скриншота pro.casa.kz и файл PKO.pdf. Совпадают имя файла, бюро FCB, тип FULL_PERSONAL, дата/время отчёта 08.08.2026 09:51:38 и рейтинг бюро 636. Поэтому видимые значения интерфейса можно сопоставить с приложенным PDF и fixture M03. По скриншотам не делается вывод о скрытой причине в backend/parser.","ОСНОВАНИЕ ПРЯМОГО СРАВНЕНИЯ  Предоставлены четыре фактических скриншота pro.casa.kz и файл PKO.pdf. Совпадают имя файла, бюро FCB, тип FULL_PERSONAL, дата/время отчёта 08.08.2026 09:51:38 и рейтинг бюро 636. Поэтому видимые значения интерфейса можно сопоставить с приложенным PDF и fixture M03. По скриншотам не делается вывод о скрытой причине в backend/parser.: ОСНОВАНИЕ ПРЯМОГО СРАВНЕНИЯ  Предоставлены четыре фактических скриншота pro.casa.kz и файл PKO.pdf. Совпадают имя файла, бюро FCB, тип FULL_PERSONAL, дата/время отчёта 08.08.2026 09:51:38 и рейтинг бюро 636. Поэтому видимые значения интерфейса можно сопоставить с приложенным PDF и fixture M03. По скриншотам не делается вывод о скрытой причине в backend/parser.",,,,,M03_CASA_Pro_Credit_History_Implementation_and_Acceptance_v1.1,1.1,§20 Разбор текущего демо,SRC-DOC-M03-I-00375,,,,BACKEND|PARSER|QA,,,,,Canonicalized from 1 candidate row(s); source text preserved in 10_SOURCE_EXTRACTS.csv.
M03-CAN-0412,m03.current_1_0.implementation_detail.ab9cdbb10a59b0c8,1.0,CURRENT_1_0,M03,Кредитная история,IMPLEMENTATION_DETAIL,API,§20 Текущая реализация → целевая,"ACTUAL И ROOT CAUSE НЕ ВЫДУМЫВАТЬ  Скриншоты подтверждают фактический UI output, а приложенный PKO.pdf — ожидаемые исходные данные. Они не доказывают, в каком слое возникла ошибка. BUG-CH-001 остаётся NOT_TESTED в Acceptance Matrix, пока QA не выполнит FX-CH-REG-001, не зафиксирует API и UI actual 0/0 и не приложит evidence.: ACTUAL И ROOT CAUSE НЕ ВЫДУМЫВАТЬ  Скриншоты подтверждают фактический UI output, а приложенный PKO.pdf — ожидаемые исходные данные. Они не доказывают, в каком слое возникла ошибка. BUG-CH-001 остаётся NOT_TESTED в Acceptance Matrix, пока QA не выполнит FX-CH-REG-001, не зафиксирует API и UI actual 0/0 и не приложит evidence.","ACTUAL И ROOT CAUSE НЕ ВЫДУМЫВАТЬ  Скриншоты подтверждают фактический UI output, а приложенный PKO.pdf — ожидаемые исходные данные. Они не доказывают, в каком слое возникла ошибка. BUG-CH-001 остаётся NOT_TESTED в Acceptance Matrix, пока QA не выполнит FX-CH-REG-001, не зафиксирует API и UI actual 0/0 и не приложит evidence.: ACTUAL И ROOT CAUSE НЕ ВЫДУМЫВАТЬ  Скриншоты подтверждают фактический UI output, а приложенный PKO.pdf — ожидаемые исходные данные. Они не доказывают, в каком слое возникла ошибка. BUG-CH-001 остаётся NOT_TESTED в Acceptance Matrix, пока QA не выполнит FX-CH-REG-001, не зафиксирует API и UI actual 0/0 и не приложит evidence.",,,,,M03_CASA_Pro_Credit_History_Implementation_and_Acceptance_v1.1,1.1,§20 Текущая реализация → целевая,SRC-DOC-M03-I-00411,CH-001|CH-REG-001,,,BACKEND|FRONTEND|PARSER|QA,,,,M03-TASK-001,Canonicalized from 1 candidate row(s); source text preserved in 10_SOURCE_EXTRACTS.csv.
M03-CAN-0413,m03.current_1_0.data_contract.29e2a24d1bc863e4,1.0,CURRENT_1_0,M03,Кредитная история,DATA_CONTRACT,PROVENANCE,§21 Как принимается M03,QA работает в существующей Acceptance Matrix v1.1: Expected и Actual остаются разными полями; статус выставляется только по фактическому evidence. Этот документ не создаёт новую матрицу и не меняет её строки.,QA работает в существующей Acceptance Matrix v1.1: Expected и Actual остаются разными полями; статус выставляется только по фактическому evidence. Этот документ не создаёт новую матрицу и не меняет её строки.,,,,,M03_CASA_Pro_Credit_History_Implementation_and_Acceptance_v1.1,1.1,§21 Как принимается M03,SRC-DOC-M03-I-00420,,,,QA,,,,,Canonicalized from 1 candidate row(s); source text preserved in 10_SOURCE_EXTRACTS.csv.
M03-CAN-0414,m03.current_1_0.product_semantic.b1e74373be1865c1,1.0,CURRENT_1_0,M03,Кредитная история,PRODUCT_SEMANTIC,BUSINESS_RULE,§21 Как принимается M03,DONE gate: Regression; Объективное условие: FX-CH-REG-001 даёт все exact outputs раздела 18; CH-001…CH-090 PASS.; Связь: RG3; AT-CH-SUITE-01,DONE gate: Regression; Объективное условие: FX-CH-REG-001 даёт все exact outputs раздела 18; CH-001…CH-090 PASS.; Связь: RG3; AT-CH-SUITE-01,,,,,M03_CASA_Pro_Credit_History_Implementation_and_Acceptance_v1.1,1.1,§21 Как принимается M03,SRC-DOC-M03-I-00422,CH-REG-001|CH-001|CH-090|AT-CH-SUITE-01,,,MULTI_LAYER,,RG3,RG3,M03-TASK-001|M03-TASK-007|M03-TASK-014|M03-TASK-021,Canonicalized from 1 candidate row(s); source text preserved in 10_SOURCE_EXTRACTS.csv.
M03-CAN-0415,m03.current_1_0.implementation_detail.14ba4f560c6253bc,1.0,CURRENT_1_0,M03,Кредитная история,IMPLEMENTATION_DETAIL,API,§21 Как принимается M03,DONE gate: Current/history; Объективное условие: current DPD и lifetime DPD разделены в schema/API/UI; BUG-CH-001 фактически retested.; Связь: AT-CH-BUG-001; CH-053,DONE gate: Current/history; Объективное условие: current DPD и lifetime DPD разделены в schema/API/UI; BUG-CH-001 фактически retested.; Связь: AT-CH-BUG-001; CH-053,,,,,M03_CASA_Pro_Credit_History_Implementation_and_Acceptance_v1.1,1.1,§21 Как принимается M03,SRC-DOC-M03-I-00423,CH-001|AT-CH-BUG-001|CH-053,,,BACKEND|DATA|QA,,,,M03-TASK-001|M03-TASK-008|M03-TASK-011|M03-TASK-022|M03-TASK-018,Canonicalized from 1 candidate row(s); source text preserved in 10_SOURCE_EXTRACTS.csv.
M03-CAN-0416,m03.current_1_0.product_semantic.8ea453b9fbe46846,1.0,CURRENT_1_0,M03,Кредитная история,PRODUCT_SEMANTIC,BUSINESS_RULE,§21 Как принимается M03,DONE gate: Debt integrity; Объективное условие: Нет double count: chain 1705551 = 1 lineage/current balance 0; two cards separate.; Связь: CH-041/042/046,DONE gate: Debt integrity; Объективное условие: Нет double count: chain 1705551 = 1 lineage/current balance 0; two cards separate.; Связь: CH-041/042/046,,,,,M03_CASA_Pro_Credit_History_Implementation_and_Acceptance_v1.1,1.1,§21 Как принимается M03,SRC-DOC-M03-I-00424,CH-041,,,MULTI_LAYER,,,,M03-TASK-009,Canonicalized from 1 candidate row(s); source text preserved in 10_SOURCE_EXTRACTS.csv.
M03-CAN-0417,m03.current_1_0.product_semantic.9a7ebdfbf847214b,1.0,CURRENT_1_0,M03,Кредитная история,PRODUCT_SEMANTIC,BUSINESS_RULE,§21 Как принимается M03,DONE gate: UNKNOWN; Объективное условие: Critical unknown не становится 0/false/clean/partial silent sum.; Связь: RG8; CH-026/040,DONE gate: UNKNOWN; Объективное условие: Critical unknown не становится 0/false/clean/partial silent sum.; Связь: RG8; CH-026/040,,,,UNKNOWN,M03_CASA_Pro_Credit_History_Implementation_and_Acceptance_v1.1,1.1,§21 Как принимается M03,SRC-DOC-M03-I-00425,CH-026,,CRITICAL,MULTI_LAYER,,RG8,RG8,M03-TASK-006,Canonicalized from 1 candidate row(s); source text preserved in 10_SOURCE_EXTRACTS.csv.
M03-CAN-0418,m03.current_1_0.data_contract.ebaaf6384241184b,1.0,CURRENT_1_0,M03,Кредитная история,DATA_CONTRACT,DATA_MODEL,§21 Как принимается M03,DONE gate: Evidence/review; Объективное условие: Источник critical field открывается; confirm/correct/reason/audit/version работают.; Связь: RG7; CH-023/075/077; AT-CH-UX-002,DONE gate: Evidence/review; Объективное условие: Источник critical field открывается; confirm/correct/reason/audit/version работают.; Связь: RG7; CH-023/075/077; AT-CH-UX-002,,,,,M03_CASA_Pro_Credit_History_Implementation_and_Acceptance_v1.1,1.1,§21 Как принимается M03,SRC-DOC-M03-I-00426,CH-023|AT-CH-UX-002,,CRITICAL,DATA,,RG7,RG7,M03-TASK-005|M03-TASK-015,Canonicalized from 1 candidate row(s); source text preserved in 10_SOURCE_EXTRACTS.csv.
M03-CAN-0419,m03.current_1_0.boundary.df9fea14775208cc,1.0,CURRENT_1_0,M03,Кредитная история,BOUNDARY,FORBIDDEN,§21 Как принимается M03,DONE gate: Human UI; Объективное условие: Внутренние коды и запрещённые verdict labels не являются broker text.; Связь: RG9; CH-082/090; AT-CH-UX-003,,DONE gate: Human UI; Объективное условие: Внутренние коды и запрещённые verdict labels не являются broker text.; Связь: RG9; CH-082/090; AT-CH-UX-003,,,,M03_CASA_Pro_Credit_History_Implementation_and_Acceptance_v1.1,1.1,§21 Как принимается M03,SRC-DOC-M03-I-00427,CH-082|AT-CH-UX-003,,,FRONTEND,,RG9,RG9,,Canonicalized from 1 candidate row(s); source text preserved in 10_SOURCE_EXTRACTS.csv.
M03-CAN-0420,m03.current_1_0.data_contract.1e4546a0f09bba1d,1.0,CURRENT_1_0,M03,Кредитная история,DATA_CONTRACT,SNAPSHOT,§21 Как принимается M03,DONE gate: Snapshot; Объективное условие: Blocking task закрыта; immutable snapshot воспроизводим и нейтрален.; Связь: CH-077/082/085,DONE gate: Snapshot; Объективное условие: Blocking task закрыта; immutable snapshot воспроизводим и нейтрален.; Связь: CH-077/082/085,,,,,M03_CASA_Pro_Credit_History_Implementation_and_Acceptance_v1.1,1.1,§21 Как принимается M03,SRC-DOC-M03-I-00428,CH-077,,,DATA,,,,M03-TASK-015|M03-TASK-019,Canonicalized from 1 candidate row(s); source text preserved in 10_SOURCE_EXTRACTS.csv.
M03-CAN-0421,m03.current_1_0.security_control.50f7ef2ea76a9e1d,1.0,CURRENT_1_0,M03,Кредитная история,SECURITY_CONTROL,SECURITY,§21 Как принимается M03,DONE gate: Security; Объективное условие: Consent/ACL/isolation/redaction/malware controls проходят тесты.; Связь: CH-001/005/007; source CH-079–083,DONE gate: Security; Объективное условие: Consent/ACL/isolation/redaction/malware controls проходят тесты.; Связь: CH-001/005/007; source CH-079–083,,,,,M03_CASA_Pro_Credit_History_Implementation_and_Acceptance_v1.1,1.1,§21 Как принимается M03,SRC-DOC-M03-I-00429,CH-001|CH-079,,,SECURITY|LEGAL,,,,M03-TASK-001|M03-TASK-020,Canonicalized from 1 candidate row(s); source text preserved in 10_SOURCE_EXTRACTS.csv.
M03-CAN-0422,m03.current_1_0.product_semantic.2c564bab37369370,1.0,CURRENT_1_0,M03,Кредитная история,PRODUCT_SEMANTIC,BUSINESS_RULE,§21 Как принимается M03,DONE gate: Release; Объективное условие: Нет CRITICAL FAIL. Статусы BLOCKED закрыты внешними gates либо документированы.; Связь: RG12,DONE gate: Release; Объективное условие: Нет CRITICAL FAIL. Статусы BLOCKED закрыты внешними gates либо документированы.; Связь: RG12,,,,BLOCKED,M03_CASA_Pro_Credit_History_Implementation_and_Acceptance_v1.1,1.1,§21 Как принимается M03,SRC-DOC-M03-I-00430,,,CRITICAL,MULTI_LAYER,,RG12,RG12,,Canonicalized from 1 candidate row(s); source text preserved in 10_SOURCE_EXTRACTS.csv.
M03-CAN-0423,m03.current_1_0.data_contract.74144cd77fe043d9,1.0,CURRENT_1_0,M03,Кредитная история,DATA_CONTRACT,PROVENANCE,§21 Как принимается M03,МОДУЛЬ НЕ DONE  Если есть CRITICAL FAIL; fixture расходится; current/historical DPD смешаны; current debt задвоен; critical UNKNOWN стал нулём; evidence недоступно; internal code заменяет пользовательский текст; blocking review task не закрыта.: МОДУЛЬ НЕ DONE  Если есть CRITICAL FAIL; fixture расходится; current/historical DPD смешаны; current debt задвоен; critical UNKNOWN стал нулём; evidence недоступно; internal code заменяет пользовательский текст; blocking review task не закрыта.,МОДУЛЬ НЕ DONE  Если есть CRITICAL FAIL; fixture расходится; current/historical DPD смешаны; current debt задвоен; critical UNKNOWN стал нулём; evidence недоступно; internal code заменяет пользовательский текст; blocking review task не закрыта.: МОДУЛЬ НЕ DONE  Если есть CRITICAL FAIL; fixture расходится; current/historical DPD смешаны; current debt задвоен; critical UNKNOWN стал нулём; evidence недоступно; internal code заменяет пользовательский текст; blocking review task не закрыта.,,,,UNKNOWN,M03_CASA_Pro_Credit_History_Implementation_and_Acceptance_v1.1,1.1,§21 Как принимается M03,SRC-DOC-M03-I-00431,,,CRITICAL,QA,,,,,Canonicalized from 1 candidate row(s); source text preserved in 10_SOURCE_EXTRACTS.csv.
M03-CAN-0424,m03.current_1_0.product_semantic.98a344efa536db7e,1.0,CURRENT_1_0,M03,Кредитная история,PRODUCT_SEMANTIC,PARSER,§5 Пользовательский путь,"Шаг: 4. Обработка; Что видит/делает брокер: «Извлекаем данные» и прогресс по этапам.; Что делает система: Определяет template, text-first, selective OCR, source records, evidence.; Состояние: PROCESSING; Блокер: Unsupported template, OCR outage.","Шаг: 4. Обработка; Что видит/делает брокер: «Извлекаем данные» и прогресс по этапам.; Что делает система: Определяет template, text-first, selective OCR, source records, evidence.; Состояние: PROCESSING; Блокер: Unsupported template, OCR outage.",,,,,M03_CASA_Pro_Credit_History_Implementation_and_Acceptance_v1.1,1.1,§5 Пользовательский путь,SRC-DOC-M03-I-00061,,,,PARSER,,,,,Canonicalized from 1 candidate row(s); source text preserved in 10_SOURCE_EXTRACTS.csv.
M03-CAN-0425,m03.current_1_0.product_semantic.06723652ef141915,1.0,CURRENT_1_0,M03,Кредитная история,PRODUCT_SEMANTIC,STATE,§5 Пользовательский путь,Шаг: 5. Результат; Что видит/делает брокер: Текущие обязательства и История раздельно.; Что делает система: Строит lineages и сверяет итоги.; Состояние: NEEDS_REVIEW / PARTIALLY_VERIFIED; Блокер: Mismatch/ambiguity/critical UNKNOWN.,Шаг: 5. Результат; Что видит/делает брокер: Текущие обязательства и История раздельно.; Что делает система: Строит lineages и сверяет итоги.; Состояние: NEEDS_REVIEW / PARTIALLY_VERIFIED; Блокер: Mismatch/ambiguity/critical UNKNOWN.,,,,UNKNOWN,M03_CASA_Pro_Credit_History_Implementation_and_Acceptance_v1.1,1.1,§5 Пользовательский путь,SRC-DOC-M03-I-00062,,,CRITICAL,MULTI_LAYER,,,,,Canonicalized from 1 candidate row(s); source text preserved in 10_SOURCE_EXTRACTS.csv.
M03-CAN-0426,m03.current_1_0.product_semantic.9cca51bbdd6b594f,1.0,CURRENT_1_0,M03,Кредитная история,PRODUCT_SEMANTIC,STATE,§5 Пользовательский путь,"Шаг: 6. Проверка; Что видит/делает брокер: Открывает источник, подтверждает или исправляет.; Что делает система: Сохраняет actor/reason/before/after, пересчитывает.; Состояние: NEEDS_REVIEW; Блокер: Незакрытая critical task.","Шаг: 6. Проверка; Что видит/делает брокер: Открывает источник, подтверждает или исправляет.; Что делает система: Сохраняет actor/reason/before/after, пересчитывает.; Состояние: NEEDS_REVIEW; Блокер: Незакрытая critical task.",,,,,M03_CASA_Pro_Credit_History_Implementation_and_Acceptance_v1.1,1.1,§5 Пользовательский путь,SRC-DOC-M03-I-00063,,,CRITICAL,MULTI_LAYER,,,,,Canonicalized from 1 candidate row(s); source text preserved in 10_SOURCE_EXTRACTS.csv.
M03-CAN-0427,m03.current_1_0.security_control.0c18613f36cd84fb,1.0,CURRENT_1_0,M03,Кредитная история,SECURITY_CONTROL,CONSENT,§5 Пользовательский путь,"Шаг: 8. Подтверждение; Что видит/делает брокер: Нажимает «Подтвердить факты и создать снимок».; Что делает система: Проверяет gates и публикует immutable snapshot.; Состояние: VERIFIED_FOR_INTERNAL_USE; Блокер: Consent, subject, critical issue, lineage.","Шаг: 8. Подтверждение; Что видит/делает брокер: Нажимает «Подтвердить факты и создать снимок».; Что делает система: Проверяет gates и публикует immutable snapshot.; Состояние: VERIFIED_FOR_INTERNAL_USE; Блокер: Consent, subject, critical issue, lineage.",,,,,M03_CASA_Pro_Credit_History_Implementation_and_Acceptance_v1.1,1.1,§5 Пользовательский путь,SRC-DOC-M03-I-00065,,,CRITICAL,DATA|LEGAL,,,,,Canonicalized from 1 candidate row(s); source text preserved in 10_SOURCE_EXTRACTS.csv.
M03-CAN-0428,m03.current_1_0.implementation_detail.5432bf099928708e,1.0,CURRENT_1_0,M03,Кредитная история,IMPLEMENTATION_DETAIL,STATE,§5 Пользовательский путь,Шаг: 9. Передача; Что видит/делает брокер: Видит версию и дату снимка.; Что делает система: Передаёт neutral payload и evidence links дальше.; Состояние: SNAPSHOT READY; Блокер: Snapshot gate failed.,Шаг: 9. Передача; Что видит/делает брокер: Видит версию и дату снимка.; Что делает система: Передаёт neutral payload и evidence links дальше.; Состояние: SNAPSHOT READY; Блокер: Snapshot gate failed.,,,,,M03_CASA_Pro_Credit_History_Implementation_and_Acceptance_v1.1,1.1,§5 Пользовательский путь,SRC-DOC-M03-I-00066,,,,DATA,,,,,Canonicalized from 1 candidate row(s); source text preserved in 10_SOURCE_EXTRACTS.csv.
M03-CAN-0429,m03.current_1_0.product_semantic.eb8c7cef7ade854a,1.0,CURRENT_1_0,M03,Кредитная история,PRODUCT_SEMANTIC,STATE,§5 Пользовательский путь,Шаг: 10. Новый PDF; Что видит/делает брокер: Заменяет отчёт.; Что делает система: Создаёт новую version/snapshot; старую делает read-only.; Состояние: SUPERSEDED; Блокер: Нет.,Шаг: 10. Новый PDF; Что видит/делает брокер: Заменяет отчёт.; Что делает система: Создаёт новую version/snapshot; старую делает read-only.; Состояние: SUPERSEDED; Блокер: Нет.,,,,,M03_CASA_Pro_Credit_History_Implementation_and_Acceptance_v1.1,1.1,§5 Пользовательский путь,SRC-DOC-M03-I-00067,,,,DATA|PARSER,,,,,Canonicalized from 1 candidate row(s); source text preserved in 10_SOURCE_EXTRACTS.csv.
M03-CAN-0430,m03.current_1_0.product_semantic.b3c1a278fcbeb2bf,1.0,CURRENT_1_0,M03,Кредитная история,PRODUCT_SEMANTIC,ERROR,§5 Пользовательский путь,ПРАВИЛО ПЕРЕХОДА  Следующий шаг доступен только когда закрыты блокирующие условия текущего шага. Ошибка не превращается в зелёный итог и не стирает исходный PDF.: ПРАВИЛО ПЕРЕХОДА  Следующий шаг доступен только когда закрыты блокирующие условия текущего шага. Ошибка не превращается в зелёный итог и не стирает исходный PDF.,ПРАВИЛО ПЕРЕХОДА  Следующий шаг доступен только когда закрыты блокирующие условия текущего шага. Ошибка не превращается в зелёный итог и не стирает исходный PDF.: ПРАВИЛО ПЕРЕХОДА  Следующий шаг доступен только когда закрыты блокирующие условия текущего шага. Ошибка не превращается в зелёный итог и не стирает исходный PDF.,,,,,M03_CASA_Pro_Credit_History_Implementation_and_Acceptance_v1.1,1.1,§5 Пользовательский путь,SRC-DOC-M03-I-00068,,,,PARSER,,,,,Canonicalized from 1 candidate row(s); source text preserved in 10_SOURCE_EXTRACTS.csv.
M03-CAN-0431,m03.current_1_0.product_semantic.eb0ee562a0b05741,1.0,CURRENT_1_0,M03,Кредитная история,PRODUCT_SEMANTIC,CALCULATION,§7 Текущие обязательства,"ЕДИНИЦА РАСЧЁТА  Текущий долг считается по актуальному узлу каждой канонической линии долга, а не по количеству напечатанных source records.: ЕДИНИЦА РАСЧЁТА  Текущий долг считается по актуальному узлу каждой канонической линии долга, а не по количеству напечатанных source records.","ЕДИНИЦА РАСЧЁТА  Текущий долг считается по актуальному узлу каждой канонической линии долга, а не по количеству напечатанных source records.: ЕДИНИЦА РАСЧЁТА  Текущий долг считается по актуальному узлу каждой канонической линии долга, а не по количеству напечатанных source records.",,,,,M03_CASA_Pro_Credit_History_Implementation_and_Acceptance_v1.1,1.1,§7 Текущие обязательства,SRC-DOC-M03-I-00115,,,,MULTI_LAYER,,,,,Canonicalized from 1 candidate row(s); source text preserved in 10_SOURCE_EXTRACTS.csv.
M03-CAN-0432,m03.current_1_0.product_semantic.817989897aaa3cef,1.0,CURRENT_1_0,M03,Кредитная история,PRODUCT_SEMANTIC,BUSINESS_RULE,§7 Текущие обязательства,Шаг алгоритма: 1. Выбрать subject; Обязательное поведение: Не включать records другого участника/роли без явного правила релевантности.; Блокировка: SUBJECT_MISMATCH.,Шаг алгоритма: 1. Выбрать subject; Обязательное поведение: Не включать records другого участника/роли без явного правила релевантности.; Блокировка: SUBJECT_MISMATCH.,,,,,M03_CASA_Pro_Credit_History_Implementation_and_Acceptance_v1.1,1.1,§7 Текущие обязательства,SRC-DOC-M03-I-00117,,,,MULTI_LAYER,,,,,Canonicalized from 1 candidate row(s); source text preserved in 10_SOURCE_EXTRACTS.csv.
M03-CAN-0433,m03.current_1_0.product_semantic.308dcebf410c9d2d,1.0,CURRENT_1_0,M03,Кредитная история,PRODUCT_SEMANTIC,BUSINESS_RULE,§7 Текущие обязательства,Шаг алгоритма: 2. Построить lineages; Обязательное поведение: Source record не удаляется; связи доказуемы и версионны.; Блокировка: Ambiguous link.,Шаг алгоритма: 2. Построить lineages; Обязательное поведение: Source record не удаляется; связи доказуемы и версионны.; Блокировка: Ambiguous link.,,,,,M03_CASA_Pro_Credit_History_Implementation_and_Acceptance_v1.1,1.1,§7 Текущие обязательства,SRC-DOC-M03-I-00118,,,,MULTI_LAYER,,,,,Canonicalized from 1 candidate row(s); source text preserved in 10_SOURCE_EXTRACTS.csv.
M03-CAN-0434,m03.current_1_0.product_semantic.078ef526a3e41b8e,1.0,CURRENT_1_0,M03,Кредитная история,PRODUCT_SEMANTIC,BUSINESS_RULE,§7 Текущие обязательства,"Шаг алгоритма: 3. Определить current node; Обязательное поведение: Сравнить record_as_of, phase и направление assignor → assignee.; Блокировка: AMBIGUOUS_CURRENT_NODE.","Шаг алгоритма: 3. Определить current node; Обязательное поведение: Сравнить record_as_of, phase и направление assignor → assignee.; Блокировка: AMBIGUOUS_CURRENT_NODE.",,,,,M03_CASA_Pro_Credit_History_Implementation_and_Acceptance_v1.1,1.1,§7 Текущие обязательства,SRC-DOC-M03-I-00119,,,,MULTI_LAYER,,,,,Canonicalized from 1 candidate row(s); source text preserved in 10_SOURCE_EXTRACTS.csv.
M03-CAN-0435,m03.current_1_0.product_semantic.dbee8026fceb9810,1.0,CURRENT_1_0,M03,Кредитная история,PRODUCT_SEMANTIC,BUSINESS_RULE,§7 Текущие обязательства,Шаг алгоритма: 4. Отфильтровать current; Обязательное поведение: Только ACTIVE lineages; assigned-out predecessor и closed node исключаются.; Блокировка: UNKNOWN phase/current node.,Шаг алгоритма: 4. Отфильтровать current; Обязательное поведение: Только ACTIVE lineages; assigned-out predecessor и closed node исключаются.; Блокировка: UNKNOWN phase/current node.,,,,UNKNOWN,M03_CASA_Pro_Credit_History_Implementation_and_Acceptance_v1.1,1.1,§7 Текущие обязательства,SRC-DOC-M03-I-00120,,,,MULTI_LAYER,,,,,Canonicalized from 1 candidate row(s); source text preserved in 10_SOURCE_EXTRACTS.csv.
M03-CAN-0436,m03.current_1_0.product_semantic.0d2a437285e94648,1.0,CURRENT_1_0,M03,Кредитная история,PRODUCT_SEMANTIC,VALIDATION,§7 Текущие обязательства,Шаг алгоритма: 5. Взять current amount; Обязательное поведение: Один validated outstanding на lineage; currency обязательна.; Блокировка: BLANK/UNREADABLE/UNKNOWN.,Шаг алгоритма: 5. Взять current amount; Обязательное поведение: Один validated outstanding на lineage; currency обязательна.; Блокировка: BLANK/UNREADABLE/UNKNOWN.,,,,BLANK|UNKNOWN,M03_CASA_Pro_Credit_History_Implementation_and_Acceptance_v1.1,1.1,§7 Текущие обязательства,SRC-DOC-M03-I-00121,,,,MULTI_LAYER,,,,,Canonicalized from 1 candidate row(s); source text preserved in 10_SOURCE_EXTRACTS.csv.
M03-CAN-0437,m03.current_1_0.product_semantic.6f9daa5d4b208c54,1.0,CURRENT_1_0,M03,Кредитная история,PRODUCT_SEMANTIC,BUSINESS_RULE,§7 Текущие обязательства,Шаг алгоритма: 6. Взять reported payment; Обязательное поведение: Сохранить payment kind и frequency; не оценивать bank-adjusted payment.; Блокировка: Critical payment unresolved.,Шаг алгоритма: 6. Взять reported payment; Обязательное поведение: Сохранить payment kind и frequency; не оценивать bank-adjusted payment.; Блокировка: Critical payment unresolved.,,,,,M03_CASA_Pro_Credit_History_Implementation_and_Acceptance_v1.1,1.1,§7 Текущие обязательства,SRC-DOC-M03-I-00122,,,CRITICAL,MULTI_LAYER,,,,,Canonicalized from 1 candidate row(s); source text preserved in 10_SOURCE_EXTRACTS.csv.
M03-CAN-0438,m03.current_1_0.product_semantic.4277fb466b42cb08,1.0,CURRENT_1_0,M03,Кредитная история,PRODUCT_SEMANTIC,BUSINESS_RULE,§7 Текущие обязательства,Шаг алгоритма: 7. Сверить; Обязательное поведение: Totals должны пройти REC-005/REC-006/REC-009/REC-010.; Блокировка: Affected metric не публикуется.,Шаг алгоритма: 7. Сверить; Обязательное поведение: Totals должны пройти REC-005/REC-006/REC-009/REC-010.; Блокировка: Affected metric не публикуется.,,,,,M03_CASA_Pro_Credit_History_Implementation_and_Acceptance_v1.1,1.1,§7 Текущие обязательства,SRC-DOC-M03-I-00123,,,,MULTI_LAYER,,,,,Canonicalized from 1 candidate row(s); source text preserved in 10_SOURCE_EXTRACTS.csv.
M03-CAN-0439,m03.current_1_0.product_semantic.2d482d6a4f40c9fe,1.0,CURRENT_1_0,M03,Кредитная история,PRODUCT_SEMANTIC,FORMULA,§7 Текущие обязательства,Шаг алгоритма: 8. Зафиксировать; Обязательное поведение: Профиль хранит input IDs и version формулы/profile.; Блокировка: Нет reproducibility.,Шаг алгоритма: 8. Зафиксировать; Обязательное поведение: Профиль хранит input IDs и version формулы/profile.; Блокировка: Нет reproducibility.,,,,,M03_CASA_Pro_Credit_History_Implementation_and_Acceptance_v1.1,1.1,§7 Текущие обязательства,SRC-DOC-M03-I-00124,,,,MULTI_LAYER,,,,,Canonicalized from 1 candidate row(s); source text preserved in 10_SOURCE_EXTRACTS.csv.
M03-CAN-0440,m03.current_1_0.product_semantic.96892f99991b3ffb,1.0,CURRENT_1_0,M03,Кредитная история,PRODUCT_SEMANTIC,BUSINESS_RULE,§8 Историческая кредитная история,"История хранит факты, которые важны для последующих модулей, но не являются текущей нагрузкой. Закрытие, реабилитация или уступка не стирают исходные события.","История хранит факты, которые важны для последующих модулей, но не являются текущей нагрузкой. Закрытие, реабилитация или уступка не стирают исходные события.",,,,,M03_CASA_Pro_Credit_History_Implementation_and_Acceptance_v1.1,1.1,§8 Историческая кредитная история,SRC-DOC-M03-I-00130,,,,MULTI_LAYER,,,,,Canonicalized from 1 candidate row(s); source text preserved in 10_SOURCE_EXTRACTS.csv.
M03-CAN-0441,m03.current_1_0.product_semantic.ce62bad632bc66e4,1.0,CURRENT_1_0,M03,Кредитная история,PRODUCT_SEMANTIC,BUSINESS_RULE,§8 Историческая кредитная история,Группа: Договоры; Хранить отдельно: Все 30 source blocks; 29 lineages; закрытые и старше пяти лет.; Не делать: Не включать закрытые линии в current debt.,Группа: Договоры; Хранить отдельно: Все 30 source blocks; 29 lineages; закрытые и старше пяти лет.; Не делать: Не включать закрытые линии в current debt.,,,,,M03_CASA_Pro_Credit_History_Implementation_and_Acceptance_v1.1,1.1,§8 Историческая кредитная история,SRC-DOC-M03-I-00132,,,,MULTI_LAYER,,,,,Canonicalized from 1 candidate row(s); source text preserved in 10_SOURCE_EXTRACTS.csv.
M03-CAN-0442,m03.current_1_0.product_semantic.7471be08a70ec7c7,1.0,CURRENT_1_0,M03,Кредитная история,PRODUCT_SEMANTIC,BUSINESS_RULE,§8 Историческая кредитная история,"Группа: Просрочки; Хранить отдельно: Source rows with historical DPD, canonical lineages, lifetime max, monthly observations, estimated episodes/UNKNOWN.; Не делать: Не использовать термин «число просрочек» без единицы.","Группа: Просрочки; Хранить отдельно: Source rows with historical DPD, canonical lineages, lifetime max, monthly observations, estimated episodes/UNKNOWN.; Не делать: Не использовать термин «число просрочек» без единицы.",,,,UNKNOWN,M03_CASA_Pro_Credit_History_Implementation_and_Acceptance_v1.1,1.1,§8 Историческая кредитная история,SRC-DOC-M03-I-00133,,,,MULTI_LAYER,,,,,Canonicalized from 1 candidate row(s); source text preserved in 10_SOURCE_EXTRACTS.csv.
M03-CAN-0443,m03.current_1_0.product_semantic.95ec13928a0305f2,1.0,CURRENT_1_0,M03,Кредитная история,PRODUCT_SEMANTIC,BUSINESS_RULE,§8 Историческая кредитная история,"Группа: МФО; Хранить отдельно: 24 source records, canonical MFO lineages, активность отдельно.; Не делать: Не показывать 24 как активные МФО.","Группа: МФО; Хранить отдельно: 24 source records, canonical MFO lineages, активность отдельно.; Не делать: Не показывать 24 как активные МФО.",,,,,M03_CASA_Pro_Credit_History_Implementation_and_Acceptance_v1.1,1.1,§8 Историческая кредитная история,SRC-DOC-M03-I-00134,,,,MULTI_LAYER,,,,,Canonicalized from 1 candidate row(s); source text preserved in 10_SOURCE_EXTRACTS.csv.
M03-CAN-0444,m03.current_1_0.product_semantic.382223a3cb455a9d,1.0,CURRENT_1_0,M03,Кредитная история,PRODUCT_SEMANTIC,BUSINESS_RULE,§8 Историческая кредитная история,"Группа: События; Хранить отдельно: Уступка, коллектор, реструктуризация, списание, прощение, реабилитация.; Не делать: Не выводить phase из одного event.","Группа: События; Хранить отдельно: Уступка, коллектор, реструктуризация, списание, прощение, реабилитация.; Не делать: Не выводить phase из одного event.",,,,,M03_CASA_Pro_Credit_History_Implementation_and_Acceptance_v1.1,1.1,§8 Историческая кредитная история,SRC-DOC-M03-I-00135,,,,MULTI_LAYER,,,,,Canonicalized from 1 candidate row(s); source text preserved in 10_SOURCE_EXTRACTS.csv.
M03-CAN-0445,m03.current_1_0.product_semantic.0b57c1f0d58aa485,1.0,CURRENT_1_0,M03,Кредитная история,PRODUCT_SEMANTIC,BUSINESS_RULE,§8 Историческая кредитная история,Группа: Заявки; Хранить отдельно: Уникальные source application IDs и события.; Не делать: Не merge по одинаковым банку/сумме/дате.,Группа: Заявки; Хранить отдельно: Уникальные source application IDs и события.; Не делать: Не merge по одинаковым банку/сумме/дате.,,,,,M03_CASA_Pro_Credit_History_Implementation_and_Acceptance_v1.1,1.1,§8 Историческая кредитная история,SRC-DOC-M03-I-00136,,,,MULTI_LAYER,,,,,Canonicalized from 1 candidate row(s); source text preserved in 10_SOURCE_EXTRACTS.csv.
M03-CAN-0446,m03.current_1_0.product_semantic.3938d3865696b9e0,1.0,CURRENT_1_0,M03,Кредитная история,PRODUCT_SEMANTIC,BUSINESS_RULE,§8 Историческая кредитная история,Группа: Запросы; Хранить отдельно: 130 строк; creditor/self/other/unknown; окна от report_at.; Не делать: UNKNOWN inquiry не считать creditor.,Группа: Запросы; Хранить отдельно: 130 строк; creditor/self/other/unknown; окна от report_at.; Не делать: UNKNOWN inquiry не считать creditor.,,,,UNKNOWN,M03_CASA_Pro_Credit_History_Implementation_and_Acceptance_v1.1,1.1,§8 Историческая кредитная история,SRC-DOC-M03-I-00137,,,,MULTI_LAYER,,,,,Canonicalized from 1 candidate row(s); source text preserved in 10_SOURCE_EXTRACTS.csv.
M03-CAN-0447,m03.current_1_0.product_semantic.ff793c80478898c7,1.0,CURRENT_1_0,M03,Кредитная история,PRODUCT_SEMANTIC,BUSINESS_RULE,§8 Историческая кредитная история,"Группа: ПКР; Хранить отдельно: 636, класс raw, as_of 08.07.2024, issuer.; Не делать: Не называть CASA Score и не скрывать старую дату.","Группа: ПКР; Хранить отдельно: 636, класс raw, as_of 08.07.2024, issuer.; Не делать: Не называть CASA Score и не скрывать старую дату.",,,,,M03_CASA_Pro_Credit_History_Implementation_and_Acceptance_v1.1,1.1,§8 Историческая кредитная история,SRC-DOC-M03-I-00138,,,,MULTI_LAYER,,,,,Canonicalized from 1 candidate row(s); source text preserved in 10_SOURCE_EXTRACTS.csv.
M03-CAN-0448,m03.current_1_0.data_contract.c5e15257461f9dbd,1.0,CURRENT_1_0,M03,Кредитная история,DATA_CONTRACT,PROVENANCE,§8 Историческая кредитная история,Группа: Госсведения внутри ПКО; Хранить отдельно: embedded_external_fact с page/evidence/date.; Не делать: Не подменять отдельную официальную проверку и не включать в debt metrics.,Группа: Госсведения внутри ПКО; Хранить отдельно: embedded_external_fact с page/evidence/date.; Не делать: Не подменять отдельную официальную проверку и не включать в debt metrics.,,,,,M03_CASA_Pro_Credit_History_Implementation_and_Acceptance_v1.1,1.1,§8 Историческая кредитная история,SRC-DOC-M03-I-00139,,,,DATA,,,,,Canonicalized from 1 candidate row(s); source text preserved in 10_SOURCE_EXTRACTS.csv.
M03-CAN-0449,m03.current_1_0.product_semantic.ccca535ad1edfa3c,1.0,CURRENT_1_0,M03,Кредитная история,PRODUCT_SEMANTIC,BUSINESS_RULE,§8 Историческая кредитная история,КРИТИЧЕСКИЙ ИНВАРИАНТ,КРИТИЧЕСКИЙ ИНВАРИАНТ,,,,,M03_CASA_Pro_Credit_History_Implementation_and_Acceptance_v1.1,1.1,§8 Историческая кредитная история,SRC-DOC-M03-I-00142,,,,MULTI_LAYER,,,,,Canonicalized from 1 candidate row(s); source text preserved in 10_SOURCE_EXTRACTS.csv.
M03-CAN-0450,m03.current_1_0.implementation_detail.f5616ff895de1b94,1.0,CURRENT_1_0,M03,Кредитная история,IMPLEMENTATION_DETAIL,ERROR,§9 Просрочки — UI и контроль ошибки,"Слой: Модель данных; Обязательная защита: current_dpd, delinquency_as_of, max_dpd_lifetime_reported и monthly observations — разные поля/типы.; Проверка: Schema/unit tests.","Слой: Модель данных; Обязательная защита: current_dpd, delinquency_as_of, max_dpd_lifetime_reported и monthly observations — разные поля/типы.; Проверка: Schema/unit tests.",,,,,M03_CASA_Pro_Credit_History_Implementation_and_Acceptance_v1.1,1.1,§9 Просрочки — UI и контроль ошибки,SRC-DOC-M03-I-00162,,,,DATA|QA,,,,,Canonicalized from 1 candidate row(s); source text preserved in 10_SOURCE_EXTRACTS.csv.
M03-CAN-0451,m03.current_1_0.product_semantic.6389bac5bad847c1,1.0,CURRENT_1_0,M03,Кредитная история,PRODUCT_SEMANTIC,ERROR,§9 Просрочки — UI и контроль ошибки,"Слой: Алгоритм; Обязательная защита: Current metrics читают только current node.current_dpd; historical aggregator не используется.; Проверка: CH-036, CH-053, CH-056, CH-061.","Слой: Алгоритм; Обязательная защита: Current metrics читают только current node.current_dpd; historical aggregator не используется.; Проверка: CH-036, CH-053, CH-056, CH-061.",,,,,M03_CASA_Pro_Credit_History_Implementation_and_Acceptance_v1.1,1.1,§9 Просрочки — UI и контроль ошибки,SRC-DOC-M03-I-00163,CH-036|CH-053|CH-056|CH-061,,,MULTI_LAYER,,,,M03-TASK-008|M03-TASK-018,Canonicalized from 1 candidate row(s); source text preserved in 10_SOURCE_EXTRACTS.csv.
M03-CAN-0452,m03.current_1_0.product_semantic.f1ed3486f544bc67,1.0,CURRENT_1_0,M03,Кредитная история,PRODUCT_SEMANTIC,ERROR,§9 Просрочки — UI и контроль ошибки,Слой: UI; Обязательная защита: В current card: current count/max. В History: lifetime max и события. Подписи не взаимозаменяемы.; Проверка: AT-CH-UX-001; CH-089/090 context.,Слой: UI; Обязательная защита: В current card: current count/max. В History: lifetime max и события. Подписи не взаимозаменяемы.; Проверка: AT-CH-UX-001; CH-089/090 context.,,,,,M03_CASA_Pro_Credit_History_Implementation_and_Acceptance_v1.1,1.1,§9 Просрочки — UI и контроль ошибки,SRC-DOC-M03-I-00164,AT-CH-UX-001|CH-089,,,FRONTEND,,,,M03-TASK-018,Canonicalized from 1 candidate row(s); source text preserved in 10_SOURCE_EXTRACTS.csv.
M03-CAN-0453,m03.current_1_0.product_semantic.ee15680f53c562dd,1.0,CURRENT_1_0,M03,Кредитная история,PRODUCT_SEMANTIC,ERROR,§9 Просрочки — UI и контроль ошибки,Слой: Regression; Обязательная защита: FX-CH-REG-001 обязан дать active_current_delinquency_count=0 и max_current_dpd=0 при historical max=1919.; Проверка: AT-CH-BUG-001 / BUG-CH-001.,Слой: Regression; Обязательная защита: FX-CH-REG-001 обязан дать active_current_delinquency_count=0 и max_current_dpd=0 при historical max=1919.; Проверка: AT-CH-BUG-001 / BUG-CH-001.,,,,,M03_CASA_Pro_Credit_History_Implementation_and_Acceptance_v1.1,1.1,§9 Просрочки — UI и контроль ошибки,SRC-DOC-M03-I-00165,CH-REG-001|AT-CH-BUG-001|CH-001,,,MULTI_LAYER,,,,M03-TASK-008|M03-TASK-011|M03-TASK-022|M03-TASK-001,Canonicalized from 1 candidate row(s); source text preserved in 10_SOURCE_EXTRACTS.csv.
M03-CAN-0454,m03.current_1_0.product_semantic.108a3b55ccee4b94,1.0,CURRENT_1_0,M03,Кредитная история,PRODUCT_SEMANTIC,ERROR,§9 Просрочки — UI и контроль ошибки,"Слой: Snapshot; Обязательная защита: Оба значения и evidence/version фиксируются отдельно; UNKNOWN блокирует уверенный ноль.; Проверка: CH-040, CH-077.","Слой: Snapshot; Обязательная защита: Оба значения и evidence/version фиксируются отдельно; UNKNOWN блокирует уверенный ноль.; Проверка: CH-040, CH-077.",,,,UNKNOWN,M03_CASA_Pro_Credit_History_Implementation_and_Acceptance_v1.1,1.1,§9 Просрочки — UI и контроль ошибки,SRC-DOC-M03-I-00166,CH-040|CH-077,,,DATA,,,,M03-TASK-015|M03-TASK-019,Canonicalized from 1 candidate row(s); source text preserved in 10_SOURCE_EXTRACTS.csv.
M03-CAN-0455,m03.current_1_0.product_semantic.b6945634044181b3,1.0,CURRENT_1_0,M03,Кредитная история,PRODUCT_SEMANTIC,BUSINESS_RULE,§9 Просрочки: current DPD ≠ historical DPD,ПРАВИЛО  Активная запись current DPD = 0 и lifetime max DPD = 60 означает: «Текущая просрочка — нет. Историческая просрочка — была». Lifetime max никогда не подставляется в current_dpd.: ПРАВИЛО  Активная запись current DPD = 0 и lifetime max DPD = 60 означает: «Текущая просрочка — нет. Историческая просрочка — была». Lifetime max никогда не подставляется в current_dpd.,ПРАВИЛО  Активная запись current DPD = 0 и lifetime max DPD = 60 означает: «Текущая просрочка — нет. Историческая просрочка — была». Lifetime max никогда не подставляется в current_dpd.: ПРАВИЛО  Активная запись current DPD = 0 и lifetime max DPD = 60 означает: «Текущая просрочка — нет. Историческая просрочка — была». Lifetime max никогда не подставляется в current_dpd.,,,,,M03_CASA_Pro_Credit_History_Implementation_and_Acceptance_v1.1,1.1,§9 Просрочки: current DPD ≠ historical DPD,SRC-DOC-M03-I-00144,,,,MULTI_LAYER,,,,,Canonicalized from 1 candidate row(s); source text preserved in 10_SOURCE_EXTRACTS.csv.
M03-CAN-0456,m03.current_1_0.boundary.9f141a8160be8ff6,1.0,CURRENT_1_0,M03,Кредитная история,BOUNDARY,FORBIDDEN,Алгоритм current delinquency,"Если current_dpd критичной активной линии BLANK/UNREADABLE/UNKNOWN, оба затронутых итога становятся UNKNOWN; уверенный ноль запрещён.",,"Если current_dpd критичной активной линии BLANK/UNREADABLE/UNKNOWN, оба затронутых итога становятся UNKNOWN; уверенный ноль запрещён.",,,BLANK|UNKNOWN,M03_CASA_Pro_Credit_History_Implementation_and_Acceptance_v1.1,1.1,Алгоритм current delinquency,SRC-DOC-M03-I-00157,,,,MULTI_LAYER,,,,,Canonicalized from 1 candidate row(s); source text preserved in 10_SOURCE_EXTRACTS.csv.
M03-CAN-0457,m03.current_1_0.data_contract.787fb0fb70ff3e92,1.0,CURRENT_1_0,M03,Кредитная история,DATA_CONTRACT,PROVENANCE,Алгоритм current delinquency,"Закрытые и assigned-out records не входят в current count/amount, но остаются в истории с evidence.","Закрытые и assigned-out records не входят в current count/amount, но остаются в истории с evidence.",,,,,M03_CASA_Pro_Credit_History_Implementation_and_Acceptance_v1.1,1.1,Алгоритм current delinquency,SRC-DOC-M03-I-00158,,,,DATA,,,,,Canonicalized from 1 candidate row(s); source text preserved in 10_SOURCE_EXTRACTS.csv.
M03-CAN-0458,m03.current_1_0.security_control.40eb563ab7f0e682,1.0,CURRENT_1_0,M03,Кредитная история,SECURITY_CONTROL,SECURITY,Безопасность и аудит,Доступ проверяется для exact tenant/case/participant; действующее согласие обязательно до обработки и snapshot.,Доступ проверяется для exact tenant/case/participant; действующее согласие обязательно до обработки и snapshot.,,,,,M03_CASA_Pro_Credit_History_Implementation_and_Acceptance_v1.1,1.1,Безопасность и аудит,SRC-DOC-M03-I-00304,,,,DATA|SECURITY|LEGAL,,,,,Canonicalized from 1 candidate row(s); source text preserved in 10_SOURCE_EXTRACTS.csv.
M03-CAN-0459,m03.current_1_0.security_control.177fd42b7da44da6,1.0,CURRENT_1_0,M03,Кредитная история,SECURITY_CONTROL,SECURITY,Безопасность и аудит,Оригинальный PDF и опубликованный snapshot неизменяемы; замена создаёт новую версию.,Оригинальный PDF и опубликованный snapshot неизменяемы; замена создаёт новую версию.,,,,,M03_CASA_Pro_Credit_History_Implementation_and_Acceptance_v1.1,1.1,Безопасность и аудит,SRC-DOC-M03-I-00305,,,,DATA|PARSER,,,,,Canonicalized from 1 candidate row(s); source text preserved in 10_SOURCE_EXTRACTS.csv.
M03-CAN-0460,m03.current_1_0.security_control.00903817369078fe,1.0,CURRENT_1_0,M03,Кредитная история,SECURITY_CONTROL,SECURITY,Безопасность и аудит,"Upload, просмотр, скачивание, исправление, merge/split, export и публикация snapshot пишутся в append-only audit.","Upload, просмотр, скачивание, исправление, merge/split, export и публикация snapshot пишутся в append-only audit.",,,,,M03_CASA_Pro_Credit_History_Implementation_and_Acceptance_v1.1,1.1,Безопасность и аудит,SRC-DOC-M03-I-00306,,,,DATA,,,,,Canonicalized from 1 candidate row(s); source text preserved in 10_SOURCE_EXTRACTS.csv.
M03-CAN-0461,m03.current_1_0.security_control.1abc36376bb93b24,1.0,CURRENT_1_0,M03,Кредитная история,SECURITY_CONTROL,SECURITY,Безопасность и аудит,Реальные персональные данные не используются в dev/test; fixture для CI и скриншотов обезличивается.,Реальные персональные данные не используются в dev/test; fixture для CI и скриншотов обезличивается.,,,,,M03_CASA_Pro_Credit_History_Implementation_and_Acceptance_v1.1,1.1,Безопасность и аудит,SRC-DOC-M03-I-00308,,,,QA,,,,,Canonicalized from 1 candidate row(s); source text preserved in 10_SOURCE_EXTRACTS.csv.
M03-CAN-0462,m03.current_1_0.implementation_detail.fb7391beede039de,1.0,CURRENT_1_0,M03,Кредитная история,IMPLEMENTATION_DETAIL,API,Видимая проблема vs техническая причина,"В документе зафиксирован только наблюдаемый UI output. Например, «Действующие договоры с просрочкой = 1» расходится с current DPD активных строк PDF, но причина может находиться в parser, mapping, API или Frontend. Ответственный слой определяется только после запуска FX-CH-REG-001 и сравнения source facts → API → UI.","В документе зафиксирован только наблюдаемый UI output. Например, «Действующие договоры с просрочкой = 1» расходится с current DPD активных строк PDF, но причина может находиться в parser, mapping, API или Frontend. Ответственный слой определяется только после запуска FX-CH-REG-001 и сравнения source facts → API → UI.",,,,,M03_CASA_Pro_Credit_History_Implementation_and_Acceptance_v1.1,1.1,Видимая проблема vs техническая причина,SRC-DOC-M03-I-00394,CH-REG-001,,,BACKEND|FRONTEND|PARSER,,,,,Canonicalized from 1 candidate row(s); source text preserved in 10_SOURCE_EXTRACTS.csv.
M03-CAN-0463,m03.current_1_0.ux_requirement.eedfb9db91dcc5df,1.0,CURRENT_1_0,M03,Кредитная история,UX_REQUIREMENT,UI,Внутренние коды → понятный текст,"Внутренний код: MANUAL_REVIEW_REQUIRED; Текст брокеру: «Нужно проверить данные вручную»; Действие: Открыть задачи; Блокирует: Да, если critical","Внутренний код: MANUAL_REVIEW_REQUIRED; Текст брокеру: «Нужно проверить данные вручную»; Действие: Открыть задачи; Блокирует: Да, если critical",,,,,M03_CASA_Pro_Credit_History_Implementation_and_Acceptance_v1.1,1.1,Внутренние коды → понятный текст,SRC-DOC-M03-I-00279,,,CRITICAL,MULTI_LAYER,,,,,Canonicalized from 1 candidate row(s); source text preserved in 10_SOURCE_EXTRACTS.csv.
M03-CAN-0464,m03.current_1_0.ux_requirement.56608b0282bb09bf,1.0,CURRENT_1_0,M03,Кредитная история,UX_REQUIREMENT,UI,Внутренние коды → понятный текст,"Внутренний код: RECONCILIATION_FAILED; Текст брокеру: «Итоги отчёта не сходятся»; Действие: Проверить отмеченные поля; Блокирует: Да, affected profile","Внутренний код: RECONCILIATION_FAILED; Текст брокеру: «Итоги отчёта не сходятся»; Действие: Проверить отмеченные поля; Блокирует: Да, affected profile",,,,,M03_CASA_Pro_Credit_History_Implementation_and_Acceptance_v1.1,1.1,Внутренние коды → понятный текст,SRC-DOC-M03-I-00280,,,,MULTI_LAYER,,,,,Canonicalized from 1 candidate row(s); source text preserved in 10_SOURCE_EXTRACTS.csv.
M03-CAN-0465,m03.current_1_0.ux_requirement.a6b791f082b5a87e,1.0,CURRENT_1_0,M03,Кредитная история,UX_REQUIREMENT,UI,Внутренние коды → понятный текст,"Внутренний код: AMBIGUOUS_CURRENT_NODE; Текст брокеру: «Неясно, какая запись по долгу актуальна»; Действие: Выбрать узел с evidence/reason; Блокирует: Да","Внутренний код: AMBIGUOUS_CURRENT_NODE; Текст брокеру: «Неясно, какая запись по долгу актуальна»; Действие: Выбрать узел с evidence/reason; Блокирует: Да",,,,,M03_CASA_Pro_Credit_History_Implementation_and_Acceptance_v1.1,1.1,Внутренние коды → понятный текст,SRC-DOC-M03-I-00281,,,,MULTI_LAYER,,,,,Canonicalized from 1 candidate row(s); source text preserved in 10_SOURCE_EXTRACTS.csv.
M03-CAN-0466,m03.current_1_0.ux_requirement.748cbeb2e6706108,1.0,CURRENT_1_0,M03,Кредитная история,UX_REQUIREMENT,UI,Внутренние коды → понятный текст,Внутренний код: AUTHENTICITY_UNVERIFIED; Текст брокеру: «Подлинность копии не подтверждена»; Действие: Ручная проверка/acceptance; Блокирует: По policy; статус не менять,Внутренний код: AUTHENTICITY_UNVERIFIED; Текст брокеру: «Подлинность копии не подтверждена»; Действие: Ручная проверка/acceptance; Блокирует: По policy; статус не менять,,,,,M03_CASA_Pro_Credit_History_Implementation_and_Acceptance_v1.1,1.1,Внутренние коды → понятный текст,SRC-DOC-M03-I-00282,,,,MULTI_LAYER,,,,,Canonicalized from 1 candidate row(s); source text preserved in 10_SOURCE_EXTRACTS.csv.
M03-CAN-0467,m03.current_1_0.ux_requirement.db1a51a6db50d4b0,1.0,CURRENT_1_0,M03,Кредитная история,UX_REQUIREMENT,UI,Внутренние коды → понятный текст,Внутренний код: SUBJECT_MISMATCH; Текст брокеру: «Отчёт относится к другому человеку»; Действие: Заменить PDF; Блокирует: Да,Внутренний код: SUBJECT_MISMATCH; Текст брокеру: «Отчёт относится к другому человеку»; Действие: Заменить PDF; Блокирует: Да,,,,,M03_CASA_Pro_Credit_History_Implementation_and_Acceptance_v1.1,1.1,Внутренние коды → понятный текст,SRC-DOC-M03-I-00283,,,,PARSER,,,,,Canonicalized from 1 candidate row(s); source text preserved in 10_SOURCE_EXTRACTS.csv.
M03-CAN-0468,m03.current_1_0.ux_requirement.1cdfb9fbe408240d,1.0,CURRENT_1_0,M03,Кредитная история,UX_REQUIREMENT,UI,Внутренние коды → понятный текст,Внутренний код: MISSING_PAGE / PAGE_SEQUENCE_INVALID; Текст брокеру: «Не хватает страниц или нарушен их порядок»; Действие: Загрузить полный PDF; Блокирует: Да,Внутренний код: MISSING_PAGE / PAGE_SEQUENCE_INVALID; Текст брокеру: «Не хватает страниц или нарушен их порядок»; Действие: Загрузить полный PDF; Блокирует: Да,,,,,M03_CASA_Pro_Credit_History_Implementation_and_Acceptance_v1.1,1.1,Внутренние коды → понятный текст,SRC-DOC-M03-I-00284,,,,PARSER,,,,,Canonicalized from 1 candidate row(s); source text preserved in 10_SOURCE_EXTRACTS.csv.
M03-CAN-0469,m03.current_1_0.data_contract.60404f6a09116121,1.0,CURRENT_1_0,M03,Кредитная история,DATA_CONTRACT,DATA_MODEL,Внутренние коды → понятный текст,"Внутренний код: NULL_ZERO_AMBIGUOUS; Текст брокеру: «Неясно: значение отсутствует или равно нулю»; Действие: Проверить поле; Блокирует: Да, если critical","Внутренний код: NULL_ZERO_AMBIGUOUS; Текст брокеру: «Неясно: значение отсутствует или равно нулю»; Действие: Проверить поле; Блокирует: Да, если critical",,,,,M03_CASA_Pro_Credit_History_Implementation_and_Acceptance_v1.1,1.1,Внутренние коды → понятный текст,SRC-DOC-M03-I-00285,,,CRITICAL,DATA,,,,,Canonicalized from 1 candidate row(s); source text preserved in 10_SOURCE_EXTRACTS.csv.
M03-CAN-0470,m03.current_1_0.ux_requirement.392bbdae0eda4450,1.0,CURRENT_1_0,M03,Кредитная история,UX_REQUIREMENT,UI,Внутренние коды → понятный текст,Внутренний код: ASSIGNMENT_LINK_AMBIGUOUS; Текст брокеру: «Неясна связь записей после уступки»; Действие: Связать/оставить раздельно; Блокирует: Да,Внутренний код: ASSIGNMENT_LINK_AMBIGUOUS; Текст брокеру: «Неясна связь записей после уступки»; Действие: Связать/оставить раздельно; Блокирует: Да,,,,,M03_CASA_Pro_Credit_History_Implementation_and_Acceptance_v1.1,1.1,Внутренние коды → понятный текст,SRC-DOC-M03-I-00286,,,,MULTI_LAYER,,,,,Canonicalized from 1 candidate row(s); source text preserved in 10_SOURCE_EXTRACTS.csv.
M03-CAN-0471,m03.current_1_0.ux_requirement.869ac3eb2d0d788f,1.0,CURRENT_1_0,M03,Кредитная история,UX_REQUIREMENT,UI,Внутренние коды → понятный текст,"Внутренний код: MONEY_TOTAL_MISMATCH; Текст брокеру: «Суммы не сходятся»; Действие: Открыть сверку; Блокирует: Да, affected total","Внутренний код: MONEY_TOTAL_MISMATCH; Текст брокеру: «Суммы не сходятся»; Действие: Открыть сверку; Блокирует: Да, affected total",,,,,M03_CASA_Pro_Credit_History_Implementation_and_Acceptance_v1.1,1.1,Внутренние коды → понятный текст,SRC-DOC-M03-I-00287,,,,MULTI_LAYER,,,,,Canonicalized from 1 candidate row(s); source text preserved in 10_SOURCE_EXTRACTS.csv.
M03-CAN-0472,m03.current_1_0.boundary.fc11c7e5065a8124,1.0,CURRENT_1_0,M03,Кредитная история,BOUNDARY,FORBIDDEN,Внутренние коды → понятный текст,Внутренний код: SNAPSHOT_GATE_FAILED; Текст брокеру: «Снимок пока нельзя создать»; Действие: Закрыть перечисленные задачи; Блокирует: Да,,Внутренний код: SNAPSHOT_GATE_FAILED; Текст брокеру: «Снимок пока нельзя создать»; Действие: Закрыть перечисленные задачи; Блокирует: Да,,,,M03_CASA_Pro_Credit_History_Implementation_and_Acceptance_v1.1,1.1,Внутренние коды → понятный текст,SRC-DOC-M03-I-00288,,,,DATA,,,,,Canonicalized from 1 candidate row(s); source text preserved in 10_SOURCE_EXTRACTS.csv.
M03-CAN-0473,m03.current_1_0.security_control.0bf21fef5ab397d0,1.0,CURRENT_1_0,M03,Кредитная история,SECURITY_CONTROL,SECURITY,Входит в M03 релиза 1.0,"проверка согласия, tenant/case/participant access и ручная загрузка PDF;","проверка согласия, tenant/case/participant access и ручная загрузка PDF;",,,,,M03_CASA_Pro_Credit_History_Implementation_and_Acceptance_v1.1,1.1,Входит в M03 релиза 1.0,SRC-DOC-M03-I-00037,,,,PARSER|SECURITY|LEGAL,,,,,Canonicalized from 1 candidate row(s); source text preserved in 10_SOURCE_EXTRACTS.csv.
M03-CAN-0474,m03.current_1_0.security_control.8850198ec0cdcb5a,1.0,CURRENT_1_0,M03,Кредитная история,SECURITY_CONTROL,SECURITY,Входит в M03 релиза 1.0,"техническая проверка файла, неизменяемый оригинал, SHA-256, версии и безопасная обработка;","техническая проверка файла, неизменяемый оригинал, SHA-256, версии и безопасная обработка;",,,,,M03_CASA_Pro_Credit_History_Implementation_and_Acceptance_v1.1,1.1,Входит в M03 релиза 1.0,SRC-DOC-M03-I-00038,,,,MULTI_LAYER,,,,,Canonicalized from 1 candidate row(s); source text preserved in 10_SOURCE_EXTRACTS.csv.
M03-CAN-0475,m03.current_1_0.product_semantic.a3b44c5cc6d7c539,1.0,CURRENT_1_0,M03,Кредитная история,PRODUCT_SEMANTIC,PARSER,Входит в M03 релиза 1.0,"text-first extraction, выборочный OCR, поля с raw/normalized/presence/evidence;","text-first extraction, выборочный OCR, поля с raw/normalized/presence/evidence;",,,,,M03_CASA_Pro_Credit_History_Implementation_and_Acceptance_v1.1,1.1,Входит в M03 релиза 1.0,SRC-DOC-M03-I-00040,,,,PARSER,,,,,Canonicalized from 1 candidate row(s); source text preserved in 10_SOURCE_EXTRACTS.csv.
M03-CAN-0476,m03.current_1_0.product_semantic.5ddb499d54185521,1.0,CURRENT_1_0,M03,Кредитная история,PRODUCT_SEMANTIC,BUSINESS_RULE,Входит в M03 релиза 1.0,"исходные договорные записи, активные/закрытые обязательства, карты, заявки, запросы, события;","исходные договорные записи, активные/закрытые обязательства, карты, заявки, запросы, события;",,,,,M03_CASA_Pro_Credit_History_Implementation_and_Acceptance_v1.1,1.1,Входит в M03 релиза 1.0,SRC-DOC-M03-I-00041,,,,MULTI_LAYER,,,,,Canonicalized from 1 candidate row(s); source text preserved in 10_SOURCE_EXTRACTS.csv.
M03-CAN-0477,m03.current_1_0.data_contract.342bb2db55fdafbe,1.0,CURRENT_1_0,M03,Кредитная история,DATA_CONTRACT,SNAPSHOT,Входит в M03 релиза 1.0,"проверка критичных значений, исправления с причиной, сверка, аудит и versioned snapshot;","проверка критичных значений, исправления с причиной, сверка, аудит и versioned snapshot;",,,,,M03_CASA_Pro_Credit_History_Implementation_and_Acceptance_v1.1,1.1,Входит в M03 релиза 1.0,SRC-DOC-M03-I-00044,,,,DATA,,,,,Canonicalized from 1 candidate row(s); source text preserved in 10_SOURCE_EXTRACTS.csv.
M03-CAN-0478,m03.current_1_0.product_semantic.56b5e9ed961e9d5a,1.0,CURRENT_1_0,M03,Кредитная история,PRODUCT_SEMANTIC,BUSINESS_RULE,Входит в M03 релиза 1.0,regression suite CH-001…CH-090 и связанные строки Acceptance Matrix v1.1.,regression suite CH-001…CH-090 и связанные строки Acceptance Matrix v1.1.,,,,,M03_CASA_Pro_Credit_History_Implementation_and_Acceptance_v1.1,1.1,Входит в M03 релиза 1.0,SRC-DOC-M03-I-00046,CH-001|CH-090,,,MULTI_LAYER,,,,M03-TASK-001,Canonicalized from 1 candidate row(s); source text preserved in 10_SOURCE_EXTRACTS.csv.
M03-CAN-0479,m03.current_1_0.product_semantic.b1d90175906a4c85,1.0,CURRENT_1_0,M03,Кредитная история,PRODUCT_SEMANTIC,BUSINESS_RULE,Карточка «Текущие обязательства»,Показатель: Активные обязательства; Пример для fixture: 3; Правило отображения: Только ACTIVE canonical lineages соответствующей роли.,Показатель: Активные обязательства; Пример для fixture: 3; Правило отображения: Только ACTIVE canonical lineages соответствующей роли.,,,,,M03_CASA_Pro_Credit_History_Implementation_and_Acceptance_v1.1,1.1,Карточка «Текущие обязательства»,SRC-DOC-M03-I-00093,,,,QA,,,,,Canonicalized from 1 candidate row(s); source text preserved in 10_SOURCE_EXTRACTS.csv.
M03-CAN-0480,m03.current_1_0.product_semantic.83bde35c385830f8,1.0,CURRENT_1_0,M03,Кредитная история,PRODUCT_SEMANTIC,BUSINESS_RULE,Карточка «Текущие обязательства»,"Показатель: Текущий остаток; Пример для fixture: 4 737 798,64 ₸; Правило отображения: Точно по валюте; если critical amount UNKNOWN — итог UNKNOWN.","Показатель: Текущий остаток; Пример для fixture: 4 737 798,64 ₸; Правило отображения: Точно по валюте; если critical amount UNKNOWN — итог UNKNOWN.",,,,UNKNOWN,M03_CASA_Pro_Credit_History_Implementation_and_Acceptance_v1.1,1.1,Карточка «Текущие обязательства»,SRC-DOC-M03-I-00094,,,CRITICAL,QA,,,,,Canonicalized from 1 candidate row(s); source text preserved in 10_SOURCE_EXTRACTS.csv.
M03-CAN-0481,m03.current_1_0.product_semantic.46b5a6e9a079c40c,1.0,CURRENT_1_0,M03,Кредитная история,PRODUCT_SEMANTIC,BUSINESS_RULE,Карточка «Текущие обязательства»,"Показатель: Платежи из отчёта; Пример для fixture: 211 711,02 ₸; Правило отображения: Всегда пометка «из отчёта»; не банковский КДН.","Показатель: Платежи из отчёта; Пример для fixture: 211 711,02 ₸; Правило отображения: Всегда пометка «из отчёта»; не банковский КДН.",,,,,M03_CASA_Pro_Credit_History_Implementation_and_Acceptance_v1.1,1.1,Карточка «Текущие обязательства»,SRC-DOC-M03-I-00095,,,,QA,,,,,Canonicalized from 1 candidate row(s); source text preserved in 10_SOURCE_EXTRACTS.csv.
M03-CAN-0482,m03.current_1_0.product_semantic.5d775bbf1b724fbf,1.0,CURRENT_1_0,M03,Кредитная история,PRODUCT_SEMANTIC,BUSINESS_RULE,Карточка «Текущие обязательства»,Показатель: Текущая просрочка; Пример для fixture: 0 обязательств; max current DPD = 0; Правило отображения: Показывать ноль только при известных/подтверждённых current DPD всех значимых active lines.,Показатель: Текущая просрочка; Пример для fixture: 0 обязательств; max current DPD = 0; Правило отображения: Показывать ноль только при известных/подтверждённых current DPD всех значимых active lines.,,,,,M03_CASA_Pro_Credit_History_Implementation_and_Acceptance_v1.1,1.1,Карточка «Текущие обязательства»,SRC-DOC-M03-I-00096,,,,QA,,,,,Canonicalized from 1 candidate row(s); source text preserved in 10_SOURCE_EXTRACTS.csv.
M03-CAN-0483,m03.current_1_0.product_semantic.4469b96dde74b0c1,1.0,CURRENT_1_0,M03,Кредитная история,PRODUCT_SEMANTIC,BUSINESS_RULE,Карточка «Текущие обязательства»,Показатель: Активные карты; Пример для fixture: 2; Правило отображения: Лимит и использование — отдельными строками.,Показатель: Активные карты; Пример для fixture: 2; Правило отображения: Лимит и использование — отдельными строками.,,,,,M03_CASA_Pro_Credit_History_Implementation_and_Acceptance_v1.1,1.1,Карточка «Текущие обязательства»,SRC-DOC-M03-I-00097,,,,QA,,,,,Canonicalized from 1 candidate row(s); source text preserved in 10_SOURCE_EXTRACTS.csv.
M03-CAN-0484,m03.current_1_0.product_semantic.14083ffb631b392b,1.0,CURRENT_1_0,M03,Кредитная история,PRODUCT_SEMANTIC,BUSINESS_RULE,Карточка «Текущие обязательства»,Показатель: Активные МФО; Пример для fixture: 0; Правило отображения: Закрытые 24 source records остаются в истории.,Показатель: Активные МФО; Пример для fixture: 0; Правило отображения: Закрытые 24 source records остаются в истории.,,,,,M03_CASA_Pro_Credit_History_Implementation_and_Acceptance_v1.1,1.1,Карточка «Текущие обязательства»,SRC-DOC-M03-I-00098,,,,QA,,,,,Canonicalized from 1 candidate row(s); source text preserved in 10_SOURCE_EXTRACTS.csv.
M03-CAN-0485,m03.current_1_0.product_semantic.1a982431f2a1421b,1.0,CURRENT_1_0,M03,Кредитная история,PRODUCT_SEMANTIC,BUSINESS_RULE,Критичная сверка,"REC-001…REC-015 из Production Spec §12.3 обязательны. Особо для M03: страницы/sections, число source records, active outstanding, reported payments, current overdue, объяснимое уменьшение source rows → lineages, exactly one current lineage для active row, applications/inquiries, related contracts и исключение embedded facts из debt metrics.","REC-001…REC-015 из Production Spec §12.3 обязательны. Особо для M03: страницы/sections, число source records, active outstanding, reported payments, current overdue, объяснимое уменьшение source rows → lineages, exactly one current lineage для active row, applications/inquiries, related contracts и исключение embedded facts из debt metrics.",,,,,M03_CASA_Pro_Credit_History_Implementation_and_Acceptance_v1.1,1.1,Критичная сверка,SRC-DOC-M03-I-00301,,,,PRODUCT,,,,,Canonicalized from 1 candidate row(s); source text preserved in 10_SOURCE_EXTRACTS.csv.
M03-CAN-0486,m03.current_1_0.boundary.962bf29c78f04059,1.0,CURRENT_1_0,M03,Кредитная история,BOUNDARY,FORBIDDEN,Критичная сверка,Молчаливая tolerance запрещена. Денежное сравнение exact до напечатанной minor unit; округление допустимо только versioned template rule со статусом PASS_WITH_ROUNDING.,,Молчаливая tolerance запрещена. Денежное сравнение exact до напечатанной minor unit; округление допустимо только versioned template rule со статусом PASS_WITH_ROUNDING.,,,,M03_CASA_Pro_Credit_History_Implementation_and_Acceptance_v1.1,1.1,Критичная сверка,SRC-DOC-M03-I-00302,,,,MULTI_LAYER,,,,,Canonicalized from 1 candidate row(s); source text preserved in 10_SOURCE_EXTRACTS.csv.
M03-CAN-0487,m03.current_1_0.implementation_detail.1f1a9facd6ec8621,1.0,CURRENT_1_0,M03,Кредитная история,IMPLEMENTATION_DETAIL,API,Не входит,Не реализовывать в M03: Получение КИ через API; Граница: На стадии 1.x PDF загружает пользователь. Будущая интеграция — отдельное решение.,Не реализовывать в M03: Получение КИ через API; Граница: На стадии 1.x PDF загружает пользователь. Будущая интеграция — отдельное решение.,,,,,M03_CASA_Pro_Credit_History_Implementation_and_Acceptance_v1.1,1.1,Не входит,SRC-DOC-M03-I-00049,,,,BACKEND|PARSER,,,,,Canonicalized from 1 candidate row(s); source text preserved in 10_SOURCE_EXTRACTS.csv.
M03-CAN-0488,m03.current_1_0.boundary.9baf665a87111b4d,1.0,CURRENT_1_0,M03,Кредитная история,BOUNDARY,FUTURE_BOUNDARY,Не входит,"Не реализовывать в M03: Банковские правила и КДН; Граница: Карта, платёж и история передаются как факты; банк трактует их позже.","Не реализовывать в M03: Банковские правила и КДН; Граница: Карта, платёж и история передаются как факты; банк трактует их позже.",,,,,M03_CASA_Pro_Credit_History_Implementation_and_Acceptance_v1.1,1.1,Не входит,SRC-DOC-M03-I-00050,,,,MULTI_LAYER,,,,,Canonicalized from 1 candidate row(s); source text preserved in 10_SOURCE_EXTRACTS.csv.
M03-CAN-0489,m03.current_1_0.boundary.7e3de8db090f968b,1.0,CURRENT_1_0,M03,Кредитная история,BOUNDARY,FUTURE_BOUNDARY,Не входит,"Не реализовывать в M03: Вердикт или вероятность; Граница: Нет «одобрит/откажет», риска, eligibility, CASA Score.","Не реализовывать в M03: Вердикт или вероятность; Граница: Нет «одобрит/откажет», риска, eligibility, CASA Score.",,,,,M03_CASA_Pro_Credit_History_Implementation_and_Acceptance_v1.1,1.1,Не входит,SRC-DOC-M03-I-00051,,,,MULTI_LAYER,,,,,Canonicalized from 1 candidate row(s); source text preserved in 10_SOURCE_EXTRACTS.csv.
M03-CAN-0490,m03.current_1_0.boundary.e74899c3b8c64a6d,1.0,CURRENT_1_0,M03,Кредитная история,BOUNDARY,FUTURE_BOUNDARY,Не входит,"Не реализовывать в M03: Доход, пенсионные, ИИН; Граница: Это другие модули; M03 не дублирует их функции.","Не реализовывать в M03: Доход, пенсионные, ИИН; Граница: Это другие модули; M03 не дублирует их функции.",,,,,M03_CASA_Pro_Credit_History_Implementation_and_Acceptance_v1.1,1.1,Не входит,SRC-DOC-M03-I-00052,,,,MULTI_LAYER,,,,,Canonicalized from 1 candidate row(s); source text preserved in 10_SOURCE_EXTRACTS.csv.
M03-CAN-0491,m03.current_1_0.boundary.bfbf4aaeafee4442,1.0,CURRENT_1_0,M03,Кредитная история,BOUNDARY,FUTURE_BOUNDARY,Не входит,"Не реализовывать в M03: Недвижимость и сделки; Граница: Застройщики, ЖК, квартиры, подбор, брони, комиссии — вне scope.","Не реализовывать в M03: Недвижимость и сделки; Граница: Застройщики, ЖК, квартиры, подбор, брони, комиссии — вне scope.",,,,,M03_CASA_Pro_Credit_History_Implementation_and_Acceptance_v1.1,1.1,Не входит,SRC-DOC-M03-I-00053,,,,PRODUCT,,,,,Canonicalized from 1 candidate row(s); source text preserved in 10_SOURCE_EXTRACTS.csv.
M03-CAN-0492,m03.current_1_0.boundary.590f474667daa264,1.0,CURRENT_1_0,M03,Кредитная история,BOUNDARY,FORBIDDEN,Не входит,Не реализовывать в M03: Новые шаблоны без gold set; Граница: Остаются SAMPLE_REQUIRED/feature flag; closest-template guessing запрещён.,,Не реализовывать в M03: Новые шаблоны без gold set; Граница: Остаются SAMPLE_REQUIRED/feature flag; closest-template guessing запрещён.,,,,M03_CASA_Pro_Credit_History_Implementation_and_Acceptance_v1.1,1.1,Не входит,SRC-DOC-M03-I-00054,,,,MULTI_LAYER,,,,,Canonicalized from 1 candidate row(s); source text preserved in 10_SOURCE_EXTRACTS.csv.
M03-CAN-0493,m03.current_1_0.boundary.c80ac6782b8e8409,1.0,CURRENT_1_0,M03,Кредитная история,BOUNDARY,FORBIDDEN,Не отдаёт как факт,Запрещённый выход: Банковский verdict / вероятность; Почему: Не рассчитывается в M03.,,Запрещённый выход: Банковский verdict / вероятность; Почему: Не рассчитывается в M03.,,,,M03_CASA_Pro_Credit_History_Implementation_and_Acceptance_v1.1,1.1,Не отдаёт как факт,SRC-DOC-M03-I-00324,,,,MULTI_LAYER,,,,,Canonicalized from 1 candidate row(s); source text preserved in 10_SOURCE_EXTRACTS.csv.
M03-CAN-0494,m03.current_1_0.boundary.5fe7b86aa6aaf564,1.0,CURRENT_1_0,M03,Кредитная история,BOUNDARY,FORBIDDEN,Не отдаёт как факт,Запрещённый выход: Принимаемый доход / банковский КДН; Почему: Это не Credit History fact.,,Запрещённый выход: Принимаемый доход / банковский КДН; Почему: Это не Credit History fact.,,,,M03_CASA_Pro_Credit_History_Implementation_and_Acceptance_v1.1,1.1,Не отдаёт как факт,SRC-DOC-M03-I-00325,,,,MULTI_LAYER,,,,,Canonicalized from 1 candidate row(s); source text preserved in 10_SOURCE_EXTRACTS.csv.
M03-CAN-0495,m03.current_1_0.boundary.c5e7f85acd4986be,1.0,CURRENT_1_0,M03,Кредитная история,BOUNDARY,FORBIDDEN,Не отдаёт как факт,"Запрещённый выход: Хорошая/плохая КИ, высокий/низкий риск; Почему: Нет подтверждённой нейтральной основы для такого label.",,"Запрещённый выход: Хорошая/плохая КИ, высокий/низкий риск; Почему: Нет подтверждённой нейтральной основы для такого label.",,,,M03_CASA_Pro_Credit_History_Implementation_and_Acceptance_v1.1,1.1,Не отдаёт как факт,SRC-DOC-M03-I-00326,,,,MULTI_LAYER,,,,,Canonicalized from 1 candidate row(s); source text preserved in 10_SOURCE_EXTRACTS.csv.
M03-CAN-0496,m03.current_1_0.boundary.1b293a1b18760c57,1.0,CURRENT_1_0,M03,Кредитная история,BOUNDARY,FORBIDDEN,Не отдаёт как факт,Запрещённый выход: CASA Score; Почему: Модуль не создаёт score.,,Запрещённый выход: CASA Score; Почему: Модуль не создаёт score.,,,,M03_CASA_Pro_Credit_History_Implementation_and_Acceptance_v1.1,1.1,Не отдаёт как факт,SRC-DOC-M03-I-00327,,,,MULTI_LAYER,,,,,Canonicalized from 1 candidate row(s); source text preserved in 10_SOURCE_EXTRACTS.csv.
M03-CAN-0497,m03.current_1_0.boundary.bd6f8ecdb34d0fe8,1.0,CURRENT_1_0,M03,Кредитная история,BOUNDARY,FORBIDDEN,Не отдаёт как факт,Запрещённый выход: Bank-adjusted card payment; Почему: Зависит от будущего правила банка.,,Запрещённый выход: Bank-adjusted card payment; Почему: Зависит от будущего правила банка.,,,,M03_CASA_Pro_Credit_History_Implementation_and_Acceptance_v1.1,1.1,Не отдаёт как факт,SRC-DOC-M03-I-00328,,,,MULTI_LAYER,,,,,Canonicalized from 1 candidate row(s); source text preserved in 10_SOURCE_EXTRACTS.csv.
M03-CAN-0498,m03.current_1_0.boundary.acffc13b4ed65b79,1.0,CURRENT_1_0,M03,Кредитная история,BOUNDARY,FORBIDDEN,Не отдаёт как факт,"Запрещённый выход: Неподтверждённая OCR-догадка; Почему: Передаётся UNKNOWN/review flag, а не число.",,"Запрещённый выход: Неподтверждённая OCR-догадка; Почему: Передаётся UNKNOWN/review flag, а не число.",,,UNKNOWN,M03_CASA_Pro_Credit_History_Implementation_and_Acceptance_v1.1,1.1,Не отдаёт как факт,SRC-DOC-M03-I-00329,,,,PARSER,,,,,Canonicalized from 1 candidate row(s); source text preserved in 10_SOURCE_EXTRACTS.csv.
M03-CAN-0499,m03.current_1_0.boundary.6fd293503eb18c5e,1.0,CURRENT_1_0,M03,Кредитная история,BOUNDARY,FORBIDDEN,"Негативные и пограничные проверки, которые нельзя пропустить","MIME spoof, password PDF, malware/launch action, missing/reordered page, unknown template.",,"MIME spoof, password PDF, malware/launch action, missing/reordered page, unknown template.",,,UNKNOWN,M03_CASA_Pro_Credit_History_Implementation_and_Acceptance_v1.1,1.1,"Негативные и пограничные проверки, которые нельзя пропустить",SRC-DOC-M03-I-00366,,,,PARSER,,,,,Canonicalized from 1 candidate row(s); source text preserved in 10_SOURCE_EXTRACTS.csv.
M03-CAN-0500,m03.current_1_0.boundary.996fa779845f94d7,1.0,CURRENT_1_0,M03,Кредитная история,BOUNDARY,FORBIDDEN,"Негативные и пограничные проверки, которые нельзя пропустить","Text/OCR disagreement, BLANK vs EXPLICIT_ZERO vs N/A, invalid date, unknown enum.",,"Text/OCR disagreement, BLANK vs EXPLICIT_ZERO vs N/A, invalid date, unknown enum.",,,BLANK|UNKNOWN,M03_CASA_Pro_Credit_History_Implementation_and_Acceptance_v1.1,1.1,"Негативные и пограничные проверки, которые нельзя пропустить",SRC-DOC-M03-I-00367,,,,PARSER,,,,,Canonicalized from 1 candidate row(s); source text preserved in 10_SOURCE_EXTRACTS.csv.
M03-CAN-0501,m03.current_1_0.boundary.fa9183e84e842a55,1.0,CURRENT_1_0,M03,Кредитная история,BOUNDARY,FORBIDDEN,"Негативные и пограничные проверки, которые нельзя пропустить",Active amount/current DPD UNKNOWN; no partial silent sum and no clean zero.,,Active amount/current DPD UNKNOWN; no partial silent sum and no clean zero.,,,UNKNOWN|ZERO,M03_CASA_Pro_Credit_History_Implementation_and_Acceptance_v1.1,1.1,"Негативные и пограничные проверки, которые нельзя пропустить",SRC-DOC-M03-I-00368,,,,MULTI_LAYER,,,,,Canonicalized from 1 candidate row(s); source text preserved in 10_SOURCE_EXTRACTS.csv.
M03-CAN-0502,m03.current_1_0.boundary.152f66278af81f24,1.0,CURRENT_1_0,M03,Кредитная история,BOUNDARY,FORBIDDEN,"Негативные и пограничные проверки, которые нельзя пропустить",Two cards common prefix; similar contracts without evidence; ambiguous assignment/current node.,,Two cards common prefix; similar contracts without evidence; ambiguous assignment/current node.,,,,M03_CASA_Pro_Credit_History_Implementation_and_Acceptance_v1.1,1.1,"Негативные и пограничные проверки, которые нельзя пропустить",SRC-DOC-M03-I-00369,,,,MULTI_LAYER,,,,,Canonicalized from 1 candidate row(s); source text preserved in 10_SOURCE_EXTRACTS.csv.
M03-CAN-0503,m03.current_1_0.boundary.8281594f8bc28875,1.0,CURRENT_1_0,M03,Кредитная история,BOUNDARY,FORBIDDEN,"Негативные и пограничные проверки, которые нельзя пропустить",Unresolved critical task blocks snapshot; waiver does not rewrite authenticity to VERIFIED.,,Unresolved critical task blocks snapshot; waiver does not rewrite authenticity to VERIFIED.,,,VERIFIED,M03_CASA_Pro_Credit_History_Implementation_and_Acceptance_v1.1,1.1,"Негативные и пограничные проверки, которые нельзя пропустить",SRC-DOC-M03-I-00371,,,CRITICAL,DATA,,,,,Canonicalized from 1 candidate row(s); source text preserved in 10_SOURCE_EXTRACTS.csv.
M03-CAN-0504,m03.current_1_0.boundary.7a65bc1a102979fe,1.0,CURRENT_1_0,M03,Кредитная история,BOUNDARY,FORBIDDEN,"Негативные и пограничные проверки, которые нельзя пропустить",Cross-tenant/case access denied; logs contain no full PII/contract/raw PDF text.,,Cross-tenant/case access denied; logs contain no full PII/contract/raw PDF text.,,,,M03_CASA_Pro_Credit_History_Implementation_and_Acceptance_v1.1,1.1,"Негативные и пограничные проверки, которые нельзя пропустить",SRC-DOC-M03-I-00372,,,,PARSER|SECURITY,,,,,Canonicalized from 1 candidate row(s); source text preserved in 10_SOURCE_EXTRACTS.csv.
M03-CAN-0505,m03.current_1_0.product_semantic.5165a76c6683c891,1.0,CURRENT_1_0,M03,Кредитная история,PRODUCT_SEMANTIC,BUSINESS_RULE,Пользовательское отображение,Ситуация: Все 3 current DPD подтверждены = 0; Показывать: «Текущая просрочка: 0 обязательств; максимум: 0 дней».; Не показывать: Lifetime 1919 в текущей карточке.,Ситуация: Все 3 current DPD подтверждены = 0; Показывать: «Текущая просрочка: 0 обязательств; максимум: 0 дней».; Не показывать: Lifetime 1919 в текущей карточке.,,,,,M03_CASA_Pro_Credit_History_Implementation_and_Acceptance_v1.1,1.1,Пользовательское отображение,SRC-DOC-M03-I-00169,,,,MULTI_LAYER,,,,,Canonicalized from 1 candidate row(s); source text preserved in 10_SOURCE_EXTRACTS.csv.
M03-CAN-0506,m03.current_1_0.product_semantic.a879c6e1f6895f1b,1.0,CURRENT_1_0,M03,Кредитная история,PRODUCT_SEMANTIC,BUSINESS_RULE,Пользовательское отображение,"Ситуация: Active current DPD=0; lifetime=60; Показывать: Current: «нет»; History: «была, максимум 60 дней».; Не показывать: «Текущая просрочка 60 дней».","Ситуация: Active current DPD=0; lifetime=60; Показывать: Current: «нет»; History: «была, максимум 60 дней».; Не показывать: «Текущая просрочка 60 дней».",,,,,M03_CASA_Pro_Credit_History_Implementation_and_Acceptance_v1.1,1.1,Пользовательское отображение,SRC-DOC-M03-I-00170,,,,MULTI_LAYER,,,,,Canonicalized from 1 candidate row(s); source text preserved in 10_SOURCE_EXTRACTS.csv.
M03-CAN-0507,m03.current_1_0.product_semantic.cf1bf178d353e908,1.0,CURRENT_1_0,M03,Кредитная история,PRODUCT_SEMANTIC,BUSINESS_RULE,Пользовательское отображение,"Ситуация: Closed record lifetime=1919; Показывать: Только History, с пометкой «закрытая линия».; Не показывать: В current debt/count.","Ситуация: Closed record lifetime=1919; Показывать: Только History, с пометкой «закрытая линия».; Не показывать: В current debt/count.",,,,,M03_CASA_Pro_Credit_History_Implementation_and_Acceptance_v1.1,1.1,Пользовательское отображение,SRC-DOC-M03-I-00171,,,,MULTI_LAYER,,,,,Canonicalized from 1 candidate row(s); source text preserved in 10_SOURCE_EXTRACTS.csv.
M03-CAN-0508,m03.current_1_0.boundary.3ebaa5e9fed0ca34,1.0,CURRENT_1_0,M03,Кредитная история,BOUNDARY,FORBIDDEN,Пользовательское отображение,Ситуация: Хотя бы один critical current DPD неизвестен; Показывать: «Текущую просрочку нельзя определить: проверьте 1 обязательство».; Не показывать: «0» / «нет просрочки».,,Ситуация: Хотя бы один critical current DPD неизвестен; Показывать: «Текущую просрочку нельзя определить: проверьте 1 обязательство».; Не показывать: «0» / «нет просрочки».,,,,M03_CASA_Pro_Credit_History_Implementation_and_Acceptance_v1.1,1.1,Пользовательское отображение,SRC-DOC-M03-I-00172,,,CRITICAL,MULTI_LAYER,,,,,Canonicalized from 1 candidate row(s); source text preserved in 10_SOURCE_EXTRACTS.csv.
M03-CAN-0509,m03.current_1_0.product_semantic.fbe1ff05920a13db,1.0,CURRENT_1_0,M03,Кредитная история,PRODUCT_SEMANTIC,ERROR,Пользовательское отображение,"BUG-CH-001  Название: «Историческая просрочка ошибочно отображается как текущая». Actual и статус реализации не устанавливаются этим документом; их заполняют только после фактического теста. Исходная строка Acceptance Matrix: AT-CH-BUG-001, статус NOT_TESTED.: BUG-CH-001  Название: «Историческая просрочка ошибочно отображается как текущая». Actual и статус реализации не устанавливаются этим документом; их заполняют только после фактического теста. Исходная строка Acceptance Matrix: AT-CH-BUG-001, статус NOT_TESTED.","BUG-CH-001  Название: «Историческая просрочка ошибочно отображается как текущая». Actual и статус реализации не устанавливаются этим документом; их заполняют только после фактического теста. Исходная строка Acceptance Matrix: AT-CH-BUG-001, статус NOT_TESTED.: BUG-CH-001  Название: «Историческая просрочка ошибочно отображается как текущая». Actual и статус реализации не устанавливаются этим документом; их заполняют только после фактического теста. Исходная строка Acceptance Matrix: AT-CH-BUG-001, статус NOT_TESTED.",,,,,M03_CASA_Pro_Credit_History_Implementation_and_Acceptance_v1.1,1.1,Пользовательское отображение,SRC-DOC-M03-I-00173,CH-001|AT-CH-BUG-001,,,QA,,,,M03-TASK-001|M03-TASK-008|M03-TASK-011|M03-TASK-022,Canonicalized from 1 candidate row(s); source text preserved in 10_SOURCE_EXTRACTS.csv.
M03-CAN-0510,m03.current_1_0.boundary.d846c7f2e40db92a,1.0,CURRENT_1_0,M03,Кредитная история,BOUNDARY,FORBIDDEN,Правило агрегатов,"Если сумма, валюта, current node, page/section, critical reconciliation или подтверждение критичного исправления неизвестны, затронутая метрика возвращает status=UNKNOWN + reason_code. Нельзя молча показать частичную сумму известных строк.",,"Если сумма, валюта, current node, page/section, critical reconciliation или подтверждение критичного исправления неизвестны, затронутая метрика возвращает status=UNKNOWN + reason_code. Нельзя молча показать частичную сумму известных строк.",,,UNKNOWN,M03_CASA_Pro_Credit_History_Implementation_and_Acceptance_v1.1,1.1,Правило агрегатов,SRC-DOC-M03-I-00221,,,CRITICAL,MULTI_LAYER,,,,,Canonicalized from 1 candidate row(s); source text preserved in 10_SOURCE_EXTRACTS.csv.
M03-CAN-0511,m03.current_1_0.boundary.c1af6cf713e71e5f,1.0,CURRENT_1_0,M03,Кредитная история,BOUNDARY,FORBIDDEN,Правило агрегатов,Пример: Active balance unreadable; Правильный результат: Total outstanding = UNKNOWN; task указывает affected lineage.; Запрещённый результат: Сумма остальных обязательств как полный итог.,,Пример: Active balance unreadable; Правильный результат: Total outstanding = UNKNOWN; task указывает affected lineage.; Запрещённый результат: Сумма остальных обязательств как полный итог.,,,UNKNOWN,M03_CASA_Pro_Credit_History_Implementation_and_Acceptance_v1.1,1.1,Правило агрегатов,SRC-DOC-M03-I-00223,,,,MULTI_LAYER,,,,,Canonicalized from 1 candidate row(s); source text preserved in 10_SOURCE_EXTRACTS.csv.
M03-CAN-0512,m03.current_1_0.boundary.998f4477e6d7e379,1.0,CURRENT_1_0,M03,Кредитная история,BOUNDARY,FORBIDDEN,Правило агрегатов,Пример: Current DPD unknown; Правильный результат: Current delinquency = UNKNOWN; проверить поле.; Запрещённый результат: 0 / «нет просрочки».,,Пример: Current DPD unknown; Правильный результат: Current delinquency = UNKNOWN; проверить поле.; Запрещённый результат: 0 / «нет просрочки».,,,UNKNOWN,M03_CASA_Pro_Credit_History_Implementation_and_Acceptance_v1.1,1.1,Правило агрегатов,SRC-DOC-M03-I-00224,,,,MULTI_LAYER,,,,,Canonicalized from 1 candidate row(s); source text preserved in 10_SOURCE_EXTRACTS.csv.
M03-CAN-0513,m03.current_1_0.boundary.a3a7113c95be791a,1.0,CURRENT_1_0,M03,Кредитная история,BOUNDARY,FORBIDDEN,Правило агрегатов,Пример: Payment blank; Правильный результат: Payment = UNKNOWN/BLANK по source presence.; Запрещённый результат: 0 ₸.,,Пример: Payment blank; Правильный результат: Payment = UNKNOWN/BLANK по source presence.; Запрещённый результат: 0 ₸.,,,BLANK|UNKNOWN,M03_CASA_Pro_Credit_History_Implementation_and_Acceptance_v1.1,1.1,Правило агрегатов,SRC-DOC-M03-I-00225,,,,MULTI_LAYER,,,,,Canonicalized from 1 candidate row(s); source text preserved in 10_SOURCE_EXTRACTS.csv.
M03-CAN-0514,m03.current_1_0.boundary.ff29d29631643251,1.0,CURRENT_1_0,M03,Кредитная история,BOUNDARY,FORBIDDEN,Правило агрегатов,Пример: Dash в N/A поле; Правильный результат: NOT_APPLICABLE с template evidence.; Запрещённый результат: 0 или UNKNOWN без причины.,,Пример: Dash в N/A поле; Правильный результат: NOT_APPLICABLE с template evidence.; Запрещённый результат: 0 или UNKNOWN без причины.,,,NOT_APPLICABLE|UNKNOWN,M03_CASA_Pro_Credit_History_Implementation_and_Acceptance_v1.1,1.1,Правило агрегатов,SRC-DOC-M03-I-00226,,,,MULTI_LAYER,,,,,Canonicalized from 1 candidate row(s); source text preserved in 10_SOURCE_EXTRACTS.csv.
M03-CAN-0515,m03.current_1_0.product_semantic.cf0b7b23b1a63087,1.0,CURRENT_1_0,M03,Кредитная история,PRODUCT_SEMANTIC,BUSINESS_RULE,Практическая реализация,credit_report_contract_record неизменяем и никогда не уничтожается после merge; связь хранится отдельно.,credit_report_contract_record неизменяем и никогда не уничтожается после merge; связь хранится отдельно.,,,,,M03_CASA_Pro_Credit_History_Implementation_and_Acceptance_v1.1,1.1,Практическая реализация,SRC-DOC-M03-I-00201,,,,MULTI_LAYER,,,,,Canonicalized from 1 candidate row(s); source text preserved in 10_SOURCE_EXTRACTS.csv.
M03-CAN-0516,m03.current_1_0.product_semantic.b7072f9c38c70661,1.0,CURRENT_1_0,M03,Кредитная история,PRODUCT_SEMANTIC,BUSINESS_RULE,Практическая реализация,Доказанная уступка создаёт одну credit_obligation_lineage с несколькими nodes; current debt берётся только из current node.,Доказанная уступка создаёт одну credit_obligation_lineage с несколькими nodes; current debt берётся только из current node.,,,,,M03_CASA_Pro_Credit_History_Implementation_and_Acceptance_v1.1,1.1,Практическая реализация,SRC-DOC-M03-I-00202,,,,MULTI_LAYER,,,,,Canonicalized from 1 candidate row(s); source text preserved in 10_SOURCE_EXTRACTS.csv.
M03-CAN-0517,m03.current_1_0.data_contract.f366c267123a7762,1.0,CURRENT_1_0,M03,Кредитная история,DATA_CONTRACT,SNAPSHOT,Практическая реализация,"Неоднозначная связь создаёт blocking review task. Пока она не решена, affected current total и snapshot не публикуются.","Неоднозначная связь создаёт blocking review task. Пока она не решена, affected current total и snapshot не публикуются.",,,,,M03_CASA_Pro_Credit_History_Implementation_and_Acceptance_v1.1,1.1,Практическая реализация,SRC-DOC-M03-I-00204,,,,DATA,,,,,Canonicalized from 1 candidate row(s); source text preserved in 10_SOURCE_EXTRACTS.csv.
M03-CAN-0518,m03.current_1_0.data_contract.cf966ff252453a58,1.0,CURRENT_1_0,M03,Кредитная история,DATA_CONTRACT,PROVENANCE,Практическая реализация,"Ручные MERGE / KEEP_SEPARATE / SPLIT сохраняют actor, reason, evidence, before/after membership hashes и новую link version.","Ручные MERGE / KEEP_SEPARATE / SPLIT сохраняют actor, reason, evidence, before/after membership hashes и новую link version.",,,,,M03_CASA_Pro_Credit_History_Implementation_and_Acceptance_v1.1,1.1,Практическая реализация,SRC-DOC-M03-I-00205,,,,DATA,,,,,Canonicalized from 1 candidate row(s); source text preserved in 10_SOURCE_EXTRACTS.csv.
M03-CAN-0519,m03.current_1_0.product_semantic.35d67cdde499a52c,1.0,CURRENT_1_0,M03,Кредитная история,PRODUCT_SEMANTIC,BUSINESS_RULE,Практическая реализация,Похожие заявки и inquiry rows не проходят fuzzy dedup; source IDs/строки решающие.,Похожие заявки и inquiry rows не проходят fuzzy dedup; source IDs/строки решающие.,,,,,M03_CASA_Pro_Credit_History_Implementation_and_Acceptance_v1.1,1.1,Практическая реализация,SRC-DOC-M03-I-00206,,,,MULTI_LAYER,,,,,Canonicalized from 1 candidate row(s); source text preserved in 10_SOURCE_EXTRACTS.csv.
M03-CAN-0520,m03.current_1_0.ux_requirement.f2b24706c7441ca5,1.0,CURRENT_1_0,M03,Кредитная история,UX_REQUIREMENT,UI,Таблица активных обязательств: точные колонки,Колонка: Кредитор; Содержимое: Нормализованное название; raw по запросу; Пояснение брокеру: Полное имя/БИН маскировать по policy.,Колонка: Кредитор; Содержимое: Нормализованное название; raw по запросу; Пояснение брокеру: Полное имя/БИН маскировать по policy.,,,,,M03_CASA_Pro_Credit_History_Implementation_and_Acceptance_v1.1,1.1,Таблица активных обязательств: точные колонки,SRC-DOC-M03-I-00101,,,,MULTI_LAYER,,,,,Canonicalized from 1 candidate row(s); source text preserved in 10_SOURCE_EXTRACTS.csv.
M03-CAN-0521,m03.current_1_0.data_contract.5c04fcdfb06b8f26,1.0,CURRENT_1_0,M03,Кредитная история,DATA_CONTRACT,DATA_MODEL,Таблица активных обязательств: точные колонки,"Колонка: Продукт; Содержимое: Карта / займ / линия / другой / неизвестно; Пояснение брокеру: Тип влияет на набор видимых полей, но не создаёт bank rule.","Колонка: Продукт; Содержимое: Карта / займ / линия / другой / неизвестно; Пояснение брокеру: Тип влияет на набор видимых полей, но не создаёт bank rule.",,,,,M03_CASA_Pro_Credit_History_Implementation_and_Acceptance_v1.1,1.1,Таблица активных обязательств: точные колонки,SRC-DOC-M03-I-00102,,,,DATA,,,,,Canonicalized from 1 candidate row(s); source text preserved in 10_SOURCE_EXTRACTS.csv.
M03-CAN-0522,m03.current_1_0.ux_requirement.9b63cff53b3ba0c5,1.0,CURRENT_1_0,M03,Кредитная история,UX_REQUIREMENT,UI,Таблица активных обязательств: точные колонки,Колонка: Роль; Содержимое: Заёмщик / созаёмщик / гарант / иное; Пояснение брокеру: Не выводить платёж из одной роли.,Колонка: Роль; Содержимое: Заёмщик / созаёмщик / гарант / иное; Пояснение брокеру: Не выводить платёж из одной роли.,,,,,M03_CASA_Pro_Credit_History_Implementation_and_Acceptance_v1.1,1.1,Таблица активных обязательств: точные колонки,SRC-DOC-M03-I-00103,,,,MULTI_LAYER,,,,,Canonicalized from 1 candidate row(s); source text preserved in 10_SOURCE_EXTRACTS.csv.
M03-CAN-0523,m03.current_1_0.ux_requirement.2a1db7cc119260c8,1.0,CURRENT_1_0,M03,Кредитная история,UX_REQUIREMENT,UI,Таблица активных обязательств: точные колонки,Колонка: Договор; Содержимое: Маскированный code/number; Пояснение брокеру: Полное значение — только в защищённых деталях.,Колонка: Договор; Содержимое: Маскированный code/number; Пояснение брокеру: Полное значение — только в защищённых деталях.,,,,,M03_CASA_Pro_Credit_History_Implementation_and_Acceptance_v1.1,1.1,Таблица активных обязательств: точные колонки,SRC-DOC-M03-I-00104,,,,MULTI_LAYER,,,,,Canonicalized from 1 candidate row(s); source text preserved in 10_SOURCE_EXTRACTS.csv.
M03-CAN-0524,m03.current_1_0.ux_requirement.9f28ebcdc5c5955a,1.0,CURRENT_1_0,M03,Кредитная история,UX_REQUIREMENT,UI,Таблица активных обязательств: точные колонки,Колонка: Текущий остаток; Содержимое: amount + currency + presence; Пояснение брокеру: Не лимит и не первоначальная сумма.,Колонка: Текущий остаток; Содержимое: amount + currency + presence; Пояснение брокеру: Не лимит и не первоначальная сумма.,,,,,M03_CASA_Pro_Credit_History_Implementation_and_Acceptance_v1.1,1.1,Таблица активных обязательств: точные колонки,SRC-DOC-M03-I-00105,,,,MULTI_LAYER,,,,,Canonicalized from 1 candidate row(s); source text preserved in 10_SOURCE_EXTRACTS.csv.
M03-CAN-0525,m03.current_1_0.ux_requirement.45cd232990069563,1.0,CURRENT_1_0,M03,Кредитная история,UX_REQUIREMENT,UI,Таблица активных обязательств: точные колонки,Колонка: Лимит карты; Содержимое: credit_limit; для не-карты — «не применяется»; Пояснение брокеру: Не прибавлять к текущему долгу.,Колонка: Лимит карты; Содержимое: credit_limit; для не-карты — «не применяется»; Пояснение брокеру: Не прибавлять к текущему долгу.,,,,,M03_CASA_Pro_Credit_History_Implementation_and_Acceptance_v1.1,1.1,Таблица активных обязательств: точные колонки,SRC-DOC-M03-I-00106,,,,MULTI_LAYER,,,,,Canonicalized from 1 candidate row(s); source text preserved in 10_SOURCE_EXTRACTS.csv.
M03-CAN-0526,m03.current_1_0.ux_requirement.6fff668821347048,1.0,CURRENT_1_0,M03,Кредитная история,UX_REQUIREMENT,UI,Таблица активных обязательств: точные колонки,Колонка: Использовано по карте; Содержимое: utilized_amount; для не-карты — «не применяется»; Пояснение брокеру: Не заменять лимитом.,Колонка: Использовано по карте; Содержимое: utilized_amount; для не-карты — «не применяется»; Пояснение брокеру: Не заменять лимитом.,,,,,M03_CASA_Pro_Credit_History_Implementation_and_Acceptance_v1.1,1.1,Таблица активных обязательств: точные колонки,SRC-DOC-M03-I-00107,,,,MULTI_LAYER,,,,,Canonicalized from 1 candidate row(s); source text preserved in 10_SOURCE_EXTRACTS.csv.
M03-CAN-0527,m03.current_1_0.ux_requirement.b96110e61900abb7,1.0,CURRENT_1_0,M03,Кредитная история,UX_REQUIREMENT,UI,Таблица активных обязательств: точные колонки,Колонка: Платёж; Содержимое: value + kind + frequency; Пояснение брокеру: Для карты отдельно minimum_payment_reported.,Колонка: Платёж; Содержимое: value + kind + frequency; Пояснение брокеру: Для карты отдельно minimum_payment_reported.,,,,,M03_CASA_Pro_Credit_History_Implementation_and_Acceptance_v1.1,1.1,Таблица активных обязательств: точные колонки,SRC-DOC-M03-I-00108,,,,MULTI_LAYER,,,,,Canonicalized from 1 candidate row(s); source text preserved in 10_SOURCE_EXTRACTS.csv.
M03-CAN-0528,m03.current_1_0.ux_requirement.69a85d5b78a596fc,1.0,CURRENT_1_0,M03,Кредитная история,UX_REQUIREMENT,UI,Таблица активных обязательств: точные колонки,Колонка: Текущая просрочка; Содержимое: current_dpd + delinquency_as_of; Пояснение брокеру: Lifetime DPD здесь не показывать как current.,Колонка: Текущая просрочка; Содержимое: current_dpd + delinquency_as_of; Пояснение брокеру: Lifetime DPD здесь не показывать как current.,,,,,M03_CASA_Pro_Credit_History_Implementation_and_Acceptance_v1.1,1.1,Таблица активных обязательств: точные колонки,SRC-DOC-M03-I-00109,,,,MULTI_LAYER,,,,,Canonicalized from 1 candidate row(s); source text preserved in 10_SOURCE_EXTRACTS.csv.
M03-CAN-0529,m03.current_1_0.ux_requirement.056cb32fcd2bd298,1.0,CURRENT_1_0,M03,Кредитная история,UX_REQUIREMENT,UI,Таблица активных обязательств: точные колонки,Колонка: Актуальность; Содержимое: record_as_of; Пояснение брокеру: Если stale — точный возраст и нейтральное предупреждение.,Колонка: Актуальность; Содержимое: record_as_of; Пояснение брокеру: Если stale — точный возраст и нейтральное предупреждение.,,,,STALE,M03_CASA_Pro_Credit_History_Implementation_and_Acceptance_v1.1,1.1,Таблица активных обязательств: точные колонки,SRC-DOC-M03-I-00110,,,,MULTI_LAYER,,,,,Canonicalized from 1 candidate row(s); source text preserved in 10_SOURCE_EXTRACTS.csv.
M03-CAN-0530,m03.current_1_0.ux_requirement.4f7e20c3af3be1c3,1.0,CURRENT_1_0,M03,Кредитная история,UX_REQUIREMENT,UI,Таблица активных обязательств: точные колонки,Колонка: Качество; Содержимое: Проверено / нужно проверить / неизвестно; Пояснение брокеру: Без enum code как основного текста.,Колонка: Качество; Содержимое: Проверено / нужно проверить / неизвестно; Пояснение брокеру: Без enum code как основного текста.,,,,,M03_CASA_Pro_Credit_History_Implementation_and_Acceptance_v1.1,1.1,Таблица активных обязательств: точные колонки,SRC-DOC-M03-I-00111,,,,MULTI_LAYER,,,,,Canonicalized from 1 candidate row(s); source text preserved in 10_SOURCE_EXTRACTS.csv.
M03-CAN-0531,m03.current_1_0.data_contract.2f1ef1d47729da2d,1.0,CURRENT_1_0,M03,Кредитная история,DATA_CONTRACT,DATA_MODEL,Таблица активных обязательств: точные колонки,"Колонка: Действие; Содержимое: «Проверить»; Пояснение брокеру: Открывает поле, page/crop и решение.","Колонка: Действие; Содержимое: «Проверить»; Пояснение брокеру: Открывает поле, page/crop и решение.",,,,,M03_CASA_Pro_Credit_History_Implementation_and_Acceptance_v1.1,1.1,Таблица активных обязательств: точные колонки,SRC-DOC-M03-I-00112,,,,DATA,,,,,Canonicalized from 1 candidate row(s); source text preserved in 10_SOURCE_EXTRACTS.csv.
M03-CAN-0532,m03.current_1_0.product_semantic.b717d0264e838b94,1.0,CURRENT_1_0,M03,Кредитная история,PRODUCT_SEMANTIC,STATE,Текущие агрегаты,"Минимальный контракт: active_obligation_count, active_source_record_count, total_outstanding_by_currency, total_reported_payment_by_currency, current_overdue_amount_by_currency, active_current_delinquency_count, max_current_dpd, active_card_count, card_limits_by_currency, card_utilized_by_currency, active_mfo_count, active_guarantee_count, unknown_current_amount_count, stale_active_record_count, reconciliation_status.","Минимальный контракт: active_obligation_count, active_source_record_count, total_outstanding_by_currency, total_reported_payment_by_currency, current_overdue_amount_by_currency, active_current_delinquency_count, max_current_dpd, active_card_count, card_limits_by_currency, card_utilized_by_currency, active_mfo_count, active_guarantee_count, unknown_current_amount_count, stale_active_record_count, reconciliation_status.",,,,,M03_CASA_Pro_Credit_History_Implementation_and_Acceptance_v1.1,1.1,Текущие агрегаты,SRC-DOC-M03-I-00126,,,,MULTI_LAYER,,,,,Canonicalized from 1 candidate row(s); source text preserved in 10_SOURCE_EXTRACTS.csv.
M03-CAN-0533,m03.current_1_0.ux_requirement.7374369ff2a7397b,1.0,CURRENT_1_0,M03,Кредитная история,UX_REQUIREMENT,UI,Что видит брокер при неоднозначности,"Задача «Проверьте связь двух записей по уступке»: две source cards рядом, маскированные creditor/contract, даты, phase, суммы, assignment/related-contract evidence и фрагменты PDF. Действия: «Связать в одну линию» / «Оставить раздельно» / «Исправить связь». Для любого решения обязательны причина и аудит.","Задача «Проверьте связь двух записей по уступке»: две source cards рядом, маскированные creditor/contract, даты, phase, суммы, assignment/related-contract evidence и фрагменты PDF. Действия: «Связать в одну линию» / «Оставить раздельно» / «Исправить связь». Для любого решения обязательны причина и аудит.",,,,,M03_CASA_Pro_Credit_History_Implementation_and_Acceptance_v1.1,1.1,Что видит брокер при неоднозначности,SRC-DOC-M03-I-00208,,,,PARSER,,,,,Canonicalized from 1 candidate row(s); source text preserved in 10_SOURCE_EXTRACTS.csv.
M03-CAN-0534,m03.current_1_0.data_contract.4c6b4735abf9b3bd,1.0,CURRENT_1_0,M03,Кредитная история,DATA_CONTRACT,SNAPSHOT,Что видит брокер при неоднозначности,FIXTURE 1705551  2 immutable source records → 1 lineage → latest collector node CLOSED с balance 0 → current balance 0. Historical DPD 337 и 1 919 сохраняются; lineage max DPD = 1 919; predecessor не прибавляется к текущему долгу.: FIXTURE 1705551  2 immutable source records → 1 lineage → latest collector node CLOSED с balance 0 → current balance 0. Historical DPD 337 и 1 919 сохраняются; lineage max DPD = 1 919; predecessor не прибавляется к текущему долгу.,FIXTURE 1705551  2 immutable source records → 1 lineage → latest collector node CLOSED с balance 0 → current balance 0. Historical DPD 337 и 1 919 сохраняются; lineage max DPD = 1 919; predecessor не прибавляется к текущему долгу.: FIXTURE 1705551  2 immutable source records → 1 lineage → latest collector node CLOSED с balance 0 → current balance 0. Historical DPD 337 и 1 919 сохраняются; lineage max DPD = 1 919; predecessor не прибавляется к текущему долгу.,,,,,M03_CASA_Pro_Credit_History_Implementation_and_Acceptance_v1.1,1.1,Что видит брокер при неоднозначности,SRC-DOC-M03-I-00209,,,,QA,,,,,Canonicalized from 1 candidate row(s); source text preserved in 10_SOURCE_EXTRACTS.csv.
