requirement_id,canonical_key,release,applicability,module_id,module_name,requirement_level,category,subsystem,requirement,expected_behavior,forbidden_behavior,input,output,state_or_status,source_documents,source_versions,source_sections,source_extract_ids,acceptance_test_ids,priority,criticality,implementation_layer,dependency,release_gate,open_gate_ids,developer_task_ids,notes
M04-CAN-0001,m04.current_1_0.boundary.2c5b943db745f417,1.0,CURRENT_1_0,M04,Пенсионные отчисления,BOUNDARY,SCOPE,§1 Scope и production-контракт,ENGINE_SCOPE_VERSION = casa.pension_contribution/1.0.0,ENGINE_SCOPE_VERSION = casa.pension_contribution/1.0.0,,,,,03_CASA_Pro_Pension_Contribution_Engine_Final_Spec_KZ_2026-08-21,2026-08-21,§1 Scope и production-контракт,SRC-DOC-M04-P-00035,,,,PRODUCT,,,,,Canonicalized from 1 candidate row(s); source text preserved in 10_SOURCE_EXTRACTS.csv.
M04-CAN-0002,m04.current_1_0.product_semantic.9014c4fe025c98a3,1.0,CURRENT_1_0,M04,Пенсионные отчисления,PRODUCT_SEMANTIC,BUSINESS_RULE,§1.1 Что блок делает,"Валидирует файл, субъект, страницы, issuer/template, период, номер, дату получения, штрих-код/подпись и duplicate.","Валидирует файл, субъект, страницы, issuer/template, период, номер, дату получения, штрих-код/подпись и duplicate.",,,,,03_CASA_Pro_Pension_Contribution_Engine_Final_Spec_KZ_2026-08-21,2026-08-21,§1.1 Что блок делает,SRC-DOC-M04-P-00038,,,,MULTI_LAYER,,,,,Canonicalized from 1 candidate row(s); source text preserved in 10_SOURCE_EXTRACTS.csv.
M04-CAN-0003,m04.current_1_0.data_contract.e59d997f3ce1b990,1.0,CURRENT_1_0,M04,Пенсионные отчисления,DATA_CONTRACT,PROVENANCE,§1.1 Что блок делает,Сохраняет каждую строку как contribution_record с raw/normalized/presence/confidence/review/evidence.,Сохраняет каждую строку как contribution_record с raw/normalized/presence/confidence/review/evidence.,,,,,03_CASA_Pro_Pension_Contribution_Engine_Final_Spec_KZ_2026-08-21,2026-08-21,§1.1 Что блок делает,SRC-DOC-M04-P-00039,,,,DATA,,,,,Canonicalized from 1 candidate row(s); source text preserved in 10_SOURCE_EXTRACTS.csv.
M04-CAN-0004,m04.current_1_0.data_contract.fde9695e2d50798e,1.0,CURRENT_1_0,M04,Пенсионные отчисления,DATA_CONTRACT,SNAPSHOT,§1.1 Что блок делает,Публикует immutable pension_contribution_profile_snapshot после закрытия blocking gates.,Публикует immutable pension_contribution_profile_snapshot после закрытия blocking gates.,,,,,03_CASA_Pro_Pension_Contribution_Engine_Final_Spec_KZ_2026-08-21,2026-08-21,§1.1 Что блок делает,SRC-DOC-M04-P-00042,,,,DATA,,,,,Canonicalized from 1 candidate row(s); source text preserved in 10_SOURCE_EXTRACTS.csv.
M04-CAN-0005,m04.current_1_0.boundary.4399e231c720e096,1.0,CURRENT_1_0,M04,Пенсионные отчисления,BOUNDARY,FUTURE_BOUNDARY,§1.2 Что блок не делает,"не входит в eGov/ЕНПФ за клиента, не хранит ЭЦП, OTP, пароль или токен;","не входит в eGov/ЕНПФ за клиента, не хранит ЭЦП, OTP, пароль или токен;",,,,,03_CASA_Pro_Pension_Contribution_Engine_Final_Spec_KZ_2026-08-21,2026-08-21,§1.2 Что блок не делает,SRC-DOC-M04-P-00044,,,,MULTI_LAYER,,,,,Canonicalized from 1 candidate row(s); source text preserved in 10_SOURCE_EXTRACTS.csv.
M04-CAN-0006,m04.current_1_0.product_semantic.acd52f1b10a4f603,1.0,CURRENT_1_0,M04,Пенсионные отчисления,PRODUCT_SEMANTIC,API,§1.2 Что блок не делает,не получает выписку автоматически и не вызывает неподтверждённый государственный API;,не получает выписку автоматически и не вызывает неподтверждённый государственный API;,,,,,03_CASA_Pro_Pension_Contribution_Engine_Final_Spec_KZ_2026-08-21,2026-08-21,§1.2 Что блок не делает,SRC-DOC-M04-P-00045,,,,BACKEND,,,,,Canonicalized from 1 candidate row(s); source text preserved in 10_SOURCE_EXTRACTS.csv.
M04-CAN-0007,m04.current_1_0.product_semantic.817f9b4e10f376e8,1.0,CURRENT_1_0,M04,Пенсионные отчисления,PRODUCT_SEMANTIC,BUSINESS_RULE,§1.2 Что блок не делает,не достраивает отсутствующие строки и не заменяет UNKNOWN нулём.,не достраивает отсутствующие строки и не заменяет UNKNOWN нулём.,,,,UNKNOWN,03_CASA_Pro_Pension_Contribution_Engine_Final_Spec_KZ_2026-08-21,2026-08-21,§1.2 Что блок не делает,SRC-DOC-M04-P-00048,,,,MULTI_LAYER,,,,,Canonicalized from 1 candidate row(s); source text preserved in 10_SOURCE_EXTRACTS.csv.
M04-CAN-0008,m04.current_1_0.product_semantic.2bf3d73c5d586e89,1.0,CURRENT_1_0,M04,Пенсионные отчисления,PRODUCT_SEMANTIC,FORMULA,§1.3 Несмешиваемые уровни,Уровень: CASA_DERIVED; Владелец: Pension Engine; Пример: 6 positive observed months; one sender; amount median 10 000 ₸; Хранение: formula/version/input IDs/quality/UNKNOWN reasons,Уровень: CASA_DERIVED; Владелец: Pension Engine; Пример: 6 positive observed months; one sender; amount median 10 000 ₸; Хранение: formula/version/input IDs/quality/UNKNOWN reasons,,,,UNKNOWN,03_CASA_Pro_Pension_Contribution_Engine_Final_Spec_KZ_2026-08-21,2026-08-21,§1.3 Несмешиваемые уровни,SRC-DOC-M04-P-00052,,,,MULTI_LAYER,,,,,Canonicalized from 1 candidate row(s); source text preserved in 10_SOURCE_EXTRACTS.csv.
M04-CAN-0009,m04.current_1_0.boundary.7cc3e7a184245070,1.0,CURRENT_1_0,M04,Пенсионные отчисления,BOUNDARY,FUTURE_BOUNDARY,§1.3 Несмешиваемые уровни,Уровень: BANK_RULE; Владелец: Future Bank Rules; Пример: Как банк принимает месяцы и доход; Хранение: В этом блоке отсутствует,Уровень: BANK_RULE; Владелец: Future Bank Rules; Пример: Как банк принимает месяцы и доход; Хранение: В этом блоке отсутствует,,,,,03_CASA_Pro_Pension_Contribution_Engine_Final_Spec_KZ_2026-08-21,2026-08-21,§1.3 Несмешиваемые уровни,SRC-DOC-M04-P-00053,,,,MULTI_LAYER,,,,,Canonicalized from 1 candidate row(s); source text preserved in 10_SOURCE_EXTRACTS.csv.
M04-CAN-0010,m04.current_1_0.product_semantic.dd911001a7dc4a77,1.0,CURRENT_1_0,M04,Пенсионные отчисления,PRODUCT_SEMANTIC,FORMULA,§1.3 Несмешиваемые уровни,"Инвариант
CASA_DERIVED всегда ссылается на source_record_ids и formula_version. Любая коррекция факта инвалидирует downstream metrics и создаёт новый snapshot; старый snapshot остаётся воспроизводимым.: Инвариант
CASA_DERIVED всегда ссылается на source_record_ids и formula_version. Любая коррекция факта инвалидирует downstream metrics и создаёт новый snapshot; старый snapshot остаётся воспроизводимым.","Инвариант
CASA_DERIVED всегда ссылается на source_record_ids и formula_version. Любая коррекция факта инвалидирует downstream metrics и создаёт новый snapshot; старый snapshot остаётся воспроизводимым.: Инвариант
CASA_DERIVED всегда ссылается на source_record_ids и formula_version. Любая коррекция факта инвалидирует downstream metrics и создаёт новый snapshot; старый snapshot остаётся воспроизводимым.",,,,,03_CASA_Pro_Pension_Contribution_Engine_Final_Spec_KZ_2026-08-21,2026-08-21,§1.3 Несмешиваемые уровни,SRC-DOC-M04-P-00054,,,,DATA,,,,,Canonicalized from 1 candidate row(s); source text preserved in 10_SOURCE_EXTRACTS.csv.
M04-CAN-0011,m04.current_1_0.product_semantic.394ae0bd9ed43427,1.0,CURRENT_1_0,M04,Пенсионные отчисления,PRODUCT_SEMANTIC,STATE,§1.3 Несмешиваемые уровни,Уровень: SOURCE_FACT; Владелец: PDF/issuer; Пример: КНП 010; сумма 10 000 ₸; период 01.2026; sender X; Хранение: raw + normalized + page/bbox + evidence + source status,Уровень: SOURCE_FACT; Владелец: PDF/issuer; Пример: КНП 010; сумма 10 000 ₸; период 01.2026; sender X; Хранение: raw + normalized + page/bbox + evidence + source status,,,,,03_CASA_Pro_Pension_Contribution_Engine_Final_Spec_KZ_2026-08-21|M04_CASA_Pro_Pension_Implementation_and_Acceptance_v1.0,2026-08-21|1.0,§1.3 Несмешиваемые уровни|§9 Суммы и типы взносов,SRC-DOC-M04-P-00051|SRC-DOC-M04-I-00130,,,,PARSER|MULTI_LAYER,,,,,Canonicalized from 2 candidate row(s); source text preserved in 10_SOURCE_EXTRACTS.csv.
M04-CAN-0012,m04.current_1_0.product_semantic.d0ac56754ce0adac,1.0,CURRENT_1_0,M04,Пенсионные отчисления,PRODUCT_SEMANTIC,BUSINESS_RULE,§10.1 Eligibility gate,Gate: E-01; Required condition: recognized contribution type; not penalty/return/rejected,Gate: E-01; Required condition: recognized contribution type; not penalty/return/rejected,,,,,03_CASA_Pro_Pension_Contribution_Engine_Final_Spec_KZ_2026-08-21,2026-08-21,§10.1 Eligibility gate,SRC-DOC-M04-P-00376,,,,MULTI_LAYER,,,,,Canonicalized from 1 candidate row(s); source text preserved in 10_SOURCE_EXTRACTS.csv.
M04-CAN-0013,m04.current_1_0.product_semantic.1bbee1926a1def3c,1.0,CURRENT_1_0,M04,Пенсионные отчисления,PRODUCT_SEMANTIC,BUSINESS_RULE,§10.1 Eligibility gate,Gate: E-02; Required condition: amount PRESENT and > 0; period PRESENT,Gate: E-02; Required condition: amount PRESENT and > 0; period PRESENT,,,,,03_CASA_Pro_Pension_Contribution_Engine_Final_Spec_KZ_2026-08-21,2026-08-21,§10.1 Eligibility gate,SRC-DOC-M04-P-00377,,,,MULTI_LAYER,,,,,Canonicalized from 1 candidate row(s); source text preserved in 10_SOURCE_EXTRACTS.csv.
M04-CAN-0014,m04.current_1_0.data_contract.cbbdce5bedb75c09,1.0,CURRENT_1_0,M04,Пенсионные отчисления,DATA_CONTRACT,PROVENANCE,§10.1 Eligibility gate,Gate: E-03; Required condition: payer_category confirmed by allowed evidence,Gate: E-03; Required condition: payer_category confirmed by allowed evidence,,,,CONFIRMED,03_CASA_Pro_Pension_Contribution_Engine_Final_Spec_KZ_2026-08-21,2026-08-21,§10.1 Eligibility gate,SRC-DOC-M04-P-00378,,,,DATA,,,,,Canonicalized from 1 candidate row(s); source text preserved in 10_SOURCE_EXTRACTS.csv.
M04-CAN-0015,m04.current_1_0.product_semantic.39ce5854ee3f18bd,1.0,CURRENT_1_0,M04,Пенсионные отчисления,PRODUCT_SEMANTIC,BUSINESS_RULE,§10.1 Eligibility gate,Gate: E-04; Required condition: payment_regime confirmed: GENERAL / SELF_EMPLOYED_SNR / PLATFORM / UNIFIED_PAYMENT / other,Gate: E-04; Required condition: payment_regime confirmed: GENERAL / SELF_EMPLOYED_SNR / PLATFORM / UNIFIED_PAYMENT / other,,,,CONFIRMED,03_CASA_Pro_Pension_Contribution_Engine_Final_Spec_KZ_2026-08-21,2026-08-21,§10.1 Eligibility gate,SRC-DOC-M04-P-00379,,,,MULTI_LAYER,,,,,Canonicalized from 1 candidate row(s); source text preserved in 10_SOURCE_EXTRACTS.csv.
M04-CAN-0016,m04.current_1_0.product_semantic.292df23857fe3823,1.0,CURRENT_1_0,M04,Пенсионные отчисления,PRODUCT_SEMANTIC,BUSINESS_RULE,§10.1 Eligibility gate,Gate: E-05; Required condition: effective rate registry matches contribution_period and category,Gate: E-05; Required condition: effective rate registry matches contribution_period and category,,,,,03_CASA_Pro_Pension_Contribution_Engine_Final_Spec_KZ_2026-08-21,2026-08-21,§10.1 Eligibility gate,SRC-DOC-M04-P-00380,,,,MULTI_LAYER,,,,,Canonicalized from 1 candidate row(s); source text preserved in 10_SOURCE_EXTRACTS.csv.
M04-CAN-0017,m04.current_1_0.product_semantic.6814d5fc3f39e9d2,1.0,CURRENT_1_0,M04,Пенсионные отчисления,PRODUCT_SEMANTIC,BUSINESS_RULE,§10.1 Eligibility gate,Gate: E-06; Required condition: cap/floor and aggregation semantics known; correction links resolved,Gate: E-06; Required condition: cap/floor and aggregation semantics known; correction links resolved,,,,,03_CASA_Pro_Pension_Contribution_Engine_Final_Spec_KZ_2026-08-21,2026-08-21,§10.1 Eligibility gate,SRC-DOC-M04-P-00381,,,,MULTI_LAYER,,,,,Canonicalized from 1 candidate row(s); source text preserved in 10_SOURCE_EXTRACTS.csv.
M04-CAN-0018,m04.current_1_0.product_semantic.4879e5fe1fe54f95,1.0,CURRENT_1_0,M04,Пенсионные отчисления,PRODUCT_SEMANTIC,FORMULA,§10.1 Eligibility gate,Gate: E-07; Required condition: all input fields ACCEPTED; estimate formula version published,Gate: E-07; Required condition: all input fields ACCEPTED; estimate formula version published,,,,,03_CASA_Pro_Pension_Contribution_Engine_Final_Spec_KZ_2026-08-21|M04_CASA_Pro_Pension_Implementation_and_Acceptance_v1.0,2026-08-21|1.0,§10.1 Eligibility gate|§12 Расчётная база и контекст ставки,SRC-DOC-M04-P-00382|SRC-DOC-M04-I-00179,,,,DATA|MULTI_LAYER,,,,,Canonicalized from 2 candidate row(s); source text preserved in 10_SOURCE_EXTRACTS.csv.
M04-CAN-0019,m04.current_1_0.product_semantic.fb1b6c7dcb1960cd,1.0,CURRENT_1_0,M04,Пенсионные отчисления,PRODUCT_SEMANTIC,STATE,§10.2 Output contract,Поле: estimate_status; Семантика: CALCULATED / UNKNOWN_RATE_CONTEXT / NOT_APPLICABLE / NEEDS_REVIEW,Поле: estimate_status; Семантика: CALCULATED / UNKNOWN_RATE_CONTEXT / NOT_APPLICABLE / NEEDS_REVIEW,,,,NOT_APPLICABLE,03_CASA_Pro_Pension_Contribution_Engine_Final_Spec_KZ_2026-08-21,2026-08-21,§10.2 Output contract,SRC-DOC-M04-P-00385,,,,MULTI_LAYER,,,,,Canonicalized from 1 candidate row(s); source text preserved in 10_SOURCE_EXTRACTS.csv.
M04-CAN-0020,m04.current_1_0.data_contract.626c0a70dd4633bc,1.0,CURRENT_1_0,M04,Пенсионные отчисления,DATA_CONTRACT,DATA_MODEL,§10.2 Output contract,Поле: source_amount; Семантика: Money + contribution_record_ids,Поле: source_amount; Семантика: Money + contribution_record_ids,,,,,03_CASA_Pro_Pension_Contribution_Engine_Final_Spec_KZ_2026-08-21,2026-08-21,§10.2 Output contract,SRC-DOC-M04-P-00386,,,,DATA,,,,,Canonicalized from 1 candidate row(s); source text preserved in 10_SOURCE_EXTRACTS.csv.
M04-CAN-0021,m04.current_1_0.data_contract.0d699fce6b4e07dc,1.0,CURRENT_1_0,M04,Пенсионные отчисления,DATA_CONTRACT,DATA_MODEL,§10.2 Output contract,Поле: contribution_type / period; Семантика: recognized enum + YYYY-MM,Поле: contribution_type / period; Семантика: recognized enum + YYYY-MM,,,,,03_CASA_Pro_Pension_Contribution_Engine_Final_Spec_KZ_2026-08-21,2026-08-21,§10.2 Output contract,SRC-DOC-M04-P-00387,,,,DATA,,,,,Canonicalized from 1 candidate row(s); source text preserved in 10_SOURCE_EXTRACTS.csv.
M04-CAN-0022,m04.current_1_0.data_contract.e9d206ecbc04661e,1.0,CURRENT_1_0,M04,Пенсионные отчисления,DATA_CONTRACT,DATA_MODEL,§10.2 Output contract,Поле: rate; Семантика: Decimal ratio; not percent string,Поле: rate; Семантика: Decimal ratio; not percent string,,,,,03_CASA_Pro_Pension_Contribution_Engine_Final_Spec_KZ_2026-08-21,2026-08-21,§10.2 Output contract,SRC-DOC-M04-P-00388,,,,DATA,,,,,Canonicalized from 1 candidate row(s); source text preserved in 10_SOURCE_EXTRACTS.csv.
M04-CAN-0023,m04.current_1_0.data_contract.108320fb6f8188c9,1.0,CURRENT_1_0,M04,Пенсионные отчисления,DATA_CONTRACT,DATA_MODEL,§10.2 Output contract,Поле: rate_context; Семантика: payer_category + payment_regime + source/evidence,Поле: rate_context; Семантика: payer_category + payment_regime + source/evidence,,,,,03_CASA_Pro_Pension_Contribution_Engine_Final_Spec_KZ_2026-08-21,2026-08-21,§10.2 Output contract,SRC-DOC-M04-P-00389,,,,DATA,,,,,Canonicalized from 1 candidate row(s); source text preserved in 10_SOURCE_EXTRACTS.csv.
M04-CAN-0024,m04.current_1_0.product_semantic.2fee60b06ab67c50,1.0,CURRENT_1_0,M04,Пенсионные отчисления,PRODUCT_SEMANTIC,FORMULA,§10.2 Output contract,"Поле: formula_version; Семантика: e.g., casa.pension.base.opv_general/2026.1","Поле: formula_version; Семантика: e.g., casa.pension.base.opv_general/2026.1",,,,,03_CASA_Pro_Pension_Contribution_Engine_Final_Spec_KZ_2026-08-21,2026-08-21,§10.2 Output contract,SRC-DOC-M04-P-00390,,,,MULTI_LAYER,,,,,Canonicalized from 1 candidate row(s); source text preserved in 10_SOURCE_EXTRACTS.csv.
M04-CAN-0025,m04.current_1_0.data_contract.e124c41207fbe9cc,1.0,CURRENT_1_0,M04,Пенсионные отчисления,DATA_CONTRACT,DATA_MODEL,§10.2 Output contract,Поле: estimated_contribution_base; Семантика: amount / rate; Decimal KZT,Поле: estimated_contribution_base; Семантика: amount / rate; Decimal KZT,,,,,03_CASA_Pro_Pension_Contribution_Engine_Final_Spec_KZ_2026-08-21,2026-08-21,§10.2 Output contract,SRC-DOC-M04-P-00391,,,,DATA,,,,,Canonicalized from 1 candidate row(s); source text preserved in 10_SOURCE_EXTRACTS.csv.
M04-CAN-0026,m04.current_1_0.data_contract.6f81a1012e586235,1.0,CURRENT_1_0,M04,Пенсионные отчисления,DATA_CONTRACT,DATA_MODEL,§10.2 Output contract,Поле: confidence; Семантика: HIGH/MEDIUM/LOW; never substitutes gates,Поле: confidence; Семантика: HIGH/MEDIUM/LOW; never substitutes gates,,,,,03_CASA_Pro_Pension_Contribution_Engine_Final_Spec_KZ_2026-08-21,2026-08-21,§10.2 Output contract,SRC-DOC-M04-P-00392,,,HIGH,DATA,,,,,Canonicalized from 1 candidate row(s); source text preserved in 10_SOURCE_EXTRACTS.csv.
M04-CAN-0027,m04.current_1_0.data_contract.9f715e879e821864,1.0,CURRENT_1_0,M04,Пенсионные отчисления,DATA_CONTRACT,DATA_MODEL,§10.2 Output contract,Поле: limitations; Семантика: array of human-readable and machine codes,Поле: limitations; Семантика: array of human-readable and machine codes,,,,,03_CASA_Pro_Pension_Contribution_Engine_Final_Spec_KZ_2026-08-21,2026-08-21,§10.2 Output contract,SRC-DOC-M04-P-00393,,,,DATA,,,,,Canonicalized from 1 candidate row(s); source text preserved in 10_SOURCE_EXTRACTS.csv.
M04-CAN-0028,m04.current_1_0.data_contract.cd816e2fa1db976a,1.0,CURRENT_1_0,M04,Пенсионные отчисления,DATA_CONTRACT,DATA_MODEL,§10.2 Output contract,Поле: legal_basis_refs; Семантика: source registry IDs + effective dates,Поле: legal_basis_refs; Семантика: source registry IDs + effective dates,,,,,03_CASA_Pro_Pension_Contribution_Engine_Final_Spec_KZ_2026-08-21,2026-08-21,§10.2 Output contract,SRC-DOC-M04-P-00394,,,,LEGAL,,,,,Canonicalized from 1 candidate row(s); source text preserved in 10_SOURCE_EXTRACTS.csv.
M04-CAN-0029,m04.current_1_0.product_semantic.5f96129b68a51c20,1.0,CURRENT_1_0,M04,Пенсионные отчисления,PRODUCT_SEMANTIC,STATE,§11.1 Information architecture,Зона: Последний отправитель; Содержимое: ИП RSHATOVA · подпись «отправитель пенсионных взносов» · current_sender_status,Зона: Последний отправитель; Содержимое: ИП RSHATOVA · подпись «отправитель пенсионных взносов» · current_sender_status,,,,,03_CASA_Pro_Pension_Contribution_Engine_Final_Spec_KZ_2026-08-21,2026-08-21,§11.1 Information architecture,SRC-DOC-M04-P-00409,,,,MULTI_LAYER,,,,,Canonicalized from 1 candidate row(s); source text preserved in 10_SOURCE_EXTRACTS.csv.
M04-CAN-0030,m04.current_1_0.product_semantic.458e4c6605e1e601,1.0,CURRENT_1_0,M04,Пенсионные отчисления,PRODUCT_SEMANTIC,BUSINESS_RULE,§11.1 Information architecture,Зона: Поступления; Содержимое: 6 поступлений / 6 наблюдаемых месяцев · сумма строк 60 000 ₸ · coverage UNKNOWN badge,Зона: Поступления; Содержимое: 6 поступлений / 6 наблюдаемых месяцев · сумма строк 60 000 ₸ · coverage UNKNOWN badge,,,,UNKNOWN,03_CASA_Pro_Pension_Contribution_Engine_Final_Spec_KZ_2026-08-21,2026-08-21,§11.1 Information architecture,SRC-DOC-M04-P-00410,,,,MULTI_LAYER,,,,,Canonicalized from 1 candidate row(s); source text preserved in 10_SOURCE_EXTRACTS.csv.
M04-CAN-0031,m04.current_1_0.product_semantic.cff38e1803ee1317,1.0,CURRENT_1_0,M04,Пенсионные отчисления,PRODUCT_SEMANTIC,BUSINESS_RULE,§11.1 Information architecture,Зона: Signals; Содержимое: Пропуски (только confirmed coverage) · смены · несколько отправителей · unknown values · receipt lag,Зона: Signals; Содержимое: Пропуски (только confirmed coverage) · смены · несколько отправителей · unknown values · receipt lag,,,,CONFIRMED|UNKNOWN,03_CASA_Pro_Pension_Contribution_Engine_Final_Spec_KZ_2026-08-21,2026-08-21,§11.1 Information architecture,SRC-DOC-M04-P-00412,,,,MULTI_LAYER,,,,,Canonicalized from 1 candidate row(s); source text preserved in 10_SOURCE_EXTRACTS.csv.
M04-CAN-0032,m04.current_1_0.data_contract.983b9df79f740646,1.0,CURRENT_1_0,M04,Пенсионные отчисления,DATA_CONTRACT,PROVENANCE,§11.1 Information architecture,Зона: Review drawer; Содержимое: Только unresolved critical tasks с jump-to-evidence,Зона: Review drawer; Содержимое: Только unresolved critical tasks с jump-to-evidence,,,,,03_CASA_Pro_Pension_Contribution_Engine_Final_Spec_KZ_2026-08-21,2026-08-21,§11.1 Information architecture,SRC-DOC-M04-P-00413,,,CRITICAL,DATA,,,,,Canonicalized from 1 candidate row(s); source text preserved in 10_SOURCE_EXTRACTS.csv.
M04-CAN-0033,m04.current_1_0.data_contract.aaf0552fd2acdb8c,1.0,CURRENT_1_0,M04,Пенсионные отчисления,DATA_CONTRACT,SNAPSHOT,§11.1 Information architecture,Зона: Footer; Содержимое: Сохранить черновик · Подтвердить факты и создать snapshot,Зона: Footer; Содержимое: Сохранить черновик · Подтвердить факты и создать snapshot,,,,,03_CASA_Pro_Pension_Contribution_Engine_Final_Spec_KZ_2026-08-21,2026-08-21,§11.1 Information architecture,SRC-DOC-M04-P-00414,,,,DATA,,,,,Canonicalized from 1 candidate row(s); source text preserved in 10_SOURCE_EXTRACTS.csv.
M04-CAN-0034,m04.current_1_0.product_semantic.10127dae6c4bdd32,1.0,CURRENT_1_0,M04,Пенсионные отчисления,PRODUCT_SEMANTIC,STATE,§11.3 Reviewer confirmation и состояния,"CONFIRMED означает проверку фактов CASA, а не подтверждение банком/ЕНПФ.","CONFIRMED означает проверку фактов CASA, а не подтверждение банком/ЕНПФ.",,,,CONFIRMED,03_CASA_Pro_Pension_Contribution_Engine_Final_Spec_KZ_2026-08-21,2026-08-21,§11.3 Reviewer confirmation и состояния,SRC-DOC-M04-P-00425,,,,MULTI_LAYER,,,,,Canonicalized from 1 candidate row(s); source text preserved in 10_SOURCE_EXTRACTS.csv.
M04-CAN-0035,m04.current_1_0.product_semantic.ab67c84c14462ba6,1.0,CURRENT_1_0,M04,Пенсионные отчисления,PRODUCT_SEMANTIC,STATE,§11.3 Reviewer confirmation и состояния,Когда: Всегда в launch calibration; Что подтверждается: row count; CASA-calculated total; first/last month; unique senders; all critical row fields,Когда: Всегда в launch calibration; Что подтверждается: row count; CASA-calculated total; first/last month; unique senders; all critical row fields,,,,,03_CASA_Pro_Pension_Contribution_Engine_Final_Spec_KZ_2026-08-21,2026-08-21,§11.3 Reviewer confirmation и состояния,SRC-DOC-M04-P-00428,,,CRITICAL,DATA,,,,,Canonicalized from 1 candidate row(s); source text preserved in 10_SOURCE_EXTRACTS.csv.
M04-CAN-0036,m04.current_1_0.product_semantic.62ff2dcc9d225c41,1.0,CURRENT_1_0,M04,Пенсионные отчисления,PRODUCT_SEMANTIC,STATE,§11.3 Reviewer confirmation и состояния,Когда: При coverage UNKNOWN; Что подтверждается: не разрешать reviewer вручную объявить отсутствующие месяцы без external evidence,Когда: При coverage UNKNOWN; Что подтверждается: не разрешать reviewer вручную объявить отсутствующие месяцы без external evidence,,,,UNKNOWN,03_CASA_Pro_Pension_Contribution_Engine_Final_Spec_KZ_2026-08-21,2026-08-21,§11.3 Reviewer confirmation и состояния,SRC-DOC-M04-P-00432,,,,MULTI_LAYER,,,,,Canonicalized from 1 candidate row(s); source text preserved in 10_SOURCE_EXTRACTS.csv.
M04-CAN-0037,m04.current_1_0.product_semantic.e293beaeb951c77b,1.0,CURRENT_1_0,M04,Пенсионные отчисления,PRODUCT_SEMANTIC,STATE,§11.3 Reviewer confirmation и состояния,Когда: При correction; Что подтверждается: raw stays; corrected value + reason code + comment + actor + evidence,Когда: При correction; Что подтверждается: raw stays; corrected value + reason code + comment + actor + evidence,,,,,03_CASA_Pro_Pension_Contribution_Engine_Final_Spec_KZ_2026-08-21,2026-08-21,§11.3 Reviewer confirmation и состояния,SRC-DOC-M04-P-00433,,,,MULTI_LAYER,,,,,Canonicalized from 1 candidate row(s); source text preserved in 10_SOURCE_EXTRACTS.csv.
M04-CAN-0038,m04.current_1_0.product_semantic.230e5032279bac6c,1.0,CURRENT_1_0,M04,Пенсионные отчисления,PRODUCT_SEMANTIC,STATE,§11.3 Reviewer confirmation и состояния,State: NOT_UPLOADED; Когда: Нет документа; CTA: Загрузить PDF,State: NOT_UPLOADED; Когда: Нет документа; CTA: Загрузить PDF,,,,,03_CASA_Pro_Pension_Contribution_Engine_Final_Spec_KZ_2026-08-21,2026-08-21,§11.3 Reviewer confirmation и состояния,SRC-DOC-M04-P-00435,,,,PARSER,,,,,Canonicalized from 1 candidate row(s); source text preserved in 10_SOURCE_EXTRACTS.csv.
M04-CAN-0039,m04.current_1_0.product_semantic.1db7b4a8e80c8507,1.0,CURRENT_1_0,M04,Пенсионные отчисления,PRODUCT_SEMANTIC,STATE,§11.3 Reviewer confirmation и состояния,State: UPLOADING / QUARANTINED; Когда: Техническая обработка; CTA: Progress; no results yet,State: UPLOADING / QUARANTINED; Когда: Техническая обработка; CTA: Progress; no results yet,,,,,03_CASA_Pro_Pension_Contribution_Engine_Final_Spec_KZ_2026-08-21,2026-08-21,§11.3 Reviewer confirmation и состояния,SRC-DOC-M04-P-00437,,,,MULTI_LAYER,,,,,Canonicalized from 1 candidate row(s); source text preserved in 10_SOURCE_EXTRACTS.csv.
M04-CAN-0040,m04.current_1_0.product_semantic.fc0eb0485e5b54dc,1.0,CURRENT_1_0,M04,Пенсионные отчисления,PRODUCT_SEMANTIC,PARSER,§11.3 Reviewer confirmation и состояния,State: PROCESSING; Когда: Text/OCR/reconciliation; CTA: Page/row progress,State: PROCESSING; Когда: Text/OCR/reconciliation; CTA: Page/row progress,,,,,03_CASA_Pro_Pension_Contribution_Engine_Final_Spec_KZ_2026-08-21,2026-08-21,§11.3 Reviewer confirmation и состояния,SRC-DOC-M04-P-00438,,,,PARSER,,,,,Canonicalized from 1 candidate row(s); source text preserved in 10_SOURCE_EXTRACTS.csv.
M04-CAN-0041,m04.current_1_0.product_semantic.5f25a95deed4621a,1.0,CURRENT_1_0,M04,Пенсионные отчисления,PRODUCT_SEMANTIC,STATE,§11.3 Reviewer confirmation и состояния,State: VALID; Когда: Технические и автоматические checks pass; CTA: Review summary,State: VALID; Когда: Технические и автоматические checks pass; CTA: Review summary,,,,,03_CASA_Pro_Pension_Contribution_Engine_Final_Spec_KZ_2026-08-21,2026-08-21,§11.3 Reviewer confirmation и состояния,SRC-DOC-M04-P-00439,,,,MULTI_LAYER,,,,,Canonicalized from 1 candidate row(s); source text preserved in 10_SOURCE_EXTRACTS.csv.
M04-CAN-0042,m04.current_1_0.product_semantic.9aec08ac8f0f75dc,1.0,CURRENT_1_0,M04,Пенсионные отчисления,PRODUCT_SEMANTIC,STATE,§11.3 Reviewer confirmation и состояния,State: NEEDS_REVIEW; Когда: Critical unknown/mismatch/authenticity/coverage task; CTA: Open task,State: NEEDS_REVIEW; Когда: Critical unknown/mismatch/authenticity/coverage task; CTA: Open task,,,,UNKNOWN,03_CASA_Pro_Pension_Contribution_Engine_Final_Spec_KZ_2026-08-21,2026-08-21,§11.3 Reviewer confirmation и состояния,SRC-DOC-M04-P-00440,,,CRITICAL,MULTI_LAYER,,,,,Canonicalized from 1 candidate row(s); source text preserved in 10_SOURCE_EXTRACTS.csv.
M04-CAN-0043,m04.current_1_0.product_semantic.696279523fffb63e,1.0,CURRENT_1_0,M04,Пенсионные отчисления,PRODUCT_SEMANTIC,STATE,§11.3 Reviewer confirmation и состояния,State: INCOMPLETE; Когда: Page missing/sequence invalid; CTA: Upload complete document,State: INCOMPLETE; Когда: Page missing/sequence invalid; CTA: Upload complete document,,,,,03_CASA_Pro_Pension_Contribution_Engine_Final_Spec_KZ_2026-08-21,2026-08-21,§11.3 Reviewer confirmation и состояния,SRC-DOC-M04-P-00442,,,,MULTI_LAYER,,,,,Canonicalized from 1 candidate row(s); source text preserved in 10_SOURCE_EXTRACTS.csv.
M04-CAN-0044,m04.current_1_0.product_semantic.6f0de696df0866ed,1.0,CURRENT_1_0,M04,Пенсионные отчисления,PRODUCT_SEMANTIC,STATE,§11.3 Reviewer confirmation и состояния,State: UNSUPPORTED_TEMPLATE; Когда: Нет approved template; CTA: SAMPLE_REQUIRED,State: UNSUPPORTED_TEMPLATE; Когда: Нет approved template; CTA: SAMPLE_REQUIRED,,,,,03_CASA_Pro_Pension_Contribution_Engine_Final_Spec_KZ_2026-08-21,2026-08-21,§11.3 Reviewer confirmation и состояния,SRC-DOC-M04-P-00443,,,,MULTI_LAYER,,,,,Canonicalized from 1 candidate row(s); source text preserved in 10_SOURCE_EXTRACTS.csv.
M04-CAN-0045,m04.current_1_0.product_semantic.c70020a01fe96e98,1.0,CURRENT_1_0,M04,Пенсионные отчисления,PRODUCT_SEMANTIC,STATE,§11.3 Reviewer confirmation и состояния,State: CONFIRMED; Когда: Reviewer closed blocking tasks; CTA: Publish snapshot,State: CONFIRMED; Когда: Reviewer closed blocking tasks; CTA: Publish snapshot,,,,CONFIRMED,03_CASA_Pro_Pension_Contribution_Engine_Final_Spec_KZ_2026-08-21,2026-08-21,§11.3 Reviewer confirmation и состояния,SRC-DOC-M04-P-00444,,,,DATA,,,,,Canonicalized from 1 candidate row(s); source text preserved in 10_SOURCE_EXTRACTS.csv.
M04-CAN-0046,m04.current_1_0.product_semantic.f6f1ee4f5b1c4fec,1.0,CURRENT_1_0,M04,Пенсионные отчисления,PRODUCT_SEMANTIC,STATE,§11.3 Reviewer confirmation и состояния,State: STALE; Когда: age_days > configured TTL; CTA: Upload newer document,State: STALE; Когда: age_days > configured TTL; CTA: Upload newer document,,,,STALE,03_CASA_Pro_Pension_Contribution_Engine_Final_Spec_KZ_2026-08-21,2026-08-21,§11.3 Reviewer confirmation и состояния,SRC-DOC-M04-P-00445,,,,MULTI_LAYER,,,,,Canonicalized from 1 candidate row(s); source text preserved in 10_SOURCE_EXTRACTS.csv.
M04-CAN-0047,m04.current_1_0.product_semantic.ab49090c2ddb314e,1.0,CURRENT_1_0,M04,Пенсионные отчисления,PRODUCT_SEMANTIC,STATE,§11.3 Reviewer confirmation и состояния,State: FAILED; Когда: Corrupt/unsafe/unreadable/failed authenticity; CTA: Code + safe retry,State: FAILED; Когда: Corrupt/unsafe/unreadable/failed authenticity; CTA: Code + safe retry,,,,,03_CASA_Pro_Pension_Contribution_Engine_Final_Spec_KZ_2026-08-21,2026-08-21,§11.3 Reviewer confirmation и состояния,SRC-DOC-M04-P-00446,,,,MULTI_LAYER,,,,,Canonicalized from 1 candidate row(s); source text preserved in 10_SOURCE_EXTRACTS.csv.
M04-CAN-0048,m04.current_1_0.product_semantic.3427adf4ebdf450d,1.0,CURRENT_1_0,M04,Пенсионные отчисления,PRODUCT_SEMANTIC,STATE,§11.3 Reviewer confirmation и состояния,State: SUPERSEDED; Когда: Есть новая document version; CTA: Read-only history,State: SUPERSEDED; Когда: Есть новая document version; CTA: Read-only history,,,,,03_CASA_Pro_Pension_Contribution_Engine_Final_Spec_KZ_2026-08-21,2026-08-21,§11.3 Reviewer confirmation и состояния,SRC-DOC-M04-P-00447,,,,MULTI_LAYER,,,,,Canonicalized from 1 candidate row(s); source text preserved in 10_SOURCE_EXTRACTS.csv.
M04-CAN-0049,m04.current_1_0.security_control.d07930f3993f605e,1.0,CURRENT_1_0,M04,Пенсионные отчисления,SECURITY_CONTROL,CONSENT,§11.3 Reviewer confirmation и состояния,State: CONSENT_REQUIRED; Когда: Нет/отозвано согласие; CTA: Upload/parse disabled,State: CONSENT_REQUIRED; Когда: Нет/отозвано согласие; CTA: Upload/parse disabled,,,,DISABLED,03_CASA_Pro_Pension_Contribution_Engine_Final_Spec_KZ_2026-08-21|M04_CASA_Pro_Pension_Implementation_and_Acceptance_v1.0,2026-08-21|1.0,§11.3 Reviewer confirmation и состояния|§16 Статусы и понятные сообщения,SRC-DOC-M04-P-00436|SRC-DOC-M04-I-00232,,,,LEGAL,,,,,Canonicalized from 2 candidate row(s); source text preserved in 10_SOURCE_EXTRACTS.csv.
M04-CAN-0050,m04.current_1_0.product_semantic.4d934b0e53bfd8d8,1.0,CURRENT_1_0,M04,Пенсионные отчисления,PRODUCT_SEMANTIC,STATE,§11.3 Reviewer confirmation и состояния,State: SUBJECT_MISMATCH; Когда: Другой ИИН; CTA: Replace PDF; snapshot blocked,State: SUBJECT_MISMATCH; Когда: Другой ИИН; CTA: Replace PDF; snapshot blocked,,,,BLOCKED,03_CASA_Pro_Pension_Contribution_Engine_Final_Spec_KZ_2026-08-21|M04_CASA_Pro_Pension_Implementation_and_Acceptance_v1.0,2026-08-21|1.0,§11.3 Reviewer confirmation и состояния|§16 Статусы и понятные сообщения,SRC-DOC-M04-P-00441|SRC-DOC-M04-I-00237,,,,DATA|PARSER,,,,,Canonicalized from 2 candidate row(s); source text preserved in 10_SOURCE_EXTRACTS.csv.
M04-CAN-0051,m04.current_1_0.data_contract.5e5e9c5496fe95f2,1.0,CURRENT_1_0,M04,Пенсионные отчисления,DATA_CONTRACT,SNAPSHOT,§12 Snapshot для Bank Rules Engine,pension_contribution_profile_snapshot — единственный стабильный downstream contract; consumer не читает PDF.,pension_contribution_profile_snapshot — единственный стабильный downstream contract; consumer не читает PDF.,,,,,03_CASA_Pro_Pension_Contribution_Engine_Final_Spec_KZ_2026-08-21,2026-08-21,§12 Snapshot для Bank Rules Engine,SRC-DOC-M04-P-00449,,,,DATA|PARSER,,,,,Canonicalized from 1 candidate row(s); source text preserved in 10_SOURCE_EXTRACTS.csv.
M04-CAN-0052,m04.current_1_0.data_contract.f96ec1e0016823f8,1.0,CURRENT_1_0,M04,Пенсионные отчисления,DATA_CONTRACT,PROVENANCE,§12.1 Consumer contract,Facts: exact records/months/senders with source/evidence IDs and quality; no raw PDF required.,Facts: exact records/months/senders with source/evidence IDs and quality; no raw PDF required.,,,,,03_CASA_Pro_Pension_Contribution_Engine_Final_Spec_KZ_2026-08-21,2026-08-21,§12.1 Consumer contract,SRC-DOC-M04-P-00451,,,,PARSER,,,,,Canonicalized from 1 candidate row(s); source text preserved in 10_SOURCE_EXTRACTS.csv.
M04-CAN-0053,m04.current_1_0.product_semantic.df16c87e393747a3,1.0,CURRENT_1_0,M04,Пенсионные отчисления,PRODUCT_SEMANTIC,BUSINESS_RULE,§12.1 Consumer contract,"Neutral metrics: coverage, positive/unknown/gap months, sequences, amount statistics and signals.","Neutral metrics: coverage, positive/unknown/gap months, sequences, amount statistics and signals.",,,,UNKNOWN,03_CASA_Pro_Pension_Contribution_Engine_Final_Spec_KZ_2026-08-21,2026-08-21,§12.1 Consumer contract,SRC-DOC-M04-P-00452,,,,MULTI_LAYER,,,,,Canonicalized from 1 candidate row(s); source text preserved in 10_SOURCE_EXTRACTS.csv.
M04-CAN-0054,m04.current_1_0.product_semantic.b6324046edfda027,1.0,CURRENT_1_0,M04,Пенсионные отчисления,PRODUCT_SEMANTIC,STATE,§12.1 Consumer contract,"Estimated bases appear only with estimate_status, formula/rate context and limitations; null is valid output.","Estimated bases appear only with estimate_status, formula/rate context and limitations; null is valid output.",,,,,03_CASA_Pro_Pension_Contribution_Engine_Final_Spec_KZ_2026-08-21,2026-08-21,§12.1 Consumer contract,SRC-DOC-M04-P-00453,,,,MULTI_LAYER,,,,,Canonicalized from 1 candidate row(s); source text preserved in 10_SOURCE_EXTRACTS.csv.
M04-CAN-0055,m04.current_1_0.product_semantic.91e1302a4cfdc929,1.0,CURRENT_1_0,M04,Пенсионные отчисления,PRODUCT_SEMANTIC,STATE,§12.1 Consumer contract,"Freshness is age_days + policy/version/status, not an implicit rejection.","Freshness is age_days + policy/version/status, not an implicit rejection.",,,,,03_CASA_Pro_Pension_Contribution_Engine_Final_Spec_KZ_2026-08-21,2026-08-21,§12.1 Consumer contract,SRC-DOC-M04-P-00454,,,,MULTI_LAYER,,,,,Canonicalized from 1 candidate row(s); source text preserved in 10_SOURCE_EXTRACTS.csv.
M04-CAN-0056,m04.current_1_0.data_contract.e293857a748c47a6,1.0,CURRENT_1_0,M04,Пенсионные отчисления,DATA_CONTRACT,SNAPSHOT,§12.1 Consumer contract,Consumer stores snapshot_id + snapshot_hash + schema_version in every rule trace.,Consumer stores snapshot_id + snapshot_hash + schema_version in every rule trace.,,,,,03_CASA_Pro_Pension_Contribution_Engine_Final_Spec_KZ_2026-08-21,2026-08-21,§12.1 Consumer contract,SRC-DOC-M04-P-00455,,,,DATA,,,,,Canonicalized from 1 candidate row(s); source text preserved in 10_SOURCE_EXTRACTS.csv.
M04-CAN-0057,m04.current_1_0.data_contract.629de9f553da65ee,1.0,CURRENT_1_0,M04,Пенсионные отчисления,DATA_CONTRACT,SNAPSHOT,§12.1 Consumer contract,"Snapshot excludes salary, confirmed_income, bank_accepted_income, employment verdict and approval prediction.","Snapshot excludes salary, confirmed_income, bank_accepted_income, employment verdict and approval prediction.",,,,,03_CASA_Pro_Pension_Contribution_Engine_Final_Spec_KZ_2026-08-21,2026-08-21,§12.1 Consumer contract,SRC-DOC-M04-P-00456,,,,DATA,,,,,Canonicalized from 1 candidate row(s); source text preserved in 10_SOURCE_EXTRACTS.csv.
M04-CAN-0058,m04.current_1_0.data_contract.ca8527acd315c02c,1.0,CURRENT_1_0,M04,Пенсионные отчисления,DATA_CONTRACT,DATA_MODEL,§12.3 JSON Schema core,Draft 2020-12. Полный source FieldValue/evidence schema является shared CASA primitive из блока №2.,Draft 2020-12. Полный source FieldValue/evidence schema является shared CASA primitive из блока №2.,,,,,03_CASA_Pro_Pension_Contribution_Engine_Final_Spec_KZ_2026-08-21,2026-08-21,§12.3 JSON Schema core,SRC-DOC-M04-P-00546,,,,DATA,,,,,Canonicalized from 1 candidate row(s); source text preserved in 10_SOURCE_EXTRACTS.csv.
M04-CAN-0059,m04.current_1_0.data_contract.3fb5af281c31118b,1.0,CURRENT_1_0,M04,Пенсионные отчисления,DATA_CONTRACT,SNAPSHOT,§12.3 JSON Schema core,"""$id"": ""https://schemas.casa.kz/pension-contribution/snapshot-1.0.0.json"",","""$id"": ""https://schemas.casa.kz/pension-contribution/snapshot-1.0.0.json"",",,,,,03_CASA_Pro_Pension_Contribution_Engine_Final_Spec_KZ_2026-08-21,2026-08-21,§12.3 JSON Schema core,SRC-DOC-M04-P-00549,,,,DATA,,,,,Canonicalized from 1 candidate row(s); source text preserved in 10_SOURCE_EXTRACTS.csv.
M04-CAN-0060,m04.current_1_0.security_control.a0fce33aca56b47d,1.0,CURRENT_1_0,M04,Пенсионные отчисления,SECURITY_CONTROL,SECURITY,§12.3 JSON Schema core,"""schema_version"", ""snapshot_id"", ""tenant_id"", ""case_id"", ""participant_id"",","""schema_version"", ""snapshot_id"", ""tenant_id"", ""case_id"", ""participant_id"",",,,,,03_CASA_Pro_Pension_Contribution_Engine_Final_Spec_KZ_2026-08-21,2026-08-21,§12.3 JSON Schema core,SRC-DOC-M04-P-00554,,,,DATA|SECURITY,,,,,Canonicalized from 1 candidate row(s); source text preserved in 10_SOURCE_EXTRACTS.csv.
M04-CAN-0061,m04.current_1_0.data_contract.0461fc6557c57b00,1.0,CURRENT_1_0,M04,Пенсионные отчисления,DATA_CONTRACT,SNAPSHOT,§12.3 JSON Schema core,"""unknowns"", ""engines"", ""evidence_manifest_hash"", ""snapshot_hash""","""unknowns"", ""engines"", ""evidence_manifest_hash"", ""snapshot_hash""",,,,,03_CASA_Pro_Pension_Contribution_Engine_Final_Spec_KZ_2026-08-21,2026-08-21,§12.3 JSON Schema core,SRC-DOC-M04-P-00556,,,,DATA,,,,,Canonicalized from 1 candidate row(s); source text preserved in 10_SOURCE_EXTRACTS.csv.
M04-CAN-0062,m04.current_1_0.product_semantic.7291c411ca1c30a5,1.0,CURRENT_1_0,M04,Пенсионные отчисления,PRODUCT_SEMANTIC,STATE,§12.3 JSON Schema core,"""sha256"", ""age_days"", ""freshness_status""],","""sha256"", ""age_days"", ""freshness_status""],",,,,,03_CASA_Pro_Pension_Contribution_Engine_Final_Spec_KZ_2026-08-21,2026-08-21,§12.3 JSON Schema core,SRC-DOC-M04-P-00588,,,,MULTI_LAYER,,,,,Canonicalized from 1 candidate row(s); source text preserved in 10_SOURCE_EXTRACTS.csv.
M04-CAN-0063,m04.current_1_0.product_semantic.1736c150d98ae05f,1.0,CURRENT_1_0,M04,Пенсионные отчисления,PRODUCT_SEMANTIC,STATE,§12.3 JSON Schema core,"""authenticity_status"", ""extraction_quality_status"", ""reconciliation_status"",","""authenticity_status"", ""extraction_quality_status"", ""reconciliation_status"",",,,,,03_CASA_Pro_Pension_Contribution_Engine_Final_Spec_KZ_2026-08-21,2026-08-21,§12.3 JSON Schema core,SRC-DOC-M04-P-00613,,,,MULTI_LAYER,,,,,Canonicalized from 1 candidate row(s); source text preserved in 10_SOURCE_EXTRACTS.csv.
M04-CAN-0064,m04.current_1_0.product_semantic.6de41eb6915ae7f6,1.0,CURRENT_1_0,M04,Пенсионные отчисления,PRODUCT_SEMANTIC,STATE,§12.3 JSON Schema core,"""manual_review_status"", ""blocking_issue_count""],","""manual_review_status"", ""blocking_issue_count""],",,,,,03_CASA_Pro_Pension_Contribution_Engine_Final_Spec_KZ_2026-08-21,2026-08-21,§12.3 JSON Schema core,SRC-DOC-M04-P-00614,,,,MULTI_LAYER,,,,,Canonicalized from 1 candidate row(s); source text preserved in 10_SOURCE_EXTRACTS.csv.
M04-CAN-0065,m04.current_1_0.data_contract.6a45911315197155,1.0,CURRENT_1_0,M04,Пенсионные отчисления,DATA_CONTRACT,DATA_MODEL,§12.3 JSON Schema core,"""BARCODE_PRESENT_UNVERIFIED"", ""UNKNOWN"", ""FAILED""]},","""BARCODE_PRESENT_UNVERIFIED"", ""UNKNOWN"", ""FAILED""]},",,,,UNKNOWN,03_CASA_Pro_Pension_Contribution_Engine_Final_Spec_KZ_2026-08-21,2026-08-21,§12.3 JSON Schema core,SRC-DOC-M04-P-00620,,,,DATA,,,,,Canonicalized from 1 candidate row(s); source text preserved in 10_SOURCE_EXTRACTS.csv.
M04-CAN-0066,m04.current_1_0.product_semantic.cc2fc842cf50fb3f,1.0,CURRENT_1_0,M04,Пенсионные отчисления,PRODUCT_SEMANTIC,STATE,§12.3 JSON Schema core,"""source_status"", ""processing_effect"", ""evidence_id""],","""source_status"", ""processing_effect"", ""evidence_id""],",,,,,03_CASA_Pro_Pension_Contribution_Engine_Final_Spec_KZ_2026-08-21,2026-08-21,§12.3 JSON Schema core,SRC-DOC-M04-P-00641,,,,MULTI_LAYER,,,,,Canonicalized from 1 candidate row(s); source text preserved in 10_SOURCE_EXTRACTS.csv.
M04-CAN-0067,m04.current_1_0.data_contract.58080b8c06d9ac4d,1.0,CURRENT_1_0,M04,Пенсионные отчисления,DATA_CONTRACT,DATA_MODEL,§12.3 JSON Schema core,"""PENALTY_OPPV"", ""PENALTY_OPVR"", ""UNKNOWN""]},","""PENALTY_OPPV"", ""PENALTY_OPVR"", ""UNKNOWN""]},",,,,UNKNOWN,03_CASA_Pro_Pension_Contribution_Engine_Final_Spec_KZ_2026-08-21,2026-08-21,§12.3 JSON Schema core,SRC-DOC-M04-P-00645,,,,DATA,,,,,Canonicalized from 1 candidate row(s); source text preserved in 10_SOURCE_EXTRACTS.csv.
M04-CAN-0068,m04.current_1_0.data_contract.de63521393a405c7,1.0,CURRENT_1_0,M04,Пенсионные отчисления,DATA_CONTRACT,DATA_MODEL,§12.3 JSON Schema core,"""MULTIPLE_CONTRIBUTIONS"", ""UNKNOWN"", ""PERIOD_NOT_COVERED""]},","""MULTIPLE_CONTRIBUTIONS"", ""UNKNOWN"", ""PERIOD_NOT_COVERED""]},",,,,UNKNOWN,03_CASA_Pro_Pension_Contribution_Engine_Final_Spec_KZ_2026-08-21,2026-08-21,§12.3 JSON Schema core,SRC-DOC-M04-P-00678,,,,DATA,,,,,Canonicalized from 1 candidate row(s); source text preserved in 10_SOURCE_EXTRACTS.csv.
M04-CAN-0069,m04.current_1_0.product_semantic.92100be909f3ddf9,1.0,CURRENT_1_0,M04,Пенсионные отчисления,PRODUCT_SEMANTIC,API,"§13 API, gates и ошибки",Idempotency и optimistic concurrency наследуются; команды ниже обязаны использовать tenant/case authorization.,Idempotency и optimistic concurrency наследуются; команды ниже обязаны использовать tenant/case authorization.,,,,,03_CASA_Pro_Pension_Contribution_Engine_Final_Spec_KZ_2026-08-21,2026-08-21,"§13 API, gates и ошибки",SRC-DOC-M04-P-00687,,,,SECURITY,,,,,Canonicalized from 1 candidate row(s); source text preserved in 10_SOURCE_EXTRACTS.csv.
M04-CAN-0070,m04.current_1_0.product_semantic.b8c9d85bd5df5798,1.0,CURRENT_1_0,M04,Пенсионные отчисления,PRODUCT_SEMANTIC,API,"§13 API, gates и ошибки",Method: POST; Path: /api/v2/cases/{caseId}/pension-documents; Purpose: Upload metadata + signed upload intent,Method: POST; Path: /api/v2/cases/{caseId}/pension-documents; Purpose: Upload metadata + signed upload intent,,,,,03_CASA_Pro_Pension_Contribution_Engine_Final_Spec_KZ_2026-08-21,2026-08-21,"§13 API, gates и ошибки",SRC-DOC-M04-P-00689,,,,BACKEND|DATA,,,,,Canonicalized from 1 candidate row(s); source text preserved in 10_SOURCE_EXTRACTS.csv.
M04-CAN-0071,m04.current_1_0.product_semantic.b5f8277fc1e50f25,1.0,CURRENT_1_0,M04,Пенсионные отчисления,PRODUCT_SEMANTIC,API,"§13 API, gates и ошибки",Method: POST; Path: /api/v2/pension-documents/{id}:complete-upload; Purpose: Hash/scan/quarantine/classify,Method: POST; Path: /api/v2/pension-documents/{id}:complete-upload; Purpose: Hash/scan/quarantine/classify,,,,,03_CASA_Pro_Pension_Contribution_Engine_Final_Spec_KZ_2026-08-21,2026-08-21,"§13 API, gates и ошибки",SRC-DOC-M04-P-00690,,,,BACKEND,,,,,Canonicalized from 1 candidate row(s); source text preserved in 10_SOURCE_EXTRACTS.csv.
M04-CAN-0072,m04.current_1_0.product_semantic.e37b3bb74d712b76,1.0,CURRENT_1_0,M04,Пенсионные отчисления,PRODUCT_SEMANTIC,API,"§13 API, gates и ошибки",Method: POST; Path: /api/v2/pension-documents/{id}:parse; Purpose: Create parse_run; idempotency=documentHash+parserVersion,Method: POST; Path: /api/v2/pension-documents/{id}:parse; Purpose: Create parse_run; idempotency=documentHash+parserVersion,,,,,03_CASA_Pro_Pension_Contribution_Engine_Final_Spec_KZ_2026-08-21,2026-08-21,"§13 API, gates и ошибки",SRC-DOC-M04-P-00691,,,,BACKEND|PARSER,,,,,Canonicalized from 1 candidate row(s); source text preserved in 10_SOURCE_EXTRACTS.csv.
M04-CAN-0073,m04.current_1_0.product_semantic.608f756d3b42bcae,1.0,CURRENT_1_0,M04,Пенсионные отчисления,PRODUCT_SEMANTIC,API,"§13 API, gates и ошибки",Method: GET; Path: /api/v2/pension-documents/{id}/review; Purpose: Header/rows/months/senders/tasks/evidence refs,Method: GET; Path: /api/v2/pension-documents/{id}/review; Purpose: Header/rows/months/senders/tasks/evidence refs,,,,,03_CASA_Pro_Pension_Contribution_Engine_Final_Spec_KZ_2026-08-21,2026-08-21,"§13 API, gates и ошибки",SRC-DOC-M04-P-00692,,,,BACKEND,,,,,Canonicalized from 1 candidate row(s); source text preserved in 10_SOURCE_EXTRACTS.csv.
M04-CAN-0074,m04.current_1_0.product_semantic.116a75b358857ac4,1.0,CURRENT_1_0,M04,Пенсионные отчисления,PRODUCT_SEMANTIC,API,"§13 API, gates и ошибки",Method: PATCH; Path: /api/v2/pension-records/{id}; Purpose: Reviewed correction with If-Match + reason,Method: PATCH; Path: /api/v2/pension-records/{id}; Purpose: Reviewed correction with If-Match + reason,,,,,03_CASA_Pro_Pension_Contribution_Engine_Final_Spec_KZ_2026-08-21,2026-08-21,"§13 API, gates и ошибки",SRC-DOC-M04-P-00693,,,,BACKEND,,,,,Canonicalized from 1 candidate row(s); source text preserved in 10_SOURCE_EXTRACTS.csv.
M04-CAN-0075,m04.current_1_0.product_semantic.0193153b39b4bcf1,1.0,CURRENT_1_0,M04,Пенсионные отчисления,PRODUCT_SEMANTIC,API,"§13 API, gates и ошибки",Method: POST; Path: /api/v2/pension-documents/{id}:confirm; Purpose: Close gates; create confirmed fact revision,Method: POST; Path: /api/v2/pension-documents/{id}:confirm; Purpose: Close gates; create confirmed fact revision,,,,CONFIRMED,03_CASA_Pro_Pension_Contribution_Engine_Final_Spec_KZ_2026-08-21,2026-08-21,"§13 API, gates и ошибки",SRC-DOC-M04-P-00694,,,,BACKEND,,,,,Canonicalized from 1 candidate row(s); source text preserved in 10_SOURCE_EXTRACTS.csv.
M04-CAN-0076,m04.current_1_0.product_semantic.483b03974a2283ff,1.0,CURRENT_1_0,M04,Пенсионные отчисления,PRODUCT_SEMANTIC,API,"§13 API, gates и ошибки",Method: POST; Path: /api/v2/pension-documents/{id}:publish-snapshot; Purpose: Immutable snapshot or gate failures,Method: POST; Path: /api/v2/pension-documents/{id}:publish-snapshot; Purpose: Immutable snapshot or gate failures,,,,,03_CASA_Pro_Pension_Contribution_Engine_Final_Spec_KZ_2026-08-21,2026-08-21,"§13 API, gates и ошибки",SRC-DOC-M04-P-00695,,,,BACKEND|DATA,,,,,Canonicalized from 1 candidate row(s); source text preserved in 10_SOURCE_EXTRACTS.csv.
M04-CAN-0077,m04.current_1_0.product_semantic.7b051f60d4f66fe1,1.0,CURRENT_1_0,M04,Пенсионные отчисления,PRODUCT_SEMANTIC,API,"§13 API, gates и ошибки",Method: GET; Path: /api/v2/pension-contribution-snapshots/{id}; Purpose: Stable neutral payload,Method: GET; Path: /api/v2/pension-contribution-snapshots/{id}; Purpose: Stable neutral payload,,,,,03_CASA_Pro_Pension_Contribution_Engine_Final_Spec_KZ_2026-08-21,2026-08-21,"§13 API, gates и ошибки",SRC-DOC-M04-P-00696,,,,BACKEND|DATA,,,,,Canonicalized from 1 candidate row(s); source text preserved in 10_SOURCE_EXTRACTS.csv.
M04-CAN-0078,m04.current_1_0.product_semantic.d3e916280db718f5,1.0,CURRENT_1_0,M04,Пенсионные отчисления,PRODUCT_SEMANTIC,API,"§13 API, gates и ошибки",Code: INVALID_FILE / CORRUPT_PDF; HTTP: 422; Snapshot: No; Action: Replace file,Code: INVALID_FILE / CORRUPT_PDF; HTTP: 422; Snapshot: No; Action: Replace file,,,,,03_CASA_Pro_Pension_Contribution_Engine_Final_Spec_KZ_2026-08-21,2026-08-21,"§13 API, gates и ошибки",SRC-DOC-M04-P-00698,,,,DATA|PARSER,,,,,Canonicalized from 1 candidate row(s); source text preserved in 10_SOURCE_EXTRACTS.csv.
M04-CAN-0079,m04.current_1_0.product_semantic.d58d649fe0e07a55,1.0,CURRENT_1_0,M04,Пенсионные отчисления,PRODUCT_SEMANTIC,API,"§13 API, gates и ошибки",Code: MALWARE_DETECTED; HTTP: 422; Snapshot: No; Action: Quarantine; security workflow,Code: MALWARE_DETECTED; HTTP: 422; Snapshot: No; Action: Quarantine; security workflow,,,,,03_CASA_Pro_Pension_Contribution_Engine_Final_Spec_KZ_2026-08-21,2026-08-21,"§13 API, gates и ошибки",SRC-DOC-M04-P-00699,,,,DATA|SECURITY,,,,,Canonicalized from 1 candidate row(s); source text preserved in 10_SOURCE_EXTRACTS.csv.
M04-CAN-0080,m04.current_1_0.product_semantic.7fbdab09f076b030,1.0,CURRENT_1_0,M04,Пенсионные отчисления,PRODUCT_SEMANTIC,API,"§13 API, gates и ошибки",Code: PDF_PASSWORD_REQUIRED; HTTP: 422; Snapshot: No; Action: Upload unlocked official copy,Code: PDF_PASSWORD_REQUIRED; HTTP: 422; Snapshot: No; Action: Upload unlocked official copy,,,,,03_CASA_Pro_Pension_Contribution_Engine_Final_Spec_KZ_2026-08-21,2026-08-21,"§13 API, gates и ошибки",SRC-DOC-M04-P-00700,,,,DATA|PARSER,,,,,Canonicalized from 1 candidate row(s); source text preserved in 10_SOURCE_EXTRACTS.csv.
M04-CAN-0081,m04.current_1_0.product_semantic.eabaa7470b5d4281,1.0,CURRENT_1_0,M04,Пенсионные отчисления,PRODUCT_SEMANTIC,API,"§13 API, gates и ошибки",Code: SUBJECT_MISMATCH; HTTP: 409; Snapshot: No; Action: Replace PDF; minimal PII incident log,Code: SUBJECT_MISMATCH; HTTP: 409; Snapshot: No; Action: Replace PDF; minimal PII incident log,,,,,03_CASA_Pro_Pension_Contribution_Engine_Final_Spec_KZ_2026-08-21,2026-08-21,"§13 API, gates и ошибки",SRC-DOC-M04-P-00701,,,,DATA|PARSER|SECURITY,,,,,Canonicalized from 1 candidate row(s); source text preserved in 10_SOURCE_EXTRACTS.csv.
M04-CAN-0082,m04.current_1_0.product_semantic.38e388cb0213db99,1.0,CURRENT_1_0,M04,Пенсионные отчисления,PRODUCT_SEMANTIC,API,"§13 API, gates и ошибки",Code: INCOMPLETE_DOCUMENT; HTTP: 422; Snapshot: No; Action: Upload all pages,Code: INCOMPLETE_DOCUMENT; HTTP: 422; Snapshot: No; Action: Upload all pages,,,,,03_CASA_Pro_Pension_Contribution_Engine_Final_Spec_KZ_2026-08-21,2026-08-21,"§13 API, gates и ошибки",SRC-DOC-M04-P-00702,,,,DATA,,,,,Canonicalized from 1 candidate row(s); source text preserved in 10_SOURCE_EXTRACTS.csv.
M04-CAN-0083,m04.current_1_0.product_semantic.9717ba70b17d1703,1.0,CURRENT_1_0,M04,Пенсионные отчисления,PRODUCT_SEMANTIC,API,"§13 API, gates и ошибки",Code: UNSUPPORTED_TEMPLATE; HTTP: 422; Snapshot: No; Action: SAMPLE_REQUIRED,Code: UNSUPPORTED_TEMPLATE; HTTP: 422; Snapshot: No; Action: SAMPLE_REQUIRED,,,,,03_CASA_Pro_Pension_Contribution_Engine_Final_Spec_KZ_2026-08-21,2026-08-21,"§13 API, gates и ошибки",SRC-DOC-M04-P-00703,,,,DATA,,,,,Canonicalized from 1 candidate row(s); source text preserved in 10_SOURCE_EXTRACTS.csv.
M04-CAN-0084,m04.current_1_0.product_semantic.8b7de4273b21170c,1.0,CURRENT_1_0,M04,Пенсионные отчисления,PRODUCT_SEMANTIC,API,"§13 API, gates и ошибки",Code: EXACT_DUPLICATE; HTTP: 200; Snapshot: Existing only; Action: Return existing version,Code: EXACT_DUPLICATE; HTTP: 200; Snapshot: Existing only; Action: Return existing version,,,,,03_CASA_Pro_Pension_Contribution_Engine_Final_Spec_KZ_2026-08-21,2026-08-21,"§13 API, gates и ошибки",SRC-DOC-M04-P-00704,,,,DATA,,,,,Canonicalized from 1 candidate row(s); source text preserved in 10_SOURCE_EXTRACTS.csv.
M04-CAN-0085,m04.current_1_0.product_semantic.576dbec2d1ea8a29,1.0,CURRENT_1_0,M04,Пенсионные отчисления,PRODUCT_SEMANTIC,API,"§13 API, gates и ошибки",Code: SEMANTIC_DUPLICATE_REVIEW; HTTP: 200; Snapshot: No new publish; Action: Resolve relationship,Code: SEMANTIC_DUPLICATE_REVIEW; HTTP: 200; Snapshot: No new publish; Action: Resolve relationship,,,,,03_CASA_Pro_Pension_Contribution_Engine_Final_Spec_KZ_2026-08-21,2026-08-21,"§13 API, gates и ошибки",SRC-DOC-M04-P-00705,,,,DATA,,,,,Canonicalized from 1 candidate row(s); source text preserved in 10_SOURCE_EXTRACTS.csv.
M04-CAN-0086,m04.current_1_0.product_semantic.fce2d2138ef1d4d8,1.0,CURRENT_1_0,M04,Пенсионные отчисления,PRODUCT_SEMANTIC,API,"§13 API, gates и ошибки",Code: CRITICAL_FIELD_UNREADABLE; HTTP: 200; Snapshot: No; Action: Manual correction/evidence,Code: CRITICAL_FIELD_UNREADABLE; HTTP: 200; Snapshot: No; Action: Manual correction/evidence,,,,,03_CASA_Pro_Pension_Contribution_Engine_Final_Spec_KZ_2026-08-21,2026-08-21,"§13 API, gates и ошибки",SRC-DOC-M04-P-00706,,,,DATA,,,,,Canonicalized from 1 candidate row(s); source text preserved in 10_SOURCE_EXTRACTS.csv.
M04-CAN-0087,m04.current_1_0.product_semantic.4b72c7cb2bedce0f,1.0,CURRENT_1_0,M04,Пенсионные отчисления,PRODUCT_SEMANTIC,API,"§13 API, gates и ошибки",Code: UNKNOWN_KNP / UNKNOWN_STATUS; HTTP: 200; Snapshot: Policy; Action: MANUAL_REVIEW; no OPV default,Code: UNKNOWN_KNP / UNKNOWN_STATUS; HTTP: 200; Snapshot: Policy; Action: MANUAL_REVIEW; no OPV default,,,,,03_CASA_Pro_Pension_Contribution_Engine_Final_Spec_KZ_2026-08-21,2026-08-21,"§13 API, gates и ошибки",SRC-DOC-M04-P-00707,,,,DATA,,,,,Canonicalized from 1 candidate row(s); source text preserved in 10_SOURCE_EXTRACTS.csv.
M04-CAN-0088,m04.current_1_0.product_semantic.9e0b2b92877dbec4,1.0,CURRENT_1_0,M04,Пенсионные отчисления,PRODUCT_SEMANTIC,API,"§13 API, gates и ошибки",Code: RECONCILIATION_FAILED; HTTP: 200; Snapshot: No; Action: Show PCR check IDs,Code: RECONCILIATION_FAILED; HTTP: 200; Snapshot: No; Action: Show PCR check IDs,,,,,03_CASA_Pro_Pension_Contribution_Engine_Final_Spec_KZ_2026-08-21,2026-08-21,"§13 API, gates и ошибки",SRC-DOC-M04-P-00708,,,,DATA,,,,,Canonicalized from 1 candidate row(s); source text preserved in 10_SOURCE_EXTRACTS.csv.
M04-CAN-0089,m04.current_1_0.product_semantic.d2f782b1806181d7,1.0,CURRENT_1_0,M04,Пенсионные отчисления,PRODUCT_SEMANTIC,API,"§13 API, gates и ошибки",Code: AUTHENTICITY_UNVERIFIED; HTTP: 200; Snapshot: Policy; Action: Manual verification/explicit waiver,Code: AUTHENTICITY_UNVERIFIED; HTTP: 200; Snapshot: Policy; Action: Manual verification/explicit waiver,,,,,03_CASA_Pro_Pension_Contribution_Engine_Final_Spec_KZ_2026-08-21,2026-08-21,"§13 API, gates и ошибки",SRC-DOC-M04-P-00709,,,,DATA,,,,,Canonicalized from 1 candidate row(s); source text preserved in 10_SOURCE_EXTRACTS.csv.
M04-CAN-0090,m04.current_1_0.product_semantic.7d5c5af67aebba1f,1.0,CURRENT_1_0,M04,Пенсионные отчисления,PRODUCT_SEMANTIC,API,"§13 API, gates и ошибки",Code: AUTHENTICITY_FAILED; HTTP: 409; Snapshot: No; Action: Replace/verify incident,Code: AUTHENTICITY_FAILED; HTTP: 409; Snapshot: No; Action: Replace/verify incident,,,,,03_CASA_Pro_Pension_Contribution_Engine_Final_Spec_KZ_2026-08-21,2026-08-21,"§13 API, gates и ошибки",SRC-DOC-M04-P-00710,,,,DATA,,,,,Canonicalized from 1 candidate row(s); source text preserved in 10_SOURCE_EXTRACTS.csv.
M04-CAN-0091,m04.current_1_0.product_semantic.7a7a1232bd6d6b5f,1.0,CURRENT_1_0,M04,Пенсионные отчисления,PRODUCT_SEMANTIC,API,"§13 API, gates и ошибки",Code: REPORT_STALE; HTTP: 200; Snapshot: Policy; Action: Newer PDF; show age_days,Code: REPORT_STALE; HTTP: 200; Snapshot: Policy; Action: Newer PDF; show age_days,,,,,03_CASA_Pro_Pension_Contribution_Engine_Final_Spec_KZ_2026-08-21,2026-08-21,"§13 API, gates и ошибки",SRC-DOC-M04-P-00711,,,,DATA|PARSER,,,,,Canonicalized from 1 candidate row(s); source text preserved in 10_SOURCE_EXTRACTS.csv.
M04-CAN-0092,m04.current_1_0.product_semantic.8e2be27aa6626359,1.0,CURRENT_1_0,M04,Пенсионные отчисления,PRODUCT_SEMANTIC,API,"§13 API, gates и ошибки",Code: SNAPSHOT_GATE_FAILED; HTTP: 409; Snapshot: No; Action: Return unresolved gate codes,Code: SNAPSHOT_GATE_FAILED; HTTP: 409; Snapshot: No; Action: Return unresolved gate codes,,,,,03_CASA_Pro_Pension_Contribution_Engine_Final_Spec_KZ_2026-08-21,2026-08-21,"§13 API, gates и ошибки",SRC-DOC-M04-P-00712,,,,DATA,,,,,Canonicalized from 1 candidate row(s); source text preserved in 10_SOURCE_EXTRACTS.csv.
M04-CAN-0093,m04.current_1_0.product_semantic.92ef71a7423c8736,1.0,CURRENT_1_0,M04,Пенсионные отчисления,PRODUCT_SEMANTIC,API,"§13 API, gates и ошибки",Code: REVIEW_CONFLICT; HTTP: 409; Snapshot: No; Action: Reload current revision,Code: REVIEW_CONFLICT; HTTP: 409; Snapshot: No; Action: Reload current revision,,,,,03_CASA_Pro_Pension_Contribution_Engine_Final_Spec_KZ_2026-08-21,2026-08-21,"§13 API, gates и ошибки",SRC-DOC-M04-P-00713,,,,DATA,,,,,Canonicalized from 1 candidate row(s); source text preserved in 10_SOURCE_EXTRACTS.csv.
M04-CAN-0094,m04.current_1_0.security_control.5bf8786db9145079,1.0,CURRENT_1_0,M04,Пенсионные отчисления,SECURITY_CONTROL,CONSENT,§13.1 Publish gate,active consent + subject MATCH + page completeness VALID;,active consent + subject MATCH + page completeness VALID;,,,,,03_CASA_Pro_Pension_Contribution_Engine_Final_Spec_KZ_2026-08-21,2026-08-21,§13.1 Publish gate,SRC-DOC-M04-P-00715,,,,LEGAL,,,,,Canonicalized from 1 candidate row(s); source text preserved in 10_SOURCE_EXTRACTS.csv.
M04-CAN-0095,m04.current_1_0.data_contract.d62140e18f2d1a19,1.0,CURRENT_1_0,M04,Пенсионные отчисления,DATA_CONTRACT,SNAPSHOT,§13.1 Publish gate,profile/snapshot schema validates; hash replay produces identical metrics;,profile/snapshot schema validates; hash replay produces identical metrics;,,,,,03_CASA_Pro_Pension_Contribution_Engine_Final_Spec_KZ_2026-08-21,2026-08-21,§13.1 Publish gate,SRC-DOC-M04-P-00719,,,,DATA,,,,,Canonicalized from 1 candidate row(s); source text preserved in 10_SOURCE_EXTRACTS.csv.
M04-CAN-0096,m04.current_1_0.product_semantic.8d327833ecc9a96e,1.0,CURRENT_1_0,M04,Пенсионные отчисления,PRODUCT_SEMANTIC,BUSINESS_RULE,§14 Контрольные тесты PC-001…PC-020,Pass criteria are deterministic and must be automated where technically applicable.,Pass criteria are deterministic and must be automated where technically applicable.,,,,,03_CASA_Pro_Pension_Contribution_Engine_Final_Spec_KZ_2026-08-21,2026-08-21,§14 Контрольные тесты PC-001…PC-020,SRC-DOC-M04-P-00722,,,,MULTI_LAYER,,,,,Canonicalized from 1 candidate row(s); source text preserved in 10_SOURCE_EXTRACTS.csv.
M04-CAN-0097,m04.current_1_0.product_semantic.7a5a7c4d87bdc29a,1.0,CURRENT_1_0,M04,Пенсионные отчисления,PRODUCT_SEMANTIC,PARSER,§14 Контрольные тесты PC-021…PC-040,Regression fixture PC-001 is the permanent release test for every parser/template change.,Regression fixture PC-001 is the permanent release test for every parser/template change.,,,,,03_CASA_Pro_Pension_Contribution_Engine_Final_Spec_KZ_2026-08-21,2026-08-21,§14 Контрольные тесты PC-021…PC-040,SRC-DOC-M04-P-00745,PC-001,,,PARSER|QA,,,,,Canonicalized from 1 candidate row(s); source text preserved in 10_SOURCE_EXTRACTS.csv.
M04-CAN-0098,m04.current_1_0.data_contract.8120f9aee2935025,1.0,CURRENT_1_0,M04,Пенсионные отчисления,DATA_CONTRACT,SNAPSHOT,§17.1 Final implementation contract,"Publish only confirmed facts
The engine may publish a useful snapshot even when authenticity, coverage or rate context is UNKNOWN—only if policy allows that specific unknown and it remains explicit. It may never convert the unknown into a zero, a positive fact, a salary, an employment claim or a bank verdict.: Publish only confirmed facts
The engine may publish a useful snapshot even when authenticity, coverage or rate context is UNKNOWN—only if policy allows that specific unknown and it remains explicit. It may never convert the unknown into a zero, a positive fact, a salary, an employment claim or a bank verdict.","Publish only confirmed facts
The engine may publish a useful snapshot even when authenticity, coverage or rate context is UNKNOWN—only if policy allows that specific unknown and it remains explicit. It may never convert the unknown into a zero, a positive fact, a salary, an employment claim or a bank verdict.: Publish only confirmed facts
The engine may publish a useful snapshot even when authenticity, coverage or rate context is UNKNOWN—only if policy allows that specific unknown and it remains explicit. It may never convert the unknown into a zero, a positive fact, a salary, an employment claim or a bank verdict.",,,,CONFIRMED|UNKNOWN|ZERO,03_CASA_Pro_Pension_Contribution_Engine_Final_Spec_KZ_2026-08-21,2026-08-21,§17.1 Final implementation contract,SRC-DOC-M04-P-00831,,,,DATA,,,,,Canonicalized from 1 candidate row(s); source text preserved in 10_SOURCE_EXTRACTS.csv.
M04-CAN-0099,m04.current_1_0.data_contract.d9e4105fb5a36a0b,1.0,CURRENT_1_0,M04,Пенсионные отчисления,DATA_CONTRACT,SNAPSHOT,§17.1 Final implementation contract,SOURCE_FACT → immutable evidence-backed records.,SOURCE_FACT → immutable evidence-backed records.,,,,,03_CASA_Pro_Pension_Contribution_Engine_Final_Spec_KZ_2026-08-21,2026-08-21,§17.1 Final implementation contract,SRC-DOC-M04-P-00832,,,,DATA,,,,,Canonicalized from 1 candidate row(s); source text preserved in 10_SOURCE_EXTRACTS.csv.
M04-CAN-0100,m04.current_1_0.product_semantic.010b81f92d5a41fc,1.0,CURRENT_1_0,M04,Пенсионные отчисления,PRODUCT_SEMANTIC,BUSINESS_RULE,§17.1 Final implementation contract,CASA_DERIVED → deterministic versioned neutral metrics with UNKNOWN guards.,CASA_DERIVED → deterministic versioned neutral metrics with UNKNOWN guards.,,,,UNKNOWN,03_CASA_Pro_Pension_Contribution_Engine_Final_Spec_KZ_2026-08-21,2026-08-21,§17.1 Final implementation contract,SRC-DOC-M04-P-00833,,,,MULTI_LAYER,,,,,Canonicalized from 1 candidate row(s); source text preserved in 10_SOURCE_EXTRACTS.csv.
M04-CAN-0101,m04.current_1_0.data_contract.8be66107472efd3f,1.0,CURRENT_1_0,M04,Пенсионные отчисления,DATA_CONTRACT,SNAPSHOT,§17.1 Final implementation contract,"BANK_RULE → separate future consumer; receives snapshot, never edits it and never rereads PDF.","BANK_RULE → separate future consumer; receives snapshot, never edits it and never rereads PDF.",,,,,03_CASA_Pro_Pension_Contribution_Engine_Final_Spec_KZ_2026-08-21,2026-08-21,§17.1 Final implementation contract,SRC-DOC-M04-P-00834,,,,DATA|PARSER,,,,,Canonicalized from 1 candidate row(s); source text preserved in 10_SOURCE_EXTRACTS.csv.
M04-CAN-0102,m04.current_1_0.product_semantic.24aa5d3c575a7069,1.0,CURRENT_1_0,M04,Пенсионные отчисления,PRODUCT_SEMANTIC,BUSINESS_RULE,§3 Поддерживаемые документы,Template ID: GOVCORP_ENPF_MOVEMENT_RU_KK_2026; Документ: eGov/ГК: поступление и движение средств; bilingual text PDF; Статус: SUPPORTED_V1; Условие: Fixture + official service [S01][S02],Template ID: GOVCORP_ENPF_MOVEMENT_RU_KK_2026; Документ: eGov/ГК: поступление и движение средств; bilingual text PDF; Статус: SUPPORTED_V1; Условие: Fixture + official service [S01][S02],,,,,03_CASA_Pro_Pension_Contribution_Engine_Final_Spec_KZ_2026-08-21,2026-08-21,§3 Поддерживаемые документы,SRC-DOC-M04-P-00097,,,,BACKEND|PARSER|QA,,,,,Canonicalized from 1 candidate row(s); source text preserved in 10_SOURCE_EXTRACTS.csv.
M04-CAN-0103,m04.current_1_0.product_semantic.e444d3f473a098ac,1.0,CURRENT_1_0,M04,Пенсионные отчисления,PRODUCT_SEMANTIC,PARSER,§3 Поддерживаемые документы,Template ID: GOVCORP_ENPF_MOVEMENT_SCAN; Документ: Скан того же точного шаблона; Статус: SUPPORTED_WITH_REVIEW; Условие: Selective OCR; 100% critical review,Template ID: GOVCORP_ENPF_MOVEMENT_SCAN; Документ: Скан того же точного шаблона; Статус: SUPPORTED_WITH_REVIEW; Условие: Selective OCR; 100% critical review,,,,,03_CASA_Pro_Pension_Contribution_Engine_Final_Spec_KZ_2026-08-21,2026-08-21,§3 Поддерживаемые документы,SRC-DOC-M04-P-00098,,,CRITICAL,PARSER,,,,,Canonicalized from 1 candidate row(s); source text preserved in 10_SOURCE_EXTRACTS.csv.
M04-CAN-0104,m04.current_1_0.product_semantic.565f9de2842b36ed,1.0,CURRENT_1_0,M04,Пенсионные отчисления,PRODUCT_SEMANTIC,BUSINESS_RULE,§3 Поддерживаемые документы,Template ID: EGOV_PENSION_DEDUCTION_CERT; Документ: Отдельная «справка о пенсионных отчислениях»; Статус: SAMPLE_REQUIRED; Условие: eGov указывает отдельный сервис; layout/semantics не приравнивать [S01],Template ID: EGOV_PENSION_DEDUCTION_CERT; Документ: Отдельная «справка о пенсионных отчислениях»; Статус: SAMPLE_REQUIRED; Условие: eGov указывает отдельный сервис; layout/semantics не приравнивать [S01],,,,,03_CASA_Pro_Pension_Contribution_Engine_Final_Spec_KZ_2026-08-21,2026-08-21,§3 Поддерживаемые документы,SRC-DOC-M04-P-00099,,,,MULTI_LAYER,,,,,Canonicalized from 1 candidate row(s); source text preserved in 10_SOURCE_EXTRACTS.csv.
M04-CAN-0105,m04.current_1_0.product_semantic.f2e4f4f7d3180315,1.0,CURRENT_1_0,M04,Пенсионные отчисления,PRODUCT_SEMANTIC,STATE,§3 Поддерживаемые документы,Template ID: ENPF_IPS_STATEMENT; Документ: Выписка с ИПС/УПС/ЦНС ЕНПФ; Статус: SAMPLE_REQUIRED; Условие: Может содержать движения/инвестдоход и иные счета,Template ID: ENPF_IPS_STATEMENT; Документ: Выписка с ИПС/УПС/ЦНС ЕНПФ; Статус: SAMPLE_REQUIRED; Условие: Может содержать движения/инвестдоход и иные счета,,,,,03_CASA_Pro_Pension_Contribution_Engine_Final_Spec_KZ_2026-08-21,2026-08-21,§3 Поддерживаемые документы,SRC-DOC-M04-P-00100,,,,MULTI_LAYER,,,,,Canonicalized from 1 candidate row(s); source text preserved in 10_SOURCE_EXTRACTS.csv.
M04-CAN-0106,m04.current_1_0.product_semantic.4d28279f667576b0,1.0,CURRENT_1_0,M04,Пенсионные отчисления,PRODUCT_SEMANTIC,BUSINESS_RULE,§3 Поддерживаемые документы,Template ID: UNKNOWN_OFFICIAL_PDF; Документ: Иной официальный issuer/template; Статус: UNSUPPORTED_TEMPLATE; Условие: Secure sample intake; no closest-template parse,Template ID: UNKNOWN_OFFICIAL_PDF; Документ: Иной официальный issuer/template; Статус: UNSUPPORTED_TEMPLATE; Условие: Secure sample intake; no closest-template parse,,,,,03_CASA_Pro_Pension_Contribution_Engine_Final_Spec_KZ_2026-08-21,2026-08-21,§3 Поддерживаемые документы,SRC-DOC-M04-P-00101,,,,PARSER,,,,,Canonicalized from 1 candidate row(s); source text preserved in 10_SOURCE_EXTRACTS.csv.
M04-CAN-0107,m04.current_1_0.data_contract.e39dae0386e085ee,1.0,CURRENT_1_0,M04,Пенсионные отчисления,DATA_CONTRACT,PROVENANCE,§3 Поддерживаемые документы,"Template ID: PHOTO/SCREENSHOT/XLS/RECEIPT; Документ: Фото, скриншот, Excel, банковская квитанция; Статус: NOT_SUPPORTED; Условие: Можно приложить как evidence, но profile не публиковать","Template ID: PHOTO/SCREENSHOT/XLS/RECEIPT; Документ: Фото, скриншот, Excel, банковская квитанция; Статус: NOT_SUPPORTED; Условие: Можно приложить как evidence, но profile не публиковать",,,,,03_CASA_Pro_Pension_Contribution_Engine_Final_Spec_KZ_2026-08-21,2026-08-21,§3 Поддерживаемые документы,SRC-DOC-M04-P-00102,,,,DATA,,,,,Canonicalized from 1 candidate row(s); source text preserved in 10_SOURCE_EXTRACTS.csv.
M04-CAN-0108,m04.current_1_0.product_semantic.921d928185480cae,1.0,CURRENT_1_0,M04,Пенсионные отчисления,PRODUCT_SEMANTIC,STATE,§3.1 Fingerprint exact template,"table geometry with repeated header, KNP, sender identifier, recipient, amount, status, MMYYYY period;","table geometry with repeated header, KNP, sender identifier, recipient, amount, status, MMYYYY period;",,,,,03_CASA_Pro_Pension_Contribution_Engine_Final_Spec_KZ_2026-08-21,2026-08-21,§3.1 Fingerprint exact template,SRC-DOC-M04-P-00106,,,,MULTI_LAYER,,,,,Canonicalized from 1 candidate row(s); source text preserved in 10_SOURCE_EXTRACTS.csv.
M04-CAN-0109,m04.current_1_0.security_control.f7bf962849eeb4f8,1.0,CURRENT_1_0,M04,Пенсионные отчисления,SECURITY_CONTROL,SECURITY,§3.2 Unknown template rule,"SAMPLE_REQUIRED
Неизвестный документ сохраняется в quarantine/document vault, PII не попадает в ticket. Operations может создать обезличенный sample request. Parser не применяет наиболее похожий шаблон и не публикует snapshot.: SAMPLE_REQUIRED
Неизвестный документ сохраняется в quarantine/document vault, PII не попадает в ticket. Operations может создать обезличенный sample request. Parser не применяет наиболее похожий шаблон и не публикует snapshot.","SAMPLE_REQUIRED
Неизвестный документ сохраняется в quarantine/document vault, PII не попадает в ticket. Operations может создать обезличенный sample request. Parser не применяет наиболее похожий шаблон и не публикует snapshot.: SAMPLE_REQUIRED
Неизвестный документ сохраняется в quarantine/document vault, PII не попадает в ticket. Operations может создать обезличенный sample request. Parser не применяет наиболее похожий шаблон и не публикует snapshot.",,,,,03_CASA_Pro_Pension_Contribution_Engine_Final_Spec_KZ_2026-08-21,2026-08-21,§3.2 Unknown template rule,SRC-DOC-M04-P-00110,,,,DATA|PARSER|SECURITY,,,,,Canonicalized from 1 candidate row(s); source text preserved in 10_SOURCE_EXTRACTS.csv.
M04-CAN-0110,m04.current_1_0.product_semantic.4f93bef0dd3b2fbd,1.0,CURRENT_1_0,M04,Пенсионные отчисления,PRODUCT_SEMANTIC,STATE,"§3.3 PDF validation, authenticity и duplicate",ID: V-01; Проверка: MIME/signature/EOF/xref/encryption/password/malware; Поле: file_integrity_status; Результат: CORRUPT / UNREADABLE / QUARANTINED,ID: V-01; Проверка: MIME/signature/EOF/xref/encryption/password/malware; Поле: file_integrity_status; Результат: CORRUPT / UNREADABLE / QUARANTINED,,,,,03_CASA_Pro_Pension_Contribution_Engine_Final_Spec_KZ_2026-08-21,2026-08-21,"§3.3 PDF validation, authenticity и duplicate",SRC-DOC-M04-P-00114,,,,MULTI_LAYER,,,,,Canonicalized from 1 candidate row(s); source text preserved in 10_SOURCE_EXTRACTS.csv.
M04-CAN-0111,m04.current_1_0.product_semantic.6b90e1d9dc38582f,1.0,CURRENT_1_0,M04,Пенсионные отчисления,PRODUCT_SEMANTIC,STATE,"§3.3 PDF validation, authenticity и duplicate",ID: V-02; Проверка: page_count и footer X/N; отсутствующая/повторная страница; Поле: completeness_status; Результат: VALID / INCOMPLETE,ID: V-02; Проверка: page_count и footer X/N; отсутствующая/повторная страница; Поле: completeness_status; Результат: VALID / INCOMPLETE,,,,,03_CASA_Pro_Pension_Contribution_Engine_Final_Spec_KZ_2026-08-21,2026-08-21,"§3.3 PDF validation, authenticity и duplicate",SRC-DOC-M04-P-00115,,,,MULTI_LAYER,,,,,Canonicalized from 1 candidate row(s); source text preserved in 10_SOURCE_EXTRACTS.csv.
M04-CAN-0112,m04.current_1_0.product_semantic.6a2e7b22b1b525b6,1.0,CURRENT_1_0,M04,Пенсионные отчисления,PRODUCT_SEMANTIC,STATE,"§3.3 PDF validation, authenticity и duplicate",ID: V-03; Проверка: issuer/title/template exact fingerprint; Поле: template_status; Результат: SUPPORTED / UNSUPPORTED_TEMPLATE,ID: V-03; Проверка: issuer/title/template exact fingerprint; Поле: template_status; Результат: SUPPORTED / UNSUPPORTED_TEMPLATE,,,,,03_CASA_Pro_Pension_Contribution_Engine_Final_Spec_KZ_2026-08-21,2026-08-21,"§3.3 PDF validation, authenticity и duplicate",SRC-DOC-M04-P-00116,,,,MULTI_LAYER,,,,,Canonicalized from 1 candidate row(s); source text preserved in 10_SOURCE_EXTRACTS.csv.
M04-CAN-0113,m04.current_1_0.product_semantic.1c5ef2af7fe326ee,1.0,CURRENT_1_0,M04,Пенсионные отчисления,PRODUCT_SEMANTIC,STATE,"§3.3 PDF validation, authenticity и duplicate",ID: V-04; Проверка: ФИО/ИИН ↔ participant; normalized exact IIN; Поле: subject_status; Результат: MATCH / SUBJECT_MISMATCH / UNKNOWN,ID: V-04; Проверка: ФИО/ИИН ↔ participant; normalized exact IIN; Поле: subject_status; Результат: MATCH / SUBJECT_MISMATCH / UNKNOWN,,,,UNKNOWN,03_CASA_Pro_Pension_Contribution_Engine_Final_Spec_KZ_2026-08-21,2026-08-21,"§3.3 PDF validation, authenticity и duplicate",SRC-DOC-M04-P-00117,,,,MULTI_LAYER,,,,,Canonicalized from 1 candidate row(s); source text preserved in 10_SOURCE_EXTRACTS.csv.
M04-CAN-0114,m04.current_1_0.product_semantic.789b33c9a70aa44a,1.0,CURRENT_1_0,M04,Пенсионные отчисления,PRODUCT_SEMANTIC,STATE,"§3.3 PDF validation, authenticity и duplicate","ID: V-05; Проверка: report period, document number, receipt timestamp; Поле: header_status; Результат: VALID / NEEDS_REVIEW","ID: V-05; Проверка: report period, document number, receipt timestamp; Поле: header_status; Результат: VALID / NEEDS_REVIEW",,,,,03_CASA_Pro_Pension_Contribution_Engine_Final_Spec_KZ_2026-08-21,2026-08-21,"§3.3 PDF validation, authenticity и duplicate",SRC-DOC-M04-P-00118,,,,MULTI_LAYER,,,,,Canonicalized from 1 candidate row(s); source text preserved in 10_SOURCE_EXTRACTS.csv.
M04-CAN-0115,m04.current_1_0.product_semantic.5b87aa2b32094972,1.0,CURRENT_1_0,M04,Пенсионные отчисления,PRODUCT_SEMANTIC,STATE,"§3.3 PDF validation, authenticity и duplicate",ID: V-06; Проверка: PDF-signature and/or barcode/QR presence; Поле: authenticity_status; Результат: VERIFIED_* / BARCODE_PRESENT_UNVERIFIED / UNKNOWN / FAILED,ID: V-06; Проверка: PDF-signature and/or barcode/QR presence; Поле: authenticity_status; Результат: VERIFIED_* / BARCODE_PRESENT_UNVERIFIED / UNKNOWN / FAILED,,,,UNKNOWN,03_CASA_Pro_Pension_Contribution_Engine_Final_Spec_KZ_2026-08-21,2026-08-21,"§3.3 PDF validation, authenticity и duplicate",SRC-DOC-M04-P-00119,,,,PARSER,,,,,Canonicalized from 1 candidate row(s); source text preserved in 10_SOURCE_EXTRACTS.csv.
M04-CAN-0116,m04.current_1_0.security_control.fa666e3f42fe1d54,1.0,CURRENT_1_0,M04,Пенсионные отчисления,SECURITY_CONTROL,SECURITY,"§3.3 PDF validation, authenticity и duplicate",ID: V-07; Проверка: exact SHA-256 duplicate within tenant/case; Поле: duplicate_status; Результат: UNIQUE / EXACT_DUPLICATE,ID: V-07; Проверка: exact SHA-256 duplicate within tenant/case; Поле: duplicate_status; Результат: UNIQUE / EXACT_DUPLICATE,,,,,03_CASA_Pro_Pension_Contribution_Engine_Final_Spec_KZ_2026-08-21,2026-08-21,"§3.3 PDF validation, authenticity и duplicate",SRC-DOC-M04-P-00120,,,,SECURITY,,,,,Canonicalized from 1 candidate row(s); source text preserved in 10_SOURCE_EXTRACTS.csv.
M04-CAN-0117,m04.current_1_0.product_semantic.b87f9c2c762f8b00,1.0,CURRENT_1_0,M04,Пенсионные отчисления,PRODUCT_SEMANTIC,STATE,"§3.3 PDF validation, authenticity и duplicate",ID: V-08; Проверка: issuer+docNo+subjectHash+receivedAt semantic duplicate; Поле: duplicate_status; Результат: SEMANTIC_DUPLICATE_CANDIDATE / REVIEW,ID: V-08; Проверка: issuer+docNo+subjectHash+receivedAt semantic duplicate; Поле: duplicate_status; Результат: SEMANTIC_DUPLICATE_CANDIDATE / REVIEW,,,,,03_CASA_Pro_Pension_Contribution_Engine_Final_Spec_KZ_2026-08-21,2026-08-21,"§3.3 PDF validation, authenticity и duplicate",SRC-DOC-M04-P-00121,,,,MULTI_LAYER,,,,,Canonicalized from 1 candidate row(s); source text preserved in 10_SOURCE_EXTRACTS.csv.
M04-CAN-0118,m04.current_1_0.product_semantic.26408e7e26397b95,1.0,CURRENT_1_0,M04,Пенсионные отчисления,PRODUCT_SEMANTIC,STATE,"§3.3 PDF validation, authenticity и duplicate",ID: V-09; Проверка: age_days against versioned process TTL; Поле: freshness_status; Результат: CURRENT / STALE / UNKNOWN,ID: V-09; Проверка: age_days against versioned process TTL; Поле: freshness_status; Результат: CURRENT / STALE / UNKNOWN,,,,STALE|UNKNOWN,03_CASA_Pro_Pension_Contribution_Engine_Final_Spec_KZ_2026-08-21,2026-08-21,"§3.3 PDF validation, authenticity и duplicate",SRC-DOC-M04-P-00122,,,,MULTI_LAYER,,,,,Canonicalized from 1 candidate row(s); source text preserved in 10_SOURCE_EXTRACTS.csv.
M04-CAN-0119,m04.current_1_0.product_semantic.96be474948993f5f,1.0,CURRENT_1_0,M04,Пенсионные отчисления,PRODUCT_SEMANTIC,PARSER,§3.4 Подлинность — отдельна от целостности и OCR,Статус: VERIFIED_PDF_SIGNATURE; Смысл: Встроенная криптографическая подпись успешно проверена по approved trust policy; Действие: автоматически только после RG-02,Статус: VERIFIED_PDF_SIGNATURE; Смысл: Встроенная криптографическая подпись успешно проверена по approved trust policy; Действие: автоматически только после RG-02,,,,,03_CASA_Pro_Pension_Contribution_Engine_Final_Spec_KZ_2026-08-21,2026-08-21,§3.4 Подлинность — отдельна от целостности и OCR,SRC-DOC-M04-P-00125,,,,PARSER,,RG-02,RG-02,,Canonicalized from 1 candidate row(s); source text preserved in 10_SOURCE_EXTRACTS.csv.
M04-CAN-0120,m04.current_1_0.product_semantic.72364639ca2b05d8,1.0,CURRENT_1_0,M04,Пенсионные отчисления,PRODUCT_SEMANTIC,PARSER,§3.4 Подлинность — отдельна от целостности и OCR,Статус: VERIFIED_EGOV_MANUAL; Смысл: Уполномоченный reviewer проверил документ официальным сервисом и сохранил receipt/reference; Действие: manual SOP,Статус: VERIFIED_EGOV_MANUAL; Смысл: Уполномоченный reviewer проверил документ официальным сервисом и сохранил receipt/reference; Действие: manual SOP,,,,,03_CASA_Pro_Pension_Contribution_Engine_Final_Spec_KZ_2026-08-21,2026-08-21,§3.4 Подлинность — отдельна от целостности и OCR,SRC-DOC-M04-P-00126,,,,MULTI_LAYER,,,,,Canonicalized from 1 candidate row(s); source text preserved in 10_SOURCE_EXTRACTS.csv.
M04-CAN-0121,m04.current_1_0.product_semantic.05342c2891dfe4cc,1.0,CURRENT_1_0,M04,Пенсионные отчисления,PRODUCT_SEMANTIC,PARSER,§3.4 Подлинность — отдельна от целостности и OCR,"Статус: BARCODE_PRESENT_UNVERIFIED; Смысл: Штрих-код виден/извлечён, но не декодирован и подпись payload не проверена; Действие: fixture","Статус: BARCODE_PRESENT_UNVERIFIED; Смысл: Штрих-код виден/извлечён, но не декодирован и подпись payload не проверена; Действие: fixture",,,,,03_CASA_Pro_Pension_Contribution_Engine_Final_Spec_KZ_2026-08-21,2026-08-21,§3.4 Подлинность — отдельна от целостности и OCR,SRC-DOC-M04-P-00127,,,,QA,,,,,Canonicalized from 1 candidate row(s); source text preserved in 10_SOURCE_EXTRACTS.csv.
M04-CAN-0122,m04.current_1_0.product_semantic.744842bb4650fe3f,1.0,CURRENT_1_0,M04,Пенсионные отчисления,PRODUCT_SEMANTIC,PARSER,§3.4 Подлинность — отдельна от целостности и OCR,Статус: UNKNOWN; Смысл: Нет применимого механизма; Действие: review/waiver by policy,Статус: UNKNOWN; Смысл: Нет применимого механизма; Действие: review/waiver by policy,,,,UNKNOWN,03_CASA_Pro_Pension_Contribution_Engine_Final_Spec_KZ_2026-08-21,2026-08-21,§3.4 Подлинность — отдельна от целостности и OCR,SRC-DOC-M04-P-00128,,,,MULTI_LAYER,,,,,Canonicalized from 1 candidate row(s); source text preserved in 10_SOURCE_EXTRACTS.csv.
M04-CAN-0123,m04.current_1_0.product_semantic.1dfdb187e1ccd75f,1.0,CURRENT_1_0,M04,Пенсионные отчисления,PRODUCT_SEMANTIC,PARSER,§3.4 Подлинность — отдельна от целостности и OCR,Статус: FAILED; Смысл: Официальная/криптографическая проверка дала отрицательный результат; Действие: snapshot blocked,Статус: FAILED; Смысл: Официальная/криптографическая проверка дала отрицательный результат; Действие: snapshot blocked,,,,BLOCKED,03_CASA_Pro_Pension_Contribution_Engine_Final_Spec_KZ_2026-08-21,2026-08-21,§3.4 Подлинность — отдельна от целостности и OCR,SRC-DOC-M04-P-00129,,,,DATA,,,,,Canonicalized from 1 candidate row(s); source text preserved in 10_SOURCE_EXTRACTS.csv.
M04-CAN-0124,m04.current_1_0.product_semantic.d1cdb27cabbc31a5,1.0,CURRENT_1_0,M04,Пенсионные отчисления,PRODUCT_SEMANTIC,API,§3.4 Подлинность — отдельна от целостности и OCR,"Запрет интеграции
Публичный официальный сервис допускает проверку по идентификатору и уникальному коду [S03], но публичное право CASA на автоматизированный вызов и технический API не подтверждены. До договора/документации: MANUAL_REVIEW; не автоматизировать browser/CAPTCHA/личный кабинет.: Запрет интеграции
Публичный официальный сервис допускает проверку по идентификатору и уникальному коду [S03], но публичное право CASA на автоматизированный вызов и технический API не подтверждены. До договора/документации: MANUAL_REVIEW; не автоматизировать browser/CAPTCHA/личный кабинет.","Запрет интеграции
Публичный официальный сервис допускает проверку по идентификатору и уникальному коду [S03], но публичное право CASA на автоматизированный вызов и технический API не подтверждены. До договора/документации: MANUAL_REVIEW; не автоматизировать browser/CAPTCHA/личный кабинет.: Запрет интеграции
Публичный официальный сервис допускает проверку по идентификатору и уникальному коду [S03], но публичное право CASA на автоматизированный вызов и технический API не подтверждены. До договора/документации: MANUAL_REVIEW; не автоматизировать browser/CAPTCHA/личный кабинет.",,,,,03_CASA_Pro_Pension_Contribution_Engine_Final_Spec_KZ_2026-08-21,2026-08-21,§3.4 Подлинность — отдельна от целостности и OCR,SRC-DOC-M04-P-00130,,,,BACKEND,,,,,Canonicalized from 1 candidate row(s); source text preserved in 10_SOURCE_EXTRACTS.csv.
M04-CAN-0125,m04.current_1_0.product_semantic.db2810f9569b60bd,1.0,CURRENT_1_0,M04,Пенсионные отчисления,PRODUCT_SEMANTIC,BUSINESS_RULE,§4 Пенсионные платежи и KNP registry,KNP: 010; Enum: OPV; Официальный смысл: Обязательные пенсионные взносы; Класс: CONTRIBUTION; Base estimate: CONDITIONAL; Источник: [S06][S10],KNP: 010; Enum: OPV; Официальный смысл: Обязательные пенсионные взносы; Класс: CONTRIBUTION; Base estimate: CONDITIONAL; Источник: [S06][S10],,,,,03_CASA_Pro_Pension_Contribution_Engine_Final_Spec_KZ_2026-08-21,2026-08-21,§4 Пенсионные платежи и KNP registry,SRC-DOC-M04-P-00134,,,,MULTI_LAYER,,,,,Canonicalized from 1 candidate row(s); source text preserved in 10_SOURCE_EXTRACTS.csv.
M04-CAN-0126,m04.current_1_0.product_semantic.7d769e7f0a7edd6b,1.0,CURRENT_1_0,M04,Пенсионные отчисления,PRODUCT_SEMANTIC,BUSINESS_RULE,§4 Пенсионные платежи и KNP registry,KNP: 015; Enum: OPPV; Официальный смысл: Обязательные профессиональные пенсионные взносы; Класс: CONTRIBUTION; Base estimate: CONDITIONAL; Источник: [S07][S11],KNP: 015; Enum: OPPV; Официальный смысл: Обязательные профессиональные пенсионные взносы; Класс: CONTRIBUTION; Base estimate: CONDITIONAL; Источник: [S07][S11],,,,,03_CASA_Pro_Pension_Contribution_Engine_Final_Spec_KZ_2026-08-21,2026-08-21,§4 Пенсионные платежи и KNP registry,SRC-DOC-M04-P-00136,,,,MULTI_LAYER,,,,,Canonicalized from 1 candidate row(s); source text preserved in 10_SOURCE_EXTRACTS.csv.
M04-CAN-0127,m04.current_1_0.product_semantic.1f06a7eab0b3de7c,1.0,CURRENT_1_0,M04,Пенсионные отчисления,PRODUCT_SEMANTIC,BUSINESS_RULE,§4 Пенсионные платежи и KNP registry,KNP: 089; Enum: OPVR; Официальный смысл: Обязательные пенсионные взносы работодателя; Класс: CONTRIBUTION; Base estimate: CONDITIONAL; Источник: [S08][S12],KNP: 089; Enum: OPVR; Официальный смысл: Обязательные пенсионные взносы работодателя; Класс: CONTRIBUTION; Base estimate: CONDITIONAL; Источник: [S08][S12],,,,,03_CASA_Pro_Pension_Contribution_Engine_Final_Spec_KZ_2026-08-21,2026-08-21,§4 Пенсионные платежи и KNP registry,SRC-DOC-M04-P-00138,,,,MULTI_LAYER,,,,,Canonicalized from 1 candidate row(s); source text preserved in 10_SOURCE_EXTRACTS.csv.
M04-CAN-0128,m04.current_1_0.product_semantic.3610cf4ed7aee8d6,1.0,CURRENT_1_0,M04,Пенсионные отчисления,PRODUCT_SEMANTIC,BUSINESS_RULE,§4 Пенсионные платежи и KNP registry,KNP: иное; Enum: UNKNOWN; Официальный смысл: Неизвестный/новый код; Класс: UNKNOWN; Base estimate: NEVER; Источник: MANUAL_REVIEW,KNP: иное; Enum: UNKNOWN; Официальный смысл: Неизвестный/новый код; Класс: UNKNOWN; Base estimate: NEVER; Источник: MANUAL_REVIEW,,,,UNKNOWN,03_CASA_Pro_Pension_Contribution_Engine_Final_Spec_KZ_2026-08-21,2026-08-21,§4 Пенсионные платежи и KNP registry,SRC-DOC-M04-P-00141,,,,MULTI_LAYER,,,,,Canonicalized from 1 candidate row(s); source text preserved in 10_SOURCE_EXTRACTS.csv.
M04-CAN-0129,m04.current_1_0.product_semantic.6428ac56d26c80ed,1.0,CURRENT_1_0,M04,Пенсионные отчисления,PRODUCT_SEMANTIC,BUSINESS_RULE,§4.1 Нормализация типа,Сохранить payment_code.raw_value; normalized_value — строка ровно из трёх цифр. Leading zero обязателен.,Сохранить payment_code.raw_value; normalized_value — строка ровно из трёх цифр. Leading zero обязателен.,,,,ZERO,03_CASA_Pro_Pension_Contribution_Engine_Final_Spec_KZ_2026-08-21,2026-08-21,§4.1 Нормализация типа,SRC-DOC-M04-P-00143,,,,MULTI_LAYER,,,,,Canonicalized from 1 candidate row(s); source text preserved in 10_SOURCE_EXTRACTS.csv.
M04-CAN-0130,m04.current_1_0.product_semantic.7dd52e2fda1bf89a,1.0,CURRENT_1_0,M04,Пенсионные отчисления,PRODUCT_SEMANTIC,BUSINESS_RULE,§4.1 Нормализация типа,"Найти код в registry_version, действующей на contribution_period или, если период UNKNOWN, на document received_at с флагом DATE_ASSUMED.","Найти код в registry_version, действующей на contribution_period или, если период UNKNOWN, на document received_at с флагом DATE_ASSUMED.",,,,UNKNOWN,03_CASA_Pro_Pension_Contribution_Engine_Final_Spec_KZ_2026-08-21,2026-08-21,§4.1 Нормализация типа,SRC-DOC-M04-P-00144,,,,MULTI_LAYER,,,,,Canonicalized from 1 candidate row(s); source text preserved in 10_SOURCE_EXTRACTS.csv.
M04-CAN-0131,m04.current_1_0.product_semantic.74790f66cd6446ed,1.0,CURRENT_1_0,M04,Пенсионные отчисления,PRODUCT_SEMANTIC,BUSINESS_RULE,§4.1 Нормализация типа,Сохранить contribution_type и payment_class отдельно. UNKNOWN не становится OPV по названию документа.,Сохранить contribution_type и payment_class отдельно. UNKNOWN не становится OPV по названию документа.,,,,UNKNOWN,03_CASA_Pro_Pension_Contribution_Engine_Final_Spec_KZ_2026-08-21,2026-08-21,§4.1 Нормализация типа,SRC-DOC-M04-P-00145,,,,MULTI_LAYER,,,,,Canonicalized from 1 candidate row(s); source text preserved in 10_SOURCE_EXTRACTS.csv.
M04-CAN-0132,m04.current_1_0.product_semantic.cc42c8a473018624,1.0,CURRENT_1_0,M04,Пенсионные отчисления,PRODUCT_SEMANTIC,BUSINESS_RULE,§4.1 Нормализация типа,"Пени, возвраты и rejected rows хранятся как source facts, но исключаются из positive contribution totals и base estimates.","Пени, возвраты и rejected rows хранятся как source facts, но исключаются из positive contribution totals и base estimates.",,,,,03_CASA_Pro_Pension_Contribution_Engine_Final_Spec_KZ_2026-08-21,2026-08-21,§4.1 Нормализация типа,SRC-DOC-M04-P-00146,,,,MULTI_LAYER,,,,,Canonicalized from 1 candidate row(s); source text preserved in 10_SOURCE_EXTRACTS.csv.
M04-CAN-0133,m04.current_1_0.data_contract.05aa3195fe74bb05,1.0,CURRENT_1_0,M04,Пенсионные отчисления,DATA_CONTRACT,SNAPSHOT,§4.1 Нормализация типа,Изменение registry создаёт новый parse/profile version; старый snapshot не мутируется.,Изменение registry создаёт новый parse/profile version; старый snapshot не мутируется.,,,,,03_CASA_Pro_Pension_Contribution_Engine_Final_Spec_KZ_2026-08-21|M04_CASA_Pro_Pension_Implementation_and_Acceptance_v1.0,2026-08-21|1.0,§4.1 Нормализация типа|§10 КНП,SRC-DOC-M04-P-00147|SRC-DOC-M04-I-00144,,,,DATA,,,,,Canonicalized from 2 candidate row(s); source text preserved in 10_SOURCE_EXTRACTS.csv.
M04-CAN-0134,m04.current_1_0.product_semantic.76265dad62248059,1.0,CURRENT_1_0,M04,Пенсионные отчисления,PRODUCT_SEMANTIC,BUSINESS_RULE,§4.4 Вывод для движка,"RATE_CONTEXT_REQUIRED
Для OPV и OPVR amount/rate допустим только при independently confirmed payer_category + payment_regime + effective rate + period. Эти поля в fixture не напечатаны. Поэтому 10 000 ₸ по KNP 010 не превращаются автоматически ни в 100 000 ₸, ни в иной доход.: RATE_CONTEXT_REQUIRED
Для OPV и OPVR amount/rate допустим только при independently confirmed payer_category + payment_regime + effective rate + period. Эти поля в fixture не напечатаны. Поэтому 10 000 ₸ по KNP 010 не превращаются автоматически ни в 100 000 ₸, ни в иной доход.","RATE_CONTEXT_REQUIRED
Для OPV и OPVR amount/rate допустим только при independently confirmed payer_category + payment_regime + effective rate + period. Эти поля в fixture не напечатаны. Поэтому 10 000 ₸ по KNP 010 не превращаются автоматически ни в 100 000 ₸, ни в иной доход.: RATE_CONTEXT_REQUIRED
Для OPV и OPVR amount/rate допустим только при independently confirmed payer_category + payment_regime + effective rate + period. Эти поля в fixture не напечатаны. Поэтому 10 000 ₸ по KNP 010 не превращаются автоматически ни в 100 000 ₸, ни в иной доход.",,,,CONFIRMED,03_CASA_Pro_Pension_Contribution_Engine_Final_Spec_KZ_2026-08-21,2026-08-21,§4.4 Вывод для движка,SRC-DOC-M04-P-00164,,,,QA,,,,,Canonicalized from 1 candidate row(s); source text preserved in 10_SOURCE_EXTRACTS.csv.
M04-CAN-0135,m04.current_1_0.product_semantic.365fe1ba1f8850cd,1.0,CURRENT_1_0,M04,Пенсионные отчисления,PRODUCT_SEMANTIC,FORMULA,§4.4 Вывод для движка,"OPVR формула effective-dated; для 2026 general case — 3,5%, но special regimes блокируют auto-estimate без category evidence.","OPVR формула effective-dated; для 2026 general case — 3,5%, но special regimes блокируют auto-estimate без category evidence.",,,,,03_CASA_Pro_Pension_Contribution_Engine_Final_Spec_KZ_2026-08-21,2026-08-21,§4.4 Вывод для движка,SRC-DOC-M04-P-00166,,,,MULTI_LAYER,,,,,Canonicalized from 1 candidate row(s); source text preserved in 10_SOURCE_EXTRACTS.csv.
M04-CAN-0136,m04.current_1_0.product_semantic.8a70af79ee71ed7a,1.0,CURRENT_1_0,M04,Пенсионные отчисления,PRODUCT_SEMANTIC,STATE,§4.4 Вывод для движка,DPV и penalty codes всегда estimate_status = NOT_APPLICABLE.,DPV и penalty codes всегда estimate_status = NOT_APPLICABLE.,,,,NOT_APPLICABLE,03_CASA_Pro_Pension_Contribution_Engine_Final_Spec_KZ_2026-08-21,2026-08-21,§4.4 Вывод для движка,SRC-DOC-M04-P-00167,,,,MULTI_LAYER,,,,,Canonicalized from 1 candidate row(s); source text preserved in 10_SOURCE_EXTRACTS.csv.
M04-CAN-0137,m04.current_1_0.product_semantic.63a7e58e4e8b83e0,1.0,CURRENT_1_0,M04,Пенсионные отчисления,PRODUCT_SEMANTIC,FORMULA,§4.4 Вывод для движка,Unified payment требует отдельной официальной allocation formula; доля компонента не заменяет прямую ставку без payment-regime evidence.,Unified payment требует отдельной официальной allocation formula; доля компонента не заменяет прямую ставку без payment-regime evidence.,,,,,03_CASA_Pro_Pension_Contribution_Engine_Final_Spec_KZ_2026-08-21,2026-08-21,§4.4 Вывод для движка,SRC-DOC-M04-P-00168,,,,MULTI_LAYER,,,,,Canonicalized from 1 candidate row(s); source text preserved in 10_SOURCE_EXTRACTS.csv.
M04-CAN-0138,m04.current_1_0.security_control.18c3fba488570030,1.0,CURRENT_1_0,M04,Пенсионные отчисления,SECURITY_CONTROL,SECURITY,§5 Каноническая модель данных,PII хранится только в защищённом document/participant контуре; snapshot использует participant_id и subject_match.,PII хранится только в защищённом document/participant контуре; snapshot использует participant_id и subject_match.,,,,,03_CASA_Pro_Pension_Contribution_Engine_Final_Spec_KZ_2026-08-21,2026-08-21,§5 Каноническая модель данных,SRC-DOC-M04-P-00170,,,,DATA|SECURITY,,,,,Canonicalized from 1 candidate row(s); source text preserved in 10_SOURCE_EXTRACTS.csv.
M04-CAN-0139,m04.current_1_0.security_control.523cd5ea93ed801c,1.0,CURRENT_1_0,M04,Пенсионные отчисления,SECURITY_CONTROL,CONSENT,§5 Каноническая модель данных,Entity: pension_contribution_document; Назначение: Логический загруженный документ; Ключевой контракт: participant/case/consent/purpose,Entity: pension_contribution_document; Назначение: Логический загруженный документ; Ключевой контракт: participant/case/consent/purpose,,,,,03_CASA_Pro_Pension_Contribution_Engine_Final_Spec_KZ_2026-08-21,2026-08-21,§5 Каноническая модель данных,SRC-DOC-M04-P-00172,,,,LEGAL,,,,,Canonicalized from 1 candidate row(s); source text preserved in 10_SOURCE_EXTRACTS.csv.
M04-CAN-0140,m04.current_1_0.data_contract.c04b0c6a39342135,1.0,CURRENT_1_0,M04,Пенсионные отчисления,DATA_CONTRACT,SNAPSHOT,§5 Каноническая модель данных,Entity: document_version; Назначение: Immutable original PDF + SHA-256 + technical metadata; Ключевой контракт: 1 document → N versions,Entity: document_version; Назначение: Immutable original PDF + SHA-256 + technical metadata; Ключевой контракт: 1 document → N versions,,,,,03_CASA_Pro_Pension_Contribution_Engine_Final_Spec_KZ_2026-08-21,2026-08-21,§5 Каноническая модель данных,SRC-DOC-M04-P-00173,,,,DATA|PARSER,,,,,Canonicalized from 1 candidate row(s); source text preserved in 10_SOURCE_EXTRACTS.csv.
M04-CAN-0141,m04.current_1_0.product_semantic.93a45ec076091896,1.0,CURRENT_1_0,M04,Пенсионные отчисления,PRODUCT_SEMANTIC,PARSER,§5 Каноническая модель данных,Entity: parse_run; Назначение: Parser/template/OCR run; Ключевой контракт: N runs per version; raw output immutable,Entity: parse_run; Назначение: Parser/template/OCR run; Ключевой контракт: N runs per version; raw output immutable,,,,,03_CASA_Pro_Pension_Contribution_Engine_Final_Spec_KZ_2026-08-21,2026-08-21,§5 Каноническая модель данных,SRC-DOC-M04-P-00174,,,,PARSER,,,,,Canonicalized from 1 candidate row(s); source text preserved in 10_SOURCE_EXTRACTS.csv.
M04-CAN-0142,m04.current_1_0.data_contract.e10aeaeb718e5fc2,1.0,CURRENT_1_0,M04,Пенсионные отчисления,DATA_CONTRACT,DATA_MODEL,§5 Каноническая модель данных,Entity: contribution_record; Назначение: Одна напечатанная строка; Ключевой контракт: N per parse; evidence + field envelopes,Entity: contribution_record; Назначение: Одна напечатанная строка; Ключевой контракт: N per parse; evidence + field envelopes,,,,,03_CASA_Pro_Pension_Contribution_Engine_Final_Spec_KZ_2026-08-21,2026-08-21,§5 Каноническая модель данных,SRC-DOC-M04-P-00175,,,,DATA,,,,,Canonicalized from 1 candidate row(s); source text preserved in 10_SOURCE_EXTRACTS.csv.
M04-CAN-0143,m04.current_1_0.data_contract.583feabfb8eb0880,1.0,CURRENT_1_0,M04,Пенсионные отчисления,DATA_CONTRACT,SNAPSHOT,§5 Каноническая модель данных,Entity: profile_snapshot; Назначение: Published immutable payload; Ключевой контракт: exact versions/hash/evidence manifest,Entity: profile_snapshot; Назначение: Published immutable payload; Ключевой контракт: exact versions/hash/evidence manifest,,,,,03_CASA_Pro_Pension_Contribution_Engine_Final_Spec_KZ_2026-08-21,2026-08-21,§5 Каноническая модель данных,SRC-DOC-M04-P-00182,,,,DATA,,,,,Canonicalized from 1 candidate row(s); source text preserved in 10_SOURCE_EXTRACTS.csv.
M04-CAN-0144,m04.current_1_0.product_semantic.67463d6b612bf7ab,1.0,CURRENT_1_0,M04,Пенсионные отчисления,PRODUCT_SEMANTIC,BUSINESS_RULE,§5.1 Relationships,Связь: document 1→N version; Инвариант: Новая загрузка/замена не перезаписывает original,Связь: document 1→N version; Инвариант: Новая загрузка/замена не перезаписывает original,,,,,03_CASA_Pro_Pension_Contribution_Engine_Final_Spec_KZ_2026-08-21,2026-08-21,§5.1 Relationships,SRC-DOC-M04-P-00185,,,,MULTI_LAYER,,,,,Canonicalized from 1 candidate row(s); source text preserved in 10_SOURCE_EXTRACTS.csv.
M04-CAN-0145,m04.current_1_0.product_semantic.9976634fa4a02e76,1.0,CURRENT_1_0,M04,Пенсионные отчисления,PRODUCT_SEMANTIC,PARSER,§5.1 Relationships,"Связь: version 1→N parse_run; Инвариант: Новая parser_version создаёт diff/review, не меняя старый result","Связь: version 1→N parse_run; Инвариант: Новая parser_version создаёт diff/review, не меняя старый result",,,,,03_CASA_Pro_Pension_Contribution_Engine_Final_Spec_KZ_2026-08-21,2026-08-21,§5.1 Relationships,SRC-DOC-M04-P-00186,,,,PARSER,,,,,Canonicalized from 1 candidate row(s); source text preserved in 10_SOURCE_EXTRACTS.csv.
M04-CAN-0146,m04.current_1_0.product_semantic.0112dba758003086,1.0,CURRENT_1_0,M04,Пенсионные отчисления,PRODUCT_SEMANTIC,BUSINESS_RULE,§5.1 Relationships,Связь: parse_run 1→N record; Инвариант: Каждая строка сохраняется даже если позже excluded/duplicate,Связь: parse_run 1→N record; Инвариант: Каждая строка сохраняется даже если позже excluded/duplicate,,,,,03_CASA_Pro_Pension_Contribution_Engine_Final_Spec_KZ_2026-08-21,2026-08-21,§5.1 Relationships,SRC-DOC-M04-P-00187,,,,MULTI_LAYER,,,,,Canonicalized from 1 candidate row(s); source text preserved in 10_SOURCE_EXTRACTS.csv.
M04-CAN-0147,m04.current_1_0.product_semantic.200a1f314d8ef02e,1.0,CURRENT_1_0,M04,Пенсионные отчисления,PRODUCT_SEMANTIC,BUSINESS_RULE,§5.1 Relationships,Связь: record N→1 sender; Инвариант: Только после ID-first resolution; ambiguous link = review,Связь: record N→1 sender; Инвариант: Только после ID-first resolution; ambiguous link = review,,,,,03_CASA_Pro_Pension_Contribution_Engine_Final_Spec_KZ_2026-08-21,2026-08-21,§5.1 Relationships,SRC-DOC-M04-P-00188,,,,MULTI_LAYER,,,,,Canonicalized from 1 candidate row(s); source text preserved in 10_SOURCE_EXTRACTS.csv.
M04-CAN-0148,m04.current_1_0.product_semantic.28e9ccd8cfeb0479,1.0,CURRENT_1_0,M04,Пенсионные отчисления,PRODUCT_SEMANTIC,BUSINESS_RULE,§5.1 Relationships,Связь: records N→N months; Инвариант: Обычно один period; unresolved period не помещается в месяц,Связь: records N→N months; Инвариант: Обычно один period; unresolved period не помещается в месяц,,,,,03_CASA_Pro_Pension_Contribution_Engine_Final_Spec_KZ_2026-08-21,2026-08-21,§5.1 Relationships,SRC-DOC-M04-P-00189,,,,MULTI_LAYER,,,,,Canonicalized from 1 candidate row(s); source text preserved in 10_SOURCE_EXTRACTS.csv.
M04-CAN-0149,m04.current_1_0.product_semantic.739fe898f203085a,1.0,CURRENT_1_0,M04,Пенсионные отчисления,PRODUCT_SEMANTIC,FORMULA,§5.1 Relationships,Связь: reviewed facts 1→N snapshots; Инвариант: Каждый publish фиксирует profile/schema/formula versions,Связь: reviewed facts 1→N snapshots; Инвариант: Каждый publish фиксирует profile/schema/formula versions,,,,,03_CASA_Pro_Pension_Contribution_Engine_Final_Spec_KZ_2026-08-21,2026-08-21,§5.1 Relationships,SRC-DOC-M04-P-00190,,,,DATA,,,,,Canonicalized from 1 candidate row(s); source text preserved in 10_SOURCE_EXTRACTS.csv.
M04-CAN-0150,m04.current_1_0.product_semantic.fa79f13b1f769eb8,1.0,CURRENT_1_0,M04,Пенсионные отчисления,PRODUCT_SEMANTIC,STATE,§5.1 Relationships,"Value envelope
Каждое критическое поле — объект {raw_value, normalized_value, presence, confidence, review_status, evidence}. Blank, explicit zero, unreadable, unknown и not_applicable не взаимозаменяемы.: Value envelope
Каждое критическое поле — объект {raw_value, normalized_value, presence, confidence, review_status, evidence}. Blank, explicit zero, unreadable, unknown и not_applicable не взаимозаменяемы.","Value envelope
Каждое критическое поле — объект {raw_value, normalized_value, presence, confidence, review_status, evidence}. Blank, explicit zero, unreadable, unknown и not_applicable не взаимозаменяемы.: Value envelope
Каждое критическое поле — объект {raw_value, normalized_value, presence, confidence, review_status, evidence}. Blank, explicit zero, unreadable, unknown и not_applicable не взаимозаменяемы.",,,,BLANK|ZERO|UNKNOWN|NOT_APPLICABLE,03_CASA_Pro_Pension_Contribution_Engine_Final_Spec_KZ_2026-08-21,2026-08-21,§5.1 Relationships,SRC-DOC-M04-P-00191,,,,MULTI_LAYER,,,,,Canonicalized from 1 candidate row(s); source text preserved in 10_SOURCE_EXTRACTS.csv.
M04-CAN-0151,m04.current_1_0.data_contract.3772a33f427d2003,1.0,CURRENT_1_0,M04,Пенсионные отчисления,DATA_CONTRACT,SNAPSHOT,§5.2 Canonical contribution_record,Поле: record_id; Тип: string; Critical: Да; Правило: Immutable ID source row,Поле: record_id; Тип: string; Critical: Да; Правило: Immutable ID source row,,,,,03_CASA_Pro_Pension_Contribution_Engine_Final_Spec_KZ_2026-08-21,2026-08-21,§5.2 Canonical contribution_record,SRC-DOC-M04-P-00195,,,CRITICAL,DATA,,,,,Canonicalized from 1 candidate row(s); source text preserved in 10_SOURCE_EXTRACTS.csv.
M04-CAN-0152,m04.current_1_0.data_contract.0a5980ea42028e78,1.0,CURRENT_1_0,M04,Пенсионные отчисления,DATA_CONTRACT,DATA_MODEL,§5.2 Canonical contribution_record,Поле: document_version_id / parse_run_id; Тип: string; Critical: Да; Правило: Exact provenance,Поле: document_version_id / parse_run_id; Тип: string; Critical: Да; Правило: Exact provenance,,,,,03_CASA_Pro_Pension_Contribution_Engine_Final_Spec_KZ_2026-08-21,2026-08-21,§5.2 Canonical contribution_record,SRC-DOC-M04-P-00196,,,CRITICAL,DATA,,,,,Canonicalized from 1 candidate row(s); source text preserved in 10_SOURCE_EXTRACTS.csv.
M04-CAN-0153,m04.current_1_0.data_contract.d191a46acc775680,1.0,CURRENT_1_0,M04,Пенсионные отчисления,DATA_CONTRACT,DATA_MODEL,§5.2 Canonical contribution_record,Поле: source_row_index; Тип: integer; Critical: Да; Правило: 1-based reading order after page map,Поле: source_row_index; Тип: integer; Critical: Да; Правило: 1-based reading order after page map,,,,,03_CASA_Pro_Pension_Contribution_Engine_Final_Spec_KZ_2026-08-21,2026-08-21,§5.2 Canonical contribution_record,SRC-DOC-M04-P-00197,,,CRITICAL,DATA,,,,,Canonicalized from 1 candidate row(s); source text preserved in 10_SOURCE_EXTRACTS.csv.
M04-CAN-0154,m04.current_1_0.data_contract.ca26c3677dc6a75f,1.0,CURRENT_1_0,M04,Пенсионные отчисления,DATA_CONTRACT,DATA_MODEL,§5.2 Canonical contribution_record,Поле: contribution_type; Тип: enum; Critical: Да; Правило: OPV/OPPV/OPVR/DPV/PENALTY_*/UNKNOWN,Поле: contribution_type; Тип: enum; Critical: Да; Правило: OPV/OPPV/OPVR/DPV/PENALTY_*/UNKNOWN,,,,UNKNOWN,03_CASA_Pro_Pension_Contribution_Engine_Final_Spec_KZ_2026-08-21,2026-08-21,§5.2 Canonical contribution_record,SRC-DOC-M04-P-00198,,,CRITICAL,DATA,,,,,Canonicalized from 1 candidate row(s); source text preserved in 10_SOURCE_EXTRACTS.csv.
M04-CAN-0155,m04.current_1_0.data_contract.122d12a34d38872d,1.0,CURRENT_1_0,M04,Пенсионные отчисления,DATA_CONTRACT,DATA_MODEL,§5.2 Canonical contribution_record,Поле: payment_code; Тип: FieldValue<string>; Critical: Да; Правило: 3-digit normalized KNP; leading zero,Поле: payment_code; Тип: FieldValue<string>; Critical: Да; Правило: 3-digit normalized KNP; leading zero,,,,ZERO,03_CASA_Pro_Pension_Contribution_Engine_Final_Spec_KZ_2026-08-21,2026-08-21,§5.2 Canonical contribution_record,SRC-DOC-M04-P-00199,,,CRITICAL,DATA,,,,,Canonicalized from 1 candidate row(s); source text preserved in 10_SOURCE_EXTRACTS.csv.
M04-CAN-0156,m04.current_1_0.data_contract.fc1856c1b31ea8d0,1.0,CURRENT_1_0,M04,Пенсионные отчисления,DATA_CONTRACT,DATA_MODEL,§5.2 Canonical contribution_record,Поле: payment_class; Тип: enum; Critical: Да; Правило: CONTRIBUTION/PENALTY/UNKNOWN,Поле: payment_class; Тип: enum; Critical: Да; Правило: CONTRIBUTION/PENALTY/UNKNOWN,,,,UNKNOWN,03_CASA_Pro_Pension_Contribution_Engine_Final_Spec_KZ_2026-08-21,2026-08-21,§5.2 Canonical contribution_record,SRC-DOC-M04-P-00200,,,CRITICAL,DATA,,,,,Canonicalized from 1 candidate row(s); source text preserved in 10_SOURCE_EXTRACTS.csv.
M04-CAN-0157,m04.current_1_0.data_contract.7602643a84d19fa8,1.0,CURRENT_1_0,M04,Пенсионные отчисления,DATA_CONTRACT,DATA_MODEL,§5.2 Canonical contribution_record,Поле: contribution_period; Тип: FieldValue<month>; Critical: Да; Правило: Raw MMYYYY → YYYY-MM; never header period,Поле: contribution_period; Тип: FieldValue<month>; Critical: Да; Правило: Raw MMYYYY → YYYY-MM; never header period,,,,,03_CASA_Pro_Pension_Contribution_Engine_Final_Spec_KZ_2026-08-21,2026-08-21,§5.2 Canonical contribution_record,SRC-DOC-M04-P-00201,,,CRITICAL,DATA,,,,,Canonicalized from 1 candidate row(s); source text preserved in 10_SOURCE_EXTRACTS.csv.
M04-CAN-0158,m04.current_1_0.data_contract.ea93c0d214077d03,1.0,CURRENT_1_0,M04,Пенсионные отчисления,DATA_CONTRACT,DATA_MODEL,§5.2 Canonical contribution_record,Поле: received_date; Тип: FieldValue<date>; Critical: Да; Правило: Дата фактического поступления,Поле: received_date; Тип: FieldValue<date>; Critical: Да; Правило: Дата фактического поступления,,,,,03_CASA_Pro_Pension_Contribution_Engine_Final_Spec_KZ_2026-08-21,2026-08-21,§5.2 Canonical contribution_record,SRC-DOC-M04-P-00202,,,CRITICAL,DATA,,,,,Canonicalized from 1 candidate row(s); source text preserved in 10_SOURCE_EXTRACTS.csv.
M04-CAN-0159,m04.current_1_0.data_contract.35332ee80a2fd813,1.0,CURRENT_1_0,M04,Пенсионные отчисления,DATA_CONTRACT,DATA_MODEL,§5.2 Canonical contribution_record,Поле: sent_date; Тип: FieldValue<date>; Critical: Да; Правило: Дата отправки; distinct,Поле: sent_date; Тип: FieldValue<date>; Critical: Да; Правило: Дата отправки; distinct,,,,,03_CASA_Pro_Pension_Contribution_Engine_Final_Spec_KZ_2026-08-21,2026-08-21,§5.2 Canonical contribution_record,SRC-DOC-M04-P-00203,,,CRITICAL,DATA,,,,,Canonicalized from 1 candidate row(s); source text preserved in 10_SOURCE_EXTRACTS.csv.
M04-CAN-0160,m04.current_1_0.data_contract.a0df649b56269cf7,1.0,CURRENT_1_0,M04,Пенсионные отчисления,DATA_CONTRACT,DATA_MODEL,§5.2 Canonical contribution_record,Поле: source_document_number; Тип: FieldValue<string>; Critical: Нет; Правило: Transaction/document sequence; dedup key,Поле: source_document_number; Тип: FieldValue<string>; Critical: Нет; Правило: Transaction/document sequence; dedup key,,,,,03_CASA_Pro_Pension_Contribution_Engine_Final_Spec_KZ_2026-08-21,2026-08-21,§5.2 Canonical contribution_record,SRC-DOC-M04-P-00204,,,CRITICAL,DATA,,,,,Canonicalized from 1 candidate row(s); source text preserved in 10_SOURCE_EXTRACTS.csv.
M04-CAN-0161,m04.current_1_0.data_contract.68465258bacac080,1.0,CURRENT_1_0,M04,Пенсионные отчисления,DATA_CONTRACT,DATA_MODEL,§5.2 Canonical contribution_record,Поле: document_date; Тип: FieldValue<date>; Critical: Да; Правило: Дата документа/платежа в строке,Поле: document_date; Тип: FieldValue<date>; Critical: Да; Правило: Дата документа/платежа в строке,,,,,03_CASA_Pro_Pension_Contribution_Engine_Final_Spec_KZ_2026-08-21,2026-08-21,§5.2 Canonical contribution_record,SRC-DOC-M04-P-00205,,,CRITICAL,DATA,,,,,Canonicalized from 1 candidate row(s); source text preserved in 10_SOURCE_EXTRACTS.csv.
M04-CAN-0162,m04.current_1_0.data_contract.7c031f2975e84963,1.0,CURRENT_1_0,M04,Пенсионные отчисления,DATA_CONTRACT,DATA_MODEL,§5.2 Canonical contribution_record,Поле: sender_name; Тип: FieldValue<string>; Critical: Да; Правило: Display only; exact raw preserved,Поле: sender_name; Тип: FieldValue<string>; Critical: Да; Правило: Display only; exact raw preserved,,,,,03_CASA_Pro_Pension_Contribution_Engine_Final_Spec_KZ_2026-08-21,2026-08-21,§5.2 Canonical contribution_record,SRC-DOC-M04-P-00206,,,CRITICAL,DATA,,,,,Canonicalized from 1 candidate row(s); source text preserved in 10_SOURCE_EXTRACTS.csv.
M04-CAN-0163,m04.current_1_0.data_contract.301df0bada3804fc,1.0,CURRENT_1_0,M04,Пенсионные отчисления,DATA_CONTRACT,DATA_MODEL,§5.2 Canonical contribution_record,Поле: sender_identifier; Тип: FieldValue<string>; Critical: Да; Правило: 12 digits in fixture; do not coerce number,Поле: sender_identifier; Тип: FieldValue<string>; Critical: Да; Правило: 12 digits in fixture; do not coerce number,,,,,03_CASA_Pro_Pension_Contribution_Engine_Final_Spec_KZ_2026-08-21,2026-08-21,§5.2 Canonical contribution_record,SRC-DOC-M04-P-00207,,,CRITICAL,DATA|QA,,,,,Canonicalized from 1 candidate row(s); source text preserved in 10_SOURCE_EXTRACTS.csv.
M04-CAN-0164,m04.current_1_0.data_contract.6e6155c6c4d714f7,1.0,CURRENT_1_0,M04,Пенсионные отчисления,DATA_CONTRACT,DATA_MODEL,§5.2 Canonical contribution_record,Поле: sender_type_if_known; Тип: enum; Critical: Нет; Правило: IP/LEGAL_ENTITY/PHYSICAL_PERSON/PLATFORM/UNKNOWN,Поле: sender_type_if_known; Тип: enum; Critical: Нет; Правило: IP/LEGAL_ENTITY/PHYSICAL_PERSON/PLATFORM/UNKNOWN,,,,UNKNOWN,03_CASA_Pro_Pension_Contribution_Engine_Final_Spec_KZ_2026-08-21,2026-08-21,§5.2 Canonical contribution_record,SRC-DOC-M04-P-00208,,,CRITICAL,LEGAL,,,,,Canonicalized from 1 candidate row(s); source text preserved in 10_SOURCE_EXTRACTS.csv.
M04-CAN-0165,m04.current_1_0.data_contract.54ccf3549a75f349,1.0,CURRENT_1_0,M04,Пенсионные отчисления,DATA_CONTRACT,DATA_MODEL,§5.2 Canonical contribution_record,Поле: sender_role; Тип: const; Critical: Да; Правило: CONTRIBUTION_SENDER; not EMPLOYER,Поле: sender_role; Тип: const; Critical: Да; Правило: CONTRIBUTION_SENDER; not EMPLOYER,,,,,03_CASA_Pro_Pension_Contribution_Engine_Final_Spec_KZ_2026-08-21,2026-08-21,§5.2 Canonical contribution_record,SRC-DOC-M04-P-00209,,,CRITICAL,DATA,,,,,Canonicalized from 1 candidate row(s); source text preserved in 10_SOURCE_EXTRACTS.csv.
M04-CAN-0166,m04.current_1_0.data_contract.650bca2af409e133,1.0,CURRENT_1_0,M04,Пенсионные отчисления,DATA_CONTRACT,DATA_MODEL,§5.2 Canonical contribution_record,Поле: recipient_name; Тип: FieldValue<string>; Critical: Да; Правило: Printed recipient,Поле: recipient_name; Тип: FieldValue<string>; Critical: Да; Правило: Printed recipient,,,,,03_CASA_Pro_Pension_Contribution_Engine_Final_Spec_KZ_2026-08-21,2026-08-21,§5.2 Canonical contribution_record,SRC-DOC-M04-P-00210,,,CRITICAL,DATA,,,,,Canonicalized from 1 candidate row(s); source text preserved in 10_SOURCE_EXTRACTS.csv.
M04-CAN-0167,m04.current_1_0.data_contract.d3f1bd0ce5c64fc4,1.0,CURRENT_1_0,M04,Пенсионные отчисления,DATA_CONTRACT,DATA_MODEL,§5.2 Canonical contribution_record,Поле: recipient_identifier; Тип: FieldValue<string>; Critical: Нет; Правило: Only if printed/verified registry mapping,Поле: recipient_identifier; Тип: FieldValue<string>; Critical: Нет; Правило: Only if printed/verified registry mapping,,,,VERIFIED,03_CASA_Pro_Pension_Contribution_Engine_Final_Spec_KZ_2026-08-21,2026-08-21,§5.2 Canonical contribution_record,SRC-DOC-M04-P-00211,,,CRITICAL,DATA,,,,,Canonicalized from 1 candidate row(s); source text preserved in 10_SOURCE_EXTRACTS.csv.
M04-CAN-0168,m04.current_1_0.data_contract.c7f04f8a26ac6a05,1.0,CURRENT_1_0,M04,Пенсионные отчисления,DATA_CONTRACT,DATA_MODEL,§5.2 Canonical contribution_record,Поле: amount; Тип: FieldValue<Money>; Critical: Да; Правило: Decimal string; explicit zero distinct,Поле: amount; Тип: FieldValue<Money>; Critical: Да; Правило: Decimal string; explicit zero distinct,,,,ZERO,03_CASA_Pro_Pension_Contribution_Engine_Final_Spec_KZ_2026-08-21,2026-08-21,§5.2 Canonical contribution_record,SRC-DOC-M04-P-00212,,,CRITICAL,DATA,,,,,Canonicalized from 1 candidate row(s); source text preserved in 10_SOURCE_EXTRACTS.csv.
M04-CAN-0169,m04.current_1_0.data_contract.80283f6981237e6f,1.0,CURRENT_1_0,M04,Пенсионные отчисления,DATA_CONTRACT,DATA_MODEL,§5.2 Canonical contribution_record,Поле: currency; Тип: string; Critical: Да; Правило: KZT when printed/template-proven; otherwise UNKNOWN,Поле: currency; Тип: string; Critical: Да; Правило: KZT when printed/template-proven; otherwise UNKNOWN,,,,UNKNOWN,03_CASA_Pro_Pension_Contribution_Engine_Final_Spec_KZ_2026-08-21,2026-08-21,§5.2 Canonical contribution_record,SRC-DOC-M04-P-00213,,,CRITICAL,DATA,,,,,Canonicalized from 1 candidate row(s); source text preserved in 10_SOURCE_EXTRACTS.csv.
M04-CAN-0170,m04.current_1_0.security_control.f7df8cc09d380c52,1.0,CURRENT_1_0,M04,Пенсионные отчисления,SECURITY_CONTROL,AUDIT,"§5.3 contribution_record — quality, effect и evidence",Source row не удаляется; exclusion и correction — отдельные audited решения.,Source row не удаляется; exclusion и correction — отдельные audited решения.,,,,,03_CASA_Pro_Pension_Contribution_Engine_Final_Spec_KZ_2026-08-21,2026-08-21,"§5.3 contribution_record — quality, effect и evidence",SRC-DOC-M04-P-00215,,,,MULTI_LAYER,,,,,Canonicalized from 1 candidate row(s); source text preserved in 10_SOURCE_EXTRACTS.csv.
M04-CAN-0171,m04.current_1_0.product_semantic.01375d0e65132fb3,1.0,CURRENT_1_0,M04,Пенсионные отчисления,PRODUCT_SEMANTIC,STATE,"§5.3 contribution_record — quality, effect и evidence",Поле: source_status_raw; Тип: string; Critical: Да; Правило: Напечатанное значение,Поле: source_status_raw; Тип: string; Critical: Да; Правило: Напечатанное значение,,,,,03_CASA_Pro_Pension_Contribution_Engine_Final_Spec_KZ_2026-08-21,2026-08-21,"§5.3 contribution_record — quality, effect и evidence",SRC-DOC-M04-P-00217,,,CRITICAL,MULTI_LAYER,,,,,Canonicalized from 1 candidate row(s); source text preserved in 10_SOURCE_EXTRACTS.csv.
M04-CAN-0172,m04.current_1_0.product_semantic.f5b5887e9d30d382,1.0,CURRENT_1_0,M04,Пенсионные отчисления,PRODUCT_SEMANTIC,STATE,"§5.3 contribution_record — quality, effect и evidence",Поле: source_status; Тип: enum; Critical: Да; Правило: PROCESSED/RETURNED/REVERSED/REJECTED/UNKNOWN,Поле: source_status; Тип: enum; Critical: Да; Правило: PROCESSED/RETURNED/REVERSED/REJECTED/UNKNOWN,,,,UNKNOWN,03_CASA_Pro_Pension_Contribution_Engine_Final_Spec_KZ_2026-08-21,2026-08-21,"§5.3 contribution_record — quality, effect и evidence",SRC-DOC-M04-P-00218,,,CRITICAL,MULTI_LAYER,,,,,Canonicalized from 1 candidate row(s); source text preserved in 10_SOURCE_EXTRACTS.csv.
M04-CAN-0173,m04.current_1_0.data_contract.7fbfd844e3da9914,1.0,CURRENT_1_0,M04,Пенсионные отчисления,DATA_CONTRACT,DATA_MODEL,"§5.3 contribution_record — quality, effect и evidence",Поле: processing_effect; Тип: enum; Critical: Да; Правило: EFFECTIVE/EXCLUDED/UNKNOWN,Поле: processing_effect; Тип: enum; Critical: Да; Правило: EFFECTIVE/EXCLUDED/UNKNOWN,,,,UNKNOWN,03_CASA_Pro_Pension_Contribution_Engine_Final_Spec_KZ_2026-08-21,2026-08-21,"§5.3 contribution_record — quality, effect и evidence",SRC-DOC-M04-P-00219,,,CRITICAL,DATA,,,,,Canonicalized from 1 candidate row(s); source text preserved in 10_SOURCE_EXTRACTS.csv.
M04-CAN-0174,m04.current_1_0.data_contract.089ca8a345d1571b,1.0,CURRENT_1_0,M04,Пенсионные отчисления,DATA_CONTRACT,DATA_MODEL,"§5.3 contribution_record — quality, effect и evidence",Поле: direction; Тип: enum; Critical: Нет; Правило: CREDIT/DEBIT/UNKNOWN; не выводить из знака без rule,Поле: direction; Тип: enum; Critical: Нет; Правило: CREDIT/DEBIT/UNKNOWN; не выводить из знака без rule,,,,UNKNOWN,03_CASA_Pro_Pension_Contribution_Engine_Final_Spec_KZ_2026-08-21,2026-08-21,"§5.3 contribution_record — quality, effect и evidence",SRC-DOC-M04-P-00220,,,CRITICAL,DATA,,,,,Canonicalized from 1 candidate row(s); source text preserved in 10_SOURCE_EXTRACTS.csv.
M04-CAN-0175,m04.current_1_0.data_contract.4cdc4221ed2a0a2a,1.0,CURRENT_1_0,M04,Пенсионные отчисления,DATA_CONTRACT,DATA_MODEL,"§5.3 contribution_record — quality, effect и evidence",Поле: row_fingerprint; Тип: sha256; Critical: Да; Правило: Full reviewed field tuple,Поле: row_fingerprint; Тип: sha256; Critical: Да; Правило: Full reviewed field tuple,,,,,03_CASA_Pro_Pension_Contribution_Engine_Final_Spec_KZ_2026-08-21,2026-08-21,"§5.3 contribution_record — quality, effect и evidence",SRC-DOC-M04-P-00221,,,CRITICAL,DATA,,,,,Canonicalized from 1 candidate row(s); source text preserved in 10_SOURCE_EXTRACTS.csv.
M04-CAN-0176,m04.current_1_0.product_semantic.8ce57e85257f1419,1.0,CURRENT_1_0,M04,Пенсионные отчисления,PRODUCT_SEMANTIC,STATE,"§5.3 contribution_record — quality, effect и evidence",Поле: duplicate_status; Тип: enum; Critical: Да; Правило: UNIQUE/EXTRACTION_DUPLICATE/CANDIDATE/CONFIRMED,Поле: duplicate_status; Тип: enum; Critical: Да; Правило: UNIQUE/EXTRACTION_DUPLICATE/CANDIDATE/CONFIRMED,,,,CONFIRMED,03_CASA_Pro_Pension_Contribution_Engine_Final_Spec_KZ_2026-08-21,2026-08-21,"§5.3 contribution_record — quality, effect и evidence",SRC-DOC-M04-P-00222,,,CRITICAL,MULTI_LAYER,,,,,Canonicalized from 1 candidate row(s); source text preserved in 10_SOURCE_EXTRACTS.csv.
M04-CAN-0177,m04.current_1_0.data_contract.101b460e5470a724,1.0,CURRENT_1_0,M04,Пенсионные отчисления,DATA_CONTRACT,DATA_MODEL,"§5.3 contribution_record — quality, effect и evidence",Поле: duplicate_of_record_id; Тип: string?; Critical: Нет; Правило: Только deterministic/reviewer decision,Поле: duplicate_of_record_id; Тип: string?; Critical: Нет; Правило: Только deterministic/reviewer decision,,,,,03_CASA_Pro_Pension_Contribution_Engine_Final_Spec_KZ_2026-08-21,2026-08-21,"§5.3 contribution_record — quality, effect и evidence",SRC-DOC-M04-P-00223,,,CRITICAL,DATA,,,,,Canonicalized from 1 candidate row(s); source text preserved in 10_SOURCE_EXTRACTS.csv.
M04-CAN-0178,m04.current_1_0.data_contract.5b22a8553e7e34e7,1.0,CURRENT_1_0,M04,Пенсионные отчисления,DATA_CONTRACT,DATA_MODEL,"§5.3 contribution_record — quality, effect и evidence",Поле: correction_or_return_reference; Тип: string?; Critical: Нет; Правило: Link to original if source proves,Поле: correction_or_return_reference; Тип: string?; Critical: Нет; Правило: Link to original if source proves,,,,,03_CASA_Pro_Pension_Contribution_Engine_Final_Spec_KZ_2026-08-21,2026-08-21,"§5.3 contribution_record — quality, effect и evidence",SRC-DOC-M04-P-00224,,,CRITICAL,DATA,,,,,Canonicalized from 1 candidate row(s); source text preserved in 10_SOURCE_EXTRACTS.csv.
M04-CAN-0179,m04.current_1_0.data_contract.d30fd294a69424d2,1.0,CURRENT_1_0,M04,Пенсионные отчисления,DATA_CONTRACT,DATA_MODEL,"§5.3 contribution_record — quality, effect и evidence",Поле: source_page; Тип: integer; Critical: Да; Правило: 1…document.page_count,Поле: source_page; Тип: integer; Critical: Да; Правило: 1…document.page_count,,,,,03_CASA_Pro_Pension_Contribution_Engine_Final_Spec_KZ_2026-08-21,2026-08-21,"§5.3 contribution_record — quality, effect и evidence",SRC-DOC-M04-P-00225,,,CRITICAL,DATA,,,,,Canonicalized from 1 candidate row(s); source text preserved in 10_SOURCE_EXTRACTS.csv.
M04-CAN-0180,m04.current_1_0.data_contract.c749467b47c409f2,1.0,CURRENT_1_0,M04,Пенсионные отчисления,DATA_CONTRACT,DATA_MODEL,"§5.3 contribution_record — quality, effect и evidence",Поле: source_bbox; Тип: BBox; Critical: Да; Правило: Normalized x/y/w/h + rotation,Поле: source_bbox; Тип: BBox; Critical: Да; Правило: Normalized x/y/w/h + rotation,,,,,03_CASA_Pro_Pension_Contribution_Engine_Final_Spec_KZ_2026-08-21,2026-08-21,"§5.3 contribution_record — quality, effect и evidence",SRC-DOC-M04-P-00226,,,CRITICAL,DATA,,,,,Canonicalized from 1 candidate row(s); source text preserved in 10_SOURCE_EXTRACTS.csv.
M04-CAN-0181,m04.current_1_0.data_contract.5fab8432fece52f7,1.0,CURRENT_1_0,M04,Пенсионные отчисления,DATA_CONTRACT,DATA_MODEL,"§5.3 contribution_record — quality, effect и evidence",Поле: evidence_id; Тип: string; Critical: Да; Правило: Encrypted crop/text span; evidence hash,Поле: evidence_id; Тип: string; Critical: Да; Правило: Encrypted crop/text span; evidence hash,,,,,03_CASA_Pro_Pension_Contribution_Engine_Final_Spec_KZ_2026-08-21,2026-08-21,"§5.3 contribution_record — quality, effect и evidence",SRC-DOC-M04-P-00227,,,CRITICAL,DATA,,,,,Canonicalized from 1 candidate row(s); source text preserved in 10_SOURCE_EXTRACTS.csv.
M04-CAN-0182,m04.current_1_0.product_semantic.b02f648692172556,1.0,CURRENT_1_0,M04,Пенсионные отчисления,PRODUCT_SEMANTIC,STATE,"§5.3 contribution_record — quality, effect и evidence",Поле: critical_field_status; Тип: enum; Critical: Да; Правило: PASS/NEEDS_REVIEW/FAILED,Поле: critical_field_status; Тип: enum; Critical: Да; Правило: PASS/NEEDS_REVIEW/FAILED,,,,,03_CASA_Pro_Pension_Contribution_Engine_Final_Spec_KZ_2026-08-21,2026-08-21,"§5.3 contribution_record — quality, effect и evidence",SRC-DOC-M04-P-00228,,,CRITICAL,DATA,,,,,Canonicalized from 1 candidate row(s); source text preserved in 10_SOURCE_EXTRACTS.csv.
M04-CAN-0183,m04.current_1_0.product_semantic.e5722846bb63320b,1.0,CURRENT_1_0,M04,Пенсионные отчисления,PRODUCT_SEMANTIC,STATE,"§5.3 contribution_record — quality, effect и evidence",Поле: row_review_status; Тип: enum; Critical: Да; Правило: EXTRACTED/NEEDS_REVIEW/ACCEPTED/CORRECTED/REJECTED,Поле: row_review_status; Тип: enum; Critical: Да; Правило: EXTRACTED/NEEDS_REVIEW/ACCEPTED/CORRECTED/REJECTED,,,,,03_CASA_Pro_Pension_Contribution_Engine_Final_Spec_KZ_2026-08-21,2026-08-21,"§5.3 contribution_record — quality, effect и evidence",SRC-DOC-M04-P-00229,,,CRITICAL,MULTI_LAYER,,,,,Canonicalized from 1 candidate row(s); source text preserved in 10_SOURCE_EXTRACTS.csv.
M04-CAN-0184,m04.current_1_0.data_contract.a2c823fef280f59c,1.0,CURRENT_1_0,M04,Пенсионные отчисления,DATA_CONTRACT,DATA_MODEL,"§5.3 contribution_record — quality, effect и evidence",Поле: reviewer_decision_id; Тип: string?; Critical: Нет; Правило: Reason + actor + timestamp + before/after hash,Поле: reviewer_decision_id; Тип: string?; Critical: Нет; Правило: Reason + actor + timestamp + before/after hash,,,,,03_CASA_Pro_Pension_Contribution_Engine_Final_Spec_KZ_2026-08-21,2026-08-21,"§5.3 contribution_record — quality, effect и evidence",SRC-DOC-M04-P-00230,,,CRITICAL,DATA,,,,,Canonicalized from 1 candidate row(s); source text preserved in 10_SOURCE_EXTRACTS.csv.
M04-CAN-0185,m04.current_1_0.product_semantic.8fd9af368623d84d,1.0,CURRENT_1_0,M04,Пенсионные отчисления,PRODUCT_SEMANTIC,STATE,"§5.3 contribution_record — quality, effect и evidence",Поле: registry_versions; Тип: object; Critical: Да; Правило: template/KNP/status/rate dictionaries,Поле: registry_versions; Тип: object; Critical: Да; Правило: template/KNP/status/rate dictionaries,,,,,03_CASA_Pro_Pension_Contribution_Engine_Final_Spec_KZ_2026-08-21,2026-08-21,"§5.3 contribution_record — quality, effect и evidence",SRC-DOC-M04-P-00231,,,CRITICAL,DATA,,,,,Canonicalized from 1 candidate row(s); source text preserved in 10_SOURCE_EXTRACTS.csv.
M04-CAN-0186,m04.current_1_0.boundary.d5ef1c27614459e2,1.0,CURRENT_1_0,M04,Пенсионные отчисления,BOUNDARY,FORBIDDEN,§5.4 FieldValue / presence,presence: UNKNOWN; Семантика: Нельзя установить presence/meaning,,presence: UNKNOWN; Семантика: Нельзя установить presence/meaning,,,UNKNOWN,03_CASA_Pro_Pension_Contribution_Engine_Final_Spec_KZ_2026-08-21,2026-08-21,§5.4 FieldValue / presence,SRC-DOC-M04-P-00239,,,,MULTI_LAYER,,,,,Canonicalized from 1 candidate row(s); source text preserved in 10_SOURCE_EXTRACTS.csv.
M04-CAN-0187,m04.current_1_0.data_contract.d121bbd3fb5c9967,1.0,CURRENT_1_0,M04,Пенсионные отчисления,DATA_CONTRACT,DATA_MODEL,§5.4 FieldValue / presence,"Zero rule
amount=0 + PROCESSED не считается положительным взносом. Строка сохраняется, month становится UNKNOWN/NEEDS_REVIEW; blank amount никогда не превращается в 0.: Zero rule
amount=0 + PROCESSED не считается положительным взносом. Строка сохраняется, month становится UNKNOWN/NEEDS_REVIEW; blank amount никогда не превращается в 0.","Zero rule
amount=0 + PROCESSED не считается положительным взносом. Строка сохраняется, month становится UNKNOWN/NEEDS_REVIEW; blank amount никогда не превращается в 0.: Zero rule
amount=0 + PROCESSED не считается положительным взносом. Строка сохраняется, month становится UNKNOWN/NEEDS_REVIEW; blank amount никогда не превращается в 0.",,,,ZERO|UNKNOWN|BLANK,03_CASA_Pro_Pension_Contribution_Engine_Final_Spec_KZ_2026-08-21,2026-08-21,§5.4 FieldValue / presence,SRC-DOC-M04-P-00240,,,,DATA,,,,,Canonicalized from 1 candidate row(s); source text preserved in 10_SOURCE_EXTRACTS.csv.
M04-CAN-0188,m04.current_1_0.product_semantic.7dce78ce1306fdd3,1.0,CURRENT_1_0,M04,Пенсионные отчисления,PRODUCT_SEMANTIC,VALIDATION,§6 Parsing и reconciliation,Build page map and verify footer page X/N; repeated table header is not a contribution row.,Build page map and verify footer page X/N; repeated table header is not a contribution row.,,,,,03_CASA_Pro_Pension_Contribution_Engine_Final_Spec_KZ_2026-08-21,2026-08-21,§6 Parsing и reconciliation,SRC-DOC-M04-P-00244,,,,MULTI_LAYER,,,,,Canonicalized from 1 candidate row(s); source text preserved in 10_SOURCE_EXTRACTS.csv.
M04-CAN-0189,m04.current_1_0.product_semantic.74f17d21a019010f,1.0,CURRENT_1_0,M04,Пенсионные отчисления,PRODUCT_SEMANTIC,PARSER,§6 Parsing и reconciliation,Extract raw cell values; period parser accepts MMYYYY only after month 01–12 validation.,Extract raw cell values; period parser accepts MMYYYY only after month 01–12 validation.,,,,,03_CASA_Pro_Pension_Contribution_Engine_Final_Spec_KZ_2026-08-21,2026-08-21,§6 Parsing и reconciliation,SRC-DOC-M04-P-00248,,,,PARSER,,,,,Canonicalized from 1 candidate row(s); source text preserved in 10_SOURCE_EXTRACTS.csv.
M04-CAN-0190,m04.current_1_0.product_semantic.c076ec7f2d2d0e91,1.0,CURRENT_1_0,M04,Пенсионные отчисления,PRODUCT_SEMANTIC,STATE,§6 Parsing и reconciliation,Map KNP/status through effective-dated registries; UNKNOWN remains UNKNOWN.,Map KNP/status through effective-dated registries; UNKNOWN remains UNKNOWN.,,,,UNKNOWN,03_CASA_Pro_Pension_Contribution_Engine_Final_Spec_KZ_2026-08-21,2026-08-21,§6 Parsing и reconciliation,SRC-DOC-M04-P-00250,,,,MULTI_LAYER,,,,,Canonicalized from 1 candidate row(s); source text preserved in 10_SOURCE_EXTRACTS.csv.
M04-CAN-0191,m04.current_1_0.data_contract.914c08d254b28161,1.0,CURRENT_1_0,M04,Пенсионные отчисления,DATA_CONTRACT,DATA_MODEL,§6 Parsing и reconciliation,Attach page+bbox+text-span/evidence hash to every critical field.,Attach page+bbox+text-span/evidence hash to every critical field.,,,,,03_CASA_Pro_Pension_Contribution_Engine_Final_Spec_KZ_2026-08-21,2026-08-21,§6 Parsing и reconciliation,SRC-DOC-M04-P-00251,,,CRITICAL,DATA,,,,,Canonicalized from 1 candidate row(s); source text preserved in 10_SOURCE_EXTRACTS.csv.
M04-CAN-0192,m04.current_1_0.product_semantic.bb42c46f6d6a67f5,1.0,CURRENT_1_0,M04,Пенсионные отчисления,PRODUCT_SEMANTIC,STATE,§6 Parsing и reconciliation,Run header/page/row/date/amount/month/sender/identifier/KNP/status reconciliations.,Run header/page/row/date/amount/month/sender/identifier/KNP/status reconciliations.,,,,,03_CASA_Pro_Pension_Contribution_Engine_Final_Spec_KZ_2026-08-21,2026-08-21,§6 Parsing и reconciliation,SRC-DOC-M04-P-00253,,,,MULTI_LAYER,,,,,Canonicalized from 1 candidate row(s); source text preserved in 10_SOURCE_EXTRACTS.csv.
M04-CAN-0193,m04.current_1_0.product_semantic.aa5c5fcbb90e803b,1.0,CURRENT_1_0,M04,Пенсионные отчисления,PRODUCT_SEMANTIC,STATE,§6 Parsing и reconciliation,"Create review tasks for any critical mismatch, UNKNOWN or unsupported status/coverage zone.","Create review tasks for any critical mismatch, UNKNOWN or unsupported status/coverage zone.",,,,UNKNOWN,03_CASA_Pro_Pension_Contribution_Engine_Final_Spec_KZ_2026-08-21,2026-08-21,§6 Parsing и reconciliation,SRC-DOC-M04-P-00254,,,CRITICAL,MULTI_LAYER,,,,,Canonicalized from 1 candidate row(s); source text preserved in 10_SOURCE_EXTRACTS.csv.
M04-CAN-0194,m04.current_1_0.product_semantic.618f99d5070161af,1.0,CURRENT_1_0,M04,Пенсионные отчисления,PRODUCT_SEMANTIC,PARSER,§6 Parsing и reconciliation,Publish immutable snapshot with exact document/parser/registry/review/profile versions.,Publish immutable snapshot with exact document/parser/registry/review/profile versions.,,,,,03_CASA_Pro_Pension_Contribution_Engine_Final_Spec_KZ_2026-08-21,2026-08-21,§6 Parsing и reconciliation,SRC-DOC-M04-P-00256,,,,DATA|PARSER,,,,,Canonicalized from 1 candidate row(s); source text preserved in 10_SOURCE_EXTRACTS.csv.
M04-CAN-0195,m04.current_1_0.data_contract.d988cdfce166b344,1.0,CURRENT_1_0,M04,Пенсионные отчисления,DATA_CONTRACT,PROVENANCE,§6.1 ENPF-specific extraction hazards,Hazard: Page rotation 90°; Control: coordinates normalize to logical page; evidence retains original rotation,Hazard: Page rotation 90°; Control: coordinates normalize to logical page; evidence retains original rotation,,,,,03_CASA_Pro_Pension_Contribution_Engine_Final_Spec_KZ_2026-08-21,2026-08-21,§6.1 ENPF-specific extraction hazards,SRC-DOC-M04-P-00259,,,,DATA,,,,,Canonicalized from 1 candidate row(s); source text preserved in 10_SOURCE_EXTRACTS.csv.
M04-CAN-0196,m04.current_1_0.product_semantic.073dc4a72f2fff33,1.0,CURRENT_1_0,M04,Пенсионные отчисления,PRODUCT_SEMANTIC,STATE,§6.1 ENPF-specific extraction hazards,"Hazard: Wrapped recipient; Control: row boundary from amount/status/period anchors, not line breaks","Hazard: Wrapped recipient; Control: row boundary from amount/status/period anchors, not line breaks",,,,,03_CASA_Pro_Pension_Contribution_Engine_Final_Spec_KZ_2026-08-21,2026-08-21,§6.1 ENPF-specific extraction hazards,SRC-DOC-M04-P-00261,,,,MULTI_LAYER,,,,,Canonicalized from 1 candidate row(s); source text preserved in 10_SOURCE_EXTRACTS.csv.
M04-CAN-0197,m04.current_1_0.product_semantic.efc036b21f7e5255,1.0,CURRENT_1_0,M04,Пенсионные отчисления,PRODUCT_SEMANTIC,PARSER,§6.1 ENPF-specific extraction hazards,Hazard: KNP leading zero; Control: string parser; integer conversion forbidden,Hazard: KNP leading zero; Control: string parser; integer conversion forbidden,,,,ZERO,03_CASA_Pro_Pension_Contribution_Engine_Final_Spec_KZ_2026-08-21,2026-08-21,§6.1 ENPF-specific extraction hazards,SRC-DOC-M04-P-00262,,,,PARSER,,,,,Canonicalized from 1 candidate row(s); source text preserved in 10_SOURCE_EXTRACTS.csv.
M04-CAN-0198,m04.current_1_0.data_contract.d5de4249b3ebfff7,1.0,CURRENT_1_0,M04,Пенсионные отчисления,DATA_CONTRACT,PROVENANCE,§6.1 ENPF-specific extraction hazards,Hazard: Repeated page header/footer; Control: never counted as row or evidence for source totals,Hazard: Repeated page header/footer; Control: never counted as row or evidence for source totals,,,,,03_CASA_Pro_Pension_Contribution_Engine_Final_Spec_KZ_2026-08-21,2026-08-21,§6.1 ENPF-specific extraction hazards,SRC-DOC-M04-P-00265,,,,DATA,,,,,Canonicalized from 1 candidate row(s); source text preserved in 10_SOURCE_EXTRACTS.csv.
M04-CAN-0199,m04.current_1_0.data_contract.7a8ca0b4e2ad89ba,1.0,CURRENT_1_0,M04,Пенсионные отчисления,DATA_CONTRACT,SNAPSHOT,§6.2 Reconciliation matrix,Snapshot publish требует PASS/NOT_APPLICABLE или documented WAIVER по каждому critical check.,Snapshot publish требует PASS/NOT_APPLICABLE или documented WAIVER по каждому critical check.,,,,NOT_APPLICABLE,03_CASA_Pro_Pension_Contribution_Engine_Final_Spec_KZ_2026-08-21,2026-08-21,§6.2 Reconciliation matrix,SRC-DOC-M04-P-00267,,,CRITICAL,DATA,,,,,Canonicalized from 1 candidate row(s); source text preserved in 10_SOURCE_EXTRACTS.csv.
M04-CAN-0200,m04.current_1_0.data_contract.b289a27e90f9fe3c,1.0,CURRENT_1_0,M04,Пенсионные отчисления,DATA_CONTRACT,PROVENANCE,§6.2 Reconciliation matrix,"Check: PCR-005; Assertion: each row has valid page, bbox, amount/period/sender/id/KNP evidence; Severity: BLOCK","Check: PCR-005; Assertion: each row has valid page, bbox, amount/period/sender/id/KNP evidence; Severity: BLOCK",,,,,03_CASA_Pro_Pension_Contribution_Engine_Final_Spec_KZ_2026-08-21,2026-08-21,§6.2 Reconciliation matrix,SRC-DOC-M04-P-00273,PCR-005,,,DATA,,,,,Canonicalized from 1 candidate row(s); source text preserved in 10_SOURCE_EXTRACTS.csv.
M04-CAN-0201,m04.current_1_0.product_semantic.c3cb4f2dfb937d52,1.0,CURRENT_1_0,M04,Пенсионные отчисления,PRODUCT_SEMANTIC,VALIDATION,§6.2 Reconciliation matrix,Check: PCR-008; Assertion: KNP registry mapping exact; unknown count explicit; Severity: BLOCK profile/base,Check: PCR-008; Assertion: KNP registry mapping exact; unknown count explicit; Severity: BLOCK profile/base,,,,UNKNOWN,03_CASA_Pro_Pension_Contribution_Engine_Final_Spec_KZ_2026-08-21,2026-08-21,§6.2 Reconciliation matrix,SRC-DOC-M04-P-00276,PCR-008,,,MULTI_LAYER,,,,,Canonicalized from 1 candidate row(s); source text preserved in 10_SOURCE_EXTRACTS.csv.
M04-CAN-0202,m04.current_1_0.product_semantic.83c6165953123200,1.0,CURRENT_1_0,M04,Пенсионные отчисления,PRODUCT_SEMANTIC,VALIDATION,§6.2 Reconciliation matrix,Check: PCR-010; Assertion: CASA row-sum deterministic; source printed total exact if present; Severity: BLOCK if source total present,Check: PCR-010; Assertion: CASA row-sum deterministic; source printed total exact if present; Severity: BLOCK if source total present,,,,,03_CASA_Pro_Pension_Contribution_Engine_Final_Spec_KZ_2026-08-21,2026-08-21,§6.2 Reconciliation matrix,SRC-DOC-M04-P-00278,PCR-010,,,MULTI_LAYER,,,,,Canonicalized from 1 candidate row(s); source text preserved in 10_SOURCE_EXTRACTS.csv.
M04-CAN-0203,m04.current_1_0.data_contract.54270cfa5e01d71c,1.0,CURRENT_1_0,M04,Пенсионные отчисления,DATA_CONTRACT,SNAPSHOT,§6.2 Reconciliation matrix,Check: PCR-013; Assertion: semantic duplicate candidates resolved or isolated; Severity: BLOCK snapshot duplication,Check: PCR-013; Assertion: semantic duplicate candidates resolved or isolated; Severity: BLOCK snapshot duplication,,,,,03_CASA_Pro_Pension_Contribution_Engine_Final_Spec_KZ_2026-08-21,2026-08-21,§6.2 Reconciliation matrix,SRC-DOC-M04-P-00281,PCR-013,,,DATA,,,,,Canonicalized from 1 candidate row(s); source text preserved in 10_SOURCE_EXTRACTS.csv.
M04-CAN-0204,m04.current_1_0.product_semantic.01fa2ef23f951268,1.0,CURRENT_1_0,M04,Пенсионные отчисления,PRODUCT_SEMANTIC,VALIDATION,§6.2 Reconciliation matrix,Check: PCR-014; Assertion: all UNKNOWN/zero/blank/rejected/penalty rows excluded or included per explicit policy; Severity: BLOCK metrics,Check: PCR-014; Assertion: all UNKNOWN/zero/blank/rejected/penalty rows excluded or included per explicit policy; Severity: BLOCK metrics,,,,UNKNOWN|ZERO|BLANK,03_CASA_Pro_Pension_Contribution_Engine_Final_Spec_KZ_2026-08-21,2026-08-21,§6.2 Reconciliation matrix,SRC-DOC-M04-P-00282,PCR-014,,,MULTI_LAYER,,,,,Canonicalized from 1 candidate row(s); source text preserved in 10_SOURCE_EXTRACTS.csv.
M04-CAN-0205,m04.current_1_0.security_control.124337c127170a31,1.0,CURRENT_1_0,M04,Пенсионные отчисления,SECURITY_CONTROL,AUDIT,§6.3 Duplicate rules,Exact file SHA-256: не запускать новый parse; показать existing document_version и audited link.,Exact file SHA-256: не запускать новый parse; показать existing document_version и audited link.,,,,,03_CASA_Pro_Pension_Contribution_Engine_Final_Spec_KZ_2026-08-21,2026-08-21,§6.3 Duplicate rules,SRC-DOC-M04-P-00285,,,,MULTI_LAYER,,,,,Canonicalized from 1 candidate row(s); source text preserved in 10_SOURCE_EXTRACTS.csv.
M04-CAN-0206,m04.current_1_0.product_semantic.0485e65a60a04ce9,1.0,CURRENT_1_0,M04,Пенсионные отчисления,PRODUCT_SEMANTIC,STATE,§7 Contribution history по месяцам,Два независимых измерения: coverage_status и contribution_status.,Два независимых измерения: coverage_status и contribution_status.,,,,,03_CASA_Pro_Pension_Contribution_Engine_Final_Spec_KZ_2026-08-21,2026-08-21,§7 Contribution history по месяцам,SRC-DOC-M04-P-00291,,,,MULTI_LAYER,,,,,Canonicalized from 1 candidate row(s); source text preserved in 10_SOURCE_EXTRACTS.csv.
M04-CAN-0207,m04.current_1_0.product_semantic.452eef60475d8d54,1.0,CURRENT_1_0,M04,Пенсионные отчисления,PRODUCT_SEMANTIC,STATE,§7 Contribution history по месяцам,Поле: coverage_status; Тип: COVERED / PERIOD_NOT_COVERED / UNKNOWN; Семантика: Может ли документ доказать отсутствие строки,Поле: coverage_status; Тип: COVERED / PERIOD_NOT_COVERED / UNKNOWN; Семантика: Может ли документ доказать отсутствие строки,,,,UNKNOWN,03_CASA_Pro_Pension_Contribution_Engine_Final_Spec_KZ_2026-08-21,2026-08-21,§7 Contribution history по месяцам,SRC-DOC-M04-P-00294,,,,MULTI_LAYER,,,,,Canonicalized from 1 candidate row(s); source text preserved in 10_SOURCE_EXTRACTS.csv.
M04-CAN-0208,m04.current_1_0.product_semantic.6f4879a1392a89dc,1.0,CURRENT_1_0,M04,Пенсионные отчисления,PRODUCT_SEMANTIC,STATE,§7 Contribution history по месяцам,Поле: contribution_status; Тип: NO_CONTRIBUTION / CONTRIBUTION_PRESENT / MULTIPLE_CONTRIBUTIONS / UNKNOWN / PERIOD_NOT_COVERED; Семантика: Итог месяца,Поле: contribution_status; Тип: NO_CONTRIBUTION / CONTRIBUTION_PRESENT / MULTIPLE_CONTRIBUTIONS / UNKNOWN / PERIOD_NOT_COVERED; Семантика: Итог месяца,,,,UNKNOWN,03_CASA_Pro_Pension_Contribution_Engine_Final_Spec_KZ_2026-08-21,2026-08-21,§7 Contribution history по месяцам,SRC-DOC-M04-P-00295,,,,MULTI_LAYER,,,,,Canonicalized from 1 candidate row(s); source text preserved in 10_SOURCE_EXTRACTS.csv.
M04-CAN-0209,m04.current_1_0.data_contract.e1676043b66aa4aa,1.0,CURRENT_1_0,M04,Пенсионные отчисления,DATA_CONTRACT,DATA_MODEL,§7 Contribution history по месяцам,"Поле: total_by_type; Тип: map<type,Money>; Семантика: Пени/unknown excluded","Поле: total_by_type; Тип: map<type,Money>; Семантика: Пени/unknown excluded",,,,UNKNOWN,03_CASA_Pro_Pension_Contribution_Engine_Final_Spec_KZ_2026-08-21,2026-08-21,§7 Contribution history по месяцам,SRC-DOC-M04-P-00297,,,,DATA,,,,,Canonicalized from 1 candidate row(s); source text preserved in 10_SOURCE_EXTRACTS.csv.
M04-CAN-0210,m04.current_1_0.product_semantic.54864a74b332b16c,1.0,CURRENT_1_0,M04,Пенсионные отчисления,PRODUCT_SEMANTIC,STATE,§7 Contribution history по месяцам,Поле: unknown_record_count; Тип: integer; Семантика: Rows that could alter status/amount,Поле: unknown_record_count; Тип: integer; Семантика: Rows that could alter status/amount,,,,,03_CASA_Pro_Pension_Contribution_Engine_Final_Spec_KZ_2026-08-21,2026-08-21,§7 Contribution history по месяцам,SRC-DOC-M04-P-00299,,,,MULTI_LAYER,,,,,Canonicalized from 1 candidate row(s); source text preserved in 10_SOURCE_EXTRACTS.csv.
M04-CAN-0211,m04.current_1_0.product_semantic.5806a4b359ba465f,1.0,CURRENT_1_0,M04,Пенсионные отчисления,PRODUCT_SEMANTIC,STATE,§7 Contribution history по месяцам,Поле: quality_status; Тип: PASS/PASS_WITH_REVIEW/NEEDS_REVIEW; Семантика: Derived from contributing fields,Поле: quality_status; Тип: PASS/PASS_WITH_REVIEW/NEEDS_REVIEW; Семантика: Derived from contributing fields,,,,,03_CASA_Pro_Pension_Contribution_Engine_Final_Spec_KZ_2026-08-21,2026-08-21,§7 Contribution history по месяцам,SRC-DOC-M04-P-00300,,,,DATA,,,,,Canonicalized from 1 candidate row(s); source text preserved in 10_SOURCE_EXTRACTS.csv.
M04-CAN-0212,m04.current_1_0.product_semantic.3eef8347e94109d2,1.0,CURRENT_1_0,M04,Пенсионные отчисления,PRODUCT_SEMANTIC,STATE,§7.1 Deterministic status algorithm,Условие: coverage=PERIOD_NOT_COVERED; Статус: PERIOD_NOT_COVERED; Правило: не создавать пропуск,Условие: coverage=PERIOD_NOT_COVERED; Статус: PERIOD_NOT_COVERED; Правило: не создавать пропуск,,,,,03_CASA_Pro_Pension_Contribution_Engine_Final_Spec_KZ_2026-08-21,2026-08-21,§7.1 Deterministic status algorithm,SRC-DOC-M04-P-00303,,,,MULTI_LAYER,,,,,Canonicalized from 1 candidate row(s); source text preserved in 10_SOURCE_EXTRACTS.csv.
M04-CAN-0213,m04.current_1_0.product_semantic.e4e51daec7cd73b7,1.0,CURRENT_1_0,M04,Пенсионные отчисления,PRODUCT_SEMANTIC,STATE,§7.1 Deterministic status algorithm,Условие: coverage=UNKNOWN и нет доказанных positive rows; Статус: UNKNOWN; Правило: не NO_CONTRIBUTION,Условие: coverage=UNKNOWN и нет доказанных positive rows; Статус: UNKNOWN; Правило: не NO_CONTRIBUTION,,,,UNKNOWN,03_CASA_Pro_Pension_Contribution_Engine_Final_Spec_KZ_2026-08-21,2026-08-21,§7.1 Deterministic status algorithm,SRC-DOC-M04-P-00304,,,,MULTI_LAYER,,,,,Canonicalized from 1 candidate row(s); source text preserved in 10_SOURCE_EXTRACTS.csv.
M04-CAN-0214,m04.current_1_0.product_semantic.039f56fc7b3c3b50,1.0,CURRENT_1_0,M04,Пенсионные отчисления,PRODUCT_SEMANTIC,STATE,§7.1 Deterministic status algorithm,Условие: есть unresolved critical row в месяце; Статус: UNKNOWN; Правило: review before aggregation,Условие: есть unresolved critical row в месяце; Статус: UNKNOWN; Правило: review before aggregation,,,,UNKNOWN,03_CASA_Pro_Pension_Contribution_Engine_Final_Spec_KZ_2026-08-21,2026-08-21,§7.1 Deterministic status algorithm,SRC-DOC-M04-P-00305,,,CRITICAL,MULTI_LAYER,,,,,Canonicalized from 1 candidate row(s); source text preserved in 10_SOURCE_EXTRACTS.csv.
M04-CAN-0215,m04.current_1_0.product_semantic.b183f8f13d7f8537,1.0,CURRENT_1_0,M04,Пенсионные отчисления,PRODUCT_SEMANTIC,STATE,§7.1 Deterministic status algorithm,Условие: ≥2 effective positive contribution rows; Статус: MULTIPLE_CONTRIBUTIONS; Правило: aggregate by type/sender; retain rows,Условие: ≥2 effective positive contribution rows; Статус: MULTIPLE_CONTRIBUTIONS; Правило: aggregate by type/sender; retain rows,,,,,03_CASA_Pro_Pension_Contribution_Engine_Final_Spec_KZ_2026-08-21,2026-08-21,§7.1 Deterministic status algorithm,SRC-DOC-M04-P-00306,,,,MULTI_LAYER,,,,,Canonicalized from 1 candidate row(s); source text preserved in 10_SOURCE_EXTRACTS.csv.
M04-CAN-0216,m04.current_1_0.product_semantic.4c82383af51a32e6,1.0,CURRENT_1_0,M04,Пенсионные отчисления,PRODUCT_SEMANTIC,STATE,§7.1 Deterministic status algorithm,Условие: ровно 1 effective positive contribution row; Статус: CONTRIBUTION_PRESENT; Правило: amount > 0; recognized contribution type,Условие: ровно 1 effective positive contribution row; Статус: CONTRIBUTION_PRESENT; Правило: amount > 0; recognized contribution type,,,,,03_CASA_Pro_Pension_Contribution_Engine_Final_Spec_KZ_2026-08-21,2026-08-21,§7.1 Deterministic status algorithm,SRC-DOC-M04-P-00307,,,,MULTI_LAYER,,,,,Canonicalized from 1 candidate row(s); source text preserved in 10_SOURCE_EXTRACTS.csv.
M04-CAN-0217,m04.current_1_0.product_semantic.b7c0df83aecf3be5,1.0,CURRENT_1_0,M04,Пенсионные отчисления,PRODUCT_SEMANTIC,STATE,§7.1 Deterministic status algorithm,"Условие: coverage=COVERED и 0 effective positive rows, no unknowns; Статус: NO_CONTRIBUTION; Правило: только здесь","Условие: coverage=COVERED и 0 effective positive rows, no unknowns; Статус: NO_CONTRIBUTION; Правило: только здесь",,,,,03_CASA_Pro_Pension_Contribution_Engine_Final_Spec_KZ_2026-08-21,2026-08-21,§7.1 Deterministic status algorithm,SRC-DOC-M04-P-00308,,,,MULTI_LAYER,,,,,Canonicalized from 1 candidate row(s); source text preserved in 10_SOURCE_EXTRACTS.csv.
M04-CAN-0218,m04.current_1_0.product_semantic.eed86971a3da11ee,1.0,CURRENT_1_0,M04,Пенсионные отчисления,PRODUCT_SEMANTIC,STATE,§7.1 Deterministic status algorithm,"Fixture UI
Показывать «6 поступлений / 6 наблюдаемых месяцев (01–06.2026)». Формулировку «6 из 6 месяцев покрытия» разрешить только после RG-01, когда официально подтверждена семантика report_query_period/coverage.: Fixture UI
Показывать «6 поступлений / 6 наблюдаемых месяцев (01–06.2026)». Формулировку «6 из 6 месяцев покрытия» разрешить только после RG-01, когда официально подтверждена семантика report_query_period/coverage.","Fixture UI
Показывать «6 поступлений / 6 наблюдаемых месяцев (01–06.2026)». Формулировку «6 из 6 месяцев покрытия» разрешить только после RG-01, когда официально подтверждена семантика report_query_period/coverage.: Fixture UI
Показывать «6 поступлений / 6 наблюдаемых месяцев (01–06.2026)». Формулировку «6 из 6 месяцев покрытия» разрешить только после RG-01, когда официально подтверждена семантика report_query_period/coverage.",,,,,03_CASA_Pro_Pension_Contribution_Engine_Final_Spec_KZ_2026-08-21,2026-08-21,§7.1 Deterministic status algorithm,SRC-DOC-M04-P-00309,,,,FRONTEND|QA,,RG-01,RG-01,,Canonicalized from 1 candidate row(s); source text preserved in 10_SOURCE_EXTRACTS.csv.
M04-CAN-0219,m04.current_1_0.data_contract.182bc8ac36bb7baf,1.0,CURRENT_1_0,M04,Пенсионные отчисления,DATA_CONTRACT,DATA_MODEL,"§7.2 Coverage, gaps и receipt lag",Поле: report_query_period_start/end; Уровень: SOURCE_FACT; Правило: 08.02.2026–08.08.2026 in fixture,Поле: report_query_period_start/end; Уровень: SOURCE_FACT; Правило: 08.02.2026–08.08.2026 in fixture,,,,,03_CASA_Pro_Pension_Contribution_Engine_Final_Spec_KZ_2026-08-21,2026-08-21,"§7.2 Coverage, gaps и receipt lag",SRC-DOC-M04-P-00313,,,,QA,,,,,Canonicalized from 1 candidate row(s); source text preserved in 10_SOURCE_EXTRACTS.csv.
M04-CAN-0220,m04.current_1_0.data_contract.3e5e162bc2ea7bc2,1.0,CURRENT_1_0,M04,Пенсионные отчисления,DATA_CONTRACT,DATA_MODEL,"§7.2 Coverage, gaps и receipt lag",Поле: observed_contribution_period_min/max; Уровень: CASA_DERIVED; Правило: min/max reviewed positive period,Поле: observed_contribution_period_min/max; Уровень: CASA_DERIVED; Правило: min/max reviewed positive period,,,,,03_CASA_Pro_Pension_Contribution_Engine_Final_Spec_KZ_2026-08-21,2026-08-21,"§7.2 Coverage, gaps и receipt lag",SRC-DOC-M04-P-00315,,,,DATA,,,,,Canonicalized from 1 candidate row(s); source text preserved in 10_SOURCE_EXTRACTS.csv.
M04-CAN-0221,m04.current_1_0.data_contract.e0b9bf05fee64dc8,1.0,CURRENT_1_0,M04,Пенсионные отчисления,DATA_CONTRACT,DATA_MODEL,"§7.2 Coverage, gaps и receipt lag",Поле: query_period_basis; Уровень: SOURCE_FACT interpretation; Правило: RECEIVED_DATE / CONTRIBUTION_PERIOD / UNKNOWN; fixture = UNKNOWN,Поле: query_period_basis; Уровень: SOURCE_FACT interpretation; Правило: RECEIVED_DATE / CONTRIBUTION_PERIOD / UNKNOWN; fixture = UNKNOWN,,,,UNKNOWN,03_CASA_Pro_Pension_Contribution_Engine_Final_Spec_KZ_2026-08-21|M04_CASA_Pro_Pension_Implementation_and_Acceptance_v1.0,2026-08-21|1.0,"§7.2 Coverage, gaps и receipt lag|§8 Периоды и месяцы",SRC-DOC-M04-P-00314|SRC-DOC-M04-I-00112,,,,QA,,,,,Canonicalized from 2 candidate row(s); source text preserved in 10_SOURCE_EXTRACTS.csv.
M04-CAN-0222,m04.current_1_0.data_contract.6f9429d99f4ef370,1.0,CURRENT_1_0,M04,Пенсионные отчисления,DATA_CONTRACT,DATA_MODEL,"§7.2 Coverage, gaps и receipt lag",Поле: observed_month_count; Уровень: CASA_DERIVED; Правило: unique months with effective positive records,Поле: observed_month_count; Уровень: CASA_DERIVED; Правило: unique months with effective positive records,,,,,03_CASA_Pro_Pension_Contribution_Engine_Final_Spec_KZ_2026-08-21|M04_CASA_Pro_Pension_Implementation_and_Acceptance_v1.0,2026-08-21|1.0,"§7.2 Coverage, gaps и receipt lag|§8 Периоды и месяцы",SRC-DOC-M04-P-00316|SRC-DOC-M04-I-00114,,,,DATA|QA,,,,,Canonicalized from 2 candidate row(s); source text preserved in 10_SOURCE_EXTRACTS.csv.
M04-CAN-0223,m04.current_1_0.data_contract.3f85f07477059ee0,1.0,CURRENT_1_0,M04,Пенсионные отчисления,DATA_CONTRACT,DATA_MODEL,"§7.2 Coverage, gaps и receipt lag",Поле: observed_span_month_count; Уровень: CASA_DERIVED; Правило: inclusive count min…max; not coverage,Поле: observed_span_month_count; Уровень: CASA_DERIVED; Правило: inclusive count min…max; not coverage,,,,,03_CASA_Pro_Pension_Contribution_Engine_Final_Spec_KZ_2026-08-21|M04_CASA_Pro_Pension_Implementation_and_Acceptance_v1.0,2026-08-21|1.0,"§7.2 Coverage, gaps и receipt lag|§8 Периоды и месяцы",SRC-DOC-M04-P-00317|SRC-DOC-M04-I-00115,,,,DATA|QA,,,,,Canonicalized from 2 candidate row(s); source text preserved in 10_SOURCE_EXTRACTS.csv.
M04-CAN-0224,m04.current_1_0.data_contract.59a4e31eac4a2ee3,1.0,CURRENT_1_0,M04,Пенсионные отчисления,DATA_CONTRACT,DATA_MODEL,"§7.2 Coverage, gaps и receipt lag",Поле: covered_month_count; Уровень: CASA_DERIVED; Правило: UNKNOWN unless template/policy proves coverage,Поле: covered_month_count; Уровень: CASA_DERIVED; Правило: UNKNOWN unless template/policy proves coverage,,,,UNKNOWN,03_CASA_Pro_Pension_Contribution_Engine_Final_Spec_KZ_2026-08-21|M04_CASA_Pro_Pension_Implementation_and_Acceptance_v1.0,2026-08-21|1.0,"§7.2 Coverage, gaps и receipt lag|§8 Периоды и месяцы",SRC-DOC-M04-P-00318|SRC-DOC-M04-I-00116,,,,DATA|QA,,,,,Canonicalized from 2 candidate row(s); source text preserved in 10_SOURCE_EXTRACTS.csv.
M04-CAN-0225,m04.current_1_0.data_contract.f1643411400def53,1.0,CURRENT_1_0,M04,Пенсионные отчисления,DATA_CONTRACT,DATA_MODEL,"§7.2 Coverage, gaps и receipt lag",Поле: gap_months; Уровень: CASA_DERIVED; Правило: only months with NO_CONTRIBUTION,Поле: gap_months; Уровень: CASA_DERIVED; Правило: only months with NO_CONTRIBUTION,,,,,03_CASA_Pro_Pension_Contribution_Engine_Final_Spec_KZ_2026-08-21|M04_CASA_Pro_Pension_Implementation_and_Acceptance_v1.0,2026-08-21|1.0,"§7.2 Coverage, gaps и receipt lag|§8 Периоды и месяцы",SRC-DOC-M04-P-00319|SRC-DOC-M04-I-00117,,,,DATA|QA,,,,,Canonicalized from 2 candidate row(s); source text preserved in 10_SOURCE_EXTRACTS.csv.
M04-CAN-0226,m04.current_1_0.data_contract.50860d6a3edd8da5,1.0,CURRENT_1_0,M04,Пенсионные отчисления,DATA_CONTRACT,DATA_MODEL,"§7.2 Coverage, gaps и receipt lag",Поле: unknown_months; Уровень: CASA_DERIVED; Правило: coverage/critical ambiguity,Поле: unknown_months; Уровень: CASA_DERIVED; Правило: coverage/critical ambiguity,,,,,03_CASA_Pro_Pension_Contribution_Engine_Final_Spec_KZ_2026-08-21|M04_CASA_Pro_Pension_Implementation_and_Acceptance_v1.0,2026-08-21|1.0,"§7.2 Coverage, gaps и receipt lag|§8 Периоды и месяцы",SRC-DOC-M04-P-00320|SRC-DOC-M04-I-00118,,,CRITICAL,DATA|QA,,,,,Canonicalized from 2 candidate row(s); source text preserved in 10_SOURCE_EXTRACTS.csv.
M04-CAN-0227,m04.current_1_0.product_semantic.4dc7033e82e27f6c,1.0,CURRENT_1_0,M04,Пенсионные отчисления,PRODUCT_SEMANTIC,FORMULA,§7.3 Delay metrics,Metric: candidate_due_date; Formula: Versioned rule using payer category/payment timing; Output: UNKNOWN until context confirmed,Metric: candidate_due_date; Formula: Versioned rule using payer category/payment timing; Output: UNKNOWN until context confirmed,,,,UNKNOWN|CONFIRMED,03_CASA_Pro_Pension_Contribution_Engine_Final_Spec_KZ_2026-08-21,2026-08-21,§7.3 Delay metrics,SRC-DOC-M04-P-00324,,,,MULTI_LAYER,,,,,Canonicalized from 1 candidate row(s); source text preserved in 10_SOURCE_EXTRACTS.csv.
M04-CAN-0228,m04.current_1_0.product_semantic.a40848d40fe30e83,1.0,CURRENT_1_0,M04,Пенсионные отчисления,PRODUCT_SEMANTIC,STATE,§7.3 Delay metrics,Metric: legal_lateness_status; Formula: NOT_EVALUATED / UNKNOWN / CONFIRMED_BY_RULE_CONTEXT; Output: Default NOT_EVALUATED,Metric: legal_lateness_status; Formula: NOT_EVALUATED / UNKNOWN / CONFIRMED_BY_RULE_CONTEXT; Output: Default NOT_EVALUATED,,,,UNKNOWN,03_CASA_Pro_Pension_Contribution_Engine_Final_Spec_KZ_2026-08-21,2026-08-21,§7.3 Delay metrics,SRC-DOC-M04-P-00326,,,,LEGAL,,,,,Canonicalized from 1 candidate row(s); source text preserved in 10_SOURCE_EXTRACTS.csv.
M04-CAN-0229,m04.current_1_0.boundary.7d0d0b7a9a2748e0,1.0,CURRENT_1_0,M04,Пенсионные отчисления,BOUNDARY,FORBIDDEN,§7.3 Delay metrics,"Запрещённый shortcut
Общее правило «до 25-го числа» зависит от месяца выплаты/отчётного периода и категории плательщика [S06][S07][S08][S14][S15]. Поэтому received_date после 25-го сама по себе не даёт CASA право писать «просрочено».: Запрещённый shortcut
Общее правило «до 25-го числа» зависит от месяца выплаты/отчётного периода и категории плательщика [S06][S07][S08][S14][S15]. Поэтому received_date после 25-го сама по себе не даёт CASA право писать «просрочено».",,"Запрещённый shortcut
Общее правило «до 25-го числа» зависит от месяца выплаты/отчётного периода и категории плательщика [S06][S07][S08][S14][S15]. Поэтому received_date после 25-го сама по себе не даёт CASA право писать «просрочено».: Запрещённый shortcut
Общее правило «до 25-го числа» зависит от месяца выплаты/отчётного периода и категории плательщика [S06][S07][S08][S14][S15]. Поэтому received_date после 25-го сама по себе не даёт CASA право писать «просрочено».",,,,03_CASA_Pro_Pension_Contribution_Engine_Final_Spec_KZ_2026-08-21,2026-08-21,§7.3 Delay metrics,SRC-DOC-M04-P-00327,,,,MULTI_LAYER,,,,,Canonicalized from 1 candidate row(s); source text preserved in 10_SOURCE_EXTRACTS.csv.
M04-CAN-0230,m04.current_1_0.data_contract.5631c855d0d25159,1.0,CURRENT_1_0,M04,Пенсионные отчисления,DATA_CONTRACT,DATA_MODEL,§8 Sender history,Поле: sender_id; Семантика: CASA canonical ID,Поле: sender_id; Семантика: CASA canonical ID,,,,,03_CASA_Pro_Pension_Contribution_Engine_Final_Spec_KZ_2026-08-21,2026-08-21,§8 Sender history,SRC-DOC-M04-P-00331,,,,DATA,,,,,Canonicalized from 1 candidate row(s); source text preserved in 10_SOURCE_EXTRACTS.csv.
M04-CAN-0231,m04.current_1_0.data_contract.63b689422679273c,1.0,CURRENT_1_0,M04,Пенсионные отчисления,DATA_CONTRACT,DATA_MODEL,§8 Sender history,Поле: sender_type_if_known; Семантика: IP/LEGAL_ENTITY/PHYSICAL_PERSON/PLATFORM_OPERATOR/UNKNOWN,Поле: sender_type_if_known; Семантика: IP/LEGAL_ENTITY/PHYSICAL_PERSON/PLATFORM_OPERATOR/UNKNOWN,,,,UNKNOWN,03_CASA_Pro_Pension_Contribution_Engine_Final_Spec_KZ_2026-08-21,2026-08-21,§8 Sender history,SRC-DOC-M04-P-00334,,,,LEGAL,,,,,Canonicalized from 1 candidate row(s); source text preserved in 10_SOURCE_EXTRACTS.csv.
M04-CAN-0232,m04.current_1_0.product_semantic.443dc73f465bf3b2,1.0,CURRENT_1_0,M04,Пенсионные отчисления,PRODUCT_SEMANTIC,BUSINESS_RULE,§8.1 Resolution rules,Missing/unreadable identifier → provisional sender; name-only merge is forbidden; MANUAL_REVIEW.,Missing/unreadable identifier → provisional sender; name-only merge is forbidden; MANUAL_REVIEW.,,,,,03_CASA_Pro_Pension_Contribution_Engine_Final_Spec_KZ_2026-08-21,2026-08-21,§8.1 Resolution rules,SRC-DOC-M04-P-00346,,,,MULTI_LAYER,,,,,Canonicalized from 1 candidate row(s); source text preserved in 10_SOURCE_EXTRACTS.csv.
M04-CAN-0233,m04.current_1_0.product_semantic.0ed2523ec35194b5,1.0,CURRENT_1_0,M04,Пенсионные отчисления,PRODUCT_SEMANTIC,STATE,§8.1 Resolution rules,current_sender = one sender in latest effective positive contribution_period. Two senders → status MULTIPLE; none/unknown → null.,current_sender = one sender in latest effective positive contribution_period. Two senders → status MULTIPLE; none/unknown → null.,,,,UNKNOWN,03_CASA_Pro_Pension_Contribution_Engine_Final_Spec_KZ_2026-08-21,2026-08-21,§8.1 Resolution rules,SRC-DOC-M04-P-00348,,,,QA,,,,,Canonicalized from 1 candidate row(s); source text preserved in 10_SOURCE_EXTRACTS.csv.
M04-CAN-0234,m04.current_1_0.data_contract.adc02787d8e717eb,1.0,CURRENT_1_0,M04,Пенсионные отчисления,DATA_CONTRACT,SNAPSHOT,§8.1 Resolution rules,"Copy rule
UI and snapshot say «отправитель пенсионных взносов». «Работодатель» may appear only as a separately sourced, reviewed relationship fact; never inferred from OPV row alone.: Copy rule
UI and snapshot say «отправитель пенсионных взносов». «Работодатель» may appear only as a separately sourced, reviewed relationship fact; never inferred from OPV row alone.","Copy rule
UI and snapshot say «отправитель пенсионных взносов». «Работодатель» may appear only as a separately sourced, reviewed relationship fact; never inferred from OPV row alone.: Copy rule
UI and snapshot say «отправитель пенсионных взносов». «Работодатель» may appear only as a separately sourced, reviewed relationship fact; never inferred from OPV row alone.",,,,,03_CASA_Pro_Pension_Contribution_Engine_Final_Spec_KZ_2026-08-21,2026-08-21,§8.1 Resolution rules,SRC-DOC-M04-P-00350,,,,DATA,,,,,Canonicalized from 1 candidate row(s); source text preserved in 10_SOURCE_EXTRACTS.csv.
M04-CAN-0235,m04.current_1_0.product_semantic.6bc84268a71cc903,1.0,CURRENT_1_0,M04,Пенсионные отчисления,PRODUCT_SEMANTIC,FORMULA,§9 Нейтральный contribution profile,PROFILE_FORMULA_VERSION = casa.pension.profile/1.0.0,PROFILE_FORMULA_VERSION = casa.pension.profile/1.0.0,,,,,03_CASA_Pro_Pension_Contribution_Engine_Final_Spec_KZ_2026-08-21,2026-08-21,§9 Нейтральный contribution profile,SRC-DOC-M04-P-00352,,,,MULTI_LAYER,,,,,Canonicalized from 1 candidate row(s); source text preserved in 10_SOURCE_EXTRACTS.csv.
M04-CAN-0236,m04.current_1_0.product_semantic.45a53aca6538cef2,1.0,CURRENT_1_0,M04,Пенсионные отчисления,PRODUCT_SEMANTIC,BUSINESS_RULE,§9 Нейтральный contribution profile,Metric: period_start / period_end; Definition: min/max reviewed positive contribution_period; Guard: UNKNOWN if none,Metric: period_start / period_end; Definition: min/max reviewed positive contribution_period; Guard: UNKNOWN if none,,,,UNKNOWN,03_CASA_Pro_Pension_Contribution_Engine_Final_Spec_KZ_2026-08-21,2026-08-21,§9 Нейтральный contribution profile,SRC-DOC-M04-P-00354,,,,MULTI_LAYER,,,,,Canonicalized from 1 candidate row(s); source text preserved in 10_SOURCE_EXTRACTS.csv.
M04-CAN-0237,m04.current_1_0.product_semantic.f2074e3788adb920,1.0,CURRENT_1_0,M04,Пенсионные отчисления,PRODUCT_SEMANTIC,BUSINESS_RULE,§9 Нейтральный contribution profile,Metric: covered_month_count; Definition: count coverage=COVERED; Guard: UNKNOWN if coverage basis unresolved,Metric: covered_month_count; Definition: count coverage=COVERED; Guard: UNKNOWN if coverage basis unresolved,,,,UNKNOWN,03_CASA_Pro_Pension_Contribution_Engine_Final_Spec_KZ_2026-08-21,2026-08-21,§9 Нейтральный contribution profile,SRC-DOC-M04-P-00355,,,,MULTI_LAYER,,,,,Canonicalized from 1 candidate row(s); source text preserved in 10_SOURCE_EXTRACTS.csv.
M04-CAN-0238,m04.current_1_0.product_semantic.0f45754184f0e8ee,1.0,CURRENT_1_0,M04,Пенсионные отчисления,PRODUCT_SEMANTIC,BUSINESS_RULE,§9 Нейтральный contribution profile,Metric: unknown_months; Definition: count UNKNOWN; Guard: list IDs too,Metric: unknown_months; Definition: count UNKNOWN; Guard: list IDs too,,,,UNKNOWN,03_CASA_Pro_Pension_Contribution_Engine_Final_Spec_KZ_2026-08-21,2026-08-21,§9 Нейтральный contribution profile,SRC-DOC-M04-P-00358,,,,MULTI_LAYER,,,,,Canonicalized from 1 candidate row(s); source text preserved in 10_SOURCE_EXTRACTS.csv.
M04-CAN-0239,m04.current_1_0.product_semantic.d10f03cfd59eb478,1.0,CURRENT_1_0,M04,Пенсионные отчисления,PRODUCT_SEMANTIC,BUSINESS_RULE,§9 Нейтральный contribution profile,Metric: continuous_months; Definition: current positive streak ending latest contribution period; Guard: break on NO_CONTRIBUTION/UNKNOWN,Metric: continuous_months; Definition: current positive streak ending latest contribution period; Guard: break on NO_CONTRIBUTION/UNKNOWN,,,,UNKNOWN,03_CASA_Pro_Pension_Contribution_Engine_Final_Spec_KZ_2026-08-21,2026-08-21,§9 Нейтральный contribution profile,SRC-DOC-M04-P-00359,,,,QA,,,,,Canonicalized from 1 candidate row(s); source text preserved in 10_SOURCE_EXTRACTS.csv.
M04-CAN-0240,m04.current_1_0.product_semantic.216f9dda6c439bfd,1.0,CURRENT_1_0,M04,Пенсионные отчисления,PRODUCT_SEMANTIC,BUSINESS_RULE,§9 Нейтральный contribution profile,Metric: unique_sender_count; Definition: distinct canonical senders; Guard: unknown provisional kept distinct,Metric: unique_sender_count; Definition: distinct canonical senders; Guard: unknown provisional kept distinct,,,,UNKNOWN,03_CASA_Pro_Pension_Contribution_Engine_Final_Spec_KZ_2026-08-21,2026-08-21,§9 Нейтральный contribution profile,SRC-DOC-M04-P-00363,,,,MULTI_LAYER,,,,,Canonicalized from 1 candidate row(s); source text preserved in 10_SOURCE_EXTRACTS.csv.
M04-CAN-0241,m04.current_1_0.product_semantic.3d83f97afcd4c7ed,1.0,CURRENT_1_0,M04,Пенсионные отчисления,PRODUCT_SEMANTIC,STATE,§9 Нейтральный contribution profile,Metric: current_sender; Definition: sender(s) in latest positive period; Guard: single/multiple/unknown status,Metric: current_sender; Definition: sender(s) in latest positive period; Guard: single/multiple/unknown status,,,,UNKNOWN,03_CASA_Pro_Pension_Contribution_Engine_Final_Spec_KZ_2026-08-21,2026-08-21,§9 Нейтральный contribution profile,SRC-DOC-M04-P-00364,,,,QA,,,,,Canonicalized from 1 candidate row(s); source text preserved in 10_SOURCE_EXTRACTS.csv.
M04-CAN-0242,m04.current_1_0.product_semantic.89ae4ab2de6425b0,1.0,CURRENT_1_0,M04,Пенсионные отчисления,PRODUCT_SEMANTIC,BUSINESS_RULE,§9 Нейтральный contribution profile,Metric: min/max; Definition: min/max positive monthly total; Guard: UNKNOWN if no values,Metric: min/max; Definition: min/max positive monthly total; Guard: UNKNOWN if no values,,,,UNKNOWN,03_CASA_Pro_Pension_Contribution_Engine_Final_Spec_KZ_2026-08-21,2026-08-21,§9 Нейтральный contribution profile,SRC-DOC-M04-P-00366,,,,MULTI_LAYER,,,,,Canonicalized from 1 candidate row(s); source text preserved in 10_SOURCE_EXTRACTS.csv.
M04-CAN-0243,m04.current_1_0.product_semantic.cbd59be47563166f,1.0,CURRENT_1_0,M04,Пенсионные отчисления,PRODUCT_SEMANTIC,BUSINESS_RULE,§9.1 Neutral pattern signals,GAP_WITHIN_CONFIRMED_COVERAGE · MULTIPLE_CONTRIBUTIONS · MULTIPLE_SENDERS · SENDER_CHANGE · SENDER_RETURN · ONE_OFF_SENDER · AMOUNT_CHANGE · RECEIPT_LAG · UNKNOWN_KNP · ZERO_OR_BLANK_AMOUNT · COVERAGE_UNKNOWN,GAP_WITHIN_CONFIRMED_COVERAGE · MULTIPLE_CONTRIBUTIONS · MULTIPLE_SENDERS · SENDER_CHANGE · SENDER_RETURN · ONE_OFF_SENDER · AMOUNT_CHANGE · RECEIPT_LAG · UNKNOWN_KNP · ZERO_OR_BLANK_AMOUNT · COVERAGE_UNKNOWN,,,,,03_CASA_Pro_Pension_Contribution_Engine_Final_Spec_KZ_2026-08-21,2026-08-21,§9.1 Neutral pattern signals,SRC-DOC-M04-P-00370,,,,MULTI_LAYER,,,,,Canonicalized from 1 candidate row(s); source text preserved in 10_SOURCE_EXTRACTS.csv.
M04-CAN-0244,m04.current_1_0.boundary.1f23deaf456f6d8b,1.0,CURRENT_1_0,M04,Пенсионные отчисления,BOUNDARY,FORBIDDEN,§9.1 Neutral pattern signals,"Запрещённые labels
Не формировать «стабильный/нестабильный доход», «хороший/плохой стаж», «доход подтверждён», «банк примет/откажет». Profile отдаёт только числа, даты, signals, quality и UNKNOWN reasons.: Запрещённые labels
Не формировать «стабильный/нестабильный доход», «хороший/плохой стаж», «доход подтверждён», «банк примет/откажет». Profile отдаёт только числа, даты, signals, quality и UNKNOWN reasons.",,"Запрещённые labels
Не формировать «стабильный/нестабильный доход», «хороший/плохой стаж», «доход подтверждён», «банк примет/откажет». Profile отдаёт только числа, даты, signals, quality и UNKNOWN reasons.: Запрещённые labels
Не формировать «стабильный/нестабильный доход», «хороший/плохой стаж», «доход подтверждён», «банк примет/откажет». Profile отдаёт только числа, даты, signals, quality и UNKNOWN reasons.",,,UNKNOWN,03_CASA_Pro_Pension_Contribution_Engine_Final_Spec_KZ_2026-08-21,2026-08-21,§9.1 Neutral pattern signals,SRC-DOC-M04-P-00371,,,,MULTI_LAYER,,,,,Canonicalized from 1 candidate row(s); source text preserved in 10_SOURCE_EXTRACTS.csv.
M04-CAN-0245,m04.current_1_0.boundary.579efa8b55962ec4,1.0,CURRENT_1_0,M04,Пенсионные отчисления,BOUNDARY,FORBIDDEN,"Решения, которые нельзя менять реализацией","SOURCE_FACT хранится неизменно; correction создаёт отдельную reviewed revision, а не переписывает raw.",,"SOURCE_FACT хранится неизменно; correction создаёт отдельную reviewed revision, а не переписывает raw.",,,,03_CASA_Pro_Pension_Contribution_Engine_Final_Spec_KZ_2026-08-21,2026-08-21,"Решения, которые нельзя менять реализацией",SRC-DOC-M04-P-00027,,,,MULTI_LAYER,,,,,Canonicalized from 1 candidate row(s); source text preserved in 10_SOURCE_EXTRACTS.csv.
M04-CAN-0246,m04.current_1_0.boundary.ba4cb74626eeaa2b,1.0,CURRENT_1_0,M04,Пенсионные отчисления,BOUNDARY,FORBIDDEN,"Решения, которые нельзя менять реализацией",КНП UNKNOWN не классифицируется как ОПВ; пеня не входит в contribution amount/profile/base.,,КНП UNKNOWN не классифицируется как ОПВ; пеня не входит в contribution amount/profile/base.,,,UNKNOWN,03_CASA_Pro_Pension_Contribution_Engine_Final_Spec_KZ_2026-08-21,2026-08-21,"Решения, которые нельзя менять реализацией",SRC-DOC-M04-P-00028,,,,MULTI_LAYER,,,,,Canonicalized from 1 candidate row(s); source text preserved in 10_SOURCE_EXTRACTS.csv.
M04-CAN-0247,m04.current_1_0.boundary.edca169e3782fd3a,1.0,CURRENT_1_0,M04,Пенсионные отчисления,BOUNDARY,FORBIDDEN,"Решения, которые нельзя менять реализацией",Snapshot не публикуется при unresolved subject/page/critical-field/reconciliation gate.,,Snapshot не публикуется при unresolved subject/page/critical-field/reconciliation gate.,,,,03_CASA_Pro_Pension_Contribution_Engine_Final_Spec_KZ_2026-08-21,2026-08-21,"Решения, которые нельзя менять реализацией",SRC-DOC-M04-P-00032,,,CRITICAL,DATA,,,,,Canonicalized from 1 candidate row(s); source text preserved in 10_SOURCE_EXTRACTS.csv.
M04-CAN-0248,m04.current_1_0.boundary.a1d98aa073106f18,1.0,CURRENT_1_0,M04,Пенсионные отчисления,BOUNDARY,FORBIDDEN,"Решения, которые нельзя менять реализацией","Наследование без повторения
Tenant/case ACL, purpose-bound consent, encrypted storage, malware quarantine, PII-free logs, audit, retention, text-layer-first OCR, selective crops, manual corrections и immutable snapshots наследуются из утверждённых блоков №1–2. Здесь определена только delta для пенсионных выписок.: Наследование без повторения
Tenant/case ACL, purpose-bound consent, encrypted storage, malware quarantine, PII-free logs, audit, retention, text-layer-first OCR, selective crops, manual corrections и immutable snapshots наследуются из утверждённых блоков №1–2. Здесь определена только delta для пенсионных выписок.",,"Наследование без повторения
Tenant/case ACL, purpose-bound consent, encrypted storage, malware quarantine, PII-free logs, audit, retention, text-layer-first OCR, selective crops, manual corrections и immutable snapshots наследуются из утверждённых блоков №1–2. Здесь определена только delta для пенсионных выписок.: Наследование без повторения
Tenant/case ACL, purpose-bound consent, encrypted storage, malware quarantine, PII-free logs, audit, retention, text-layer-first OCR, selective crops, manual corrections и immutable snapshots наследуются из утверждённых блоков №1–2. Здесь определена только delta для пенсионных выписок.",,,,03_CASA_Pro_Pension_Contribution_Engine_Final_Spec_KZ_2026-08-21,2026-08-21,"Решения, которые нельзя менять реализацией",SRC-DOC-M04-P-00033,,,,DATA|PARSER|SECURITY|LEGAL,,,,,Canonicalized from 1 candidate row(s); source text preserved in 10_SOURCE_EXTRACTS.csv.
M04-CAN-0249,m04.current_1_0.product_semantic.6899c0668428f551,1.0,CURRENT_1_0,M04,Пенсионные отчисления,PRODUCT_SEMANTIC,VALIDATION,A. Шапка документа,"Элемент: Подлинность; Точный смысл / пример текста: «Штрих-код найден, но подлинность не проверена».; Действие: Ручная проверка / waiver по policy","Элемент: Подлинность; Точный смысл / пример текста: «Штрих-код найден, но подлинность не проверена».; Действие: Ручная проверка / waiver по policy",,,,,M04_CASA_Pro_Pension_Implementation_and_Acceptance_v1.0,1.0,A. Шапка документа,SRC-DOC-M04-I-00080,,,,MULTI_LAYER,,,,,Canonicalized from 1 candidate row(s); source text preserved in 10_SOURCE_EXTRACTS.csv.
M04-CAN-0250,m04.current_1_0.product_semantic.135231111b3f4722,1.0,CURRENT_1_0,M04,Пенсионные отчисления,PRODUCT_SEMANTIC,VALIDATION,A. Шапка документа,Элемент: Сверка / review; Точный смысл / пример текста: «Итоги сходятся» / «Есть расхождения»; «Факты проверены».; Действие: Открыть детали,Элемент: Сверка / review; Точный смысл / пример текста: «Итоги сходятся» / «Есть расхождения»; «Факты проверены».; Действие: Открыть детали,,,,,M04_CASA_Pro_Pension_Implementation_and_Acceptance_v1.0,1.0,A. Шапка документа,SRC-DOC-M04-I-00082,,,,MULTI_LAYER,,,,,Canonicalized from 1 candidate row(s); source text preserved in 10_SOURCE_EXTRACTS.csv.
M04-CAN-0251,m04.current_1_0.product_semantic.6fefbee09c148ae5,1.0,CURRENT_1_0,M04,Пенсионные отчисления,PRODUCT_SEMANTIC,STATE,B–F. Основные блоки,"Блок: Краткий итог; Что показывает: Строки, наблюдаемые месяцы, CASA-calculated sum, число отправителей, coverage status.; Не показывать: Salary, bank income, КДН, лимит платежей.","Блок: Краткий итог; Что показывает: Строки, наблюдаемые месяцы, CASA-calculated sum, число отправителей, coverage status.; Не показывать: Salary, bank income, КДН, лимит платежей.",,,,,M04_CASA_Pro_Pension_Implementation_and_Acceptance_v1.0,1.0,B–F. Основные блоки,SRC-DOC-M04-I-00085,,,,MULTI_LAYER,,,,,Canonicalized from 1 candidate row(s); source text preserved in 10_SOURCE_EXTRACTS.csv.
M04-CAN-0252,m04.current_1_0.product_semantic.7a3fe7c25c569dc0,1.0,CURRENT_1_0,M04,Пенсионные отчисления,PRODUCT_SEMANTIC,STATE,B–F. Основные блоки,"Блок: Таблица поступлений; Что показывает: Месяц, дата, сумма, тип/КНП, отправитель, source status и действие «Проверить».; Не показывать: Одна сводная строка вместо source rows.","Блок: Таблица поступлений; Что показывает: Месяц, дата, сумма, тип/КНП, отправитель, source status и действие «Проверить».; Не показывать: Одна сводная строка вместо source rows.",,,,,M04_CASA_Pro_Pension_Implementation_and_Acceptance_v1.0,1.0,B–F. Основные блоки,SRC-DOC-M04-I-00086,,,,MULTI_LAYER,,,,,Canonicalized from 1 candidate row(s); source text preserved in 10_SOURCE_EXTRACTS.csv.
M04-CAN-0253,m04.current_1_0.product_semantic.6cbcb07d777b906d,1.0,CURRENT_1_0,M04,Пенсионные отчисления,PRODUCT_SEMANTIC,CALCULATION,B–F. Основные блоки,Блок: Расчётная база; Что показывает: UNKNOWN с причиной либо объяснимая mathematical estimate при закрытых E-01…E-07.; Не показывать: «Средний доход» или guessed salary.,Блок: Расчётная база; Что показывает: UNKNOWN с причиной либо объяснимая mathematical estimate при закрытых E-01…E-07.; Не показывать: «Средний доход» или guessed salary.,,,,UNKNOWN,M04_CASA_Pro_Pension_Implementation_and_Acceptance_v1.0,1.0,B–F. Основные блоки,SRC-DOC-M04-I-00088,,,,MULTI_LAYER,,,,,Canonicalized from 1 candidate row(s); source text preserved in 10_SOURCE_EXTRACTS.csv.
M04-CAN-0254,m04.current_1_0.data_contract.b9a793a0c92554b4,1.0,CURRENT_1_0,M04,Пенсионные отчисления,DATA_CONTRACT,PROVENANCE,B–F. Основные блоки,Блок: Нужно проверить; Что показывает: Только unresolved critical tasks с jump-to-evidence.; Не показывать: Длинный текст enum/gates без действия.,Блок: Нужно проверить; Что показывает: Только unresolved critical tasks с jump-to-evidence.; Не показывать: Длинный текст enum/gates без действия.,,,,,M04_CASA_Pro_Pension_Implementation_and_Acceptance_v1.0,1.0,B–F. Основные блоки,SRC-DOC-M04-I-00089,,,CRITICAL,DATA,,,,,Canonicalized from 1 candidate row(s); source text preserved in 10_SOURCE_EXTRACTS.csv.
M04-CAN-0255,m04.current_1_0.product_semantic.2aedea436c5deb79,1.0,CURRENT_1_0,M04,Пенсионные отчисления,PRODUCT_SEMANTIC,BUSINESS_RULE,B–F. Основные блоки,Блок: Действия; Что показывает: «Сохранить черновик»; «Подтвердить факты и создать снимок».; Не показывать: Publish при blocking task.,Блок: Действия; Что показывает: «Сохранить черновик»; «Подтвердить факты и создать снимок».; Не показывать: Publish при blocking task.,,,,,M04_CASA_Pro_Pension_Implementation_and_Acceptance_v1.0,1.0,B–F. Основные блоки,SRC-DOC-M04-I-00090,,,,MULTI_LAYER,,,,,Canonicalized from 1 candidate row(s); source text preserved in 10_SOURCE_EXTRACTS.csv.
M04-CAN-0256,m04.current_1_0.data_contract.0c811e38fe5cc842,1.0,CURRENT_1_0,M04,Пенсионные отчисления,DATA_CONTRACT,DATA_MODEL,Evidence object,Поле: Document / page; Требование: document_version_id + page 1…N + page rotation.,Поле: Document / page; Требование: document_version_id + page 1…N + page rotation.,,,,,M04_CASA_Pro_Pension_Implementation_and_Acceptance_v1.0,1.0,Evidence object,SRC-DOC-M04-I-00213,,,,DATA,,,,,Canonicalized from 1 candidate row(s); source text preserved in 10_SOURCE_EXTRACTS.csv.
M04-CAN-0257,m04.current_1_0.data_contract.314d41c2dd690577,1.0,CURRENT_1_0,M04,Пенсионные отчисления,DATA_CONTRACT,DATA_MODEL,Evidence object,Поле: Fragment; Требование: Normalized bbox + encrypted crop/text span + evidence hash.,Поле: Fragment; Требование: Normalized bbox + encrypted crop/text span + evidence hash.,,,,,M04_CASA_Pro_Pension_Implementation_and_Acceptance_v1.0,1.0,Evidence object,SRC-DOC-M04-I-00214,,,,DATA,,,,,Canonicalized from 1 candidate row(s); source text preserved in 10_SOURCE_EXTRACTS.csv.
M04-CAN-0258,m04.current_1_0.implementation_detail.042a67c027c2664f,1.0,CURRENT_1_0,M04,Пенсионные отчисления,IMPLEMENTATION_DETAIL,PARSER,Evidence object,"Поле: Extraction; Требование: raw value, normalized value, presence, confidence, parser/template version.","Поле: Extraction; Требование: raw value, normalized value, presence, confidence, parser/template version.",,,,,M04_CASA_Pro_Pension_Implementation_and_Acceptance_v1.0,1.0,Evidence object,SRC-DOC-M04-I-00215,,,,PARSER,,,,,Canonicalized from 1 candidate row(s); source text preserved in 10_SOURCE_EXTRACTS.csv.
M04-CAN-0259,m04.current_1_0.implementation_detail.f291d5cfec9cac33,1.0,CURRENT_1_0,M04,Пенсионные отчисления,IMPLEMENTATION_DETAIL,STATE,Evidence object,"Поле: Review; Требование: status, actor, timestamp, decision/reason, before/after hash.","Поле: Review; Требование: status, actor, timestamp, decision/reason, before/after hash.",,,,,M04_CASA_Pro_Pension_Implementation_and_Acceptance_v1.0,1.0,Evidence object,SRC-DOC-M04-I-00216,,,,MULTI_LAYER,,,,,Canonicalized from 1 candidate row(s); source text preserved in 10_SOURCE_EXTRACTS.csv.
M04-CAN-0260,m04.current_1_0.data_contract.65d8a2546a3e9560,1.0,CURRENT_1_0,M04,Пенсионные отчисления,DATA_CONTRACT,DATA_MODEL,Evidence object,Поле: UI action; Требование: Открывает точную страницу и фрагмент; fallback — страница PDF с подсветкой.,Поле: UI action; Требование: Открывает точную страницу и фрагмент; fallback — страница PDF с подсветкой.,,,,,M04_CASA_Pro_Pension_Implementation_and_Acceptance_v1.0,1.0,Evidence object,SRC-DOC-M04-I-00217,,,,FRONTEND|PARSER,,,,,Canonicalized from 1 candidate row(s); source text preserved in 10_SOURCE_EXTRACTS.csv.
M04-CAN-0261,m04.current_1_0.ux_requirement.3c39325da7154183,1.0,CURRENT_1_0,M04,Пенсионные отчисления,UX_REQUIREMENT,UI,KEEP / CHANGE / REMOVE / ADD,ФАКТИЧЕСКИЙ UI / DELTA MATRIX,ФАКТИЧЕСКИЙ UI / DELTA MATRIX,,,,,M04_CASA_Pro_Pension_Implementation_and_Acceptance_v1.0,1.0,KEEP / CHANGE / REMOVE / ADD,SRC-DOC-M04-I-00352,,,,FRONTEND,,,,,Canonicalized from 1 candidate row(s); source text preserved in 10_SOURCE_EXTRACTS.csv.
M04-CAN-0262,m04.current_1_0.product_semantic.5e021bfa9571aa1b,1.0,CURRENT_1_0,M04,Пенсионные отчисления,PRODUCT_SEMANTIC,BUSINESS_RULE,UI,Показывать: «Отправитель пенсионных взносов: ИП RSHATOVA»; маскированный identifier; first/last observed month.; Не показывать: «Работодатель клиента»; трудовой стаж; стабильность; принимаемый доход.,Показывать: «Отправитель пенсионных взносов: ИП RSHATOVA»; маскированный identifier; first/last observed month.; Не показывать: «Работодатель клиента»; трудовой стаж; стабильность; принимаемый доход.,,,,,M04_CASA_Pro_Pension_Implementation_and_Acceptance_v1.0,1.0,UI,SRC-DOC-M04-I-00167,,,,MULTI_LAYER,,,,,Canonicalized from 1 candidate row(s); source text preserved in 10_SOURCE_EXTRACTS.csv.
M04-CAN-0263,m04.current_1_0.product_semantic.2c1356634442b020,1.0,CURRENT_1_0,M04,Пенсионные отчисления,PRODUCT_SEMANTIC,BUSINESS_RULE,UI,Показывать: Если latest month имеет 2 отправителей: «В последнем наблюдаемом месяце несколько отправителей».; Не показывать: Автоматическое назначение одного основным работодателем.,Показывать: Если latest month имеет 2 отправителей: «В последнем наблюдаемом месяце несколько отправителей».; Не показывать: Автоматическое назначение одного основным работодателем.,,,,,M04_CASA_Pro_Pension_Implementation_and_Acceptance_v1.0,1.0,UI,SRC-DOC-M04-I-00168,,,,QA,,,,,Canonicalized from 1 candidate row(s); source text preserved in 10_SOURCE_EXTRACTS.csv.
M04-CAN-0264,m04.current_1_0.product_semantic.151cbbfa50cf0a7f,1.0,CURRENT_1_0,M04,Пенсионные отчисления,PRODUCT_SEMANTIC,BUSINESS_RULE,§10 КНП,КНП: 089; Тип: ОПВР (OPVR); Класс: CONTRIBUTION; Влияние на base: CONDITIONAL; category/regime required.,КНП: 089; Тип: ОПВР (OPVR); Класс: CONTRIBUTION; Влияние на base: CONDITIONAL; category/regime required.,,,,,M04_CASA_Pro_Pension_Implementation_and_Acceptance_v1.0,1.0,§10 КНП,SRC-DOC-M04-I-00150,,,,MULTI_LAYER,,,,,Canonicalized from 1 candidate row(s); source text preserved in 10_SOURCE_EXTRACTS.csv.
M04-CAN-0265,m04.current_1_0.product_semantic.4b5e650c69baa9fc,1.0,CURRENT_1_0,M04,Пенсионные отчисления,PRODUCT_SEMANTIC,BUSINESS_RULE,§10 КНП,КНП: Иное / unreadable; Тип: UNKNOWN; Класс: UNKNOWN; Влияние на base: NEVER; manual review; не default OPV.,КНП: Иное / unreadable; Тип: UNKNOWN; Класс: UNKNOWN; Влияние на base: NEVER; manual review; не default OPV.,,,,UNKNOWN,M04_CASA_Pro_Pension_Implementation_and_Acceptance_v1.0,1.0,§10 КНП,SRC-DOC-M04-I-00153,,,,MULTI_LAYER,,,,,Canonicalized from 1 candidate row(s); source text preserved in 10_SOURCE_EXTRACTS.csv.
M04-CAN-0266,m04.current_1_0.boundary.0cff1358b32cbc8b,1.0,CURRENT_1_0,M04,Пенсионные отчисления,BOUNDARY,FORBIDDEN,§10 КНП,"MUST NOT  Неизвестный КНП не становится ОПВ по названию документа. Leading zero не теряется. Registry version, effective_from/to, checked_at и источник входят в provenance.: MUST NOT  Неизвестный КНП не становится ОПВ по названию документа. Leading zero не теряется. Registry version, effective_from/to, checked_at и источник входят в provenance.",,"MUST NOT  Неизвестный КНП не становится ОПВ по названию документа. Leading zero не теряется. Registry version, effective_from/to, checked_at и источник входят в provenance.: MUST NOT  Неизвестный КНП не становится ОПВ по названию документа. Leading zero не теряется. Registry version, effective_from/to, checked_at и источник входят в provenance.",,,ZERO,M04_CASA_Pro_Pension_Implementation_and_Acceptance_v1.0,1.0,§10 КНП,SRC-DOC-M04-I-00154,,,,MULTI_LAYER,,,,,Canonicalized from 1 candidate row(s); source text preserved in 10_SOURCE_EXTRACTS.csv.
M04-CAN-0267,m04.current_1_0.data_contract.24e6406baf470f8c,1.0,CURRENT_1_0,M04,Пенсионные отчисления,DATA_CONTRACT,SNAPSHOT,§11 Отправители,ИНВАРИАНТ  UI и snapshot используют «отправитель пенсионных взносов». Слово «работодатель» допустимо только для отдельно полученного и проверенного relationship fact; Pension Engine не создаёт его из строки ОПВ.: ИНВАРИАНТ  UI и snapshot используют «отправитель пенсионных взносов». Слово «работодатель» допустимо только для отдельно полученного и проверенного relationship fact; Pension Engine не создаёт его из строки ОПВ.,ИНВАРИАНТ  UI и snapshot используют «отправитель пенсионных взносов». Слово «работодатель» допустимо только для отдельно полученного и проверенного relationship fact; Pension Engine не создаёт его из строки ОПВ.: ИНВАРИАНТ  UI и snapshot используют «отправитель пенсионных взносов». Слово «работодатель» допустимо только для отдельно полученного и проверенного relationship fact; Pension Engine не создаёт его из строки ОПВ.,,,,,M04_CASA_Pro_Pension_Implementation_and_Acceptance_v1.0,1.0,§11 Отправители,SRC-DOC-M04-I-00157,,,,FRONTEND|DATA,,,,,Canonicalized from 1 candidate row(s); source text preserved in 10_SOURCE_EXTRACTS.csv.
M04-CAN-0268,m04.current_1_0.data_contract.9ddde575b33a9e70,1.0,CURRENT_1_0,M04,Пенсионные отчисления,DATA_CONTRACT,DATA_MODEL,§11 Отправители,Правило: ID-first identity; Реализация: Exact normalized sender_identifier объединяет aliases одного sender.; Негативная проверка: PC-012: variants + same ID → 1 sender.,Правило: ID-first identity; Реализация: Exact normalized sender_identifier объединяет aliases одного sender.; Негативная проверка: PC-012: variants + same ID → 1 sender.,,,,,M04_CASA_Pro_Pension_Implementation_and_Acceptance_v1.0,1.0,§11 Отправители,SRC-DOC-M04-I-00159,PC-012,,,DATA,,,,,Canonicalized from 1 candidate row(s); source text preserved in 10_SOURCE_EXTRACTS.csv.
M04-CAN-0269,m04.current_1_0.product_semantic.b4c69577aa7d2b70,1.0,CURRENT_1_0,M04,Пенсионные отчисления,PRODUCT_SEMANTIC,VALIDATION,§11 Отправители,Правило: Different IDs; Реализация: Даже одинаковые names остаются разными sender.; Негативная проверка: PC-011: same name + different IDs → 2.,Правило: Different IDs; Реализация: Даже одинаковые names остаются разными sender.; Негативная проверка: PC-011: same name + different IDs → 2.,,,,,M04_CASA_Pro_Pension_Implementation_and_Acceptance_v1.0,1.0,§11 Отправители,SRC-DOC-M04-I-00160,PC-011,,,MULTI_LAYER,,,,,Canonicalized from 1 candidate row(s); source text preserved in 10_SOURCE_EXTRACTS.csv.
M04-CAN-0270,m04.current_1_0.boundary.05d606bafa3b5655,1.0,CURRENT_1_0,M04,Пенсионные отчисления,BOUNDARY,FORBIDDEN,§11 Отправители,Правило: Missing ID; Реализация: Provisional sender; name-only merge запрещён; blocking review.; Негативная проверка: PC-013.,,Правило: Missing ID; Реализация: Provisional sender; name-only merge запрещён; blocking review.; Негативная проверка: PC-013.,,,,M04_CASA_Pro_Pension_Implementation_and_Acceptance_v1.0,1.0,§11 Отправители,SRC-DOC-M04-I-00161,PC-013,,,MULTI_LAYER,,,,,Canonicalized from 1 candidate row(s); source text preserved in 10_SOURCE_EXTRACTS.csv.
M04-CAN-0271,m04.current_1_0.product_semantic.b45828a24e2cf070,1.0,CURRENT_1_0,M04,Пенсионные отчисления,PRODUCT_SEMANTIC,VALIDATION,§11 Отправители,"Правило: Sender prefix; Реализация: «ИП» может дать sender_type_if_known=IP, но не employer/payer_category/payment_regime.; Негативная проверка: PC-019 / AT-PC-005/006.","Правило: Sender prefix; Реализация: «ИП» может дать sender_type_if_known=IP, но не employer/payer_category/payment_regime.; Негативная проверка: PC-019 / AT-PC-005/006.",,,,,M04_CASA_Pro_Pension_Implementation_and_Acceptance_v1.0,1.0,§11 Отправители,SRC-DOC-M04-I-00162,PC-019|AT-PC-005,,,MULTI_LAYER,,,,,Canonicalized from 1 candidate row(s); source text preserved in 10_SOURCE_EXTRACTS.csv.
M04-CAN-0272,m04.current_1_0.product_semantic.70a8ce7ffda13036,1.0,CURRENT_1_0,M04,Пенсионные отчисления,PRODUCT_SEMANTIC,VALIDATION,§11 Отправители,Правило: Current sender; Реализация: Sender(s) latest effective positive contribution_period: SINGLE/MULTIPLE/UNKNOWN.; Негативная проверка: PC-007.,Правило: Current sender; Реализация: Sender(s) latest effective positive contribution_period: SINGLE/MULTIPLE/UNKNOWN.; Негативная проверка: PC-007.,,,,UNKNOWN,M04_CASA_Pro_Pension_Implementation_and_Acceptance_v1.0,1.0,§11 Отправители,SRC-DOC-M04-I-00163,PC-007,,,QA,,,,,Canonicalized from 1 candidate row(s); source text preserved in 10_SOURCE_EXTRACTS.csv.
M04-CAN-0273,m04.current_1_0.product_semantic.4f2282b70ac35b87,1.0,CURRENT_1_0,M04,Пенсионные отчисления,PRODUCT_SEMANTIC,VALIDATION,§11 Отправители,Правило: Sequence; Реализация: Change/return/one-off — нейтральные события с input month IDs.; Негативная проверка: PC-008…PC-010; никаких risk labels.,Правило: Sequence; Реализация: Change/return/one-off — нейтральные события с input month IDs.; Негативная проверка: PC-008…PC-010; никаких risk labels.,,,,,M04_CASA_Pro_Pension_Implementation_and_Acceptance_v1.0,1.0,§11 Отправители,SRC-DOC-M04-I-00164,PC-008|PC-010,,,MULTI_LAYER,,,,,Canonicalized from 1 candidate row(s); source text preserved in 10_SOURCE_EXTRACTS.csv.
M04-CAN-0274,m04.current_1_0.product_semantic.e3825916d713e6c8,1.0,CURRENT_1_0,M04,Пенсионные отчисления,PRODUCT_SEMANTIC,STATE,§12 Расчётная база и контекст ставки,"ВЗНОС ≠ ЗАРПЛАТА  ОПВ 10 000 ₸ не означает зарплату 100 000 ₸. В fixture payer_category и payment_regime отсутствуют, поэтому estimated_contribution_base = null, estimate_status = UNKNOWN_RATE_CONTEXT.: ВЗНОС ≠ ЗАРПЛАТА  ОПВ 10 000 ₸ не означает зарплату 100 000 ₸. В fixture payer_category и payment_regime отсутствуют, поэтому estimated_contribution_base = null, estimate_status = UNKNOWN_RATE_CONTEXT.","ВЗНОС ≠ ЗАРПЛАТА  ОПВ 10 000 ₸ не означает зарплату 100 000 ₸. В fixture payer_category и payment_regime отсутствуют, поэтому estimated_contribution_base = null, estimate_status = UNKNOWN_RATE_CONTEXT.: ВЗНОС ≠ ЗАРПЛАТА  ОПВ 10 000 ₸ не означает зарплату 100 000 ₸. В fixture payer_category и payment_regime отсутствуют, поэтому estimated_contribution_base = null, estimate_status = UNKNOWN_RATE_CONTEXT.",,,,,M04_CASA_Pro_Pension_Implementation_and_Acceptance_v1.0,1.0,§12 Расчётная база и контекст ставки,SRC-DOC-M04-I-00171,,,,QA,,,,,Canonicalized from 1 candidate row(s); source text preserved in 10_SOURCE_EXTRACTS.csv.
M04-CAN-0275,m04.current_1_0.product_semantic.c83a18fc23d43d50,1.0,CURRENT_1_0,M04,Пенсионные отчисления,PRODUCT_SEMANTIC,CALCULATION,§12 Расчётная база и контекст ставки,Gate: E-01; Обязательное условие: Contribution type распознан; row не penalty/return/rejected.,Gate: E-01; Обязательное условие: Contribution type распознан; row не penalty/return/rejected.,,,,,M04_CASA_Pro_Pension_Implementation_and_Acceptance_v1.0,1.0,§12 Расчётная база и контекст ставки,SRC-DOC-M04-I-00173,,,,MULTI_LAYER,,,,,Canonicalized from 1 candidate row(s); source text preserved in 10_SOURCE_EXTRACTS.csv.
M04-CAN-0276,m04.current_1_0.product_semantic.bf87ab0261ef7192,1.0,CURRENT_1_0,M04,Пенсионные отчисления,PRODUCT_SEMANTIC,CALCULATION,§12 Расчётная база и контекст ставки,Gate: E-02; Обязательное условие: Amount PRESENT и > 0; contribution period PRESENT.,Gate: E-02; Обязательное условие: Amount PRESENT и > 0; contribution period PRESENT.,,,,,M04_CASA_Pro_Pension_Implementation_and_Acceptance_v1.0,1.0,§12 Расчётная база и контекст ставки,SRC-DOC-M04-I-00174,,,,MULTI_LAYER,,,,,Canonicalized from 1 candidate row(s); source text preserved in 10_SOURCE_EXTRACTS.csv.
M04-CAN-0277,m04.current_1_0.product_semantic.c88f2fdc66ebc7c8,1.0,CURRENT_1_0,M04,Пенсионные отчисления,PRODUCT_SEMANTIC,CALCULATION,§12 Расчётная база и контекст ставки,Gate: E-03; Обязательное условие: Payer category подтверждена допустимым evidence.,Gate: E-03; Обязательное условие: Payer category подтверждена допустимым evidence.,,,,,M04_CASA_Pro_Pension_Implementation_and_Acceptance_v1.0,1.0,§12 Расчётная база и контекст ставки,SRC-DOC-M04-I-00175,,,,MULTI_LAYER,,,,,Canonicalized from 1 candidate row(s); source text preserved in 10_SOURCE_EXTRACTS.csv.
M04-CAN-0278,m04.current_1_0.product_semantic.230f0d02bb762673,1.0,CURRENT_1_0,M04,Пенсионные отчисления,PRODUCT_SEMANTIC,CALCULATION,§12 Расчётная база и контекст ставки,Gate: E-04; Обязательное условие: Payment regime подтверждён: GENERAL / SELF_EMPLOYED_SNR / PLATFORM / UNIFIED_PAYMENT / иной.,Gate: E-04; Обязательное условие: Payment regime подтверждён: GENERAL / SELF_EMPLOYED_SNR / PLATFORM / UNIFIED_PAYMENT / иной.,,,,,M04_CASA_Pro_Pension_Implementation_and_Acceptance_v1.0,1.0,§12 Расчётная база и контекст ставки,SRC-DOC-M04-I-00176,,,,MULTI_LAYER,,,,,Canonicalized from 1 candidate row(s); source text preserved in 10_SOURCE_EXTRACTS.csv.
M04-CAN-0279,m04.current_1_0.product_semantic.65068776a05c9285,1.0,CURRENT_1_0,M04,Пенсионные отчисления,PRODUCT_SEMANTIC,CALCULATION,§12 Расчётная база и контекст ставки,Gate: E-05; Обязательное условие: Effective rate registry соответствует period и category.,Gate: E-05; Обязательное условие: Effective rate registry соответствует period и category.,,,,,M04_CASA_Pro_Pension_Implementation_and_Acceptance_v1.0,1.0,§12 Расчётная база и контекст ставки,SRC-DOC-M04-I-00177,,,,MULTI_LAYER,,,,,Canonicalized from 1 candidate row(s); source text preserved in 10_SOURCE_EXTRACTS.csv.
M04-CAN-0280,m04.current_1_0.product_semantic.1a7d360ea2548e34,1.0,CURRENT_1_0,M04,Пенсионные отчисления,PRODUCT_SEMANTIC,CALCULATION,§12 Расчётная база и контекст ставки,Gate: E-06; Обязательное условие: Cap/floor/aggregation semantics известны; correction links resolved.,Gate: E-06; Обязательное условие: Cap/floor/aggregation semantics известны; correction links resolved.,,,,,M04_CASA_Pro_Pension_Implementation_and_Acceptance_v1.0,1.0,§12 Расчётная база и контекст ставки,SRC-DOC-M04-I-00178,,,,MULTI_LAYER,,,,,Canonicalized from 1 candidate row(s); source text preserved in 10_SOURCE_EXTRACTS.csv.
M04-CAN-0281,m04.current_1_0.product_semantic.519a92903e8d4335,1.0,CURRENT_1_0,M04,Пенсионные отчисления,PRODUCT_SEMANTIC,STATE,§12 Расчётная база и контекст ставки,"Состояние: UNKNOWN_RATE_CONTEXT; Broker UI: «Недостаточно данных, чтобы рассчитать базу по пенсионным отчислениям: не подтверждены категория плательщика и режим перечисления».; Snapshot: estimated_base=null; missing_context[]; known source facts сохраняются.","Состояние: UNKNOWN_RATE_CONTEXT; Broker UI: «Недостаточно данных, чтобы рассчитать базу по пенсионным отчислениям: не подтверждены категория плательщика и режим перечисления».; Snapshot: estimated_base=null; missing_context[]; known source facts сохраняются.",,,,,M04_CASA_Pro_Pension_Implementation_and_Acceptance_v1.0,1.0,§12 Расчётная база и контекст ставки,SRC-DOC-M04-I-00181,,,,FRONTEND|DATA,,,,,Canonicalized from 1 candidate row(s); source text preserved in 10_SOURCE_EXTRACTS.csv.
M04-CAN-0282,m04.current_1_0.product_semantic.91616c9aa00ccdcc,1.0,CURRENT_1_0,M04,Пенсионные отчисления,PRODUCT_SEMANTIC,STATE,§12 Расчётная база и контекст ставки,Состояние: CALCULATED; Broker UI: «Расчётная база CASA» + formula/rate/context/source/limitations. Никогда не «зарплата».; Snapshot: source amount + rate + rate context + formula version + evidence.,Состояние: CALCULATED; Broker UI: «Расчётная база CASA» + formula/rate/context/source/limitations. Никогда не «зарплата».; Snapshot: source amount + rate + rate context + formula version + evidence.,,,,,M04_CASA_Pro_Pension_Implementation_and_Acceptance_v1.0,1.0,§12 Расчётная база и контекст ставки,SRC-DOC-M04-I-00182,,,,FRONTEND|DATA,,,,,Canonicalized from 1 candidate row(s); source text preserved in 10_SOURCE_EXTRACTS.csv.
M04-CAN-0283,m04.current_1_0.product_semantic.3a93239e1619cf07,1.0,CURRENT_1_0,M04,Пенсионные отчисления,PRODUCT_SEMANTIC,STATE,§12 Расчётная база и контекст ставки,Состояние: NOT_APPLICABLE; Broker UI: «Расчётная база неприменима к этому типу платежа».; Snapshot: DPV/penalty: null.,Состояние: NOT_APPLICABLE; Broker UI: «Расчётная база неприменима к этому типу платежа».; Snapshot: DPV/penalty: null.,,,,NOT_APPLICABLE,M04_CASA_Pro_Pension_Implementation_and_Acceptance_v1.0,1.0,§12 Расчётная база и контекст ставки,SRC-DOC-M04-I-00183,,,,FRONTEND|DATA,,,,,Canonicalized from 1 candidate row(s); source text preserved in 10_SOURCE_EXTRACTS.csv.
M04-CAN-0284,m04.current_1_0.product_semantic.57f258b5026f590a,1.0,CURRENT_1_0,M04,Пенсионные отчисления,PRODUCT_SEMANTIC,STATE,§12 Расчётная база и контекст ставки,"Состояние: NEEDS_REVIEW; Broker UI: «Сначала проверьте поля, влияющие на расчёт».; Snapshot: null до закрытия task.","Состояние: NEEDS_REVIEW; Broker UI: «Сначала проверьте поля, влияющие на расчёт».; Snapshot: null до закрытия task.",,,,,M04_CASA_Pro_Pension_Implementation_and_Acceptance_v1.0,1.0,§12 Расчётная база и контекст ставки,SRC-DOC-M04-I-00184,,,,FRONTEND|DATA,,,,,Canonicalized from 1 candidate row(s); source text preserved in 10_SOURCE_EXTRACTS.csv.
M04-CAN-0285,m04.current_1_0.product_semantic.e0f7e880597e7a65,1.0,CURRENT_1_0,M04,Пенсионные отчисления,PRODUCT_SEMANTIC,STATE,§13 UNKNOWN и качество данных,Состояние: 0 / EXPLICIT_ZERO; Машинный смысл: Источник явно печатает 0.; Понятный текст / арифметика: «0 ₸ в источнике»; row не positive; month UNKNOWN/review.,Состояние: 0 / EXPLICIT_ZERO; Машинный смысл: Источник явно печатает 0.; Понятный текст / арифметика: «0 ₸ в источнике»; row не positive; month UNKNOWN/review.,,,,UNKNOWN,M04_CASA_Pro_Pension_Implementation_and_Acceptance_v1.0,1.0,§13 UNKNOWN и качество данных,SRC-DOC-M04-I-00188,,,,MULTI_LAYER,,,,,Canonicalized from 1 candidate row(s); source text preserved in 10_SOURCE_EXTRACTS.csv.
M04-CAN-0286,m04.current_1_0.boundary.4f64bcaa777776b2,1.0,CURRENT_1_0,M04,Пенсионные отчисления,BOUNDARY,FORBIDDEN,§13 UNKNOWN и качество данных,Состояние: UNKNOWN; Машинный смысл: Presence/meaning нельзя установить.; Понятный текст / арифметика: «Не удалось определить»; не участвует как 0.,,Состояние: UNKNOWN; Машинный смысл: Presence/meaning нельзя установить.; Понятный текст / арифметика: «Не удалось определить»; не участвует как 0.,,,UNKNOWN,M04_CASA_Pro_Pension_Implementation_and_Acceptance_v1.0,1.0,§13 UNKNOWN и качество данных,SRC-DOC-M04-I-00189,,,,MULTI_LAYER,,,,,Canonicalized from 1 candidate row(s); source text preserved in 10_SOURCE_EXTRACTS.csv.
M04-CAN-0287,m04.current_1_0.product_semantic.b6c9b92f3362cdb9,1.0,CURRENT_1_0,M04,Пенсионные отчисления,PRODUCT_SEMANTIC,STATE,§13 UNKNOWN и качество данных,Состояние: BLANK; Машинный смысл: Ячейка пустая; normalized=null.; Понятный текст / арифметика: «Поле пустое в документе»; critical → blocking review.,Состояние: BLANK; Машинный смысл: Ячейка пустая; normalized=null.; Понятный текст / арифметика: «Поле пустое в документе»; critical → blocking review.,,,,BLANK,M04_CASA_Pro_Pension_Implementation_and_Acceptance_v1.0,1.0,§13 UNKNOWN и качество данных,SRC-DOC-M04-I-00190,,,CRITICAL,MULTI_LAYER,,,,,Canonicalized from 1 candidate row(s); source text preserved in 10_SOURCE_EXTRACTS.csv.
M04-CAN-0288,m04.current_1_0.product_semantic.8f02cabae9d1adb5,1.0,CURRENT_1_0,M04,Пенсионные отчисления,PRODUCT_SEMANTIC,STATE,§13 UNKNOWN и качество данных,"Состояние: UNREADABLE; Машинный смысл: Зона есть, но не распознана.; Понятный текст / арифметика: «Значение не читается»; открыть crop / исправить.","Состояние: UNREADABLE; Машинный смысл: Зона есть, но не распознана.; Понятный текст / арифметика: «Значение не читается»; открыть crop / исправить.",,,,,M04_CASA_Pro_Pension_Implementation_and_Acceptance_v1.0,1.0,§13 UNKNOWN и качество данных,SRC-DOC-M04-I-00191,,,,MULTI_LAYER,,,,,Canonicalized from 1 candidate row(s); source text preserved in 10_SOURCE_EXTRACTS.csv.
M04-CAN-0289,m04.current_1_0.product_semantic.3ce643ef711767d9,1.0,CURRENT_1_0,M04,Пенсионные отчисления,PRODUCT_SEMANTIC,STATE,§13 UNKNOWN и качество данных,Состояние: NOT_APPLICABLE; Машинный смысл: Поле неприменимо по semantics.; Понятный текст / арифметика: «Не применяется»; не 0 и не ошибка.,Состояние: NOT_APPLICABLE; Машинный смысл: Поле неприменимо по semantics.; Понятный текст / арифметика: «Не применяется»; не 0 и не ошибка.,,,,NOT_APPLICABLE,M04_CASA_Pro_Pension_Implementation_and_Acceptance_v1.0,1.0,§13 UNKNOWN и качество данных,SRC-DOC-M04-I-00192,,,,MULTI_LAYER,,,,,Canonicalized from 1 candidate row(s); source text preserved in 10_SOURCE_EXTRACTS.csv.
M04-CAN-0290,m04.current_1_0.product_semantic.d9917ac0071d9028,1.0,CURRENT_1_0,M04,Пенсионные отчисления,PRODUCT_SEMANTIC,STATE,§13 UNKNOWN и качество данных,Состояние: NOT_IN_TEMPLATE; Машинный смысл: Поддержанный template не содержит поле.; Понятный текст / арифметика: «В этом типе документа поле не предусмотрено».,Состояние: NOT_IN_TEMPLATE; Машинный смысл: Поддержанный template не содержит поле.; Понятный текст / арифметика: «В этом типе документа поле не предусмотрено».,,,,,M04_CASA_Pro_Pension_Implementation_and_Acceptance_v1.0,1.0,§13 UNKNOWN и качество данных,SRC-DOC-M04-I-00193,,,,MULTI_LAYER,,,,,Canonicalized from 1 candidate row(s); source text preserved in 10_SOURCE_EXTRACTS.csv.
M04-CAN-0291,m04.current_1_0.product_semantic.6fa1adba399f6393,1.0,CURRENT_1_0,M04,Пенсионные отчисления,PRODUCT_SEMANTIC,STATE,§13 UNKNOWN и качество данных,Состояние: NO_ROW_OBSERVED; Машинный смысл: В наблюдаемой выборке нет строки месяца.; Понятный текст / арифметика: Не «0 ₸» и не NO_CONTRIBUTION без COVERED.,Состояние: NO_ROW_OBSERVED; Машинный смысл: В наблюдаемой выборке нет строки месяца.; Понятный текст / арифметика: Не «0 ₸» и не NO_CONTRIBUTION без COVERED.,,,,,M04_CASA_Pro_Pension_Implementation_and_Acceptance_v1.0,1.0,§13 UNKNOWN и качество данных,SRC-DOC-M04-I-00194,,,,MULTI_LAYER,,,,,Canonicalized from 1 candidate row(s); source text preserved in 10_SOURCE_EXTRACTS.csv.
M04-CAN-0292,m04.current_1_0.data_contract.373809d2894fee2d,1.0,CURRENT_1_0,M04,Пенсионные отчисления,DATA_CONTRACT,DATA_MODEL,§14 Проверка критичных полей,ПОЛЬЗОВАТЕЛЬСКИЙ КОНТРАКТ  Значение → источник → документ → страница → фрагмент PDF → уверенность распознавания → статус проверки → [Подтвердить] / [Исправить].: ПОЛЬЗОВАТЕЛЬСКИЙ КОНТРАКТ  Значение → источник → документ → страница → фрагмент PDF → уверенность распознавания → статус проверки → [Подтвердить] / [Исправить].,ПОЛЬЗОВАТЕЛЬСКИЙ КОНТРАКТ  Значение → источник → документ → страница → фрагмент PDF → уверенность распознавания → статус проверки → [Подтвердить] / [Исправить].: ПОЛЬЗОВАТЕЛЬСКИЙ КОНТРАКТ  Значение → источник → документ → страница → фрагмент PDF → уверенность распознавания → статус проверки → [Подтвердить] / [Исправить].,,,,,M04_CASA_Pro_Pension_Implementation_and_Acceptance_v1.0,1.0,§14 Проверка критичных полей,SRC-DOC-M04-I-00203,,,,PARSER,,,,,Canonicalized from 1 candidate row(s); source text preserved in 10_SOURCE_EXTRACTS.csv.
M04-CAN-0293,m04.current_1_0.data_contract.627a4a52ad97e8e7,1.0,CURRENT_1_0,M04,Пенсионные отчисления,DATA_CONTRACT,DATA_MODEL,§14 Проверка критичных полей,"Группа: Субъект / документ; Критичные поля: ИИН/ФИО match, issuer/type/template, document no, query period, received_at, pages X/N; Когда блокирует: Mismatch, missing page, unsupported template, critical header UNKNOWN.","Группа: Субъект / документ; Критичные поля: ИИН/ФИО match, issuer/type/template, document no, query period, received_at, pages X/N; Когда блокирует: Mismatch, missing page, unsupported template, critical header UNKNOWN.",,,,UNKNOWN,M04_CASA_Pro_Pension_Implementation_and_Acceptance_v1.0,1.0,§14 Проверка критичных полей,SRC-DOC-M04-I-00205,,,CRITICAL,DATA,,,,,Canonicalized from 1 candidate row(s); source text preserved in 10_SOURCE_EXTRACTS.csv.
M04-CAN-0294,m04.current_1_0.data_contract.034190b24bdc2668,1.0,CURRENT_1_0,M04,Пенсионные отчисления,DATA_CONTRACT,DATA_MODEL,§14 Проверка критичных полей,"Группа: Строка; Критичные поля: contribution period, received/sent/document dates, amount/currency; Когда блокирует: Unreadable/mismatch способен изменить month/total.","Группа: Строка; Критичные поля: contribution period, received/sent/document dates, amount/currency; Когда блокирует: Unreadable/mismatch способен изменить month/total.",,,,,M04_CASA_Pro_Pension_Implementation_and_Acceptance_v1.0,1.0,§14 Проверка критичных полей,SRC-DOC-M04-I-00206,,,,DATA,,,,,Canonicalized from 1 candidate row(s); source text preserved in 10_SOURCE_EXTRACTS.csv.
M04-CAN-0295,m04.current_1_0.product_semantic.0be318acfaa5693b,1.0,CURRENT_1_0,M04,Пенсионные отчисления,PRODUCT_SEMANTIC,STATE,§14 Проверка критичных полей,"Группа: Классификация; Критичные поля: raw/normalized KNP, contribution type, payment class, raw/normalized status, processing effect; Когда блокирует: UNKNOWN code/effect влияет на positive total/base.","Группа: Классификация; Критичные поля: raw/normalized KNP, contribution type, payment class, raw/normalized status, processing effect; Когда блокирует: UNKNOWN code/effect влияет на positive total/base.",,,,UNKNOWN,M04_CASA_Pro_Pension_Implementation_and_Acceptance_v1.0,1.0,§14 Проверка критичных полей,SRC-DOC-M04-I-00207,,,,MULTI_LAYER,,,,,Canonicalized from 1 candidate row(s); source text preserved in 10_SOURCE_EXTRACTS.csv.
M04-CAN-0296,m04.current_1_0.data_contract.0460d71af4cab872,1.0,CURRENT_1_0,M04,Пенсионные отчисления,DATA_CONTRACT,DATA_MODEL,§14 Проверка критичных полей,"Группа: Отправитель; Критичные поля: sender name, 12-digit identifier, role=CONTRIBUTION_SENDER; Когда блокирует: Unreadable ID/name-only ambiguity.","Группа: Отправитель; Критичные поля: sender name, 12-digit identifier, role=CONTRIBUTION_SENDER; Когда блокирует: Unreadable ID/name-only ambiguity.",,,,,M04_CASA_Pro_Pension_Implementation_and_Acceptance_v1.0,1.0,§14 Проверка критичных полей,SRC-DOC-M04-I-00208,,,,DATA,,,,,Canonicalized from 1 candidate row(s); source text preserved in 10_SOURCE_EXTRACTS.csv.
M04-CAN-0297,m04.current_1_0.product_semantic.e5b553aa5b6403a4,1.0,CURRENT_1_0,M04,Пенсионные отчисления,PRODUCT_SEMANTIC,STATE,§14 Проверка критичных полей,"Группа: Коррекция/возврат; Критичные поля: status, reference to original, duplicate decision; Когда блокирует: Неясная связь влияет на сумму/дубль.","Группа: Коррекция/возврат; Критичные поля: status, reference to original, duplicate decision; Когда блокирует: Неясная связь влияет на сумму/дубль.",,,,,M04_CASA_Pro_Pension_Implementation_and_Acceptance_v1.0,1.0,§14 Проверка критичных полей,SRC-DOC-M04-I-00209,,,,MULTI_LAYER,,,,,Canonicalized from 1 candidate row(s); source text preserved in 10_SOURCE_EXTRACTS.csv.
M04-CAN-0298,m04.current_1_0.product_semantic.9906cecc307ba6f2,1.0,CURRENT_1_0,M04,Пенсионные отчисления,PRODUCT_SEMANTIC,FORMULA,§14 Проверка критичных полей,"Группа: Расчётная база; Критичные поля: payer category, payment regime, rate, effective period, cap/floor, formula version; Когда блокирует: Блокирует только dependent estimate; source facts могут публиковаться по policy.","Группа: Расчётная база; Критичные поля: payer category, payment regime, rate, effective period, cap/floor, formula version; Когда блокирует: Блокирует только dependent estimate; source facts могут публиковаться по policy.",,,,,M04_CASA_Pro_Pension_Implementation_and_Acceptance_v1.0,1.0,§14 Проверка критичных полей,SRC-DOC-M04-I-00210,,,,MULTI_LAYER,,,,,Canonicalized from 1 candidate row(s); source text preserved in 10_SOURCE_EXTRACTS.csv.
M04-CAN-0299,m04.current_1_0.product_semantic.4aae4047e4fe8afe,1.0,CURRENT_1_0,M04,Пенсионные отчисления,PRODUCT_SEMANTIC,BUSINESS_RULE,§15 Ручные исправления,"Шаг: 1. Открыть; Обязательное поведение: Показать current normalized value, raw text и page/crop; не скрывать uncertainty.","Шаг: 1. Открыть; Обязательное поведение: Показать current normalized value, raw text и page/crop; не скрывать uncertainty.",,,,,M04_CASA_Pro_Pension_Implementation_and_Acceptance_v1.0,1.0,§15 Ручные исправления,SRC-DOC-M04-I-00221,,,,MULTI_LAYER,,,,,Canonicalized from 1 candidate row(s); source text preserved in 10_SOURCE_EXTRACTS.csv.
M04-CAN-0300,m04.current_1_0.data_contract.fa81dafd3130b1fe,1.0,CURRENT_1_0,M04,Пенсионные отчисления,DATA_CONTRACT,PROVENANCE,§15 Ручные исправления,Шаг: 2. Подтвердить; Обязательное поведение: Сохранить ACCEPTED decision с actor/date/time и exact evidence; raw не меняется.,Шаг: 2. Подтвердить; Обязательное поведение: Сохранить ACCEPTED decision с actor/date/time и exact evidence; raw не меняется.,,,,,M04_CASA_Pro_Pension_Implementation_and_Acceptance_v1.0,1.0,§15 Ручные исправления,SRC-DOC-M04-I-00222,,,,DATA,,,,,Canonicalized from 1 candidate row(s); source text preserved in 10_SOURCE_EXTRACTS.csv.
M04-CAN-0301,m04.current_1_0.product_semantic.126eea7a64267081,1.0,CURRENT_1_0,M04,Пенсионные отчисления,PRODUCT_SEMANTIC,BUSINESS_RULE,§15 Ручные исправления,"Шаг: 3. Исправить; Обязательное поведение: Создать corrected_value отдельно; reason code обязателен, comment — по policy; before/after visible.","Шаг: 3. Исправить; Обязательное поведение: Создать corrected_value отдельно; reason code обязателен, comment — по policy; before/after visible.",,,,,M04_CASA_Pro_Pension_Implementation_and_Acceptance_v1.0,1.0,§15 Ручные исправления,SRC-DOC-M04-I-00223,,,,MULTI_LAYER,,,,,Canonicalized from 1 candidate row(s); source text preserved in 10_SOURCE_EXTRACTS.csv.
M04-CAN-0302,m04.current_1_0.product_semantic.6a592ce4eb46362c,1.0,CURRENT_1_0,M04,Пенсионные отчисления,PRODUCT_SEMANTIC,VALIDATION,§15 Ручные исправления,Шаг: 4. Пересчитать; Обязательное поведение: Инвалидировать зависимые month/sender/profile/estimate/reconciliation outputs и вычислить заново.,Шаг: 4. Пересчитать; Обязательное поведение: Инвалидировать зависимые month/sender/profile/estimate/reconciliation outputs и вычислить заново.,,,,,M04_CASA_Pro_Pension_Implementation_and_Acceptance_v1.0,1.0,§15 Ручные исправления,SRC-DOC-M04-I-00224,,,,MULTI_LAYER,,,,,Canonicalized from 1 candidate row(s); source text preserved in 10_SOURCE_EXTRACTS.csv.
M04-CAN-0303,m04.current_1_0.data_contract.27afe88568b2eda5,1.0,CURRENT_1_0,M04,Пенсионные отчисления,DATA_CONTRACT,SNAPSHOT,§15 Ручные исправления,Шаг: 5. Версионировать; Обязательное поведение: Новая reviewed fact revision и новый snapshot; старый snapshot остаётся воспроизводимым.,Шаг: 5. Версионировать; Обязательное поведение: Новая reviewed fact revision и новый snapshot; старый snapshot остаётся воспроизводимым.,,,,,M04_CASA_Pro_Pension_Implementation_and_Acceptance_v1.0,1.0,§15 Ручные исправления,SRC-DOC-M04-I-00225,,,,DATA,,,,,Canonicalized from 1 candidate row(s); source text preserved in 10_SOURCE_EXTRACTS.csv.
M04-CAN-0304,m04.current_1_0.implementation_detail.3322720a421cde44,1.0,CURRENT_1_0,M04,Пенсионные отчисления,IMPLEMENTATION_DETAIL,BUSINESS_RULE,§15 Ручные исправления,"Шаг: 6. Конфликт; Обязательное поведение: Optimistic locking / If-Match: REVIEW_CONFLICT → перезагрузить актуальную revision, не перезаписать чужое решение.","Шаг: 6. Конфликт; Обязательное поведение: Optimistic locking / If-Match: REVIEW_CONFLICT → перезагрузить актуальную revision, не перезаписать чужое решение.",,,,,M04_CASA_Pro_Pension_Implementation_and_Acceptance_v1.0,1.0,§15 Ручные исправления,SRC-DOC-M04-I-00226,,,,MULTI_LAYER,,,,,Canonicalized from 1 candidate row(s); source text preserved in 10_SOURCE_EXTRACTS.csv.
M04-CAN-0305,m04.current_1_0.product_semantic.f3e30a442f44a36e,1.0,CURRENT_1_0,M04,Пенсионные отчисления,PRODUCT_SEMANTIC,PARSER,§15 Ручные исправления,"ПРИМЕР  OCR распознал сумму как 100 000 ₸, crop показывает 10 000 ₸. Брокер выбирает «Исправить», вводит 10 000, указывает «ошибка распознавания разряда». Raw 100 000 и crop сохраняются; CASA пересчитывает total, months и dependent estimate status; создаётся новая версия.: ПРИМЕР  OCR распознал сумму как 100 000 ₸, crop показывает 10 000 ₸. Брокер выбирает «Исправить», вводит 10 000, указывает «ошибка распознавания разряда». Raw 100 000 и crop сохраняются; CASA пересчитывает total, months и dependent estimate status; создаётся новая версия.","ПРИМЕР  OCR распознал сумму как 100 000 ₸, crop показывает 10 000 ₸. Брокер выбирает «Исправить», вводит 10 000, указывает «ошибка распознавания разряда». Raw 100 000 и crop сохраняются; CASA пересчитывает total, months и dependent estimate status; создаётся новая версия.: ПРИМЕР  OCR распознал сумму как 100 000 ₸, crop показывает 10 000 ₸. Брокер выбирает «Исправить», вводит 10 000, указывает «ошибка распознавания разряда». Raw 100 000 и crop сохраняются; CASA пересчитывает total, months и dependent estimate status; создаётся новая версия.",,,,,M04_CASA_Pro_Pension_Implementation_and_Acceptance_v1.0,1.0,§15 Ручные исправления,SRC-DOC-M04-I-00227,,,,PARSER,,,,,Canonicalized from 1 candidate row(s); source text preserved in 10_SOURCE_EXTRACTS.csv.
M04-CAN-0306,m04.current_1_0.data_contract.94303d18342ab3e6,1.0,CURRENT_1_0,M04,Пенсионные отчисления,DATA_CONTRACT,SNAPSHOT,§16 Внутренние коды → язык брокера,"Внутренний код: MANUAL_REVIEW_REQUIRED; Понятный текст брокеру: «Нужно проверить данные вручную».; Действие: Открыть конкретную задачу и evidence.; Блокирует snapshot: Да, если task critical.","Внутренний код: MANUAL_REVIEW_REQUIRED; Понятный текст брокеру: «Нужно проверить данные вручную».; Действие: Открыть конкретную задачу и evidence.; Блокирует snapshot: Да, если task critical.",,,,,M04_CASA_Pro_Pension_Implementation_and_Acceptance_v1.0,1.0,§16 Внутренние коды → язык брокера,SRC-DOC-M04-I-00247,,,CRITICAL,DATA,,,,,Canonicalized from 1 candidate row(s); source text preserved in 10_SOURCE_EXTRACTS.csv.
M04-CAN-0307,m04.current_1_0.data_contract.2826c6c09e731013,1.0,CURRENT_1_0,M04,Пенсионные отчисления,DATA_CONTRACT,SNAPSHOT,§16 Внутренние коды → язык брокера,"Внутренний код: RATE_CONTEXT_REQUIRED / UNKNOWN_RATE_CONTEXT; Понятный текст брокеру: «Недостаточно данных, чтобы рассчитать базу по пенсионным отчислениям».; Действие: Проверить category/regime или оставить UNKNOWN.; Блокирует snapshot: Только dependent estimate; факты — по policy.","Внутренний код: RATE_CONTEXT_REQUIRED / UNKNOWN_RATE_CONTEXT; Понятный текст брокеру: «Недостаточно данных, чтобы рассчитать базу по пенсионным отчислениям».; Действие: Проверить category/regime или оставить UNKNOWN.; Блокирует snapshot: Только dependent estimate; факты — по policy.",,,,UNKNOWN,M04_CASA_Pro_Pension_Implementation_and_Acceptance_v1.0,1.0,§16 Внутренние коды → язык брокера,SRC-DOC-M04-I-00248,,,,DATA,,,,,Canonicalized from 1 candidate row(s); source text preserved in 10_SOURCE_EXTRACTS.csv.
M04-CAN-0308,m04.current_1_0.data_contract.c4157a1eb41eaacf,1.0,CURRENT_1_0,M04,Пенсионные отчисления,DATA_CONTRACT,SNAPSHOT,§16 Внутренние коды → язык брокера,Внутренний код: SAMPLE_REQUIRED; Понятный текст брокеру: «Этот вариант документа пока не поддерживается».; Действие: Approved обезличенный sample flow.; Блокирует snapshot: Да для template/mapping.,Внутренний код: SAMPLE_REQUIRED; Понятный текст брокеру: «Этот вариант документа пока не поддерживается».; Действие: Approved обезличенный sample flow.; Блокирует snapshot: Да для template/mapping.,,,,,M04_CASA_Pro_Pension_Implementation_and_Acceptance_v1.0,1.0,§16 Внутренние коды → язык брокера,SRC-DOC-M04-I-00249,,,,DATA,,,,,Canonicalized from 1 candidate row(s); source text preserved in 10_SOURCE_EXTRACTS.csv.
M04-CAN-0309,m04.current_1_0.data_contract.f74581964df14caa,1.0,CURRENT_1_0,M04,Пенсионные отчисления,DATA_CONTRACT,SNAPSHOT,§16 Внутренние коды → язык брокера,Внутренний код: CONTRACT_REQUIRED; Понятный текст брокеру: «Автоматическая проверка подлинности пока недоступна».; Действие: Approved manual verification/waiver.; Блокирует snapshot: По authenticity policy.,Внутренний код: CONTRACT_REQUIRED; Понятный текст брокеру: «Автоматическая проверка подлинности пока недоступна».; Действие: Approved manual verification/waiver.; Блокирует snapshot: По authenticity policy.,,,,,M04_CASA_Pro_Pension_Implementation_and_Acceptance_v1.0,1.0,§16 Внутренние коды → язык брокера,SRC-DOC-M04-I-00250,,,,DATA,,,,,Canonicalized from 1 candidate row(s); source text preserved in 10_SOURCE_EXTRACTS.csv.
M04-CAN-0310,m04.current_1_0.data_contract.b295cf50091fff87,1.0,CURRENT_1_0,M04,Пенсионные отчисления,DATA_CONTRACT,SNAPSHOT,§16 Внутренние коды → язык брокера,Внутренний код: LEGAL_REVIEW_REQUIRED; Понятный текст брокеру: «Способ автоматической проверки ещё не утверждён».; Действие: Не запускать integration; manual process.; Блокирует snapshot: По gate/policy.,Внутренний код: LEGAL_REVIEW_REQUIRED; Понятный текст брокеру: «Способ автоматической проверки ещё не утверждён».; Действие: Не запускать integration; manual process.; Блокирует snapshot: По gate/policy.,,,,,M04_CASA_Pro_Pension_Implementation_and_Acceptance_v1.0,1.0,§16 Внутренние коды → язык брокера,SRC-DOC-M04-I-00251,,,,DATA|LEGAL,,,,,Canonicalized from 1 candidate row(s); source text preserved in 10_SOURCE_EXTRACTS.csv.
M04-CAN-0311,m04.current_1_0.data_contract.48931301d01f334f,1.0,CURRENT_1_0,M04,Пенсионные отчисления,DATA_CONTRACT,SNAPSHOT,§16 Внутренние коды → язык брокера,"Внутренний код: NO_CONTRIBUTION; Понятный текст брокеру: «За месяц взнос не найден в подтверждённом полном покрытии».; Действие: Показать coverage evidence.; Блокирует snapshot: Нет, только если COVERED и no unknowns.","Внутренний код: NO_CONTRIBUTION; Понятный текст брокеру: «За месяц взнос не найден в подтверждённом полном покрытии».; Действие: Показать coverage evidence.; Блокирует snapshot: Нет, только если COVERED и no unknowns.",,,,,M04_CASA_Pro_Pension_Implementation_and_Acceptance_v1.0,1.0,§16 Внутренние коды → язык брокера,SRC-DOC-M04-I-00252,,,,DATA,,,,,Canonicalized from 1 candidate row(s); source text preserved in 10_SOURCE_EXTRACTS.csv.
M04-CAN-0312,m04.current_1_0.data_contract.5044a8f8abbd7c88,1.0,CURRENT_1_0,M04,Пенсионные отчисления,DATA_CONTRACT,SNAPSHOT,§16 Внутренние коды → язык брокера,Внутренний код: RECONCILIATION_FAILED; Понятный текст брокеру: «Итоги или строки не сошлись».; Действие: Показать понятную проверку + evidence.; Блокирует snapshot: Да.,Внутренний код: RECONCILIATION_FAILED; Понятный текст брокеру: «Итоги или строки не сошлись».; Действие: Показать понятную проверку + evidence.; Блокирует snapshot: Да.,,,,,M04_CASA_Pro_Pension_Implementation_and_Acceptance_v1.0,1.0,§16 Внутренние коды → язык брокера,SRC-DOC-M04-I-00253,,,,DATA,,,,,Canonicalized from 1 candidate row(s); source text preserved in 10_SOURCE_EXTRACTS.csv.
M04-CAN-0313,m04.current_1_0.data_contract.fa2a546d68879c19,1.0,CURRENT_1_0,M04,Пенсионные отчисления,DATA_CONTRACT,SNAPSHOT,§16 Внутренние коды → язык брокера,Внутренний код: AUTHENTICITY_UNVERIFIED; Понятный текст брокеру: «Подлинность документа не подтверждена».; Действие: Manual reference/waiver.; Блокирует snapshot: По policy; не писать «Подтверждено».,Внутренний код: AUTHENTICITY_UNVERIFIED; Понятный текст брокеру: «Подлинность документа не подтверждена».; Действие: Manual reference/waiver.; Блокирует snapshot: По policy; не писать «Подтверждено».,,,,,M04_CASA_Pro_Pension_Implementation_and_Acceptance_v1.0,1.0,§16 Внутренние коды → язык брокера,SRC-DOC-M04-I-00254,,,,DATA,,,,,Canonicalized from 1 candidate row(s); source text preserved in 10_SOURCE_EXTRACTS.csv.
M04-CAN-0314,m04.current_1_0.product_semantic.4bfa2be6c9dfeddf,1.0,CURRENT_1_0,M04,Пенсионные отчисления,PRODUCT_SEMANTIC,STATE,§16 Внутренние коды → язык брокера,Внутренний код: UNKNOWN_KNP / UNKNOWN_STATUS; Понятный текст брокеру: «Не удалось определить тип/статус строки».; Действие: Проверить код/статус; не считать positive.; Блокирует snapshot: Да для profile/base; policy для facts.,Внутренний код: UNKNOWN_KNP / UNKNOWN_STATUS; Понятный текст брокеру: «Не удалось определить тип/статус строки».; Действие: Проверить код/статус; не считать positive.; Блокирует snapshot: Да для profile/base; policy для facts.,,,,,M04_CASA_Pro_Pension_Implementation_and_Acceptance_v1.0,1.0,§16 Внутренние коды → язык брокера,SRC-DOC-M04-I-00255,,,,DATA,,,,,Canonicalized from 1 candidate row(s); source text preserved in 10_SOURCE_EXTRACTS.csv.
M04-CAN-0315,m04.current_1_0.data_contract.11ccf62a5c75ee1a,1.0,CURRENT_1_0,M04,Пенсионные отчисления,DATA_CONTRACT,SNAPSHOT,§16 Внутренние коды → язык брокера,Внутренний код: CRITICAL_FIELD_UNREADABLE; Понятный текст брокеру: «Критичное значение не читается».; Действие: Открыть crop и исправить/заменить PDF.; Блокирует snapshot: Да.,Внутренний код: CRITICAL_FIELD_UNREADABLE; Понятный текст брокеру: «Критичное значение не читается».; Действие: Открыть crop и исправить/заменить PDF.; Блокирует snapshot: Да.,,,,,M04_CASA_Pro_Pension_Implementation_and_Acceptance_v1.0,1.0,§16 Внутренние коды → язык брокера,SRC-DOC-M04-I-00256,,,,DATA|PARSER,,,,,Canonicalized from 1 candidate row(s); source text preserved in 10_SOURCE_EXTRACTS.csv.
M04-CAN-0316,m04.current_1_0.ux_requirement.cd61dd225ee175c3,1.0,CURRENT_1_0,M04,Пенсионные отчисления,UX_REQUIREMENT,UI,§16 Внутренние коды → язык брокера,"Технический код разрешён только в Dev/Admin details, логах, trace/debug и QA export. Он не является основным broker message.","Технический код разрешён только в Dev/Admin details, логах, trace/debug и QA export. Он не является основным broker message.",,,,,M04_CASA_Pro_Pension_Implementation_and_Acceptance_v1.0,1.0,§16 Внутренние коды → язык брокера,SRC-DOC-M04-I-00257,,,,FRONTEND|QA,,,,,Canonicalized from 1 candidate row(s); source text preserved in 10_SOURCE_EXTRACTS.csv.
M04-CAN-0317,m04.current_1_0.security_control.b67ac103cf3ffcbe,1.0,CURRENT_1_0,M04,Пенсионные отчисления,SECURITY_CONTROL,SECURITY,§16 Статусы и понятные сообщения,Техническое состояние: UPLOADING / QUARANTINED; Основной текст брокеру: «Загружаем и безопасно проверяем файл».; Действие / gate: Показать прогресс; результатов ещё нет.,Техническое состояние: UPLOADING / QUARANTINED; Основной текст брокеру: «Загружаем и безопасно проверяем файл».; Действие / gate: Показать прогресс; результатов ещё нет.,,,,,M04_CASA_Pro_Pension_Implementation_and_Acceptance_v1.0,1.0,§16 Статусы и понятные сообщения,SRC-DOC-M04-I-00233,,,,MULTI_LAYER,,,,,Canonicalized from 1 candidate row(s); source text preserved in 10_SOURCE_EXTRACTS.csv.
M04-CAN-0318,m04.current_1_0.product_semantic.f7536882c4580163,1.0,CURRENT_1_0,M04,Пенсионные отчисления,PRODUCT_SEMANTIC,STATE,§16 Статусы и понятные сообщения,"Техническое состояние: NEEDS_REVIEW; Основной текст брокеру: «Есть данные, которые нужно проверить».; Действие / gate: Открыть unresolved task.","Техническое состояние: NEEDS_REVIEW; Основной текст брокеру: «Есть данные, которые нужно проверить».; Действие / gate: Открыть unresolved task.",,,,,M04_CASA_Pro_Pension_Implementation_and_Acceptance_v1.0,1.0,§16 Статусы и понятные сообщения,SRC-DOC-M04-I-00236,,,,MULTI_LAYER,,,,,Canonicalized from 1 candidate row(s); source text preserved in 10_SOURCE_EXTRACTS.csv.
M04-CAN-0319,m04.current_1_0.product_semantic.fef08ae36fb65f4c,1.0,CURRENT_1_0,M04,Пенсионные отчисления,PRODUCT_SEMANTIC,STATE,§16 Статусы и понятные сообщения,Техническое состояние: CONFIRMED; Основной текст брокеру: «Факты проверены для внутреннего использования».; Действие / gate: Создать snapshot; не банк/ЕНПФ confirmation.,Техническое состояние: CONFIRMED; Основной текст брокеру: «Факты проверены для внутреннего использования».; Действие / gate: Создать snapshot; не банк/ЕНПФ confirmation.,,,,CONFIRMED,M04_CASA_Pro_Pension_Implementation_and_Acceptance_v1.0,1.0,§16 Статусы и понятные сообщения,SRC-DOC-M04-I-00240,,,,DATA,,,,,Canonicalized from 1 candidate row(s); source text preserved in 10_SOURCE_EXTRACTS.csv.
M04-CAN-0320,m04.current_1_0.security_control.e4667a43444c549b,1.0,CURRENT_1_0,M04,Пенсионные отчисления,SECURITY_CONTROL,SECURITY,§17 Подлинность / полнота / сверка,Измерение: Техническая целостность; На какой вопрос отвечает: Можно ли безопасно открыть и обработать файл?; Fixture / UI: VALID.,Измерение: Техническая целостность; На какой вопрос отвечает: Можно ли безопасно открыть и обработать файл?; Fixture / UI: VALID.,,,,,M04_CASA_Pro_Pension_Implementation_and_Acceptance_v1.0,1.0,§17 Подлинность / полнота / сверка,SRC-DOC-M04-I-00261,,,,FRONTEND|QA,,,,,Canonicalized from 1 candidate row(s); source text preserved in 10_SOURCE_EXTRACTS.csv.
M04-CAN-0321,m04.current_1_0.ux_requirement.badbf637adbc1448,1.0,CURRENT_1_0,M04,Пенсионные отчисления,UX_REQUIREMENT,UI,§17 Подлинность / полнота / сверка,"Измерение: Полнота; На какой вопрос отвечает: Все ли страницы X/N присутствуют и упорядочены?; Fixture / UI: 2/2, sequence 1/2→2/2.","Измерение: Полнота; На какой вопрос отвечает: Все ли страницы X/N присутствуют и упорядочены?; Fixture / UI: 2/2, sequence 1/2→2/2.",,,,,M04_CASA_Pro_Pension_Implementation_and_Acceptance_v1.0,1.0,§17 Подлинность / полнота / сверка,SRC-DOC-M04-I-00262,,,,FRONTEND|QA,,,,,Canonicalized from 1 candidate row(s); source text preserved in 10_SOURCE_EXTRACTS.csv.
M04-CAN-0322,m04.current_1_0.security_control.72e97afddd409e84,1.0,CURRENT_1_0,M04,Пенсионные отчисления,SECURITY_CONTROL,SECURITY,§17 Подлинность / полнота / сверка,Измерение: Субъект; На какой вопрос отвечает: ИИН/FIO совпадает с participant?; Fixture / UI: MATCH; PII в документации маскирована.,Измерение: Субъект; На какой вопрос отвечает: ИИН/FIO совпадает с participant?; Fixture / UI: MATCH; PII в документации маскирована.,,,,,M04_CASA_Pro_Pension_Implementation_and_Acceptance_v1.0,1.0,§17 Подлинность / полнота / сверка,SRC-DOC-M04-I-00263,,,,FRONTEND|QA|SECURITY,,,,,Canonicalized from 1 candidate row(s); source text preserved in 10_SOURCE_EXTRACTS.csv.
M04-CAN-0323,m04.current_1_0.ux_requirement.eb7d6d449b3b2aaa,1.0,CURRENT_1_0,M04,Пенсионные отчисления,UX_REQUIREMENT,UI,§17 Подлинность / полнота / сверка,Измерение: Шаблон; На какой вопрос отвечает: Поддержан ли exact issuer/type/template version?; Fixture / UI: GOVCORP_ENPF_MOVEMENT_RU_KK_2026.,Измерение: Шаблон; На какой вопрос отвечает: Поддержан ли exact issuer/type/template version?; Fixture / UI: GOVCORP_ENPF_MOVEMENT_RU_KK_2026.,,,,,M04_CASA_Pro_Pension_Implementation_and_Acceptance_v1.0,1.0,§17 Подлинность / полнота / сверка,SRC-DOC-M04-I-00264,,,,FRONTEND|QA,,,,,Canonicalized from 1 candidate row(s); source text preserved in 10_SOURCE_EXTRACTS.csv.
M04-CAN-0324,m04.current_1_0.ux_requirement.a685af6a232f5070,1.0,CURRENT_1_0,M04,Пенсионные отчисления,UX_REQUIREMENT,UI,§17 Подлинность / полнота / сверка,Измерение: Подлинность; На какой вопрос отвечает: Есть ли проверенная signature/barcode/official reference?; Fixture / UI: BARCODE_PRESENT_UNVERIFIED; не VERIFIED.,Измерение: Подлинность; На какой вопрос отвечает: Есть ли проверенная signature/barcode/official reference?; Fixture / UI: BARCODE_PRESENT_UNVERIFIED; не VERIFIED.,,,,VERIFIED,M04_CASA_Pro_Pension_Implementation_and_Acceptance_v1.0,1.0,§17 Подлинность / полнота / сверка,SRC-DOC-M04-I-00265,,,,FRONTEND|QA,,,,,Canonicalized from 1 candidate row(s); source text preserved in 10_SOURCE_EXTRACTS.csv.
M04-CAN-0325,m04.current_1_0.product_semantic.fc627ebeac2a5396,1.0,CURRENT_1_0,M04,Пенсионные отчисления,PRODUCT_SEMANTIC,PARSER,§17 Подлинность / полнота / сверка,Измерение: Качество извлечения; На какой вопрос отвечает: Извлечены ли критичные поля и evidence?; Fixture / UI: PASS_WITH_REVIEW после calibration.,Измерение: Качество извлечения; На какой вопрос отвечает: Извлечены ли критичные поля и evidence?; Fixture / UI: PASS_WITH_REVIEW после calibration.,,,,,M04_CASA_Pro_Pension_Implementation_and_Acceptance_v1.0,1.0,§17 Подлинность / полнота / сверка,SRC-DOC-M04-I-00266,,,,FRONTEND|QA,,,,,Canonicalized from 1 candidate row(s); source text preserved in 10_SOURCE_EXTRACTS.csv.
M04-CAN-0326,m04.current_1_0.product_semantic.4b4dfd6c5af16aa6,1.0,CURRENT_1_0,M04,Пенсионные отчисления,PRODUCT_SEMANTIC,STATE,§17 Подлинность / полнота / сверка,Измерение: Сверка; На какой вопрос отвечает: Сходятся ли pages/rows/amounts/months/senders/statuses?; Fixture / UI: PCR-001…PCR-015.,Измерение: Сверка; На какой вопрос отвечает: Сходятся ли pages/rows/amounts/months/senders/statuses?; Fixture / UI: PCR-001…PCR-015.,,,,,M04_CASA_Pro_Pension_Implementation_and_Acceptance_v1.0,1.0,§17 Подлинность / полнота / сверка,SRC-DOC-M04-I-00267,PCR-001|PCR-015,,,FRONTEND|QA,,,,,Canonicalized from 1 candidate row(s); source text preserved in 10_SOURCE_EXTRACTS.csv.
M04-CAN-0327,m04.current_1_0.ux_requirement.b2f298ba2d24d430,1.0,CURRENT_1_0,M04,Пенсионные отчисления,UX_REQUIREMENT,UI,§17 Подлинность / полнота / сверка,Измерение: Ручная проверка; На какой вопрос отвечает: Закрыты ли blocking tasks человеком?; Fixture / UI: COMPLETED перед publish.,Измерение: Ручная проверка; На какой вопрос отвечает: Закрыты ли blocking tasks человеком?; Fixture / UI: COMPLETED перед publish.,,,,,M04_CASA_Pro_Pension_Implementation_and_Acceptance_v1.0,1.0,§17 Подлинность / полнота / сверка,SRC-DOC-M04-I-00268,,,,FRONTEND|QA,,,,,Canonicalized from 1 candidate row(s); source text preserved in 10_SOURCE_EXTRACTS.csv.
M04-CAN-0328,m04.current_1_0.ux_requirement.71331f9b6f59110f,1.0,CURRENT_1_0,M04,Пенсионные отчисления,UX_REQUIREMENT,UI,§17 Подлинность / полнота / сверка,Измерение: Свежесть; На какой вопрос отвечает: Возраст документа по versioned process TTL?; Fixture / UI: age_days хранится; policy RG-07 открыта.,Измерение: Свежесть; На какой вопрос отвечает: Возраст документа по versioned process TTL?; Fixture / UI: age_days хранится; policy RG-07 открыта.,,,,,M04_CASA_Pro_Pension_Implementation_and_Acceptance_v1.0,1.0,§17 Подлинность / полнота / сверка,SRC-DOC-M04-I-00269,,,,FRONTEND|QA,,RG-07,RG-07,,Canonicalized from 1 candidate row(s); source text preserved in 10_SOURCE_EXTRACTS.csv.
M04-CAN-0329,m04.current_1_0.boundary.26bfa0c451ab632c,1.0,CURRENT_1_0,M04,Пенсионные отчисления,BOUNDARY,FORBIDDEN,§17 Подлинность / полнота / сверка,"НЕ СМЕШИВАТЬ  OCR success не подтверждает подлинность. VALID file не означает MATCH subject. CONFIRMED означает только проверку фактов CASA для внутреннего использования. Один зелёный badge «Подтверждено» запрещён, если остальные измерения не показаны отдельно.: НЕ СМЕШИВАТЬ  OCR success не подтверждает подлинность. VALID file не означает MATCH subject. CONFIRMED означает только проверку фактов CASA для внутреннего использования. Один зелёный badge «Подтверждено» запрещён, если остальные измерения не показаны отдельно.",,"НЕ СМЕШИВАТЬ  OCR success не подтверждает подлинность. VALID file не означает MATCH subject. CONFIRMED означает только проверку фактов CASA для внутреннего использования. Один зелёный badge «Подтверждено» запрещён, если остальные измерения не показаны отдельно.: НЕ СМЕШИВАТЬ  OCR success не подтверждает подлинность. VALID file не означает MATCH subject. CONFIRMED означает только проверку фактов CASA для внутреннего использования. Один зелёный badge «Подтверждено» запрещён, если остальные измерения не показаны отдельно.",,,CONFIRMED,M04_CASA_Pro_Pension_Implementation_and_Acceptance_v1.0,1.0,§17 Подлинность / полнота / сверка,SRC-DOC-M04-I-00270,,,,PARSER,,,,,Canonicalized from 1 candidate row(s); source text preserved in 10_SOURCE_EXTRACTS.csv.
M04-CAN-0330,m04.current_1_0.product_semantic.8ae5fb6e1d6f4507,1.0,CURRENT_1_0,M04,Пенсионные отчисления,PRODUCT_SEMANTIC,CALCULATION,§18 Выходной snapshot,pension_contribution_profile_snapshot — стабильный downstream contract. Client Profile / Calculation layer получают подтверждённые нейтральные факты и версии; они не читают PDF напрямую и не меняют snapshot.,pension_contribution_profile_snapshot — стабильный downstream contract. Client Profile / Calculation layer получают подтверждённые нейтральные факты и версии; они не читают PDF напрямую и не меняют snapshot.,,,,,M04_CASA_Pro_Pension_Implementation_and_Acceptance_v1.0,1.0,§18 Выходной snapshot,SRC-DOC-M04-I-00280,,,,DATA|PARSER,,,,,Canonicalized from 1 candidate row(s); source text preserved in 10_SOURCE_EXTRACTS.csv.
M04-CAN-0331,m04.current_1_0.data_contract.d4859fc54c637387,1.0,CURRENT_1_0,M04,Пенсионные отчисления,DATA_CONTRACT,SNAPSHOT,§18 Выходной snapshot,"Отдаёт дальше: Идентичность источника; Содержание: document_version_id, issuer/type/template, document no, query period + basis, received_at, pages, hash, freshness.","Отдаёт дальше: Идентичность источника; Содержание: document_version_id, issuer/type/template, document no, query period + basis, received_at, pages, hash, freshness.",,,,,M04_CASA_Pro_Pension_Implementation_and_Acceptance_v1.0,1.0,§18 Выходной snapshot,SRC-DOC-M04-I-00282,,,,DATA,,,,,Canonicalized from 1 candidate row(s); source text preserved in 10_SOURCE_EXTRACTS.csv.
M04-CAN-0332,m04.current_1_0.data_contract.05e7297145d4013e,1.0,CURRENT_1_0,M04,Пенсионные отчисления,DATA_CONTRACT,SNAPSHOT,§18 Выходной snapshot,"Отдаёт дальше: Verification; Содержание: file integrity, subject, completeness, authenticity, extraction, reconciliation, review, blocking count.","Отдаёт дальше: Verification; Содержание: file integrity, subject, completeness, authenticity, extraction, reconciliation, review, blocking count.",,,,,M04_CASA_Pro_Pension_Implementation_and_Acceptance_v1.0,1.0,§18 Выходной snapshot,SRC-DOC-M04-I-00283,,,,DATA,,,,,Canonicalized from 1 candidate row(s); source text preserved in 10_SOURCE_EXTRACTS.csv.
M04-CAN-0333,m04.current_1_0.product_semantic.4eba2262d1c592c5,1.0,CURRENT_1_0,M04,Пенсионные отчисления,PRODUCT_SEMANTIC,STATE,§18 Выходной snapshot,Отдаёт дальше: Строки; Содержание: exact records с period/dates/amount/KNP/type/status/effect/sender/evidence/source statuses.,Отдаёт дальше: Строки; Содержание: exact records с period/dates/amount/KNP/type/status/effect/sender/evidence/source statuses.,,,,,M04_CASA_Pro_Pension_Implementation_and_Acceptance_v1.0,1.0,§18 Выходной snapshot,SRC-DOC-M04-I-00284,,,,MULTI_LAYER,,,,,Canonicalized from 1 candidate row(s); source text preserved in 10_SOURCE_EXTRACTS.csv.
M04-CAN-0334,m04.current_1_0.product_semantic.ba1521d596796e54,1.0,CURRENT_1_0,M04,Пенсионные отчисления,PRODUCT_SEMANTIC,STATE,§18 Выходной snapshot,"Отдаёт дальше: Месяцы; Содержание: observed months, coverage status, contribution status, totals by type, sender/record IDs, unknown count.","Отдаёт дальше: Месяцы; Содержание: observed months, coverage status, contribution status, totals by type, sender/record IDs, unknown count.",,,,UNKNOWN,M04_CASA_Pro_Pension_Implementation_and_Acceptance_v1.0,1.0,§18 Выходной snapshot,SRC-DOC-M04-I-00285,,,,MULTI_LAYER,,,,,Canonicalized from 1 candidate row(s); source text preserved in 10_SOURCE_EXTRACTS.csv.
M04-CAN-0335,m04.current_1_0.data_contract.991cfd516090e2a1,1.0,CURRENT_1_0,M04,Пенсионные отчисления,DATA_CONTRACT,SNAPSHOT,§18 Выходной snapshot,"Отдаёт дальше: Отправители; Содержание: canonical sender IDs, masked identifiers, aliases, sequences; role=CONTRIBUTION_SENDER.","Отдаёт дальше: Отправители; Содержание: canonical sender IDs, masked identifiers, aliases, sequences; role=CONTRIBUTION_SENDER.",,,,,M04_CASA_Pro_Pension_Implementation_and_Acceptance_v1.0,1.0,§18 Выходной snapshot,SRC-DOC-M04-I-00286,,,,DATA,,,,,Canonicalized from 1 candidate row(s); source text preserved in 10_SOURCE_EXTRACTS.csv.
M04-CAN-0336,m04.current_1_0.data_contract.41231cdce6f8ed1e,1.0,CURRENT_1_0,M04,Пенсионные отчисления,DATA_CONTRACT,SNAPSHOT,§18 Выходной snapshot,"Отдаёт дальше: Нейтральный профиль; Содержание: periods, known/unknown/gap months, contribution statistics, sender events/signals.","Отдаёт дальше: Нейтральный профиль; Содержание: periods, known/unknown/gap months, contribution statistics, sender events/signals.",,,,UNKNOWN,M04_CASA_Pro_Pension_Implementation_and_Acceptance_v1.0,1.0,§18 Выходной snapshot,SRC-DOC-M04-I-00287,,,,DATA,,,,,Canonicalized from 1 candidate row(s); source text preserved in 10_SOURCE_EXTRACTS.csv.
M04-CAN-0337,m04.current_1_0.product_semantic.b621cdbb29d37cb3,1.0,CURRENT_1_0,M04,Пенсионные отчисления,PRODUCT_SEMANTIC,STATE,§18 Выходной snapshot,Отдаёт дальше: Расчётная база; Содержание: Только status + source amount + confirmed rate context + formula version + limitations; null допустим.,Отдаёт дальше: Расчётная база; Содержание: Только status + source amount + confirmed rate context + formula version + limitations; null допустим.,,,,CONFIRMED,M04_CASA_Pro_Pension_Implementation_and_Acceptance_v1.0,1.0,§18 Выходной snapshot,SRC-DOC-M04-I-00288,,,,MULTI_LAYER,,,,,Canonicalized from 1 candidate row(s); source text preserved in 10_SOURCE_EXTRACTS.csv.
M04-CAN-0338,m04.current_1_0.implementation_detail.d5433463705b173a,1.0,CURRENT_1_0,M04,Пенсионные отчисления,IMPLEMENTATION_DETAIL,PARSER,§18 Выходной snapshot,"Отдаёт дальше: Версии / evidence; Содержание: parser/template/KNP/status/rate/review/profile/schema versions, evidence manifest hash, snapshot hash.","Отдаёт дальше: Версии / evidence; Содержание: parser/template/KNP/status/rate/review/profile/schema versions, evidence manifest hash, snapshot hash.",,,,,M04_CASA_Pro_Pension_Implementation_and_Acceptance_v1.0,1.0,§18 Выходной snapshot,SRC-DOC-M04-I-00289,,,,DATA|PARSER,,,,,Canonicalized from 1 candidate row(s); source text preserved in 10_SOURCE_EXTRACTS.csv.
M04-CAN-0339,m04.current_1_0.product_semantic.873fed6a63c0aabc,1.0,CURRENT_1_0,M04,Пенсионные отчисления,PRODUCT_SEMANTIC,CALCULATION,§2 Назначение,"Модуль фиксирует оригинальный документ, проверяет субъект и полноту, извлекает каждую напечатанную строку с доказательством, строит нейтральную помесячную историю и историю отправителей, закрывает критичные вопросы с участием брокера и публикует воспроизводимый снимок. Подтверждённый факт источника не подменяется расчётом или догадкой.","Модуль фиксирует оригинальный документ, проверяет субъект и полноту, извлекает каждую напечатанную строку с доказательством, строит нейтральную помесячную историю и историю отправителей, закрывает критичные вопросы с участием брокера и публикует воспроизводимый снимок. Подтверждённый факт источника не подменяется расчётом или догадкой.",,,,,M04_CASA_Pro_Pension_Implementation_and_Acceptance_v1.0,1.0,§2 Назначение,SRC-DOC-M04-I-00025,,,,MULTI_LAYER,,,,,Canonicalized from 1 candidate row(s); source text preserved in 10_SOURCE_EXTRACTS.csv.
M04-CAN-0340,m04.current_1_0.ux_requirement.0428bd35dd91ddd8,1.0,CURRENT_1_0,M04,Пенсионные отчисления,UX_REQUIREMENT,UI,§21 Разбор текущего demo,"ОСНОВАНИЕ АУДИТА  Проверены четыре реальные screenshot pro.casa.kz. В пенсионной карточке виден файл OPVReport с периодом 08.02.2026–08.08.2026. Отдельный pension PDF не приложен, поэтому скриншот подтверждает только фактический UI output; идентичность файла permanent fixture по SHA-256 не доказана. Значение «5 наблюдаемых месяцев» должно быть отдельно проверено QA на FX-PC-REG-001, где ожидается 6.: ОСНОВАНИЕ АУДИТА  Проверены четыре реальные screenshot pro.casa.kz. В пенсионной карточке виден файл OPVReport с периодом 08.02.2026–08.08.2026. Отдельный pension PDF не приложен, поэтому скриншот подтверждает только фактический UI output; идентичность файла permanent fixture по SHA-256 не доказана. Значение «5 наблюдаемых месяцев» должно быть отдельно проверено QA на FX-PC-REG-001, где ожидается 6.","ОСНОВАНИЕ АУДИТА  Проверены четыре реальные screenshot pro.casa.kz. В пенсионной карточке виден файл OPVReport с периодом 08.02.2026–08.08.2026. Отдельный pension PDF не приложен, поэтому скриншот подтверждает только фактический UI output; идентичность файла permanent fixture по SHA-256 не доказана. Значение «5 наблюдаемых месяцев» должно быть отдельно проверено QA на FX-PC-REG-001, где ожидается 6.: ОСНОВАНИЕ АУДИТА  Проверены четыре реальные screenshot pro.casa.kz. В пенсионной карточке виден файл OPVReport с периодом 08.02.2026–08.08.2026. Отдельный pension PDF не приложен, поэтому скриншот подтверждает только фактический UI output; идентичность файла permanent fixture по SHA-256 не доказана. Значение «5 наблюдаемых месяцев» должно быть отдельно проверено QA на FX-PC-REG-001, где ожидается 6.",,,,,M04_CASA_Pro_Pension_Implementation_and_Acceptance_v1.0,1.0,§21 Разбор текущего demo,SRC-DOC-M04-I-00350,PC-REG-001,,,FRONTEND|PARSER|QA,,,,,Canonicalized from 1 candidate row(s); source text preserved in 10_SOURCE_EXTRACTS.csv.
M04-CAN-0341,m04.current_1_0.data_contract.d736fb603e183cce,1.0,CURRENT_1_0,M04,Пенсионные отчисления,DATA_CONTRACT,SNAPSHOT,§21 Разбор текущего demo — KEEP / CHANGE / REMOVE / ADD,"Элемент: Ручная загрузка и имя файла; Что сейчас видно: Есть карточка «Выписка ЕНПФ», имя PDF и отметка приватного хранения.; Решение: KEEP / CHANGE; Как должно быть: Сохранить ручной upload; добавить открыть/заменить PDF и понятные версии/даты.; Слои: Frontend/Backend; Priority: HIGH; Source: MASTER §11; Spec §1/§11; Acceptance: AT-PC-002/019; Definition of Done: Upload остаётся manual; оригинал immutable; open/replace доступны.","Элемент: Ручная загрузка и имя файла; Что сейчас видно: Есть карточка «Выписка ЕНПФ», имя PDF и отметка приватного хранения.; Решение: KEEP / CHANGE; Как должно быть: Сохранить ручной upload; добавить открыть/заменить PDF и понятные версии/даты.; Слои: Frontend/Backend; Priority: HIGH; Source: MASTER §11; Spec §1/§11; Acceptance: AT-PC-002/019; Definition of Done: Upload остаётся manual; оригинал immutable; open/replace доступны.",,,,,M04_CASA_Pro_Pension_Implementation_and_Acceptance_v1.0,1.0,§21 Разбор текущего demo — KEEP / CHANGE / REMOVE / ADD,SRC-DOC-M04-I-00355,AT-PC-002,,HIGH,BACKEND|FRONTEND|PARSER,,,,M04-TASK-001|M04-TASK-020,Canonicalized from 1 candidate row(s); source text preserved in 10_SOURCE_EXTRACTS.csv.
M04-CAN-0342,m04.current_1_0.data_contract.5aae88d6338b91e2,1.0,CURRENT_1_0,M04,Пенсионные отчисления,DATA_CONTRACT,DATA_MODEL,§21 Разбор текущего demo — KEEP / CHANGE / REMOVE / ADD,"Элемент: Badge ручной проверки; Что сейчас видно: Виден «Нужна ручная проверка».; Решение: KEEP / CHANGE; Как должно быть: Оставить intent; рядом показать количество и список unresolved tasks, а не общий badge без причины.; Слои: Frontend/QA; Priority: HIGH; Source: Spec §11.3; Acceptance: AT-PC-020/021; Definition of Done: Каждая unresolved task имеет human text, field, evidence и CTA.","Элемент: Badge ручной проверки; Что сейчас видно: Виден «Нужна ручная проверка».; Решение: KEEP / CHANGE; Как должно быть: Оставить intent; рядом показать количество и список unresolved tasks, а не общий badge без причины.; Слои: Frontend/QA; Priority: HIGH; Source: Spec §11.3; Acceptance: AT-PC-020/021; Definition of Done: Каждая unresolved task имеет human text, field, evidence и CTA.",,,,,M04_CASA_Pro_Pension_Implementation_and_Acceptance_v1.0,1.0,§21 Разбор текущего demo — KEEP / CHANGE / REMOVE / ADD,SRC-DOC-M04-I-00356,AT-PC-020,,HIGH,FRONTEND|DATA|QA,,,,M04-TASK-016|M04-TASK-017,Canonicalized from 1 candidate row(s); source text preserved in 10_SOURCE_EXTRACTS.csv.
M04-CAN-0343,m04.current_1_0.product_semantic.48c9ca826a96321e,1.0,CURRENT_1_0,M04,Пенсионные отчисления,PRODUCT_SEMANTIC,PARSER,§21 Разбор текущего demo — KEEP / CHANGE / REMOVE / ADD,Элемент: Машинная строка статусов; Что сейчас видно: Видно «VALID · MANUAL_REVIEW_REQUIRED · PARTIAL».; Решение: CHANGE; Как должно быть: Разделить файл/подлинность/извлечение/reconciliation/review и перевести на русский.; Слои: Frontend/Backend/QA; Priority: CRITICAL; Source: Spec §3.4/§11/§13; Acceptance: AT-PC-017/021; Definition of Done: Ни один internal code не основной broker text; независимые статусы видимы.,Элемент: Машинная строка статусов; Что сейчас видно: Видно «VALID · MANUAL_REVIEW_REQUIRED · PARTIAL».; Решение: CHANGE; Как должно быть: Разделить файл/подлинность/извлечение/reconciliation/review и перевести на русский.; Слои: Frontend/Backend/QA; Priority: CRITICAL; Source: Spec §3.4/§11/§13; Acceptance: AT-PC-017/021; Definition of Done: Ни один internal code не основной broker text; независимые статусы видимы.,,,,,M04_CASA_Pro_Pension_Implementation_and_Acceptance_v1.0,1.0,§21 Разбор текущего demo — KEEP / CHANGE / REMOVE / ADD,SRC-DOC-M04-I-00357,AT-PC-017,,CRITICAL,BACKEND|FRONTEND|QA,,,,M04-TASK-002,Canonicalized from 1 candidate row(s); source text preserved in 10_SOURCE_EXTRACTS.csv.
M04-CAN-0344,m04.current_1_0.data_contract.55cb39323f9c4389,1.0,CURRENT_1_0,M04,Пенсионные отчисления,DATA_CONTRACT,DATA_MODEL,§21 Разбор текущего demo — KEEP / CHANGE / REMOVE / ADD,Элемент: Период запроса; Что сейчас видно: Показан «Период запроса (шапка) 08.02.2026..08.08.2026».; Решение: KEEP / CHANGE; Как должно быть: Сохранить отдельное поле и рядом human warning: период не доказывает coverage.; Слои: Frontend/QA; Priority: CRITICAL; Source: Spec §2.3A/§7.2; Acceptance: AT-PC-003; Definition of Done: Query period не меняет observed/covered months; basis UNKNOWN виден человечески.,Элемент: Период запроса; Что сейчас видно: Показан «Период запроса (шапка) 08.02.2026..08.08.2026».; Решение: KEEP / CHANGE; Как должно быть: Сохранить отдельное поле и рядом human warning: период не доказывает coverage.; Слои: Frontend/QA; Priority: CRITICAL; Source: Spec §2.3A/§7.2; Acceptance: AT-PC-003; Definition of Done: Query period не меняет observed/covered months; basis UNKNOWN виден человечески.,,,,UNKNOWN,M04_CASA_Pro_Pension_Implementation_and_Acceptance_v1.0,1.0,§21 Разбор текущего demo — KEEP / CHANGE / REMOVE / ADD,SRC-DOC-M04-I-00358,AT-PC-003,,CRITICAL,FRONTEND|QA,,,,M04-TASK-005|M04-TASK-006,Canonicalized from 1 candidate row(s); source text preserved in 10_SOURCE_EXTRACTS.csv.
M04-CAN-0345,m04.current_1_0.product_semantic.1ab34f8446c3b33f,1.0,CURRENT_1_0,M04,Пенсионные отчисления,PRODUCT_SEMANTIC,STATE,§21 Разбор текущего demo — KEEP / CHANGE / REMOVE / ADD,"Элемент: КНП / тип / status; Что сейчас видно: Видны 010, OPV, PROCESSED.; Решение: CHANGE; Как должно быть: Сохранить raw/normalized данные, но показывать «ОПВ / КНП 010» и «Поступление обработано»; version/evidence в деталях.; Слои: Frontend/Backend/QA; Priority: HIGH; Source: Spec §4/§11; Acceptance: AT-PC-001G/019/021; Definition of Done: Leading zero сохранён; source status понятен; unknown не default OPV.","Элемент: КНП / тип / status; Что сейчас видно: Видны 010, OPV, PROCESSED.; Решение: CHANGE; Как должно быть: Сохранить raw/normalized данные, но показывать «ОПВ / КНП 010» и «Поступление обработано»; version/evidence в деталях.; Слои: Frontend/Backend/QA; Priority: HIGH; Source: Spec §4/§11; Acceptance: AT-PC-001G/019/021; Definition of Done: Leading zero сохранён; source status понятен; unknown не default OPV.",,,,ZERO|UNKNOWN,M04_CASA_Pro_Pension_Implementation_and_Acceptance_v1.0,1.0,§21 Разбор текущего demo — KEEP / CHANGE / REMOVE / ADD,SRC-DOC-M04-I-00359,AT-PC-001G,,HIGH,BACKEND|FRONTEND|QA,,,,M04-TASK-007,Canonicalized from 1 candidate row(s); source text preserved in 10_SOURCE_EXTRACTS.csv.
M04-CAN-0346,m04.current_1_0.implementation_detail.5a98a6f48da98b11,1.0,CURRENT_1_0,M04,Пенсионные отчисления,IMPLEMENTATION_DETAIL,API,§21 Разбор текущего demo — KEEP / CHANGE / REMOVE / ADD,Элемент: Observed months; Что сейчас видно: Видно «Наблюдаемых месяцев с взносом: 5».; Решение: CHANGE / VERIFY; Как должно быть: Для FX-PC-REG-001 ожидание 6; QA подтвердить actual на fixture и зафиксировать backend/API/UI evidence. Root cause не выводить из screenshot.; Слои: Backend/Parser/Frontend/QA; Priority: CRITICAL; Source: Spec §2/§7; PC-001; Acceptance: AT-PC-001B/C; AT-PC-003; Definition of Done: На FX-PC-REG-001 UI/API дают 6 observed months и 6 rows; query period не влияет.,Элемент: Observed months; Что сейчас видно: Видно «Наблюдаемых месяцев с взносом: 5».; Решение: CHANGE / VERIFY; Как должно быть: Для FX-PC-REG-001 ожидание 6; QA подтвердить actual на fixture и зафиксировать backend/API/UI evidence. Root cause не выводить из screenshot.; Слои: Backend/Parser/Frontend/QA; Priority: CRITICAL; Source: Spec §2/§7; PC-001; Acceptance: AT-PC-001B/C; AT-PC-003; Definition of Done: На FX-PC-REG-001 UI/API дают 6 observed months и 6 rows; query period не влияет.,,,,,M04_CASA_Pro_Pension_Implementation_and_Acceptance_v1.0,1.0,§21 Разбор текущего demo — KEEP / CHANGE / REMOVE / ADD,SRC-DOC-M04-I-00360,PC-REG-001|PC-001|AT-PC-001B|AT-PC-003,,CRITICAL,BACKEND|FRONTEND|PARSER|QA,,,,M04-TASK-004|M04-TASK-006|M04-TASK-014|M04-TASK-005,Canonicalized from 1 candidate row(s); source text preserved in 10_SOURCE_EXTRACTS.csv.
M04-CAN-0347,m04.current_1_0.product_semantic.2116a7a520412977,1.0,CURRENT_1_0,M04,Пенсионные отчисления,PRODUCT_SEMANTIC,FORMULA,§21 Разбор текущего demo — KEEP / CHANGE / REMOVE / ADD,Элемент: Средний ОПВ; Что сейчас видно: Дважды показано 10 000: наблюдаемый и «расчётный».; Решение: CHANGE; Как должно быть: Оставить одну нейтральную статистику по known positive months с формулой/inputs; не создавать видимость дохода.; Слои: Backend/Frontend/QA; Priority: HIGH; Source: Spec §9/§11; Acceptance: AT-PC-001D/E/019; Definition of Done: Mean воспроизводим; label не income; duplicate metric удалён/объяснён.,Элемент: Средний ОПВ; Что сейчас видно: Дважды показано 10 000: наблюдаемый и «расчётный».; Решение: CHANGE; Как должно быть: Оставить одну нейтральную статистику по known positive months с формулой/inputs; не создавать видимость дохода.; Слои: Backend/Frontend/QA; Priority: HIGH; Source: Spec §9/§11; Acceptance: AT-PC-001D/E/019; Definition of Done: Mean воспроизводим; label не income; duplicate metric удалён/объяснён.,,,,,M04_CASA_Pro_Pension_Implementation_and_Acceptance_v1.0,1.0,§21 Разбор текущего demo — KEEP / CHANGE / REMOVE / ADD,SRC-DOC-M04-I-00361,AT-PC-001D,,HIGH,BACKEND|FRONTEND|QA,,,,M04-TASK-011,Canonicalized from 1 candidate row(s); source text preserved in 10_SOURCE_EXTRACTS.csv.
M04-CAN-0348,m04.current_1_0.product_semantic.0190c4f419880032,1.0,CURRENT_1_0,M04,Пенсионные отчисления,PRODUCT_SEMANTIC,CALCULATION,§21 Разбор текущего demo — KEEP / CHANGE / REMOVE / ADD,Элемент: Оценка дохода; Что сейчас видно: Видно «Оценка среднемес. дохода (ОПВ/10%) = 100000».; Решение: REMOVE; Как должно быть: Не вычислять в fixture: rate context отсутствует. Показать «Недостаточно данных для расчёта базы».; Слои: Backend/Frontend/QA; Priority: CRITICAL; Source: Spec §10.3; PC-019; Acceptance: AT-PC-006; Definition of Done: estimated_base=null; salary/income field отсутствует; human reason виден.,Элемент: Оценка дохода; Что сейчас видно: Видно «Оценка среднемес. дохода (ОПВ/10%) = 100000».; Решение: REMOVE; Как должно быть: Не вычислять в fixture: rate context отсутствует. Показать «Недостаточно данных для расчёта базы».; Слои: Backend/Frontend/QA; Priority: CRITICAL; Source: Spec §10.3; PC-019; Acceptance: AT-PC-006; Definition of Done: estimated_base=null; salary/income field отсутствует; human reason виден.,,,,,M04_CASA_Pro_Pension_Implementation_and_Acceptance_v1.0,1.0,§21 Разбор текущего demo — KEEP / CHANGE / REMOVE / ADD,SRC-DOC-M04-I-00362,PC-019|AT-PC-006,,CRITICAL,BACKEND|FRONTEND|DATA|QA,,,,M04-TASK-009|M04-TASK-010,Canonicalized from 1 candidate row(s); source text preserved in 10_SOURCE_EXTRACTS.csv.
M04-CAN-0349,m04.current_1_0.implementation_detail.83057a2e3fff3654,1.0,CURRENT_1_0,M04,Пенсионные отчисления,IMPLEMENTATION_DETAIL,API,§21 Разбор текущего demo — KEEP / CHANGE / REMOVE / ADD,"Элемент: Лимит кредитных платежей; Что сейчас видно: Видно «доход×50% = 50000».; Решение: REMOVE; Как должно быть: Удалить из Pension module; не считать банковский КДН/лимит.; Слои: Backend/Frontend/QA; Priority: CRITICAL; Source: MASTER §11; Spec §1.2/§12; Acceptance: AT-PC-006/019; Definition of Done: Поле, формула и значение отсутствуют в Pension UI/API/snapshot.","Элемент: Лимит кредитных платежей; Что сейчас видно: Видно «доход×50% = 50000».; Решение: REMOVE; Как должно быть: Удалить из Pension module; не считать банковский КДН/лимит.; Слои: Backend/Frontend/QA; Priority: CRITICAL; Source: MASTER §11; Spec §1.2/§12; Acceptance: AT-PC-006/019; Definition of Done: Поле, формула и значение отсутствуют в Pension UI/API/snapshot.",,,,,M04_CASA_Pro_Pension_Implementation_and_Acceptance_v1.0,1.0,§21 Разбор текущего demo — KEEP / CHANGE / REMOVE / ADD,SRC-DOC-M04-I-00363,AT-PC-006,,CRITICAL,BACKEND|FRONTEND|DATA|QA,,,,M04-TASK-009|M04-TASK-010,Canonicalized from 1 candidate row(s); source text preserved in 10_SOURCE_EXTRACTS.csv.
M04-CAN-0350,m04.current_1_0.product_semantic.4510d6613f9765f4,1.0,CURRENT_1_0,M04,Пенсионные отчисления,PRODUCT_SEMANTIC,FORMULA,§21 Разбор текущего demo — KEEP / CHANGE / REMOVE / ADD,Элемент: Длинный warning; Что сейчас видно: Показывает RG-01/SAMPLE_REQUIRED/CONTRACT_REQUIRED/LEGAL_REVIEW_REQUIRED и формулы.; Решение: CHANGE; Как должно быть: Разбить на короткие человеческие review tasks; codes оставить в Dev/QA details.; Слои: Frontend/QA; Priority: CRITICAL; Source: MASTER §18; Spec §13; Acceptance: AT-PC-021; Definition of Done: Broker видит причину и действие без enum; Dev details сохраняет code.,Элемент: Длинный warning; Что сейчас видно: Показывает RG-01/SAMPLE_REQUIRED/CONTRACT_REQUIRED/LEGAL_REVIEW_REQUIRED и формулы.; Решение: CHANGE; Как должно быть: Разбить на короткие человеческие review tasks; codes оставить в Dev/QA details.; Слои: Frontend/QA; Priority: CRITICAL; Source: MASTER §18; Spec §13; Acceptance: AT-PC-021; Definition of Done: Broker видит причину и действие без enum; Dev details сохраняет code.,,,,,M04_CASA_Pro_Pension_Implementation_and_Acceptance_v1.0,1.0,§21 Разбор текущего demo — KEEP / CHANGE / REMOVE / ADD,SRC-DOC-M04-I-00364,AT-PC-021,,CRITICAL,FRONTEND|QA|LEGAL,,RG-01,RG-01,,Canonicalized from 1 candidate row(s); source text preserved in 10_SOURCE_EXTRACTS.csv.
M04-CAN-0351,m04.current_1_0.implementation_detail.8049bfd4bc63e3d3,1.0,CURRENT_1_0,M04,Пенсионные отчисления,IMPLEMENTATION_DETAIL,PARSER,§21 Разбор текущего demo — KEEP / CHANGE / REMOVE / ADD,Элемент: Critical field review; Что сейчас видно: Edit видим только для номера документа; нет source/page/crop.; Решение: CHANGE / ADD; Как должно быть: Для каждого критичного row/header field дать evidence + Confirm/Correct; raw сохраняется.; Слои: Backend/Frontend/Parser/QA; Priority: CRITICAL; Source: MASTER §9; Spec §5.3/§11.3; Acceptance: AT-PC-020; Definition of Done: Low confidence amount/KNP/sender/date открывает точный crop; correction аудируется.,Элемент: Critical field review; Что сейчас видно: Edit видим только для номера документа; нет source/page/crop.; Решение: CHANGE / ADD; Как должно быть: Для каждого критичного row/header field дать evidence + Confirm/Correct; raw сохраняется.; Слои: Backend/Frontend/Parser/QA; Priority: CRITICAL; Source: MASTER §9; Spec §5.3/§11.3; Acceptance: AT-PC-020; Definition of Done: Low confidence amount/KNP/sender/date открывает точный crop; correction аудируется.,,,,,M04_CASA_Pro_Pension_Implementation_and_Acceptance_v1.0,1.0,§21 Разбор текущего demo — KEEP / CHANGE / REMOVE / ADD,SRC-DOC-M04-I-00365,AT-PC-020,,CRITICAL,BACKEND|FRONTEND|DATA|PARSER|QA,,,,M04-TASK-016|M04-TASK-017,Canonicalized from 1 candidate row(s); source text preserved in 10_SOURCE_EXTRACTS.csv.
M04-CAN-0352,m04.current_1_0.implementation_detail.e00ca1bc2c22e5fb,1.0,CURRENT_1_0,M04,Пенсионные отчисления,IMPLEMENTATION_DETAIL,PARSER,§21 Разбор текущего demo — KEEP / CHANGE / REMOVE / ADD,"Элемент: Строки поступлений; Что сейчас видно: В карточке нет таблицы шести source rows, sender и row-level dates/evidence.; Решение: ADD; Как должно быть: Добавить row table: month/date/amount/type-KNP/sender/status/action.; Слои: Backend/Frontend/Parser/QA; Priority: CRITICAL; Source: Spec §11.1–11.2; Acceptance: AT-PC-001B…H; AT-PC-019; Definition of Done: Fixture показывает 6 точных строк без horizontal scroll на desktop.","Элемент: Строки поступлений; Что сейчас видно: В карточке нет таблицы шести source rows, sender и row-level dates/evidence.; Решение: ADD; Как должно быть: Добавить row table: month/date/amount/type-KNP/sender/status/action.; Слои: Backend/Frontend/Parser/QA; Priority: CRITICAL; Source: Spec §11.1–11.2; Acceptance: AT-PC-001B…H; AT-PC-019; Definition of Done: Fixture показывает 6 точных строк без horizontal scroll на desktop.",,,,,M04_CASA_Pro_Pension_Implementation_and_Acceptance_v1.0,1.0,§21 Разбор текущего demo — KEEP / CHANGE / REMOVE / ADD,SRC-DOC-M04-I-00366,AT-PC-001B|AT-PC-019,,CRITICAL,BACKEND|FRONTEND|PARSER|QA,,,,M04-TASK-004|M04-TASK-006|M04-TASK-014,Canonicalized from 1 candidate row(s); source text preserved in 10_SOURCE_EXTRACTS.csv.
M04-CAN-0353,m04.current_1_0.data_contract.6ce507962d6ff8b4,1.0,CURRENT_1_0,M04,Пенсионные отчисления,DATA_CONTRACT,SNAPSHOT,§21 Разбор текущего demo — KEEP / CHANGE / REMOVE / ADD,Элемент: Общий confirm; Что сейчас видно: Есть «Подтвердить данные документа».; Решение: CHANGE; Как должно быть: CTA: «Подтвердить факты и создать снимок»; disabled при blocking tasks; не означает authenticity.; Слои: Backend/Frontend/QA; Priority: CRITICAL; Source: Spec §11.3/§13.1; Acceptance: AT-PC-020/022; Definition of Done: Publish gate проверяет tasks/PCR; snapshot immutable и versioned.,Элемент: Общий confirm; Что сейчас видно: Есть «Подтвердить данные документа».; Решение: CHANGE; Как должно быть: CTA: «Подтвердить факты и создать снимок»; disabled при blocking tasks; не означает authenticity.; Слои: Backend/Frontend/QA; Priority: CRITICAL; Source: Spec §11.3/§13.1; Acceptance: AT-PC-020/022; Definition of Done: Publish gate проверяет tasks/PCR; snapshot immutable и versioned.,,,,DISABLED,M04_CASA_Pro_Pension_Implementation_and_Acceptance_v1.0,1.0,§21 Разбор текущего demo — KEEP / CHANGE / REMOVE / ADD,SRC-DOC-M04-I-00368,AT-PC-020,,CRITICAL,BACKEND|FRONTEND|DATA|QA,,,,M04-TASK-016|M04-TASK-017,Canonicalized from 1 candidate row(s); source text preserved in 10_SOURCE_EXTRACTS.csv.
M04-CAN-0354,m04.current_1_0.boundary.ecaa6d2064d46840,1.0,CURRENT_1_0,M04,Пенсионные отчисления,BOUNDARY,FORBIDDEN,§21 Разбор текущего demo — KEEP / CHANGE / REMOVE / ADD,"Элемент: Запрещённые verdict; Что сейчас видно: В пенсионной карточке не видно good/bad, CASA Score или bank verdict.; Решение: KEEP; Как должно быть: Сохранить отсутствие этих labels.; Слои: Frontend/QA; Priority: CRITICAL; Source: MASTER §11/§18; Spec §1.2/§9; Acceptance: AT-PC-019/021; Definition of Done: Search/UI regression подтверждает отсутствие запрещённой copy.",,"Элемент: Запрещённые verdict; Что сейчас видно: В пенсионной карточке не видно good/bad, CASA Score или bank verdict.; Решение: KEEP; Как должно быть: Сохранить отсутствие этих labels.; Слои: Frontend/QA; Priority: CRITICAL; Source: MASTER §11/§18; Spec §1.2/§9; Acceptance: AT-PC-019/021; Definition of Done: Search/UI regression подтверждает отсутствие запрещённой copy.",,,,M04_CASA_Pro_Pension_Implementation_and_Acceptance_v1.0,1.0,§21 Разбор текущего demo — KEEP / CHANGE / REMOVE / ADD,SRC-DOC-M04-I-00370,AT-PC-019,,CRITICAL,FRONTEND|QA,,,,,Canonicalized from 1 candidate row(s); source text preserved in 10_SOURCE_EXTRACTS.csv.
M04-CAN-0355,m04.current_1_0.implementation_detail.c1cfc04c1dd38ada,1.0,CURRENT_1_0,M04,Пенсионные отчисления,IMPLEMENTATION_DETAIL,API,§22 Текущая реализация → целевая,"ROOT CAUSE НЕ ВЫДУМЫВАТЬ  Скриншоты подтверждают отображаемые значения и copy, но не слой возникновения ошибки. Для «5 наблюдаемых месяцев» QA обязан выполнить FX-PC-REG-001 и приложить parser/API/UI actual. Отдельный pension PDF в этой задаче не предоставлен.: ROOT CAUSE НЕ ВЫДУМЫВАТЬ  Скриншоты подтверждают отображаемые значения и copy, но не слой возникновения ошибки. Для «5 наблюдаемых месяцев» QA обязан выполнить FX-PC-REG-001 и приложить parser/API/UI actual. Отдельный pension PDF в этой задаче не предоставлен.","ROOT CAUSE НЕ ВЫДУМЫВАТЬ  Скриншоты подтверждают отображаемые значения и copy, но не слой возникновения ошибки. Для «5 наблюдаемых месяцев» QA обязан выполнить FX-PC-REG-001 и приложить parser/API/UI actual. Отдельный pension PDF в этой задаче не предоставлен.: ROOT CAUSE НЕ ВЫДУМЫВАТЬ  Скриншоты подтверждают отображаемые значения и copy, но не слой возникновения ошибки. Для «5 наблюдаемых месяцев» QA обязан выполнить FX-PC-REG-001 и приложить parser/API/UI actual. Отдельный pension PDF в этой задаче не предоставлен.",,,,,M04_CASA_Pro_Pension_Implementation_and_Acceptance_v1.0,1.0,§22 Текущая реализация → целевая,SRC-DOC-M04-I-00384,PC-REG-001,,,BACKEND|PARSER|QA,,,,,Canonicalized from 1 candidate row(s); source text preserved in 10_SOURCE_EXTRACTS.csv.
M04-CAN-0356,m04.current_1_0.security_control.b19645a3f0895216,1.0,CURRENT_1_0,M04,Пенсионные отчисления,SECURITY_CONTROL,SECURITY,§5 Пользовательский путь,"Шаг: 1. Нет документа; Что видит/делает брокер: Видит «Загрузите PDF пенсионных отчислений». Upload закрыт без consent.; Что делает CASA: Проверяет согласие, tenant/case/participant.; Состояние: NOT_UPLOADED / CONSENT_REQUIRED; Блокер: Нет/отозвано согласие, нет прав.","Шаг: 1. Нет документа; Что видит/делает брокер: Видит «Загрузите PDF пенсионных отчислений». Upload закрыт без consent.; Что делает CASA: Проверяет согласие, tenant/case/participant.; Состояние: NOT_UPLOADED / CONSENT_REQUIRED; Блокер: Нет/отозвано согласие, нет прав.",,,,,M04_CASA_Pro_Pension_Implementation_and_Acceptance_v1.0,1.0,§5 Пользовательский путь,SRC-DOC-M04-I-00060,,,,PARSER|SECURITY|LEGAL,,,,,Canonicalized from 1 candidate row(s); source text preserved in 10_SOURCE_EXTRACTS.csv.
M04-CAN-0357,m04.current_1_0.implementation_detail.9a0c43b1ebed1a8d,1.0,CURRENT_1_0,M04,Пенсионные отчисления,IMPLEMENTATION_DETAIL,STATE,§5 Пользовательский путь,"Шаг: 2. Загрузка; Что видит/делает брокер: Выбирает PDF, видит прогресс и имя файла.; Что делает CASA: Принимает файл в quarantine, считает hash, сохраняет immutable original.; Состояние: UPLOADING / QUARANTINED; Блокер: Тип, пароль, malware, размер.","Шаг: 2. Загрузка; Что видит/делает брокер: Выбирает PDF, видит прогресс и имя файла.; Что делает CASA: Принимает файл в quarantine, считает hash, сохраняет immutable original.; Состояние: UPLOADING / QUARANTINED; Блокер: Тип, пароль, malware, размер.",,,,,M04_CASA_Pro_Pension_Implementation_and_Acceptance_v1.0,1.0,§5 Пользовательский путь,SRC-DOC-M04-I-00061,,,,PARSER,,,,,Canonicalized from 1 candidate row(s); source text preserved in 10_SOURCE_EXTRACTS.csv.
M04-CAN-0358,m04.current_1_0.product_semantic.e6bcf6db464d234c,1.0,CURRENT_1_0,M04,Пенсионные отчисления,PRODUCT_SEMANTIC,STATE,§5 Пользовательский путь,"Шаг: 3. Техпроверка; Что видит/делает брокер: «Проверяем файл и страницы».; Что делает CASA: MIME/xref/EOF, страницы X/N, subject, template, duplicate, freshness.; Состояние: PROCESSING; Блокер: Corrupt, missing page, subject mismatch.","Шаг: 3. Техпроверка; Что видит/делает брокер: «Проверяем файл и страницы».; Что делает CASA: MIME/xref/EOF, страницы X/N, subject, template, duplicate, freshness.; Состояние: PROCESSING; Блокер: Corrupt, missing page, subject mismatch.",,,,,M04_CASA_Pro_Pension_Implementation_and_Acceptance_v1.0,1.0,§5 Пользовательский путь,SRC-DOC-M04-I-00062,,,,MULTI_LAYER,,,,,Canonicalized from 1 candidate row(s); source text preserved in 10_SOURCE_EXTRACTS.csv.
M04-CAN-0359,m04.current_1_0.product_semantic.d088e9539ef8f000,1.0,CURRENT_1_0,M04,Пенсионные отчисления,PRODUCT_SEMANTIC,PARSER,§5 Пользовательский путь,"Шаг: 4. Распознавание; Что видит/делает брокер: «Извлекаем строки и проверяем итоги».; Что делает CASA: Text first, selective OCR, rows, evidence, KNP/status mapping, PCR checks.; Состояние: PROCESSING; Блокер: Unsupported template, unreadable critical field.","Шаг: 4. Распознавание; Что видит/делает брокер: «Извлекаем строки и проверяем итоги».; Что делает CASA: Text first, selective OCR, rows, evidence, KNP/status mapping, PCR checks.; Состояние: PROCESSING; Блокер: Unsupported template, unreadable critical field.",,,,,M04_CASA_Pro_Pension_Implementation_and_Acceptance_v1.0,1.0,§5 Пользовательский путь,SRC-DOC-M04-I-00063,,,CRITICAL,DATA|PARSER,,,,,Canonicalized from 1 candidate row(s); source text preserved in 10_SOURCE_EXTRACTS.csv.
M04-CAN-0360,m04.current_1_0.product_semantic.a99e169206c2291d,1.0,CURRENT_1_0,M04,Пенсионные отчисления,PRODUCT_SEMANTIC,STATE,§5 Пользовательский путь,Шаг: 5. Результат; Что видит/делает брокер: Видит нейтральный итог и строки поступлений.; Что делает CASA: Строит months/senders/profile; не выводит salary или coverage без доказательства.; Состояние: NEEDS_REVIEW / VALID; Блокер: Critical UNKNOWN/mismatch.,Шаг: 5. Результат; Что видит/делает брокер: Видит нейтральный итог и строки поступлений.; Что делает CASA: Строит months/senders/profile; не выводит salary или coverage без доказательства.; Состояние: NEEDS_REVIEW / VALID; Блокер: Critical UNKNOWN/mismatch.,,,,UNKNOWN,M04_CASA_Pro_Pension_Implementation_and_Acceptance_v1.0,1.0,§5 Пользовательский путь,SRC-DOC-M04-I-00064,,,CRITICAL,MULTI_LAYER,,,,,Canonicalized from 1 candidate row(s); source text preserved in 10_SOURCE_EXTRACTS.csv.
M04-CAN-0361,m04.current_1_0.product_semantic.d52272ce97507183,1.0,CURRENT_1_0,M04,Пенсионные отчисления,PRODUCT_SEMANTIC,STATE,§5 Пользовательский путь,"Шаг: 6. Проверка; Что видит/делает брокер: Открывает источник, подтверждает или исправляет поле.; Что делает CASA: Сохраняет before/after/reason/actor/time и пересчитывает зависимости.; Состояние: NEEDS_REVIEW; Блокер: Незакрытая blocking task.","Шаг: 6. Проверка; Что видит/делает брокер: Открывает источник, подтверждает или исправляет поле.; Что делает CASA: Сохраняет before/after/reason/actor/time и пересчитывает зависимости.; Состояние: NEEDS_REVIEW; Блокер: Незакрытая blocking task.",,,,,M04_CASA_Pro_Pension_Implementation_and_Acceptance_v1.0,1.0,§5 Пользовательский путь,SRC-DOC-M04-I-00065,,,,MULTI_LAYER,,,,,Canonicalized from 1 candidate row(s); source text preserved in 10_SOURCE_EXTRACTS.csv.
M04-CAN-0362,m04.current_1_0.product_semantic.0b636deeeb908e66,1.0,CURRENT_1_0,M04,Пенсионные отчисления,PRODUCT_SEMANTIC,STATE,§5 Пользовательский путь,Шаг: 7. Сверка; Что видит/делает брокер: Видит понятное расхождение или «Итоги сходятся».; Что делает CASA: Повторяет PCR-001…PCR-015; unknown policy остаётся явной.; Состояние: PASS_WITH_REVIEW / NEEDS_REVIEW; Блокер: Blocking PCR не PASS/NA/WAIVED.,Шаг: 7. Сверка; Что видит/делает брокер: Видит понятное расхождение или «Итоги сходятся».; Что делает CASA: Повторяет PCR-001…PCR-015; unknown policy остаётся явной.; Состояние: PASS_WITH_REVIEW / NEEDS_REVIEW; Блокер: Blocking PCR не PASS/NA/WAIVED.,,,,UNKNOWN,M04_CASA_Pro_Pension_Implementation_and_Acceptance_v1.0,1.0,§5 Пользовательский путь,SRC-DOC-M04-I-00066,PCR-001|PCR-015,,,MULTI_LAYER,,,,,Canonicalized from 1 candidate row(s); source text preserved in 10_SOURCE_EXTRACTS.csv.
M04-CAN-0363,m04.current_1_0.product_semantic.1c6d6e6dbf2eba5b,1.0,CURRENT_1_0,M04,Пенсионные отчисления,PRODUCT_SEMANTIC,STATE,§5 Пользовательский путь,Шаг: 8. Подтверждение; Что видит/делает брокер: Нажимает «Подтвердить факты и создать снимок».; Что делает CASA: Проверяет publish gates и создаёт immutable snapshot.; Состояние: CONFIRMED; Блокер: Subject/page/critical/reconciliation gate.,Шаг: 8. Подтверждение; Что видит/делает брокер: Нажимает «Подтвердить факты и создать снимок».; Что делает CASA: Проверяет publish gates и создаёт immutable snapshot.; Состояние: CONFIRMED; Блокер: Subject/page/critical/reconciliation gate.,,,,CONFIRMED,M04_CASA_Pro_Pension_Implementation_and_Acceptance_v1.0,1.0,§5 Пользовательский путь,SRC-DOC-M04-I-00067,,,CRITICAL,DATA,,,,,Canonicalized from 1 candidate row(s); source text preserved in 10_SOURCE_EXTRACTS.csv.
M04-CAN-0364,m04.current_1_0.implementation_detail.cf69250064c83aa5,1.0,CURRENT_1_0,M04,Пенсионные отчисления,IMPLEMENTATION_DETAIL,STATE,§5 Пользовательский путь,Шаг: 9. Передача; Что видит/делает брокер: Видит version/date/hash и нейтральные ограничения.; Что делает CASA: Передаёт snapshot дальше; consumer не перечитывает PDF.; Состояние: SNAPSHOT READY; Блокер: Snapshot gate failed.,Шаг: 9. Передача; Что видит/делает брокер: Видит version/date/hash и нейтральные ограничения.; Что делает CASA: Передаёт snapshot дальше; consumer не перечитывает PDF.; Состояние: SNAPSHOT READY; Блокер: Snapshot gate failed.,,,,,M04_CASA_Pro_Pension_Implementation_and_Acceptance_v1.0,1.0,§5 Пользовательский путь,SRC-DOC-M04-I-00068,,,,DATA|PARSER,,,,,Canonicalized from 1 candidate row(s); source text preserved in 10_SOURCE_EXTRACTS.csv.
M04-CAN-0365,m04.current_1_0.product_semantic.69b754ee29ea5ed7,1.0,CURRENT_1_0,M04,Пенсионные отчисления,PRODUCT_SEMANTIC,STATE,§5 Пользовательский путь,Шаг: 10. Новый PDF; Что видит/делает брокер: Заменяет документ при обновлении.; Что делает CASA: Создаёт новую document version/snapshot; старое read-only.; Состояние: SUPERSEDED; Блокер: Нет.,Шаг: 10. Новый PDF; Что видит/делает брокер: Заменяет документ при обновлении.; Что делает CASA: Создаёт новую document version/snapshot; старое read-only.; Состояние: SUPERSEDED; Блокер: Нет.,,,,,M04_CASA_Pro_Pension_Implementation_and_Acceptance_v1.0,1.0,§5 Пользовательский путь,SRC-DOC-M04-I-00069,,,,DATA|PARSER,,,,,Canonicalized from 1 candidate row(s); source text preserved in 10_SOURCE_EXTRACTS.csv.
M04-CAN-0366,m04.current_1_0.data_contract.c91609ed356fbc69,1.0,CURRENT_1_0,M04,Пенсионные отчисления,DATA_CONTRACT,SNAPSHOT,§5 Пользовательский путь,"ПРАВИЛО ПЕРЕХОДА  Блокирующая проблема не маскируется общим зелёным статусом. Полезный snapshot может содержать разрешённый explicit UNKNOWN, но только если policy допускает этот unknown; он не превращается в ноль, зарплату или положительный вывод.: ПРАВИЛО ПЕРЕХОДА  Блокирующая проблема не маскируется общим зелёным статусом. Полезный snapshot может содержать разрешённый explicit UNKNOWN, но только если policy допускает этот unknown; он не превращается в ноль, зарплату или положительный вывод.","ПРАВИЛО ПЕРЕХОДА  Блокирующая проблема не маскируется общим зелёным статусом. Полезный snapshot может содержать разрешённый explicit UNKNOWN, но только если policy допускает этот unknown; он не превращается в ноль, зарплату или положительный вывод.: ПРАВИЛО ПЕРЕХОДА  Блокирующая проблема не маскируется общим зелёным статусом. Полезный snapshot может содержать разрешённый explicit UNKNOWN, но только если policy допускает этот unknown; он не превращается в ноль, зарплату или положительный вывод.",,,,UNKNOWN,M04_CASA_Pro_Pension_Implementation_and_Acceptance_v1.0,1.0,§5 Пользовательский путь,SRC-DOC-M04-I-00070,,,,DATA,,,,,Canonicalized from 1 candidate row(s); source text preserved in 10_SOURCE_EXTRACTS.csv.
M04-CAN-0367,m04.current_1_0.product_semantic.8b3a228c4e65ed50,1.0,CURRENT_1_0,M04,Пенсионные отчисления,PRODUCT_SEMANTIC,PARSER,§7 Строки пенсионных,Одна напечатанная строка документа = один immutable contribution_record. Повторный OCR той же области не создаёт вторую строку; одинаковая сумма в одном месяце сама по себе не является дублем.,Одна напечатанная строка документа = один immutable contribution_record. Повторный OCR той же области не создаёт вторую строку; одинаковая сумма в одном месяце сама по себе не является дублем.,,,,,M04_CASA_Pro_Pension_Implementation_and_Acceptance_v1.0,1.0,§7 Строки пенсионных,SRC-DOC-M04-I-00094,,,,PARSER,,,,,Canonicalized from 1 candidate row(s); source text preserved in 10_SOURCE_EXTRACTS.csv.
M04-CAN-0368,m04.current_1_0.implementation_detail.fa1e9e7a5a3087ff,1.0,CURRENT_1_0,M04,Пенсионные отчисления,IMPLEMENTATION_DETAIL,BUSINESS_RULE,§7 Строки пенсионных,"Группа: Происхождение; Обязательные поля: record_id, document_version_id, parse_run_id, source_row_index; Правило: Raw parse output и source row не удаляются.","Группа: Происхождение; Обязательные поля: record_id, document_version_id, parse_run_id, source_row_index; Правило: Raw parse output и source row не удаляются.",,,,,M04_CASA_Pro_Pension_Implementation_and_Acceptance_v1.0,1.0,§7 Строки пенсионных,SRC-DOC-M04-I-00096,,,,MULTI_LAYER,,,,,Canonicalized from 1 candidate row(s); source text preserved in 10_SOURCE_EXTRACTS.csv.
M04-CAN-0369,m04.current_1_0.product_semantic.73d467d743c6ccb0,1.0,CURRENT_1_0,M04,Пенсионные отчисления,PRODUCT_SEMANTIC,BUSINESS_RULE,§7 Строки пенсионных,"Группа: Тип платежа; Обязательные поля: raw KNP, normalized KNP, contribution_type, payment_class; Правило: КНП — три цифры; leading zero сохраняется.","Группа: Тип платежа; Обязательные поля: raw KNP, normalized KNP, contribution_type, payment_class; Правило: КНП — три цифры; leading zero сохраняется.",,,,ZERO,M04_CASA_Pro_Pension_Implementation_and_Acceptance_v1.0,1.0,§7 Строки пенсионных,SRC-DOC-M04-I-00097,,,,MULTI_LAYER,,,,,Canonicalized from 1 candidate row(s); source text preserved in 10_SOURCE_EXTRACTS.csv.
M04-CAN-0370,m04.current_1_0.product_semantic.877f47a1dcf86f92,1.0,CURRENT_1_0,M04,Пенсионные отчисления,PRODUCT_SEMANTIC,BUSINESS_RULE,§7 Строки пенсионных,"Группа: Периоды и даты; Обязательные поля: contribution_period, received_date, sent_date, document_date; Правило: Четыре поля не подменяют друг друга.","Группа: Периоды и даты; Обязательные поля: contribution_period, received_date, sent_date, document_date; Правило: Четыре поля не подменяют друг друга.",,,,,M04_CASA_Pro_Pension_Implementation_and_Acceptance_v1.0,1.0,§7 Строки пенсионных,SRC-DOC-M04-I-00098,,,,MULTI_LAYER,,,,,Canonicalized from 1 candidate row(s); source text preserved in 10_SOURCE_EXTRACTS.csv.
M04-CAN-0371,m04.current_1_0.product_semantic.11a6b50707f52747,1.0,CURRENT_1_0,M04,Пенсионные отчисления,PRODUCT_SEMANTIC,BUSINESS_RULE,§7 Строки пенсионных,Группа: Документ строки; Обязательные поля: source_document_number; Правило: Ключ дедупликации; отсутствие усиливает review.,Группа: Документ строки; Обязательные поля: source_document_number; Правило: Ключ дедупликации; отсутствие усиливает review.,,,,,M04_CASA_Pro_Pension_Implementation_and_Acceptance_v1.0,1.0,§7 Строки пенсионных,SRC-DOC-M04-I-00099,,,,MULTI_LAYER,,,,,Canonicalized from 1 candidate row(s); source text preserved in 10_SOURCE_EXTRACTS.csv.
M04-CAN-0372,m04.current_1_0.product_semantic.0599426840e19851,1.0,CURRENT_1_0,M04,Пенсионные отчисления,PRODUCT_SEMANTIC,BUSINESS_RULE,§7 Строки пенсионных,"Группа: Отправитель; Обязательные поля: sender_name, sender_identifier, sender_type_if_known, sender_role; Правило: Role всегда CONTRIBUTION_SENDER, не EMPLOYER.","Группа: Отправитель; Обязательные поля: sender_name, sender_identifier, sender_type_if_known, sender_role; Правило: Role всегда CONTRIBUTION_SENDER, не EMPLOYER.",,,,,M04_CASA_Pro_Pension_Implementation_and_Acceptance_v1.0,1.0,§7 Строки пенсионных,SRC-DOC-M04-I-00100,,,,MULTI_LAYER,,,,,Canonicalized from 1 candidate row(s); source text preserved in 10_SOURCE_EXTRACTS.csv.
M04-CAN-0373,m04.current_1_0.product_semantic.fe3aec0ea7ff0515,1.0,CURRENT_1_0,M04,Пенсионные отчисления,PRODUCT_SEMANTIC,BUSINESS_RULE,§7 Строки пенсионных,"Группа: Получатель; Обязательные поля: recipient_name / identifier, если напечатан; Правило: Не восстанавливать по догадке.","Группа: Получатель; Обязательные поля: recipient_name / identifier, если напечатан; Правило: Не восстанавливать по догадке.",,,,,M04_CASA_Pro_Pension_Implementation_and_Acceptance_v1.0,1.0,§7 Строки пенсионных,SRC-DOC-M04-I-00101,,,,MULTI_LAYER,,,,,Canonicalized from 1 candidate row(s); source text preserved in 10_SOURCE_EXTRACTS.csv.
M04-CAN-0374,m04.current_1_0.product_semantic.56da8ba95e32b1cf,1.0,CURRENT_1_0,M04,Пенсионные отчисления,PRODUCT_SEMANTIC,BUSINESS_RULE,§7 Строки пенсионных,"Группа: Деньги; Обязательные поля: amount, currency; Правило: Decimal; zero/blank/unreadable/unknown различаются.","Группа: Деньги; Обязательные поля: amount, currency; Правило: Decimal; zero/blank/unreadable/unknown различаются.",,,,ZERO|BLANK|UNKNOWN,M04_CASA_Pro_Pension_Implementation_and_Acceptance_v1.0,1.0,§7 Строки пенсионных,SRC-DOC-M04-I-00102,,,,MULTI_LAYER,,,,,Canonicalized from 1 candidate row(s); source text preserved in 10_SOURCE_EXTRACTS.csv.
M04-CAN-0375,m04.current_1_0.product_semantic.b63026dd3b4e75de,1.0,CURRENT_1_0,M04,Пенсионные отчисления,PRODUCT_SEMANTIC,STATE,§7 Строки пенсионных,"Группа: Статус; Обязательные поля: source_status_raw, source_status, processing_effect; Правило: Неизвестный mapping остаётся UNKNOWN.","Группа: Статус; Обязательные поля: source_status_raw, source_status, processing_effect; Правило: Неизвестный mapping остаётся UNKNOWN.",,,,UNKNOWN,M04_CASA_Pro_Pension_Implementation_and_Acceptance_v1.0,1.0,§7 Строки пенсионных,SRC-DOC-M04-I-00103,,,,MULTI_LAYER,,,,,Canonicalized from 1 candidate row(s); source text preserved in 10_SOURCE_EXTRACTS.csv.
M04-CAN-0376,m04.current_1_0.data_contract.d92c355108c7eb66,1.0,CURRENT_1_0,M04,Пенсионные отчисления,DATA_CONTRACT,PROVENANCE,§7 Строки пенсионных,"Группа: Evidence; Обязательные поля: source_page, bbox, crop/text span, evidence_id/hash; Правило: Для каждого критичного поля, не только всей строки.","Группа: Evidence; Обязательные поля: source_page, bbox, crop/text span, evidence_id/hash; Правило: Для каждого критичного поля, не только всей строки.",,,,,M04_CASA_Pro_Pension_Implementation_and_Acceptance_v1.0,1.0,§7 Строки пенсионных,SRC-DOC-M04-I-00104,,,,DATA,,,,,Canonicalized from 1 candidate row(s); source text preserved in 10_SOURCE_EXTRACTS.csv.
M04-CAN-0377,m04.current_1_0.product_semantic.2b8d26247f3654a5,1.0,CURRENT_1_0,M04,Пенсионные отчисления,PRODUCT_SEMANTIC,STATE,§7 Строки пенсионных,"Группа: Review; Обязательные поля: critical_field_status, row_review_status, reviewer_decision_id; Правило: Correction создаёт reviewed revision.","Группа: Review; Обязательные поля: critical_field_status, row_review_status, reviewer_decision_id; Правило: Correction создаёт reviewed revision.",,,,,M04_CASA_Pro_Pension_Implementation_and_Acceptance_v1.0,1.0,§7 Строки пенсионных,SRC-DOC-M04-I-00105,,,,DATA,,,,,Canonicalized from 1 candidate row(s); source text preserved in 10_SOURCE_EXTRACTS.csv.
M04-CAN-0378,m04.current_1_0.boundary.944771cb8406ba51,1.0,CURRENT_1_0,M04,Пенсионные отчисления,BOUNDARY,FORBIDDEN,§7 Строки пенсионных,"ДУБЛИ  Text layer и OCR одной bbox объединяются как extraction provenance. Две реальные строки с одинаковыми month + sender + amount сохраняются раздельно, если transaction/document numbers или даты различаются. Без номера auto-dedup запрещён: нужна ручная проверка.: ДУБЛИ  Text layer и OCR одной bbox объединяются как extraction provenance. Две реальные строки с одинаковыми month + sender + amount сохраняются раздельно, если transaction/document numbers или даты различаются. Без номера auto-dedup запрещён: нужна ручная проверка.",,"ДУБЛИ  Text layer и OCR одной bbox объединяются как extraction provenance. Две реальные строки с одинаковыми month + sender + amount сохраняются раздельно, если transaction/document numbers или даты различаются. Без номера auto-dedup запрещён: нужна ручная проверка.: ДУБЛИ  Text layer и OCR одной bbox объединяются как extraction provenance. Две реальные строки с одинаковыми month + sender + amount сохраняются раздельно, если transaction/document numbers или даты различаются. Без номера auto-dedup запрещён: нужна ручная проверка.",,,,M04_CASA_Pro_Pension_Implementation_and_Acceptance_v1.0,1.0,§7 Строки пенсионных,SRC-DOC-M04-I-00106,,,,PARSER,,,,,Canonicalized from 1 candidate row(s); source text preserved in 10_SOURCE_EXTRACTS.csv.
M04-CAN-0379,m04.current_1_0.product_semantic.cd1ce5ee58c619c8,1.0,CURRENT_1_0,M04,Пенсионные отчисления,PRODUCT_SEMANTIC,BUSINESS_RULE,§9 Суммы и типы взносов,"Уровень: CASA-calculated total; Что хранить / считать: Сумма effective positive contribution rows.; Защита: В fixture 60 000,00 ₸; это не напечатанный source total.","Уровень: CASA-calculated total; Что хранить / считать: Сумма effective positive contribution rows.; Защита: В fixture 60 000,00 ₸; это не напечатанный source total.",,,,,M04_CASA_Pro_Pension_Implementation_and_Acceptance_v1.0,1.0,§9 Суммы и типы взносов,SRC-DOC-M04-I-00131,,,,QA,,,,,Canonicalized from 1 candidate row(s); source text preserved in 10_SOURCE_EXTRACTS.csv.
M04-CAN-0380,m04.current_1_0.product_semantic.410c8bea4d0f6624,1.0,CURRENT_1_0,M04,Пенсионные отчисления,PRODUCT_SEMANTIC,BUSINESS_RULE,§9 Суммы и типы взносов,"Уровень: Source printed total; Что хранить / считать: presence + value, только если напечатан.; Защита: В fixture NOT_APPLICABLE, не PASS и не 0.","Уровень: Source printed total; Что хранить / считать: presence + value, только если напечатан.; Защита: В fixture NOT_APPLICABLE, не PASS и не 0.",,,,NOT_APPLICABLE,M04_CASA_Pro_Pension_Implementation_and_Acceptance_v1.0,1.0,§9 Суммы и типы взносов,SRC-DOC-M04-I-00132,,,,QA,,,,,Canonicalized from 1 candidate row(s); source text preserved in 10_SOURCE_EXTRACTS.csv.
M04-CAN-0381,m04.current_1_0.product_semantic.73162c2bea6c4416,1.0,CURRENT_1_0,M04,Пенсионные отчисления,PRODUCT_SEMANTIC,BUSINESS_RULE,§9 Суммы и типы взносов,Уровень: Positive profile; Что хранить / считать: Totals по known contribution type/sender/month.; Защита: Penalty/rejected/unknown effect исключаются.,Уровень: Positive profile; Что хранить / считать: Totals по known contribution type/sender/month.; Защита: Penalty/rejected/unknown effect исключаются.,,,,UNKNOWN,M04_CASA_Pro_Pension_Implementation_and_Acceptance_v1.0,1.0,§9 Суммы и типы взносов,SRC-DOC-M04-I-00133,,,,MULTI_LAYER,,,,,Canonicalized from 1 candidate row(s); source text preserved in 10_SOURCE_EXTRACTS.csv.
M04-CAN-0382,m04.current_1_0.implementation_detail.8c9a61821222fa7b,1.0,CURRENT_1_0,M04,Пенсионные отчисления,IMPLEMENTATION_DETAIL,BUSINESS_RULE,§9 Суммы и типы взносов,Уровень: Statistics; Что хранить / считать: min/max/median/average по positive known months.; Защита: Decimal; average ROUND_HALF_UP 2; не income.,Уровень: Statistics; Что хранить / считать: min/max/median/average по positive known months.; Защита: Decimal; average ROUND_HALF_UP 2; не income.,,,,,M04_CASA_Pro_Pension_Implementation_and_Acceptance_v1.0,1.0,§9 Суммы и типы взносов,SRC-DOC-M04-I-00134,,,,MULTI_LAYER,,,,,Canonicalized from 1 candidate row(s); source text preserved in 10_SOURCE_EXTRACTS.csv.
M04-CAN-0383,m04.current_1_0.security_control.019e606f07ed3cac,1.0,CURRENT_1_0,M04,Пенсионные отчисления,SECURITY_CONTROL,SECURITY,Безопасность и аудит,доступ только в своём tenant/case и при действующем purpose-bound consent;,доступ только в своём tenant/case и при действующем purpose-bound consent;,,,,,M04_CASA_Pro_Pension_Implementation_and_Acceptance_v1.0,1.0,Безопасность и аудит,SRC-DOC-M04-I-00272,,,,SECURITY|LEGAL,,,,,Canonicalized from 1 candidate row(s); source text preserved in 10_SOURCE_EXTRACTS.csv.
M04-CAN-0384,m04.current_1_0.security_control.3f8a1dfdacccca95,1.0,CURRENT_1_0,M04,Пенсионные отчисления,SECURITY_CONTROL,SECURITY,Безопасность и аудит,"журналируются просмотр evidence, correction, confirm, waiver и publish;","журналируются просмотр evidence, correction, confirm, waiver и publish;",,,,,M04_CASA_Pro_Pension_Implementation_and_Acceptance_v1.0,1.0,Безопасность и аудит,SRC-DOC-M04-I-00274,,,,MULTI_LAYER,,,,,Canonicalized from 1 candidate row(s); source text preserved in 10_SOURCE_EXTRACTS.csv.
M04-CAN-0385,m04.current_1_0.security_control.c291bc3f110f3d17,1.0,CURRENT_1_0,M04,Пенсионные отчисления,SECURITY_CONTROL,SECURITY,Безопасность и аудит,"PII не попадает в обычные логи, tickets, test reports или screenshots; dev/test используют обезличенные данные;","PII не попадает в обычные логи, tickets, test reports или screenshots; dev/test используют обезличенные данные;",,,,,M04_CASA_Pro_Pension_Implementation_and_Acceptance_v1.0,1.0,Безопасность и аудит,SRC-DOC-M04-I-00275,,,,QA|SECURITY,,,,,Canonicalized from 1 candidate row(s); source text preserved in 10_SOURCE_EXTRACTS.csv.
M04-CAN-0386,m04.current_1_0.security_control.5427910304d7be18,1.0,CURRENT_1_0,M04,Пенсионные отчисления,SECURITY_CONTROL,SECURITY,Безопасность и аудит,support/admin не получают PII автоматически: только утверждённый режим доступа с целью и audit;,support/admin не получают PII автоматически: только утверждённый режим доступа с целью и audit;,,,,,M04_CASA_Pro_Pension_Implementation_and_Acceptance_v1.0,1.0,Безопасность и аудит,SRC-DOC-M04-I-00276,,,,SECURITY,,,,,Canonicalized from 1 candidate row(s); source text preserved in 10_SOURCE_EXTRACTS.csv.
M04-CAN-0387,m04.current_1_0.security_control.e9115d2ada3ffef9,1.0,CURRENT_1_0,M04,Пенсионные отчисления,SECURITY_CONTROL,SECURITY,Безопасность и аудит,retry idempotent; exact duplicate не создаёт второй parse/snapshot; tenant isolation проверяется тестами.,retry idempotent; exact duplicate не создаёт второй parse/snapshot; tenant isolation проверяется тестами.,,,,,M04_CASA_Pro_Pension_Implementation_and_Acceptance_v1.0,1.0,Безопасность и аудит,SRC-DOC-M04-I-00277,,,,DATA|SECURITY,,,,,Canonicalized from 1 candidate row(s); source text preserved in 10_SOURCE_EXTRACTS.csv.
M04-CAN-0388,m04.current_1_0.security_control.3e5ccbe8cbd80b66,1.0,CURRENT_1_0,M04,Пенсионные отчисления,SECURITY_CONTROL,SECURITY,Безопасность и аудит,DOWNSTREAM CONTRACT,DOWNSTREAM CONTRACT,,,,,M04_CASA_Pro_Pension_Implementation_and_Acceptance_v1.0,1.0,Безопасность и аудит,SRC-DOC-M04-I-00278,,,,MULTI_LAYER,,,,,Canonicalized from 1 candidate row(s); source text preserved in 10_SOURCE_EXTRACTS.csv.
M04-CAN-0389,m04.current_1_0.product_semantic.bef763dc1bf51153,1.0,CURRENT_1_0,M04,Пенсионные отчисления,PRODUCT_SEMANTIC,BUSINESS_RULE,"Возвраты, корректировки и пени",Source row: ОБРАБОТАННЫЕ / PROCESSED; Хранение: SOURCE_FACT; EFFECTIVE только amount > 0 и payment_class=CONTRIBUTION.; Влияние на positive total: Включить.,Source row: ОБРАБОТАННЫЕ / PROCESSED; Хранение: SOURCE_FACT; EFFECTIVE только amount > 0 и payment_class=CONTRIBUTION.; Влияние на positive total: Включить.,,,,,M04_CASA_Pro_Pension_Implementation_and_Acceptance_v1.0,1.0,"Возвраты, корректировки и пени",SRC-DOC-M04-I-00137,,,,MULTI_LAYER,,,,,Canonicalized from 1 candidate row(s); source text preserved in 10_SOURCE_EXTRACTS.csv.
M04-CAN-0390,m04.current_1_0.product_semantic.7a970759b4755d10,1.0,CURRENT_1_0,M04,Пенсионные отчисления,PRODUCT_SEMANTIC,BUSINESS_RULE,"Возвраты, корректировки и пени","Source row: ВОЗВРАТ / СТОРНО; Хранение: SOURCE_FACT + link на original, если доказан.; Влияние на positive total: Не прибавлять/вычитать без signed mapping и связи.","Source row: ВОЗВРАТ / СТОРНО; Хранение: SOURCE_FACT + link на original, если доказан.; Влияние на positive total: Не прибавлять/вычитать без signed mapping и связи.",,,,,M04_CASA_Pro_Pension_Implementation_and_Acceptance_v1.0,1.0,"Возвраты, корректировки и пени",SRC-DOC-M04-I-00138,,,,MULTI_LAYER,,,,,Canonicalized from 1 candidate row(s); source text preserved in 10_SOURCE_EXTRACTS.csv.
M04-CAN-0391,m04.current_1_0.product_semantic.8083eabd2889d198,1.0,CURRENT_1_0,M04,Пенсионные отчисления,PRODUCT_SEMANTIC,BUSINESS_RULE,"Возвраты, корректировки и пени",Source row: ОТКЛОНЕНО / НЕ ОБРАБОТАНО; Хранение: SOURCE_FACT; REJECTED.; Влияние на positive total: Не считать поступлением.,Source row: ОТКЛОНЕНО / НЕ ОБРАБОТАНО; Хранение: SOURCE_FACT; REJECTED.; Влияние на positive total: Не считать поступлением.,,,,,M04_CASA_Pro_Pension_Implementation_and_Acceptance_v1.0,1.0,"Возвраты, корректировки и пени",SRC-DOC-M04-I-00139,,,,MULTI_LAYER,,,,,Canonicalized from 1 candidate row(s); source text preserved in 10_SOURCE_EXTRACTS.csv.
M04-CAN-0392,m04.current_1_0.product_semantic.048bfeecf7630e9d,1.0,CURRENT_1_0,M04,Пенсионные отчисления,PRODUCT_SEMANTIC,BUSINESS_RULE,"Возвраты, корректировки и пени",Source row: Пеня KNP 019/009/098; Хранение: SOURCE_FACT; payment_class=PENALTY.; Влияние на positive total: Всегда исключить из positive months/totals/base.,Source row: Пеня KNP 019/009/098; Хранение: SOURCE_FACT; payment_class=PENALTY.; Влияние на positive total: Всегда исключить из positive months/totals/base.,,,,,M04_CASA_Pro_Pension_Implementation_and_Acceptance_v1.0,1.0,"Возвраты, корректировки и пени",SRC-DOC-M04-I-00140,,,,MULTI_LAYER,,,,,Canonicalized from 1 candidate row(s); source text preserved in 10_SOURCE_EXTRACTS.csv.
M04-CAN-0393,m04.current_1_0.product_semantic.01b8dba449dd72c2,1.0,CURRENT_1_0,M04,Пенсионные отчисления,PRODUCT_SEMANTIC,STATE,"Возвраты, корректировки и пени",Source row: Неизвестный status/effect; Хранение: UNKNOWN + review.; Влияние на positive total: Не включать до решения.,Source row: Неизвестный status/effect; Хранение: UNKNOWN + review.; Влияние на positive total: Не включать до решения.,,,,UNKNOWN,M04_CASA_Pro_Pension_Implementation_and_Acceptance_v1.0,1.0,"Возвраты, корректировки и пени",SRC-DOC-M04-I-00141,,,,MULTI_LAYER,,,,,Canonicalized from 1 candidate row(s); source text preserved in 10_SOURCE_EXTRACTS.csv.
M04-CAN-0394,m04.current_1_0.security_control.860978bd85317141,1.0,CURRENT_1_0,M04,Пенсионные отчисления,SECURITY_CONTROL,SECURITY,Входит в M04 релиза 1.0,"проверка согласия, tenant/case/participant access и ручная загрузка PDF;","проверка согласия, tenant/case/participant access и ручная загрузка PDF;",,,,,M04_CASA_Pro_Pension_Implementation_and_Acceptance_v1.0,1.0,Входит в M04 релиза 1.0,SRC-DOC-M04-I-00038,,,,PARSER|SECURITY|LEGAL,,,,,Canonicalized from 1 candidate row(s); source text preserved in 10_SOURCE_EXTRACTS.csv.
M04-CAN-0395,m04.current_1_0.product_semantic.769e002cc4d1729e,1.0,CURRENT_1_0,M04,Пенсионные отчисления,PRODUCT_SEMANTIC,PARSER,Входит в M04 релиза 1.0,"text-layer-first extraction, выборочный OCR, строки с raw/normalized/presence/confidence/evidence;","text-layer-first extraction, выборочный OCR, строки с raw/normalized/presence/confidence/evidence;",,,,,M04_CASA_Pro_Pension_Implementation_and_Acceptance_v1.0,1.0,Входит в M04 релиза 1.0,SRC-DOC-M04-I-00041,,,,PARSER,,,,,Canonicalized from 1 candidate row(s); source text preserved in 10_SOURCE_EXTRACTS.csv.
M04-CAN-0396,m04.current_1_0.product_semantic.069881058e98ec26,1.0,CURRENT_1_0,M04,Пенсионные отчисления,PRODUCT_SEMANTIC,STATE,Входит в M04 релиза 1.0,"contribution period, received/sent/document dates, amount, KNP, type, source status, sender и recipient;","contribution period, received/sent/document dates, amount, KNP, type, source status, sender и recipient;",,,,,M04_CASA_Pro_Pension_Implementation_and_Acceptance_v1.0,1.0,Входит в M04 релиза 1.0,SRC-DOC-M04-I-00042,,,,MULTI_LAYER,,,,,Canonicalized from 1 candidate row(s); source text preserved in 10_SOURCE_EXTRACTS.csv.
M04-CAN-0397,m04.current_1_0.product_semantic.5c5bd762178b9587,1.0,CURRENT_1_0,M04,Пенсионные отчисления,PRODUCT_SEMANTIC,BUSINESS_RULE,Входит в M04 релиза 1.0,"раздельные report query period, observed months, coverage и unknown months;","раздельные report query period, observed months, coverage и unknown months;",,,,UNKNOWN,M04_CASA_Pro_Pension_Implementation_and_Acceptance_v1.0,1.0,Входит в M04 релиза 1.0,SRC-DOC-M04-I-00043,,,,MULTI_LAYER,,,,,Canonicalized from 1 candidate row(s); source text preserved in 10_SOURCE_EXTRACTS.csv.
M04-CAN-0398,m04.current_1_0.security_control.4793b3533f51f343,1.0,CURRENT_1_0,M04,Пенсионные отчисления,SECURITY_CONTROL,SECURITY,Входит в M04 релиза 1.0,"versioned KNP/status mapping, безопасная обработка пени, возвратов, corrections и неизвестных кодов;","versioned KNP/status mapping, безопасная обработка пени, возвратов, corrections и неизвестных кодов;",,,,,M04_CASA_Pro_Pension_Implementation_and_Acceptance_v1.0,1.0,Входит в M04 релиза 1.0,SRC-DOC-M04-I-00044,,,,MULTI_LAYER,,,,,Canonicalized from 1 candidate row(s); source text preserved in 10_SOURCE_EXTRACTS.csv.
M04-CAN-0399,m04.current_1_0.data_contract.f151cf4bec9ff037,1.0,CURRENT_1_0,M04,Пенсионные отчисления,DATA_CONTRACT,SNAPSHOT,Входит в M04 релиза 1.0,"проверка критичных полей, исправления с причиной, reconciliation, аудит и immutable snapshot;","проверка критичных полей, исправления с причиной, reconciliation, аудит и immutable snapshot;",,,,,M04_CASA_Pro_Pension_Implementation_and_Acceptance_v1.0,1.0,Входит в M04 релиза 1.0,SRC-DOC-M04-I-00046,,,,DATA,,,,,Canonicalized from 1 candidate row(s); source text preserved in 10_SOURCE_EXTRACTS.csv.
M04-CAN-0400,m04.current_1_0.ux_requirement.02bbb28a76dac71d,1.0,CURRENT_1_0,M04,Пенсионные отчисления,UX_REQUIREMENT,UI,Входит в M04 релиза 1.0,русский broker UI и трассировка PC-001…PC-040 / PCR-001…PCR-015 в существующую Acceptance Matrix.,русский broker UI и трассировка PC-001…PC-040 / PCR-001…PCR-015 в существующую Acceptance Matrix.,,,,,M04_CASA_Pro_Pension_Implementation_and_Acceptance_v1.0,1.0,Входит в M04 релиза 1.0,SRC-DOC-M04-I-00047,PC-001|PC-040|PCR-001|PCR-015,,,FRONTEND,,,,,Canonicalized from 1 candidate row(s); source text preserved in 10_SOURCE_EXTRACTS.csv.
M04-CAN-0401,m04.current_1_0.product_semantic.f4afd40efcbf8139,1.0,CURRENT_1_0,M04,Пенсионные отчисления,PRODUCT_SEMANTIC,BUSINESS_RULE,Детерминированный статус месяца,Условие: coverage = PERIOD_NOT_COVERED; Результат: PERIOD_NOT_COVERED; Запрет: Не создавать gap.,Условие: coverage = PERIOD_NOT_COVERED; Результат: PERIOD_NOT_COVERED; Запрет: Не создавать gap.,,,,,M04_CASA_Pro_Pension_Implementation_and_Acceptance_v1.0,1.0,Детерминированный статус месяца,SRC-DOC-M04-I-00121,,,,MULTI_LAYER,,,,,Canonicalized from 1 candidate row(s); source text preserved in 10_SOURCE_EXTRACTS.csv.
M04-CAN-0402,m04.current_1_0.product_semantic.41044fc7366fb758,1.0,CURRENT_1_0,M04,Пенсионные отчисления,PRODUCT_SEMANTIC,BUSINESS_RULE,Детерминированный статус месяца,Условие: coverage = UNKNOWN и нет positive row; Результат: UNKNOWN; Запрет: Не NO_CONTRIBUTION и не 0 ₸.,Условие: coverage = UNKNOWN и нет positive row; Результат: UNKNOWN; Запрет: Не NO_CONTRIBUTION и не 0 ₸.,,,,UNKNOWN,M04_CASA_Pro_Pension_Implementation_and_Acceptance_v1.0,1.0,Детерминированный статус месяца,SRC-DOC-M04-I-00122,,,,MULTI_LAYER,,,,,Canonicalized from 1 candidate row(s); source text preserved in 10_SOURCE_EXTRACTS.csv.
M04-CAN-0403,m04.current_1_0.product_semantic.cc2b39dcbfec27d4,1.0,CURRENT_1_0,M04,Пенсионные отчисления,PRODUCT_SEMANTIC,BUSINESS_RULE,Детерминированный статус месяца,Условие: Unresolved critical row; Результат: UNKNOWN / review; Запрет: Не считать итог месяца уверенно.,Условие: Unresolved critical row; Результат: UNKNOWN / review; Запрет: Не считать итог месяца уверенно.,,,,UNKNOWN,M04_CASA_Pro_Pension_Implementation_and_Acceptance_v1.0,1.0,Детерминированный статус месяца,SRC-DOC-M04-I-00123,,,CRITICAL,MULTI_LAYER,,,,,Canonicalized from 1 candidate row(s); source text preserved in 10_SOURCE_EXTRACTS.csv.
M04-CAN-0404,m04.current_1_0.product_semantic.af63718720a8088b,1.0,CURRENT_1_0,M04,Пенсионные отчисления,PRODUCT_SEMANTIC,BUSINESS_RULE,Детерминированный статус месяца,Условие: ≥2 effective positive rows; Результат: MULTIPLE_CONTRIBUTIONS; Запрет: Не дедуплицировать по одинаковой сумме.,Условие: ≥2 effective positive rows; Результат: MULTIPLE_CONTRIBUTIONS; Запрет: Не дедуплицировать по одинаковой сумме.,,,,,M04_CASA_Pro_Pension_Implementation_and_Acceptance_v1.0,1.0,Детерминированный статус месяца,SRC-DOC-M04-I-00124,,,,MULTI_LAYER,,,,,Canonicalized from 1 candidate row(s); source text preserved in 10_SOURCE_EXTRACTS.csv.
M04-CAN-0405,m04.current_1_0.product_semantic.70655fb8e6409774,1.0,CURRENT_1_0,M04,Пенсионные отчисления,PRODUCT_SEMANTIC,BUSINESS_RULE,Детерминированный статус месяца,Условие: 1 effective positive row; Результат: CONTRIBUTION_PRESENT; Запрет: Только amount > 0 и признанный contribution type.,Условие: 1 effective positive row; Результат: CONTRIBUTION_PRESENT; Запрет: Только amount > 0 и признанный contribution type.,,,,,M04_CASA_Pro_Pension_Implementation_and_Acceptance_v1.0,1.0,Детерминированный статус месяца,SRC-DOC-M04-I-00125,,,,MULTI_LAYER,,,,,Canonicalized from 1 candidate row(s); source text preserved in 10_SOURCE_EXTRACTS.csv.
M04-CAN-0406,m04.current_1_0.product_semantic.df51ec20a8120cfe,1.0,CURRENT_1_0,M04,Пенсионные отчисления,PRODUCT_SEMANTIC,BUSINESS_RULE,Детерминированный статус месяца,Условие: coverage = COVERED; 0 positive; no unknowns; Результат: NO_CONTRIBUTION; Запрет: Это единственное допустимое условие NO_CONTRIBUTION.,Условие: coverage = COVERED; 0 positive; no unknowns; Результат: NO_CONTRIBUTION; Запрет: Это единственное допустимое условие NO_CONTRIBUTION.,,,,,M04_CASA_Pro_Pension_Implementation_and_Acceptance_v1.0,1.0,Детерминированный статус месяца,SRC-DOC-M04-I-00126,,,,MULTI_LAYER,,,,,Canonicalized from 1 candidate row(s); source text preserved in 10_SOURCE_EXTRACTS.csv.
M04-CAN-0407,m04.current_1_0.product_semantic.54368da666087c14,1.0,CURRENT_1_0,M04,Пенсионные отчисления,PRODUCT_SEMANTIC,BUSINESS_RULE,Как принимается M04,Уровень: CRITICAL; Существующие Acceptance Test IDs: AT-PC-001A…G; AT-PC-002…014; AT-PC-016/017; AT-PC-019…022; AT-PC-SUITE-01.,Уровень: CRITICAL; Существующие Acceptance Test IDs: AT-PC-001A…G; AT-PC-002…014; AT-PC-016/017; AT-PC-019…022; AT-PC-SUITE-01.,,,,,M04_CASA_Pro_Pension_Implementation_and_Acceptance_v1.0,1.0,Как принимается M04,SRC-DOC-M04-I-00389,AT-PC-001A|AT-PC-002|AT-PC-016|AT-PC-019|AT-PC-SUITE-01,,CRITICAL,QA,,,,M04-TASK-003|M04-TASK-001|M04-TASK-020|M04-TASK-018|M04-TASK-021,Canonicalized from 1 candidate row(s); source text preserved in 10_SOURCE_EXTRACTS.csv.
M04-CAN-0408,m04.current_1_0.product_semantic.cd2f069a8a86850d,1.0,CURRENT_1_0,M04,Пенсионные отчисления,PRODUCT_SEMANTIC,BUSINESS_RULE,Как принимается M04,"DONE gate: Fixture; Объективное условие: PC-001 exact: 2 pages, 6 rows, Jan–Jun, each 10 000, total 60 000, 1 sender, KNP010, PROCESSED, exact dates/pages.; Связь: AT-PC-001A…H","DONE gate: Fixture; Объективное условие: PC-001 exact: 2 pages, 6 rows, Jan–Jun, each 10 000, total 60 000, 1 sender, KNP010, PROCESSED, exact dates/pages.; Связь: AT-PC-001A…H",,,,,M04_CASA_Pro_Pension_Implementation_and_Acceptance_v1.0,1.0,Как принимается M04,SRC-DOC-M04-I-00394,PC-001|AT-PC-001A,,,QA,,,,M04-TASK-003,Canonicalized from 1 candidate row(s); source text preserved in 10_SOURCE_EXTRACTS.csv.
M04-CAN-0409,m04.current_1_0.product_semantic.f29765bc3b592069,1.0,CURRENT_1_0,M04,Пенсионные отчисления,PRODUCT_SEMANTIC,BUSINESS_RULE,Как принимается M04,DONE gate: Coverage; Объективное условие: Query period stored separately; missing month remains UNKNOWN unless COVERED.; Связь: AT-PC-003/004,DONE gate: Coverage; Объективное условие: Query period stored separately; missing month remains UNKNOWN unless COVERED.; Связь: AT-PC-003/004,,,,UNKNOWN,M04_CASA_Pro_Pension_Implementation_and_Acceptance_v1.0,1.0,Как принимается M04,SRC-DOC-M04-I-00395,AT-PC-003,,,MULTI_LAYER,,,,M04-TASK-005|M04-TASK-006,Canonicalized from 1 candidate row(s); source text preserved in 10_SOURCE_EXTRACTS.csv.
M04-CAN-0410,m04.current_1_0.data_contract.86c663453afe11d0,1.0,CURRENT_1_0,M04,Пенсионные отчисления,DATA_CONTRACT,SNAPSHOT,Как принимается M04,DONE gate: Sender; Объективное условие: ID-first; no employer inference; sender visible in UI/snapshot.; Связь: AT-PC-001F/005/019,DONE gate: Sender; Объективное условие: ID-first; no employer inference; sender visible in UI/snapshot.; Связь: AT-PC-001F/005/019,,,,,M04_CASA_Pro_Pension_Implementation_and_Acceptance_v1.0,1.0,Как принимается M04,SRC-DOC-M04-I-00396,AT-PC-001F,,,FRONTEND|DATA,,,,M04-TASK-008,Canonicalized from 1 candidate row(s); source text preserved in 10_SOURCE_EXTRACTS.csv.
M04-CAN-0411,m04.current_1_0.product_semantic.f338ef3608d68956,1.0,CURRENT_1_0,M04,Пенсионные отчисления,PRODUCT_SEMANTIC,BUSINESS_RULE,Как принимается M04,DONE gate: Income boundary; Объективное условие: Fixture estimated base null/UNKNOWN_RATE_CONTEXT; no salary/bank income/KDN output.; Связь: AT-PC-006,DONE gate: Income boundary; Объективное условие: Fixture estimated base null/UNKNOWN_RATE_CONTEXT; no salary/bank income/KDN output.; Связь: AT-PC-006,,,,,M04_CASA_Pro_Pension_Implementation_and_Acceptance_v1.0,1.0,Как принимается M04,SRC-DOC-M04-I-00397,AT-PC-006,,,QA,,,,M04-TASK-009|M04-TASK-010,Canonicalized from 1 candidate row(s); source text preserved in 10_SOURCE_EXTRACTS.csv.
M04-CAN-0412,m04.current_1_0.product_semantic.6f73107af85b9c01,1.0,CURRENT_1_0,M04,Пенсионные отчисления,PRODUCT_SEMANTIC,STATE,Как принимается M04,DONE gate: KNP/status; Объективное условие: Unknown safe; penalty excluded; zero/blank/UNKNOWN distinct.; Связь: AT-PC-007…009,DONE gate: KNP/status; Объективное условие: Unknown safe; penalty excluded; zero/blank/UNKNOWN distinct.; Связь: AT-PC-007…009,,,,UNKNOWN|ZERO|BLANK,M04_CASA_Pro_Pension_Implementation_and_Acceptance_v1.0,1.0,Как принимается M04,SRC-DOC-M04-I-00398,AT-PC-007,,,MULTI_LAYER,,,,,Canonicalized from 1 candidate row(s); source text preserved in 10_SOURCE_EXTRACTS.csv.
M04-CAN-0413,m04.current_1_0.data_contract.b014a838a98532ad,1.0,CURRENT_1_0,M04,Пенсионные отчисления,DATA_CONTRACT,DATA_MODEL,Как принимается M04,DONE gate: Evidence/review; Объективное условие: Every critical field opens source/page/crop; correction audited and recalculates.; Связь: AT-PC-013/020,DONE gate: Evidence/review; Объективное условие: Every critical field opens source/page/crop; correction audited and recalculates.; Связь: AT-PC-013/020,,,,,M04_CASA_Pro_Pension_Implementation_and_Acceptance_v1.0,1.0,Как принимается M04,SRC-DOC-M04-I-00399,AT-PC-013,,CRITICAL,DATA,,,,M04-TASK-015,Canonicalized from 1 candidate row(s); source text preserved in 10_SOURCE_EXTRACTS.csv.
M04-CAN-0414,m04.current_1_0.product_semantic.eda3abcf64c1cae4,1.0,CURRENT_1_0,M04,Пенсионные отчисления,PRODUCT_SEMANTIC,STATE,Как принимается M04,DONE gate: Quality/authenticity; Объективное условие: Independent statuses; barcode unverified not confirmed; errors actionable.; Связь: AT-PC-010…012/016…018/021,DONE gate: Quality/authenticity; Объективное условие: Independent statuses; barcode unverified not confirmed; errors actionable.; Связь: AT-PC-010…012/016…018/021,,,,CONFIRMED,M04_CASA_Pro_Pension_Implementation_and_Acceptance_v1.0,1.0,Как принимается M04,SRC-DOC-M04-I-00400,AT-PC-010,,,MULTI_LAYER,,,,,Canonicalized from 1 candidate row(s); source text preserved in 10_SOURCE_EXTRACTS.csv.
M04-CAN-0415,m04.current_1_0.product_semantic.0ff3d459528d982c,1.0,CURRENT_1_0,M04,Пенсионные отчисления,PRODUCT_SEMANTIC,STATE,Как принимается M04,"DONE gate: Rows/UX; Объективное условие: Broker sees exact rows, dates, amounts, sender/type/status without internal codes.; Связь: AT-PC-019/021","DONE gate: Rows/UX; Объективное условие: Broker sees exact rows, dates, amounts, sender/type/status without internal codes.; Связь: AT-PC-019/021",,,,,M04_CASA_Pro_Pension_Implementation_and_Acceptance_v1.0,1.0,Как принимается M04,SRC-DOC-M04-I-00401,AT-PC-019,,,FRONTEND,,,,,Canonicalized from 1 candidate row(s); source text preserved in 10_SOURCE_EXTRACTS.csv.
M04-CAN-0416,m04.current_1_0.data_contract.e91d84dbbfc27f4d,1.0,CURRENT_1_0,M04,Пенсионные отчисления,DATA_CONTRACT,SNAPSHOT,Как принимается M04,DONE gate: Snapshot; Объективное условие: Immutable/versioned/replayable; correction creates new version; no prohibited fields.; Связь: AT-PC-022,DONE gate: Snapshot; Объективное условие: Immutable/versioned/replayable; correction creates new version; no prohibited fields.; Связь: AT-PC-022,,,,,M04_CASA_Pro_Pension_Implementation_and_Acceptance_v1.0,1.0,Как принимается M04,SRC-DOC-M04-I-00402,AT-PC-022,,,DATA,,,,M04-TASK-019,Canonicalized from 1 candidate row(s); source text preserved in 10_SOURCE_EXTRACTS.csv.
M04-CAN-0417,m04.current_1_0.product_semantic.87d365f1a5666c6e,1.0,CURRENT_1_0,M04,Пенсионные отчисления,PRODUCT_SEMANTIC,BUSINESS_RULE,Как принимается M04,DONE gate: Suite; Объективное условие: PC-001…PC-040 and PCR-001…PCR-015 PASS; open governance gates preserve UNKNOWN/manual fallback.; Связь: AT-PC-SUITE-01,DONE gate: Suite; Объективное условие: PC-001…PC-040 and PCR-001…PCR-015 PASS; open governance gates preserve UNKNOWN/manual fallback.; Связь: AT-PC-SUITE-01,,,,UNKNOWN,M04_CASA_Pro_Pension_Implementation_and_Acceptance_v1.0,1.0,Как принимается M04,SRC-DOC-M04-I-00403,PC-001|PC-040|PCR-001|PCR-015|AT-PC-SUITE-01,,,MULTI_LAYER,,,,M04-TASK-018|M04-TASK-021,Canonicalized from 1 candidate row(s); source text preserved in 10_SOURCE_EXTRACTS.csv.
M04-CAN-0418,m04.current_1_0.data_contract.efe978737e46d78a,1.0,CURRENT_1_0,M04,Пенсионные отчисления,DATA_CONTRACT,SNAPSHOT,Как принимается M04,МОДУЛЬ НЕ DONE  Если fixture расходится; 6 строк/60 000 ₸ не получены; sender стал employer; взнос стал зарплатой; missing/UNKNOWN month стал 0; unknown KNP интерпретирован; critical evidence недоступно; correction не аудируется; internal code показан брокеру; blocking task не закрыта; snapshot невоспроизводим.: МОДУЛЬ НЕ DONE  Если fixture расходится; 6 строк/60 000 ₸ не получены; sender стал employer; взнос стал зарплатой; missing/UNKNOWN month стал 0; unknown KNP интерпретирован; critical evidence недоступно; correction не аудируется; internal code показан брокеру; blocking task не закрыта; snapshot невоспроизводим.,МОДУЛЬ НЕ DONE  Если fixture расходится; 6 строк/60 000 ₸ не получены; sender стал employer; взнос стал зарплатой; missing/UNKNOWN month стал 0; unknown KNP интерпретирован; critical evidence недоступно; correction не аудируется; internal code показан брокеру; blocking task не закрыта; snapshot невоспроизводим.: МОДУЛЬ НЕ DONE  Если fixture расходится; 6 строк/60 000 ₸ не получены; sender стал employer; взнос стал зарплатой; missing/UNKNOWN month стал 0; unknown KNP интерпретирован; critical evidence недоступно; correction не аудируется; internal code показан брокеру; blocking task не закрыта; snapshot невоспроизводим.,,,,UNKNOWN,M04_CASA_Pro_Pension_Implementation_and_Acceptance_v1.0,1.0,Как принимается M04,SRC-DOC-M04-I-00404,,,CRITICAL,DATA|QA,,,,,Canonicalized from 1 candidate row(s); source text preserved in 10_SOURCE_EXTRACTS.csv.
M04-CAN-0419,m04.current_1_0.boundary.827651eda085ff69,1.0,CURRENT_1_0,M04,Пенсионные отчисления,BOUNDARY,FORBIDDEN,Не входит,"Не реализовывать в M04: Получение выписки через API; Граница: На стадии 1.x PDF загружает пользователь; вход в eGov/ЕНПФ, OTP, ЭЦП и неподтверждённый API запрещены.",,"Не реализовывать в M04: Получение выписки через API; Граница: На стадии 1.x PDF загружает пользователь; вход в eGov/ЕНПФ, OTP, ЭЦП и неподтверждённый API запрещены.",,,,M04_CASA_Pro_Pension_Implementation_and_Acceptance_v1.0,1.0,Не входит,SRC-DOC-M04-I-00050,,,,BACKEND|PARSER,,,,,Canonicalized from 1 candidate row(s); source text preserved in 10_SOURCE_EXTRACTS.csv.
M04-CAN-0420,m04.current_1_0.product_semantic.7a37c6086966a1df,1.0,CURRENT_1_0,M04,Пенсионные отчисления,PRODUCT_SEMANTIC,CALCULATION,Не входит,Не реализовывать в M04: Зарплата / банковский доход; Граница: Взнос — факт документа. Расчётная база допускается только при закрытом rate context и никогда не называется зарплатой.,Не реализовывать в M04: Зарплата / банковский доход; Граница: Взнос — факт документа. Расчётная база допускается только при закрытом rate context и никогда не называется зарплатой.,,,,,M04_CASA_Pro_Pension_Implementation_and_Acceptance_v1.0,1.0,Не входит,SRC-DOC-M04-I-00051,,,,MULTI_LAYER,,,,,Canonicalized from 1 candidate row(s); source text preserved in 10_SOURCE_EXTRACTS.csv.
M04-CAN-0421,m04.current_1_0.boundary.2e428e9fb392040f,1.0,CURRENT_1_0,M04,Пенсионные отчисления,BOUNDARY,FUTURE_BOUNDARY,Не входит,Не реализовывать в M04: Employer inference; Граница: Sender хранится как «отправитель пенсионных взносов»; связь с работодателем подтверждается только вне Pension Engine.,Не реализовывать в M04: Employer inference; Граница: Sender хранится как «отправитель пенсионных взносов»; связь с работодателем подтверждается только вне Pension Engine.,,,,,M04_CASA_Pro_Pension_Implementation_and_Acceptance_v1.0,1.0,Не входит,SRC-DOC-M04-I-00052,,,,MULTI_LAYER,,,,,Canonicalized from 1 candidate row(s); source text preserved in 10_SOURCE_EXTRACTS.csv.
M04-CAN-0422,m04.current_1_0.boundary.08cfc9f976676d48,1.0,CURRENT_1_0,M04,Пенсионные отчисления,BOUNDARY,FUTURE_BOUNDARY,Не входит,Не реализовывать в M04: КДН и лимит платежей; Граница: Это не нейтральный пенсионный факт и не функция M04.,Не реализовывать в M04: КДН и лимит платежей; Граница: Это не нейтральный пенсионный факт и не функция M04.,,,,,M04_CASA_Pro_Pension_Implementation_and_Acceptance_v1.0,1.0,Не входит,SRC-DOC-M04-I-00053,,,,MULTI_LAYER,,,,,Canonicalized from 1 candidate row(s); source text preserved in 10_SOURCE_EXTRACTS.csv.
M04-CAN-0423,m04.current_1_0.boundary.26386c4a3a7d79df,1.0,CURRENT_1_0,M04,Пенсионные отчисления,BOUNDARY,FUTURE_BOUNDARY,Не входит,"Не реализовывать в M04: Банковские правила и verdict; Граница: Нет «подходит», «не подходит», «стабильный доход», CASA Score или прогноза решения.","Не реализовывать в M04: Банковские правила и verdict; Граница: Нет «подходит», «не подходит», «стабильный доход», CASA Score или прогноза решения.",,,,,M04_CASA_Pro_Pension_Implementation_and_Acceptance_v1.0,1.0,Не входит,SRC-DOC-M04-I-00054,,,,MULTI_LAYER,,,,,Canonicalized from 1 candidate row(s); source text preserved in 10_SOURCE_EXTRACTS.csv.
M04-CAN-0424,m04.current_1_0.product_semantic.4bc5251c5647463f,1.0,CURRENT_1_0,M04,Пенсионные отчисления,PRODUCT_SEMANTIC,CALCULATION,Не входит,"Не реализовывать в M04: Другие модули; Граница: Не добавлять IIN, Credit History, Client Profile, Calculation Engine, scenarios или недвижимость.","Не реализовывать в M04: Другие модули; Граница: Не добавлять IIN, Credit History, Client Profile, Calculation Engine, scenarios или недвижимость.",,,,,M04_CASA_Pro_Pension_Implementation_and_Acceptance_v1.0,1.0,Не входит,SRC-DOC-M04-I-00055,,,,MULTI_LAYER,,,,,Canonicalized from 1 candidate row(s); source text preserved in 10_SOURCE_EXTRACTS.csv.
M04-CAN-0425,m04.current_1_0.boundary.52797d43f23f790e,1.0,CURRENT_1_0,M04,Пенсионные отчисления,BOUNDARY,FORBIDDEN,Не входит,Не реализовывать в M04: Новые шаблоны без sample pack; Граница: UNKNOWN official PDF → UNSUPPORTED_TEMPLATE/SAMPLE_REQUIRED; closest-template parse запрещён.,,Не реализовывать в M04: Новые шаблоны без sample pack; Граница: UNKNOWN official PDF → UNSUPPORTED_TEMPLATE/SAMPLE_REQUIRED; closest-template parse запрещён.,,,UNKNOWN,M04_CASA_Pro_Pension_Implementation_and_Acceptance_v1.0,1.0,Не входит,SRC-DOC-M04-I-00056,,,,PARSER,,,,,Canonicalized from 1 candidate row(s); source text preserved in 10_SOURCE_EXTRACTS.csv.
M04-CAN-0426,m04.current_1_0.boundary.fcbf8850745aef7d,1.0,CURRENT_1_0,M04,Пенсионные отчисления,BOUNDARY,FORBIDDEN,Не отдаёт как факт,Запрещённый выход: Зарплата / verified income / bank accepted income; Почему: Взнос и даже mathematical base не доказывают эти значения.,,Запрещённый выход: Зарплата / verified income / bank accepted income; Почему: Взнос и даже mathematical base не доказывают эти значения.,,,VERIFIED,M04_CASA_Pro_Pension_Implementation_and_Acceptance_v1.0,1.0,Не отдаёт как факт,SRC-DOC-M04-I-00292,,,,MULTI_LAYER,,,,,Canonicalized from 1 candidate row(s); source text preserved in 10_SOURCE_EXTRACTS.csv.
M04-CAN-0427,m04.current_1_0.boundary.e4bbbccac89fe19b,1.0,CURRENT_1_0,M04,Пенсионные отчисления,BOUNDARY,FORBIDDEN,Не отдаёт как факт,Запрещённый выход: Employer relationship; Почему: Sender не равен работодателю без отдельного reviewed source.,,Запрещённый выход: Employer relationship; Почему: Sender не равен работодателю без отдельного reviewed source.,,,,M04_CASA_Pro_Pension_Implementation_and_Acceptance_v1.0,1.0,Не отдаёт как факт,SRC-DOC-M04-I-00293,,,,MULTI_LAYER,,,,,Canonicalized from 1 candidate row(s); source text preserved in 10_SOURCE_EXTRACTS.csv.
M04-CAN-0428,m04.current_1_0.boundary.466d1de7133692e1,1.0,CURRENT_1_0,M04,Пенсионные отчисления,BOUNDARY,FORBIDDEN,Не отдаёт как факт,"Запрещённый выход: Стабильный/нестабильный клиент; Почему: Sender/month patterns — нейтральные signals, не verdict.",,"Запрещённый выход: Стабильный/нестабильный клиент; Почему: Sender/month patterns — нейтральные signals, не verdict.",,,,M04_CASA_Pro_Pension_Implementation_and_Acceptance_v1.0,1.0,Не отдаёт как факт,SRC-DOC-M04-I-00294,,,,MULTI_LAYER,,,,,Canonicalized from 1 candidate row(s); source text preserved in 10_SOURCE_EXTRACTS.csv.
M04-CAN-0429,m04.current_1_0.boundary.ff289ef3a9381271,1.0,CURRENT_1_0,M04,Пенсионные отчисления,BOUNDARY,FORBIDDEN,Не отдаёт как факт,Запрещённый выход: Банковский КДН / лимит платежей; Почему: Это другой расчётный/банковский слой.,,Запрещённый выход: Банковский КДН / лимит платежей; Почему: Это другой расчётный/банковский слой.,,,,M04_CASA_Pro_Pension_Implementation_and_Acceptance_v1.0,1.0,Не отдаёт как факт,SRC-DOC-M04-I-00295,,,,MULTI_LAYER,,,,,Canonicalized from 1 candidate row(s); source text preserved in 10_SOURCE_EXTRACTS.csv.
M04-CAN-0430,m04.current_1_0.boundary.79a9f590266cdd3a,1.0,CURRENT_1_0,M04,Пенсионные отчисления,BOUNDARY,FORBIDDEN,Не отдаёт как факт,"Запрещённый выход: Вердикт / вероятность / CASA Score; Почему: Pension Engine показывает факты и качество, не решение.",,"Запрещённый выход: Вердикт / вероятность / CASA Score; Почему: Pension Engine показывает факты и качество, не решение.",,,,M04_CASA_Pro_Pension_Implementation_and_Acceptance_v1.0,1.0,Не отдаёт как факт,SRC-DOC-M04-I-00296,,,,MULTI_LAYER,,,,,Canonicalized from 1 candidate row(s); source text preserved in 10_SOURCE_EXTRACTS.csv.
M04-CAN-0431,m04.current_1_0.product_semantic.3335bb839e808792,1.0,CURRENT_1_0,M04,Пенсионные отчисления,PRODUCT_SEMANTIC,VALIDATION,Негативные и пограничные проверки,"no row + coverage UNKNOWN → UNKNOWN, не NO_CONTRIBUTION (PC-005 / AT-PC-004);","no row + coverage UNKNOWN → UNKNOWN, не NO_CONTRIBUTION (PC-005 / AT-PC-004);",,,,UNKNOWN,M04_CASA_Pro_Pension_Implementation_and_Acceptance_v1.0,1.0,Негативные и пограничные проверки,SRC-DOC-M04-I-00340,PC-005|AT-PC-004,,,MULTI_LAYER,,,,,Canonicalized from 1 candidate row(s); source text preserved in 10_SOURCE_EXTRACTS.csv.
M04-CAN-0432,m04.current_1_0.product_semantic.af60927b97e88b32,1.0,CURRENT_1_0,M04,Пенсионные отчисления,PRODUCT_SEMANTIC,VALIDATION,Негативные и пограничные проверки,"unknown KNP → UNKNOWN + review, не OPV (PC-025 / AT-PC-007);","unknown KNP → UNKNOWN + review, не OPV (PC-025 / AT-PC-007);",,,,UNKNOWN,M04_CASA_Pro_Pension_Implementation_and_Acceptance_v1.0,1.0,Негативные и пограничные проверки,SRC-DOC-M04-I-00341,PC-025|AT-PC-007,,,MULTI_LAYER,,,,,Canonicalized from 1 candidate row(s); source text preserved in 10_SOURCE_EXTRACTS.csv.
M04-CAN-0433,m04.current_1_0.product_semantic.b754c24a0e64fee3,1.0,CURRENT_1_0,M04,Пенсионные отчисления,PRODUCT_SEMANTIC,VALIDATION,Негативные и пограничные проверки,same name/different sender IDs не merge; missing ID блокирует silent resolution (PC-011/013);,same name/different sender IDs не merge; missing ID блокирует silent resolution (PC-011/013);,,,,,M04_CASA_Pro_Pension_Implementation_and_Acceptance_v1.0,1.0,Негативные и пограничные проверки,SRC-DOC-M04-I-00344,PC-011,,,MULTI_LAYER,,,,,Canonicalized from 1 candidate row(s); source text preserved in 10_SOURCE_EXTRACTS.csv.
M04-CAN-0434,m04.current_1_0.product_semantic.90c2adcd86a9c01a,1.0,CURRENT_1_0,M04,Пенсионные отчисления,PRODUCT_SEMANTIC,PARSER,Негативные и пограничные проверки,text + OCR одной bbox не double count; identical legitimate rows сохраняются (PC-006/034);,text + OCR одной bbox не double count; identical legitimate rows сохраняются (PC-006/034);,,,,,M04_CASA_Pro_Pension_Implementation_and_Acceptance_v1.0,1.0,Негативные и пограничные проверки,SRC-DOC-M04-I-00345,PC-006,,,PARSER,,,,,Canonicalized from 1 candidate row(s); source text preserved in 10_SOURCE_EXTRACTS.csv.
M04-CAN-0435,m04.current_1_0.product_semantic.f202d33bec18b706,1.0,CURRENT_1_0,M04,Пенсионные отчисления,PRODUCT_SEMANTIC,VALIDATION,Негативные и пограничные проверки,"KNP010 без regime → UNKNOWN_RATE_CONTEXT, не 100 000 ₸ income (PC-019 / AT-PC-006).","KNP010 без regime → UNKNOWN_RATE_CONTEXT, не 100 000 ₸ income (PC-019 / AT-PC-006).",,,,,M04_CASA_Pro_Pension_Implementation_and_Acceptance_v1.0,1.0,Негативные и пограничные проверки,SRC-DOC-M04-I-00347,PC-019|AT-PC-006,,,MULTI_LAYER,,,,M04-TASK-009|M04-TASK-010,Canonicalized from 1 candidate row(s); source text preserved in 10_SOURCE_EXTRACTS.csv.
M04-CAN-0436,m04.current_1_0.ux_requirement.5df546245de8182d,1.0,CURRENT_1_0,M04,Пенсионные отчисления,UX_REQUIREMENT,UI,Негативные и пограничные проверки,ФАКТИЧЕСКИЙ UI / 22.08.2026,ФАКТИЧЕСКИЙ UI / 22.08.2026,,,,,M04_CASA_Pro_Pension_Implementation_and_Acceptance_v1.0,1.0,Негативные и пограничные проверки,SRC-DOC-M04-I-00348,,,,FRONTEND,,,,,Canonicalized from 1 candidate row(s); source text preserved in 10_SOURCE_EXTRACTS.csv.
M04-CAN-0437,m04.current_1_0.data_contract.3c20d58487ba8f35,1.0,CURRENT_1_0,M04,Пенсионные отчисления,DATA_CONTRACT,SNAPSHOT,Правило агрегатов,"Критичная UNKNOWN/BLANK/UNREADABLE row, способная изменить сумму или месяц, блокирует уверенный metric и snapshot по gate.","Критичная UNKNOWN/BLANK/UNREADABLE row, способная изменить сумму или месяц, блокирует уверенный metric и snapshot по gate.",,,,UNKNOWN|BLANK,M04_CASA_Pro_Pension_Implementation_and_Acceptance_v1.0,1.0,Правило агрегатов,SRC-DOC-M04-I-00196,,,,DATA,,,,,Canonicalized from 1 candidate row(s); source text preserved in 10_SOURCE_EXTRACTS.csv.
M04-CAN-0438,m04.current_1_0.product_semantic.c477ac8c845ee63d,1.0,CURRENT_1_0,M04,Пенсионные отчисления,PRODUCT_SEMANTIC,BUSINESS_RULE,Правило агрегатов,Source total absent в fixture = NOT_APPLICABLE; CASA-calculated total остаётся отдельным derived metric.,Source total absent в fixture = NOT_APPLICABLE; CASA-calculated total остаётся отдельным derived metric.,,,,NOT_APPLICABLE,M04_CASA_Pro_Pension_Implementation_and_Acceptance_v1.0,1.0,Правило агрегатов,SRC-DOC-M04-I-00197,,,,QA,,,,,Canonicalized from 1 candidate row(s); source text preserved in 10_SOURCE_EXTRACTS.csv.
M04-CAN-0439,m04.current_1_0.boundary.abdef4c2bd4dda2d,1.0,CURRENT_1_0,M04,Пенсионные отчисления,BOUNDARY,FORBIDDEN,Правило агрегатов,"Coverage UNKNOWN не мешает хранить доказанные positive rows, но запрещает months_without_contributions и фразу «полное покрытие».",,"Coverage UNKNOWN не мешает хранить доказанные positive rows, но запрещает months_without_contributions и фразу «полное покрытие».",,,UNKNOWN,M04_CASA_Pro_Pension_Implementation_and_Acceptance_v1.0,1.0,Правило агрегатов,SRC-DOC-M04-I-00198,,,,MULTI_LAYER,,,,,Canonicalized from 1 candidate row(s); source text preserved in 10_SOURCE_EXTRACTS.csv.
M04-CAN-0440,m04.current_1_0.boundary.890980c731bc8466,1.0,CURRENT_1_0,M04,Пенсионные отчисления,BOUNDARY,FORBIDDEN,Правило агрегатов,"MUST NOT  UNKNOWN, blank, unreadable, no row observed и not applicable не преобразуются в 0, false, «взносов не было», «доход 0» или «данные подтверждены».: MUST NOT  UNKNOWN, blank, unreadable, no row observed и not applicable не преобразуются в 0, false, «взносов не было», «доход 0» или «данные подтверждены».",,"MUST NOT  UNKNOWN, blank, unreadable, no row observed и not applicable не преобразуются в 0, false, «взносов не было», «доход 0» или «данные подтверждены».: MUST NOT  UNKNOWN, blank, unreadable, no row observed и not applicable не преобразуются в 0, false, «взносов не было», «доход 0» или «данные подтверждены».",,,UNKNOWN|BLANK,M04_CASA_Pro_Pension_Implementation_and_Acceptance_v1.0,1.0,Правило агрегатов,SRC-DOC-M04-I-00200,,,,MULTI_LAYER,,,,,Canonicalized from 1 candidate row(s); source text preserved in 10_SOURCE_EXTRACTS.csv.
M04-CAN-0441,m04.current_1_0.product_semantic.4e0b7bfd51f9f460,1.0,CURRENT_1_0,M04,Пенсионные отчисления,PRODUCT_SEMANTIC,VALIDATION,Правило агрегатов,ПРОВЕРКА SOURCE FACTS,ПРОВЕРКА SOURCE FACTS,,,,,M04_CASA_Pro_Pension_Implementation_and_Acceptance_v1.0,1.0,Правило агрегатов,SRC-DOC-M04-I-00201,,,,MULTI_LAYER,,,,,Canonicalized from 1 candidate row(s); source text preserved in 10_SOURCE_EXTRACTS.csv.
M04-CAN-0442,m04.current_1_0.product_semantic.d73c7fbf7877d65f,1.0,CURRENT_1_0,M04,Пенсионные отчисления,PRODUCT_SEMANTIC,STATE,Шесть канонических строк,"ТОЧНОСТЬ  Не округлять и не заменять exact fixture values. Любое расхождение страниц, строк, месяцев, сумм, sender, KNP, statuses или evidence — FAIL до доказанного template-specific правила.: ТОЧНОСТЬ  Не округлять и не заменять exact fixture values. Любое расхождение страниц, строк, месяцев, сумм, sender, KNP, statuses или evidence — FAIL до доказанного template-specific правила.","ТОЧНОСТЬ  Не округлять и не заменять exact fixture values. Любое расхождение страниц, строк, месяцев, сумм, sender, KNP, statuses или evidence — FAIL до доказанного template-specific правила.: ТОЧНОСТЬ  Не округлять и не заменять exact fixture values. Любое расхождение страниц, строк, месяцев, сумм, sender, KNP, statuses или evidence — FAIL до доказанного template-specific правила.",,,,,M04_CASA_Pro_Pension_Implementation_and_Acceptance_v1.0,1.0,Шесть канонических строк,SRC-DOC-M04-I-00323,,,,QA,,,,,Canonicalized from 1 candidate row(s); source text preserved in 10_SOURCE_EXTRACTS.csv.
