requirement_id,canonical_key,release,applicability,module_id,module_name,requirement_level,category,subsystem,requirement,expected_behavior,forbidden_behavior,input,output,state_or_status,source_documents,source_versions,source_sections,source_extract_ids,acceptance_test_ids,priority,criticality,implementation_layer,dependency,release_gate,open_gate_ids,developer_task_ids,notes
M05-CAN-0001,m05.current_1_0.security_control.bfd08f504201293e,1.0,CURRENT_1_0,M05,Профиль клиента,SECURITY_CONTROL,SECURITY,§1 Scope и границы,"Наследование
Tenant/case ACL, согласия, шифрование, audit, immutable snapshots, UNKNOWN ≠ 0, provenance/evidence и review-подход наследуются из уже закрытых блоков №1–3. Здесь описана только анкета и сбор недостающих клиентских фактов.: Наследование
Tenant/case ACL, согласия, шифрование, audit, immutable snapshots, UNKNOWN ≠ 0, provenance/evidence и review-подход наследуются из уже закрытых блоков №1–3. Здесь описана только анкета и сбор недостающих клиентских фактов.","Наследование
Tenant/case ACL, согласия, шифрование, audit, immutable snapshots, UNKNOWN ≠ 0, provenance/evidence и review-подход наследуются из уже закрытых блоков №1–3. Здесь описана только анкета и сбор недостающих клиентских фактов.: Наследование
Tenant/case ACL, согласия, шифрование, audit, immutable snapshots, UNKNOWN ≠ 0, provenance/evidence и review-подход наследуются из уже закрытых блоков №1–3. Здесь описана только анкета и сбор недостающих клиентских фактов.",,,,UNKNOWN,04_CASA_Pro_Client_Profile_Final_Spec_KZ_2026-08-21,2026-08-21,§1 Scope и границы,SRC-DOC-M05-P-00009,,,,DATA|SECURITY|LEGAL,,,,,Canonicalized from 1 candidate row(s); source text preserved in 10_SOURCE_EXTRACTS.csv.
M05-CAN-0002,m05.current_1_0.product_semantic.f06c758e8734734c,1.0,CURRENT_1_0,M05,Профиль клиента,PRODUCT_SEMANTIC,BUSINESS_RULE,§1.1 Что блок делает,"Создаёт и ведёт участников ипотечного дела: основной заёмщик, супруг, созаёмщик и иной участник только при реальной необходимости.","Создаёт и ведёт участников ипотечного дела: основной заёмщик, супруг, созаёмщик и иной участник только при реальной необходимости.",,,,,04_CASA_Pro_Client_Profile_Final_Spec_KZ_2026-08-21,2026-08-21,§1.1 Что блок делает,SRC-DOC-M05-P-00011,,,,MULTI_LAYER,,,,,Canonicalized from 1 candidate row(s); source text preserved in 10_SOURCE_EXTRACTS.csv.
M05-CAN-0003,m05.current_1_0.product_semantic.94e82b1ee233f5c5,1.0,CURRENT_1_0,M05,Профиль клиента,PRODUCT_SEMANTIC,BUSINESS_RULE,§1.1 Что блок делает,Хранит историю занятости отдельно от источников дохода; один участник может иметь несколько работ и несколько доходов одновременно.,Хранит историю занятости отдельно от источников дохода; один участник может иметь несколько работ и несколько доходов одновременно.,,,,,04_CASA_Pro_Client_Profile_Final_Spec_KZ_2026-08-21,2026-08-21,§1.1 Что блок делает,SRC-DOC-M05-P-00013,,,,MULTI_LAYER,,,,,Canonicalized from 1 candidate row(s); source text preserved in 10_SOURCE_EXTRACTS.csv.
M05-CAN-0004,m05.current_1_0.product_semantic.46154873d13231b7,1.0,CURRENT_1_0,M05,Профиль клиента,PRODUCT_SEMANTIC,BUSINESS_RULE,§1.1 Что блок делает,"Хранит активы и источники первоначального взноса отдельно, чтобы CASA могла доказать происхождение и доступность средств.","Хранит активы и источники первоначального взноса отдельно, чтобы CASA могла доказать происхождение и доступность средств.",,,,,04_CASA_Pro_Client_Profile_Final_Spec_KZ_2026-08-21,2026-08-21,§1.1 Что блок делает,SRC-DOC-M05-P-00014,,,,MULTI_LAYER,,,,,Canonicalized from 1 candidate row(s); source text preserved in 10_SOURCE_EXTRACTS.csv.
M05-CAN-0005,m05.current_1_0.data_contract.d84effc64a33ba63,1.0,CURRENT_1_0,M05,Профиль клиента,DATA_CONTRACT,SNAPSHOT,§1.1 Что блок делает,"Формирует полноту анкеты, конфликты, missing evidence и готовый neutral snapshot для следующего Bank Rules Engine.","Формирует полноту анкеты, конфликты, missing evidence и готовый neutral snapshot для следующего Bank Rules Engine.",,,,,04_CASA_Pro_Client_Profile_Final_Spec_KZ_2026-08-21,2026-08-21,§1.1 Что блок делает,SRC-DOC-M05-P-00016,,,,DATA,,,,,Canonicalized from 1 candidate row(s); source text preserved in 10_SOURCE_EXTRACTS.csv.
M05-CAN-0006,m05.current_1_0.product_semantic.c2dbf742ad28f26f,1.0,CURRENT_1_0,M05,Профиль клиента,PRODUCT_SEMANTIC,CALCULATION,§1.2 Что блок НЕ делает,не рассчитывает банковский КДН и не дублирует расчёты Credit History Engine;,не рассчитывает банковский КДН и не дублирует расчёты Credit History Engine;,,,,,04_CASA_Pro_Client_Profile_Final_Spec_KZ_2026-08-21,2026-08-21,§1.2 Что блок НЕ делает,SRC-DOC-M05-P-00020,,,,MULTI_LAYER,,,,,Canonicalized from 1 candidate row(s); source text preserved in 10_SOURCE_EXTRACTS.csv.
M05-CAN-0007,m05.current_1_0.data_contract.5312d99343b156e5,1.0,CURRENT_1_0,M05,Профиль клиента,DATA_CONTRACT,SNAPSHOT,§1.2 Что блок НЕ делает,не читает повторно PDF кредитной истории или ЕНПФ — использует published snapshots;,не читает повторно PDF кредитной истории или ЕНПФ — использует published snapshots;,,,,,04_CASA_Pro_Client_Profile_Final_Spec_KZ_2026-08-21,2026-08-21,§1.2 Что блок НЕ делает,SRC-DOC-M05-P-00021,,,,DATA|PARSER,,,,,Canonicalized from 1 candidate row(s); source text preserved in 10_SOURCE_EXTRACTS.csv.
M05-CAN-0008,m05.current_1_0.product_semantic.d210ce5f701e9348,1.0,CURRENT_1_0,M05,Профиль клиента,PRODUCT_SEMANTIC,BUSINESS_RULE,§1.2 Что блок НЕ делает,"Три уровня остаются раздельными
SOURCE/VERIFIED FACT → MANUAL/DECLARED FACT → BANK_RULE. В Client Profile Engine разрешены первые два уровня и нейтральные CASA_DERIVED поля полноты/агрегации. Принимаемый доход, допустимость взноса и eligibility конкретного банка появятся только в Bank Rules Engine.: Три уровня остаются раздельными
SOURCE/VERIFIED FACT → MANUAL/DECLARED FACT → BANK_RULE. В Client Profile Engine разрешены первые два уровня и нейтральные CASA_DERIVED поля полноты/агрегации. Принимаемый доход, допустимость взноса и eligibility конкретного банка появятся только в Bank Rules Engine.","Три уровня остаются раздельными
SOURCE/VERIFIED FACT → MANUAL/DECLARED FACT → BANK_RULE. В Client Profile Engine разрешены первые два уровня и нейтральные CASA_DERIVED поля полноты/агрегации. Принимаемый доход, допустимость взноса и eligibility конкретного банка появятся только в Bank Rules Engine.: Три уровня остаются раздельными
SOURCE/VERIFIED FACT → MANUAL/DECLARED FACT → BANK_RULE. В Client Profile Engine разрешены первые два уровня и нейтральные CASA_DERIVED поля полноты/агрегации. Принимаемый доход, допустимость взноса и eligibility конкретного банка появятся только в Bank Rules Engine.",,,,VERIFIED|DECLARED,04_CASA_Pro_Client_Profile_Final_Spec_KZ_2026-08-21,2026-08-21,§1.2 Что блок НЕ делает,SRC-DOC-M05-P-00024,,,,MULTI_LAYER,,,,,Canonicalized from 1 candidate row(s); source text preserved in 10_SOURCE_EXTRACTS.csv.
M05-CAN-0009,m05.current_1_0.data_contract.bbf062d5d0edf6c7,1.0,CURRENT_1_0,M05,Профиль клиента,DATA_CONTRACT,DATA_MODEL,§10 Прочие обязательства и специальные факты,"Новая сущность, которой не хватает текущему ТЗ
Credit History Engine покрывает кредитные обязательства. Для банковских правил могут понадобиться регулярные обязательства, которых в ПКО нет. Не надо запихивать их в loan_obligation. Добавить neutral entity non_credit_commitment.: Новая сущность, которой не хватает текущему ТЗ
Credit History Engine покрывает кредитные обязательства. Для банковских правил могут понадобиться регулярные обязательства, которых в ПКО нет. Не надо запихивать их в loan_obligation. Добавить neutral entity non_credit_commitment.","Новая сущность, которой не хватает текущему ТЗ
Credit History Engine покрывает кредитные обязательства. Для банковских правил могут понадобиться регулярные обязательства, которых в ПКО нет. Не надо запихивать их в loan_obligation. Добавить neutral entity non_credit_commitment.: Новая сущность, которой не хватает текущему ТЗ
Credit History Engine покрывает кредитные обязательства. Для банковских правил могут понадобиться регулярные обязательства, которых в ПКО нет. Не надо запихивать их в loan_obligation. Добавить neutral entity non_credit_commitment.",,,,,04_CASA_Pro_Client_Profile_Final_Spec_KZ_2026-08-21,2026-08-21,§10 Прочие обязательства и специальные факты,SRC-DOC-M05-P-00133,,,,DATA,,,,,Canonicalized from 1 candidate row(s); source text preserved in 10_SOURCE_EXTRACTS.csv.
M05-CAN-0010,m05.current_1_0.product_semantic.aa8dbeeda0e565bd,1.0,CURRENT_1_0,M05,Профиль клиента,PRODUCT_SEMANTIC,STATE,§10 Прочие обязательства и специальные факты,"non_credit_commitment.type: ALIMONY_PAYMENT; Пример: алименты, которые клиент платит; Правило: amount/periodicity/evidence/status; учитывается банком только по BANK_RULE","non_credit_commitment.type: ALIMONY_PAYMENT; Пример: алименты, которые клиент платит; Правило: amount/periodicity/evidence/status; учитывается банком только по BANK_RULE",,,,,04_CASA_Pro_Client_Profile_Final_Spec_KZ_2026-08-21,2026-08-21,§10 Прочие обязательства и специальные факты,SRC-DOC-M05-P-00135,,,,MULTI_LAYER,,,,,Canonicalized from 1 candidate row(s); source text preserved in 10_SOURCE_EXTRACTS.csv.
M05-CAN-0011,m05.current_1_0.data_contract.79307e3e70a8c72e,1.0,CURRENT_1_0,M05,Профиль клиента,DATA_CONTRACT,PROVENANCE,§10 Прочие обязательства и специальные факты,non_credit_commitment.type: COURT_DEDUCTION; Пример: удержание/исполнительное обязательство; Правило: ссылка на подтверждённый факт/evidence; не дублировать IIN external fact,non_credit_commitment.type: COURT_DEDUCTION; Пример: удержание/исполнительное обязательство; Правило: ссылка на подтверждённый факт/evidence; не дублировать IIN external fact,,,,,04_CASA_Pro_Client_Profile_Final_Spec_KZ_2026-08-21,2026-08-21,§10 Прочие обязательства и специальные факты,SRC-DOC-M05-P-00136,,,,DATA,,,,,Canonicalized from 1 candidate row(s); source text preserved in 10_SOURCE_EXTRACTS.csv.
M05-CAN-0012,m05.current_1_0.product_semantic.6b18206543435f72,1.0,CURRENT_1_0,M05,Профиль клиента,PRODUCT_SEMANTIC,BUSINESS_RULE,§10 Прочие обязательства и специальные факты,non_credit_commitment.type: OTHER_MANDATORY; Пример: иная обязательная регулярная выплата; Правило: description required; verified/declared,non_credit_commitment.type: OTHER_MANDATORY; Пример: иная обязательная регулярная выплата; Правило: description required; verified/declared,,,,VERIFIED|DECLARED,04_CASA_Pro_Client_Profile_Final_Spec_KZ_2026-08-21,2026-08-21,§10 Прочие обязательства и специальные факты,SRC-DOC-M05-P-00137,,,,MULTI_LAYER,,,,,Canonicalized from 1 candidate row(s); source text preserved in 10_SOURCE_EXTRACTS.csv.
M05-CAN-0013,m05.current_1_0.product_semantic.10f857eee95668ce,1.0,CURRENT_1_0,M05,Профиль клиента,PRODUCT_SEMANTIC,BUSINESS_RULE,§10 Прочие обязательства и специальные факты,non_credit_commitment.type: UNKNOWN; Пример: неясный факт; Правило: не превращать в 0,non_credit_commitment.type: UNKNOWN; Пример: неясный факт; Правило: не превращать в 0,,,,UNKNOWN,04_CASA_Pro_Client_Profile_Final_Spec_KZ_2026-08-21,2026-08-21,§10 Прочие обязательства и специальные факты,SRC-DOC-M05-P-00138,,,,MULTI_LAYER,,,,,Canonicalized from 1 candidate row(s); source text preserved in 10_SOURCE_EXTRACTS.csv.
M05-CAN-0014,m05.current_1_0.product_semantic.ac754071df43765b,1.0,CURRENT_1_0,M05,Профиль клиента,PRODUCT_SEMANTIC,BUSINESS_RULE,§10 Прочие обязательства и специальные факты,Специальный факт: maternity_leave / leave; Зачем хранить: доход и занятость могут требовать другой документ/правило; Ограничение: не считать прежнюю зарплату текущей автоматически,Специальный факт: maternity_leave / leave; Зачем хранить: доход и занятость могут требовать другой документ/правило; Ограничение: не считать прежнюю зарплату текущей автоматически,,,,,04_CASA_Pro_Client_Profile_Final_Spec_KZ_2026-08-21,2026-08-21,§10 Прочие обязательства и специальные факты,SRC-DOC-M05-P-00140,,,,MULTI_LAYER,,,,,Canonicalized from 1 candidate row(s); source text preserved in 10_SOURCE_EXTRACTS.csv.
M05-CAN-0015,m05.current_1_0.product_semantic.a55c12a5c63c214e,1.0,CURRENT_1_0,M05,Профиль клиента,PRODUCT_SEMANTIC,BUSINESS_RULE,§10 Прочие обязательства и специальные факты,Специальный факт: housing_payment_recipient; Зачем хранить: может открывать специальные программы; Ограничение: только verified/declared fact; eligibility позже,Специальный факт: housing_payment_recipient; Зачем хранить: может открывать специальные программы; Ограничение: только verified/declared fact; eligibility позже,,,,VERIFIED|DECLARED,04_CASA_Pro_Client_Profile_Final_Spec_KZ_2026-08-21,2026-08-21,§10 Прочие обязательства и специальные факты,SRC-DOC-M05-P-00141,,,,MULTI_LAYER,,,,,Canonicalized from 1 candidate row(s); source text preserved in 10_SOURCE_EXTRACTS.csv.
M05-CAN-0016,m05.current_1_0.product_semantic.cf39d00133d201b6,1.0,CURRENT_1_0,M05,Профиль клиента,PRODUCT_SEMANTIC,BUSINESS_RULE,§10 Прочие обязательства и специальные факты,Специальный факт: military/public-service relation; Зачем хранить: может влиять на доступные программы; Ограничение: purpose-bound; минимизация данных,Специальный факт: military/public-service relation; Зачем хранить: может влиять на доступные программы; Ограничение: purpose-bound; минимизация данных,,,,,04_CASA_Pro_Client_Profile_Final_Spec_KZ_2026-08-21,2026-08-21,§10 Прочие обязательства и специальные факты,SRC-DOC-M05-P-00142,,,,BACKEND,,,,,Canonicalized from 1 candidate row(s); source text preserved in 10_SOURCE_EXTRACTS.csv.
M05-CAN-0017,m05.current_1_0.product_semantic.ec5d37d4299d1787,1.0,CURRENT_1_0,M05,Профиль клиента,PRODUCT_SEMANTIC,BUSINESS_RULE,§10 Прочие обязательства и специальные факты,Специальный факт: social/program category; Зачем хранить: только если конкретная будущая программа требует; Ограничение: не собирать заранее универсальный «социальный профиль»,Специальный факт: social/program category; Зачем хранить: только если конкретная будущая программа требует; Ограничение: не собирать заранее универсальный «социальный профиль»,,,,,04_CASA_Pro_Client_Profile_Final_Spec_KZ_2026-08-21,2026-08-21,§10 Прочие обязательства и специальные факты,SRC-DOC-M05-P-00143,,,,MULTI_LAYER,,,,,Canonicalized from 1 candidate row(s); source text preserved in 10_SOURCE_EXTRACTS.csv.
M05-CAN-0018,m05.current_1_0.product_semantic.e791f2108eafcf83,1.0,CURRENT_1_0,M05,Профиль клиента,PRODUCT_SEMANTIC,STATE,"§11 Состояние поля, подтверждение и конфликты",Конфликт: Пенсионный sender ≠ заявленный работодатель; Правильное поведение: не менять автоматически; показать два факта + даты; запросить relationship confirmation/evidence,Конфликт: Пенсионный sender ≠ заявленный работодатель; Правильное поведение: не менять автоматически; показать два факта + даты; запросить relationship confirmation/evidence,,,,,04_CASA_Pro_Client_Profile_Final_Spec_KZ_2026-08-21,2026-08-21,"§11 Состояние поля, подтверждение и конфликты",SRC-DOC-M05-P-00156,,,,MULTI_LAYER,,,,,Canonicalized from 1 candidate row(s); source text preserved in 10_SOURCE_EXTRACTS.csv.
M05-CAN-0019,m05.current_1_0.product_semantic.c6fd3580c373eaa7,1.0,CURRENT_1_0,M05,Профиль клиента,PRODUCT_SEMANTIC,STATE,"§11 Состояние поля, подтверждение и конфликты",Конфликт: Риелтор исправляет сумму verified document; Правильное поведение: создать correction revision + actor/reason; не перезаписывать source value,Конфликт: Риелтор исправляет сумму verified document; Правильное поведение: создать correction revision + actor/reason; не перезаписывать source value,,,,VERIFIED,04_CASA_Pro_Client_Profile_Final_Spec_KZ_2026-08-21,2026-08-21,"§11 Состояние поля, подтверждение и конфликты",SRC-DOC-M05-P-00158,,,,MULTI_LAYER,,,,,Canonicalized from 1 candidate row(s); source text preserved in 10_SOURCE_EXTRACTS.csv.
M05-CAN-0020,m05.current_1_0.product_semantic.648022f4509530b8,1.0,CURRENT_1_0,M05,Профиль клиента,PRODUCT_SEMANTIC,STATE,"§11 Состояние поля, подтверждение и конфликты",Конфликт: КИ обновилась после подтверждения анкеты; Правильное поведение: client_profile_snapshot становится superseded/needs_rebuild; новая версия собирает новый credit_history_snapshot,Конфликт: КИ обновилась после подтверждения анкеты; Правильное поведение: client_profile_snapshot становится superseded/needs_rebuild; новая версия собирает новый credit_history_snapshot,,,,,04_CASA_Pro_Client_Profile_Final_Spec_KZ_2026-08-21,2026-08-21,"§11 Состояние поля, подтверждение и конфликты",SRC-DOC-M05-P-00159,,,,DATA,,,,,Canonicalized from 1 candidate row(s); source text preserved in 10_SOURCE_EXTRACTS.csv.
M05-CAN-0021,m05.current_1_0.product_semantic.eb0bb2202c87983f,1.0,CURRENT_1_0,M05,Профиль клиента,PRODUCT_SEMANTIC,STATE,"§11 Состояние поля, подтверждение и конфликты",field_status: UNKNOWN; Смысл: значение неизвестно; не заменяется нулём/нет,field_status: UNKNOWN; Смысл: значение неизвестно; не заменяется нулём/нет,,,,UNKNOWN,04_CASA_Pro_Client_Profile_Final_Spec_KZ_2026-08-21|M05_CASA_Pro_Client_Profile_Implementation_and_Acceptance_v1.1,2026-08-21|1.1,"§11 Состояние поля, подтверждение и конфликты|§17 Field statuses / UNKNOWN",SRC-DOC-M05-P-00146|SRC-DOC-M05-I-00208,,,,DATA|BACKEND,,,,,Canonicalized from 2 candidate row(s); source text preserved in 10_SOURCE_EXTRACTS.csv.
M05-CAN-0022,m05.current_1_0.product_semantic.d71a75748a6156ec,1.0,CURRENT_1_0,M05,Профиль клиента,PRODUCT_SEMANTIC,STATE,"§11 Состояние поля, подтверждение и конфликты","field_status: DECLARED; Смысл: заявлено клиентом/риелтором, без evidence","field_status: DECLARED; Смысл: заявлено клиентом/риелтором, без evidence",,,,DECLARED,04_CASA_Pro_Client_Profile_Final_Spec_KZ_2026-08-21|M05_CASA_Pro_Client_Profile_Implementation_and_Acceptance_v1.1,2026-08-21|1.1,"§11 Состояние поля, подтверждение и конфликты|§17 Field statuses / UNKNOWN",SRC-DOC-M05-P-00147|SRC-DOC-M05-I-00203,,,,DATA|BACKEND,,,,,Canonicalized from 2 candidate row(s); source text preserved in 10_SOURCE_EXTRACTS.csv.
M05-CAN-0023,m05.current_1_0.product_semantic.c07a6c1d13edbc43,1.0,CURRENT_1_0,M05,Профиль клиента,PRODUCT_SEMANTIC,STATE,"§11 Состояние поля, подтверждение и конфликты",field_status: SOURCE_FACT; Смысл: пришло из published upstream snapshot,field_status: SOURCE_FACT; Смысл: пришло из published upstream snapshot,,,,,04_CASA_Pro_Client_Profile_Final_Spec_KZ_2026-08-21|M05_CASA_Pro_Client_Profile_Implementation_and_Acceptance_v1.1,2026-08-21|1.1,"§11 Состояние поля, подтверждение и конфликты|§17 Field statuses / UNKNOWN",SRC-DOC-M05-P-00148|SRC-DOC-M05-I-00202,,,,DATA|BACKEND,,,,,Canonicalized from 2 candidate row(s); source text preserved in 10_SOURCE_EXTRACTS.csv.
M05-CAN-0024,m05.current_1_0.product_semantic.088797589534a5c9,1.0,CURRENT_1_0,M05,Профиль клиента,PRODUCT_SEMANTIC,STATE,"§11 Состояние поля, подтверждение и конфликты",field_status: EVIDENCE_REQUESTED; Смысл: нужно подтверждение,field_status: EVIDENCE_REQUESTED; Смысл: нужно подтверждение,,,,,04_CASA_Pro_Client_Profile_Final_Spec_KZ_2026-08-21|M05_CASA_Pro_Client_Profile_Implementation_and_Acceptance_v1.1,2026-08-21|1.1,"§11 Состояние поля, подтверждение и конфликты|§17 Field statuses / UNKNOWN",SRC-DOC-M05-P-00149|SRC-DOC-M05-I-00204,,,,DATA|BACKEND,,,,,Canonicalized from 2 candidate row(s); source text preserved in 10_SOURCE_EXTRACTS.csv.
M05-CAN-0025,m05.current_1_0.product_semantic.a6d6cca14e323c62,1.0,CURRENT_1_0,M05,Профиль клиента,PRODUCT_SEMANTIC,STATE,"§11 Состояние поля, подтверждение и конфликты",field_status: VERIFIED; Смысл: подтверждено allowed evidence/reviewer,field_status: VERIFIED; Смысл: подтверждено allowed evidence/reviewer,,,,VERIFIED,04_CASA_Pro_Client_Profile_Final_Spec_KZ_2026-08-21|M05_CASA_Pro_Client_Profile_Implementation_and_Acceptance_v1.1,2026-08-21|1.1,"§11 Состояние поля, подтверждение и конфликты|§17 Field statuses / UNKNOWN",SRC-DOC-M05-P-00150|SRC-DOC-M05-I-00205,,,,DATA|BACKEND,,,,,Canonicalized from 2 candidate row(s); source text preserved in 10_SOURCE_EXTRACTS.csv.
M05-CAN-0026,m05.current_1_0.product_semantic.0c41b9404886a377,1.0,CURRENT_1_0,M05,Профиль клиента,PRODUCT_SEMANTIC,STATE,"§11 Состояние поля, подтверждение и конфликты",field_status: CONFLICT; Смысл: два значимых источника расходятся,field_status: CONFLICT; Смысл: два значимых источника расходятся,,,,CONFLICT,04_CASA_Pro_Client_Profile_Final_Spec_KZ_2026-08-21|M05_CASA_Pro_Client_Profile_Implementation_and_Acceptance_v1.1,2026-08-21|1.1,"§11 Состояние поля, подтверждение и конфликты|§17 Field statuses / UNKNOWN",SRC-DOC-M05-P-00151|SRC-DOC-M05-I-00206,,,,DATA|BACKEND,,,,,Canonicalized from 2 candidate row(s); source text preserved in 10_SOURCE_EXTRACTS.csv.
M05-CAN-0027,m05.current_1_0.product_semantic.965fc88d1fec4de3,1.0,CURRENT_1_0,M05,Профиль клиента,PRODUCT_SEMANTIC,STATE,"§11 Состояние поля, подтверждение и конфликты",field_status: STALE; Смысл: evidence/source устарел по process policy,field_status: STALE; Смысл: evidence/source устарел по process policy,,,,STALE,04_CASA_Pro_Client_Profile_Final_Spec_KZ_2026-08-21|M05_CASA_Pro_Client_Profile_Implementation_and_Acceptance_v1.1,2026-08-21|1.1,"§11 Состояние поля, подтверждение и конфликты|§17 Field statuses / UNKNOWN",SRC-DOC-M05-P-00152|SRC-DOC-M05-I-00207,,,,DATA|BACKEND,,,,,Canonicalized from 2 candidate row(s); source text preserved in 10_SOURCE_EXTRACTS.csv.
M05-CAN-0028,m05.current_1_0.product_semantic.ddacee2c75db0999,1.0,CURRENT_1_0,M05,Профиль клиента,PRODUCT_SEMANTIC,STATE,"§11 Состояние поля, подтверждение и конфликты",field_status: NOT_APPLICABLE; Смысл: поле не применимо,field_status: NOT_APPLICABLE; Смысл: поле не применимо,,,,NOT_APPLICABLE,04_CASA_Pro_Client_Profile_Final_Spec_KZ_2026-08-21|M05_CASA_Pro_Client_Profile_Implementation_and_Acceptance_v1.1,2026-08-21|1.1,"§11 Состояние поля, подтверждение и конфликты|§17 Field statuses / UNKNOWN",SRC-DOC-M05-P-00153|SRC-DOC-M05-I-00209,,,,DATA|BACKEND,,,,,Canonicalized from 2 candidate row(s); source text preserved in 10_SOURCE_EXTRACTS.csv.
M05-CAN-0029,m05.current_1_0.product_semantic.e7511db860f54c88,1.0,CURRENT_1_0,M05,Профиль клиента,PRODUCT_SEMANTIC,STATE,"§11 Состояние поля, подтверждение и конфликты",field_status: CORRECTED; Смысл: создана новая reviewed revision; raw/source не уничтожен,field_status: CORRECTED; Смысл: создана новая reviewed revision; raw/source не уничтожен,,,,,04_CASA_Pro_Client_Profile_Final_Spec_KZ_2026-08-21|M05_CASA_Pro_Client_Profile_Implementation_and_Acceptance_v1.1,2026-08-21|1.1,"§11 Состояние поля, подтверждение и конфликты|§17 Field statuses / UNKNOWN",SRC-DOC-M05-P-00154|SRC-DOC-M05-I-00210,,,,DATA|BACKEND,,,,,Canonicalized from 2 candidate row(s); source text preserved in 10_SOURCE_EXTRACTS.csv.
M05-CAN-0030,m05.current_1_0.product_semantic.73d7df3ea02783a2,1.0,CURRENT_1_0,M05,Профиль клиента,PRODUCT_SEMANTIC,BUSINESS_RULE,§12 Динамическая анкета: правила показа вопросов,Если участник не состоит в браке — не создавать spouse participant и не спрашивать его доход.,Если участник не состоит в браке — не создавать spouse participant и не спрашивать его доход.,,,,,04_CASA_Pro_Client_Profile_Final_Spec_KZ_2026-08-21,2026-08-21,§12 Динамическая анкета: правила показа вопросов,SRC-DOC-M05-P-00161,,,,MULTI_LAYER,,,,,Canonicalized from 1 candidate row(s); source text preserved in 10_SOURCE_EXTRACTS.csv.
M05-CAN-0031,m05.current_1_0.security_control.98a444bcfbbe326a,1.0,CURRENT_1_0,M05,Профиль клиента,SECURITY_CONTROL,CONSENT,§12 Динамическая анкета: правила показа вопросов,Если клиент выбирает созаёмщика — открыть отдельный participant + consent + employment/income блок для него.,Если клиент выбирает созаёмщика — открыть отдельный participant + consent + employment/income блок для него.,,,,,04_CASA_Pro_Client_Profile_Final_Spec_KZ_2026-08-21,2026-08-21,§12 Динамическая анкета: правила показа вопросов,SRC-DOC-M05-P-00162,,,,LEGAL,,,,,Canonicalized from 1 candidate row(s); source text preserved in 10_SOURCE_EXTRACTS.csv.
M05-CAN-0032,m05.current_1_0.data_contract.8f120d315644fa6d,1.0,CURRENT_1_0,M05,Профиль клиента,DATA_CONTRACT,PROVENANCE,§12 Динамическая анкета: правила показа вопросов,Если выбран IP_BUSINESS — показать бизнес/налоговый evidence checklist; не спрашивать поля трудового договора.,Если выбран IP_BUSINESS — показать бизнес/налоговый evidence checklist; не спрашивать поля трудового договора.,,,,,04_CASA_Pro_Client_Profile_Final_Spec_KZ_2026-08-21,2026-08-21,§12 Динамическая анкета: правила показа вопросов,SRC-DOC-M05-P-00164,,,,DATA,,,,,Canonicalized from 1 candidate row(s); source text preserved in 10_SOURCE_EXTRACTS.csv.
M05-CAN-0033,m05.current_1_0.data_contract.9ec0bd89d55070c5,1.0,CURRENT_1_0,M05,Профиль клиента,DATA_CONTRACT,PROVENANCE,§12 Динамическая анкета: правила показа вопросов,Если down_payment_source=ADDITIONAL_COLLATERAL — запросить owner + asset + evidence; не прибавлять стоимость к денежному взносу.,Если down_payment_source=ADDITIONAL_COLLATERAL — запросить owner + asset + evidence; не прибавлять стоимость к денежному взносу.,,,,,04_CASA_Pro_Client_Profile_Final_Spec_KZ_2026-08-21,2026-08-21,§12 Динамическая анкета: правила показа вопросов,SRC-DOC-M05-P-00166,,,,DATA,,,,,Canonicalized from 1 candidate row(s); source text preserved in 10_SOURCE_EXTRACTS.csv.
M05-CAN-0034,m05.current_1_0.data_contract.2c325432e0e0dbd0,1.0,CURRENT_1_0,M05,Профиль клиента,DATA_CONTRACT,SNAPSHOT,§12 Динамическая анкета: правила показа вопросов,Если Pension snapshot уже содержит 6 месяцев взносов — не спрашивать суммы этих взносов; можно спросить связь отправителя с текущей занятостью.,Если Pension snapshot уже содержит 6 месяцев взносов — не спрашивать суммы этих взносов; можно спросить связь отправителя с текущей занятостью.,,,,,04_CASA_Pro_Client_Profile_Final_Spec_KZ_2026-08-21,2026-08-21,§12 Динамическая анкета: правила показа вопросов,SRC-DOC-M05-P-00167,,,,DATA,,,,,Canonicalized from 1 candidate row(s); source text preserved in 10_SOURCE_EXTRACTS.csv.
M05-CAN-0035,m05.current_1_0.data_contract.f7beb25078e318cb,1.0,CURRENT_1_0,M05,Профиль клиента,DATA_CONTRACT,SNAPSHOT,§12 Динамическая анкета: правила показа вопросов,Если Credit History snapshot опубликован — раздел «Кредиты» в анкете read-only; ручное добавление допускается только для non-credit commitment или явно отсутствующего в ПКО факта с причиной.,Если Credit History snapshot опубликован — раздел «Кредиты» в анкете read-only; ручное добавление допускается только для non-credit commitment или явно отсутствующего в ПКО факта с причиной.,,,,,04_CASA_Pro_Client_Profile_Final_Spec_KZ_2026-08-21,2026-08-21,§12 Динамическая анкета: правила показа вопросов,SRC-DOC-M05-P-00168,,,,DATA,,,,,Canonicalized from 1 candidate row(s); source text preserved in 10_SOURCE_EXTRACTS.csv.
M05-CAN-0036,m05.current_1_0.product_semantic.6c8eed243121f0e8,1.0,CURRENT_1_0,M05,Профиль клиента,PRODUCT_SEMANTIC,BUSINESS_RULE,§12 Динамическая анкета: правила показа вопросов,Если пользователь отвечает «не знаю» — сохранить UNKNOWN и продолжить; не блокировать заполнение всех остальных разделов.,Если пользователь отвечает «не знаю» — сохранить UNKNOWN и продолжить; не блокировать заполнение всех остальных разделов.,,,,UNKNOWN,04_CASA_Pro_Client_Profile_Final_Spec_KZ_2026-08-21,2026-08-21,§12 Динамическая анкета: правила показа вопросов,SRC-DOC-M05-P-00169,,,,MULTI_LAYER,,,,,Canonicalized from 1 candidate row(s); source text preserved in 10_SOURCE_EXTRACTS.csv.
M05-CAN-0037,m05.current_1_0.data_contract.88acb66e8f76730c,1.0,CURRENT_1_0,M05,Профиль клиента,DATA_CONTRACT,DATA_MODEL,§12 Динамическая анкета: правила показа вопросов,"UX-правило
На экране не должно быть «анкеты на 80 полей». Пользователь видит 6–8 коротких секций; внутри открываются только релевантные вопросы. У каждого автозаполненного значения есть badge источника и «посмотреть доказательство».: UX-правило
На экране не должно быть «анкеты на 80 полей». Пользователь видит 6–8 коротких секций; внутри открываются только релевантные вопросы. У каждого автозаполненного значения есть badge источника и «посмотреть доказательство».","UX-правило
На экране не должно быть «анкеты на 80 полей». Пользователь видит 6–8 коротких секций; внутри открываются только релевантные вопросы. У каждого автозаполненного значения есть badge источника и «посмотреть доказательство».: UX-правило
На экране не должно быть «анкеты на 80 полей». Пользователь видит 6–8 коротких секций; внутри открываются только релевантные вопросы. У каждого автозаполненного значения есть badge источника и «посмотреть доказательство».",,,,,04_CASA_Pro_Client_Profile_Final_Spec_KZ_2026-08-21,2026-08-21,§12 Динамическая анкета: правила показа вопросов,SRC-DOC-M05-P-00170,,,,FRONTEND,,,,,Canonicalized from 1 candidate row(s); source text preserved in 10_SOURCE_EXTRACTS.csv.
M05-CAN-0038,m05.current_1_0.product_semantic.7cf00a1ff1aa7dbd,1.0,CURRENT_1_0,M05,Профиль клиента,PRODUCT_SEMANTIC,STATE,§13 Completeness Engine,section_status: NOT_STARTED; Когда ставится: нет значимых ответов,section_status: NOT_STARTED; Когда ставится: нет значимых ответов,,,,,04_CASA_Pro_Client_Profile_Final_Spec_KZ_2026-08-21,2026-08-21,§13 Completeness Engine,SRC-DOC-M05-P-00173,,,,MULTI_LAYER,,,,,Canonicalized from 1 candidate row(s); source text preserved in 10_SOURCE_EXTRACTS.csv.
M05-CAN-0039,m05.current_1_0.product_semantic.60a075a3e2bec1a1,1.0,CURRENT_1_0,M05,Профиль клиента,PRODUCT_SEMANTIC,STATE,§13 Completeness Engine,section_status: IN_PROGRESS; Когда ставится: есть часть required fields,section_status: IN_PROGRESS; Когда ставится: есть часть required fields,,,,,04_CASA_Pro_Client_Profile_Final_Spec_KZ_2026-08-21,2026-08-21,§13 Completeness Engine,SRC-DOC-M05-P-00174,,,,DATA,,,,,Canonicalized from 1 candidate row(s); source text preserved in 10_SOURCE_EXTRACTS.csv.
M05-CAN-0040,m05.current_1_0.product_semantic.0adc027ad768dc0c,1.0,CURRENT_1_0,M05,Профиль клиента,PRODUCT_SEMANTIC,STATE,§13 Completeness Engine,"section_status: COMPLETE_DECLARED; Когда ставится: все required поля есть, но часть только DECLARED","section_status: COMPLETE_DECLARED; Когда ставится: все required поля есть, но часть только DECLARED",,,,DECLARED,04_CASA_Pro_Client_Profile_Final_Spec_KZ_2026-08-21,2026-08-21,§13 Completeness Engine,SRC-DOC-M05-P-00175,,,,MULTI_LAYER,,,,,Canonicalized from 1 candidate row(s); source text preserved in 10_SOURCE_EXTRACTS.csv.
M05-CAN-0041,m05.current_1_0.product_semantic.878d91b60421cb45,1.0,CURRENT_1_0,M05,Профиль клиента,PRODUCT_SEMANTIC,STATE,§13 Completeness Engine,"section_status: NEEDS_EVIDENCE; Когда ставится: есть поля, которые policy пометила как требующие подтверждения до bank analysis","section_status: NEEDS_EVIDENCE; Когда ставится: есть поля, которые policy пометила как требующие подтверждения до bank analysis",,,,,04_CASA_Pro_Client_Profile_Final_Spec_KZ_2026-08-21,2026-08-21,§13 Completeness Engine,SRC-DOC-M05-P-00176,,,,MULTI_LAYER,,,,,Canonicalized from 1 candidate row(s); source text preserved in 10_SOURCE_EXTRACTS.csv.
M05-CAN-0042,m05.current_1_0.product_semantic.1d7ff5b177bd6cb4,1.0,CURRENT_1_0,M05,Профиль клиента,PRODUCT_SEMANTIC,STATE,§13 Completeness Engine,section_status: CONFLICT; Когда ставится: есть unresolved conflict,section_status: CONFLICT; Когда ставится: есть unresolved conflict,,,,CONFLICT,04_CASA_Pro_Client_Profile_Final_Spec_KZ_2026-08-21,2026-08-21,§13 Completeness Engine,SRC-DOC-M05-P-00177,,,,MULTI_LAYER,,,,,Canonicalized from 1 candidate row(s); source text preserved in 10_SOURCE_EXTRACTS.csv.
M05-CAN-0043,m05.current_1_0.security_control.f24d51ae3476e53f,1.0,CURRENT_1_0,M05,Профиль клиента,SECURITY_CONTROL,CONSENT,§13 Completeness Engine,section_status: BLOCKED; Когда ставится: subject/consent/upstream snapshot gate не пройден,section_status: BLOCKED; Когда ставится: subject/consent/upstream snapshot gate не пройден,,,,BLOCKED,04_CASA_Pro_Client_Profile_Final_Spec_KZ_2026-08-21,2026-08-21,§13 Completeness Engine,SRC-DOC-M05-P-00178,,,,DATA|LEGAL,,,,,Canonicalized from 1 candidate row(s); source text preserved in 10_SOURCE_EXTRACTS.csv.
M05-CAN-0044,m05.current_1_0.product_semantic.b77177c0b077971f,1.0,CURRENT_1_0,M05,Профиль клиента,PRODUCT_SEMANTIC,STATE,§13 Completeness Engine,section_status: CONFIRMED; Когда ставится: required fields + confirmations закрыты для текущей версии анкеты,section_status: CONFIRMED; Когда ставится: required fields + confirmations закрыты для текущей версии анкеты,,,,CONFIRMED,04_CASA_Pro_Client_Profile_Final_Spec_KZ_2026-08-21,2026-08-21,§13 Completeness Engine,SRC-DOC-M05-P-00179,,,,DATA,,,,,Canonicalized from 1 candidate row(s); source text preserved in 10_SOURCE_EXTRACTS.csv.
M05-CAN-0045,m05.current_1_0.product_semantic.8f4c7031e9df07af,1.0,CURRENT_1_0,M05,Профиль клиента,PRODUCT_SEMANTIC,STATE,§13 Completeness Engine,section_status: STALE; Когда ставится: один из required verified inputs устарел,section_status: STALE; Когда ставится: один из required verified inputs устарел,,,,STALE|VERIFIED,04_CASA_Pro_Client_Profile_Final_Spec_KZ_2026-08-21,2026-08-21,§13 Completeness Engine,SRC-DOC-M05-P-00180,,,,MULTI_LAYER,,,,,Canonicalized from 1 candidate row(s); source text preserved in 10_SOURCE_EXTRACTS.csv.
M05-CAN-0046,m05.current_1_0.product_semantic.15678cc8185e3371,1.0,CURRENT_1_0,M05,Профиль клиента,PRODUCT_SEMANTIC,STATE,§13 Completeness Engine,Publish gate client_profile_snapshot: CPG-02 upstream; Условие: последние выбранные snapshots ИИН/КИ/пенсионных имеют известные quality statuses; missing upstream допускается только с явным reason,Publish gate client_profile_snapshot: CPG-02 upstream; Условие: последние выбранные snapshots ИИН/КИ/пенсионных имеют известные quality statuses; missing upstream допускается только с явным reason,,,,,04_CASA_Pro_Client_Profile_Final_Spec_KZ_2026-08-21,2026-08-21,§13 Completeness Engine,SRC-DOC-M05-P-00183,CPG-02,,,DATA,,,,,Canonicalized from 1 candidate row(s); source text preserved in 10_SOURCE_EXTRACTS.csv.
M05-CAN-0047,m05.current_1_0.data_contract.2fb11b4f72cbd971,1.0,CURRENT_1_0,M05,Профиль клиента,DATA_CONTRACT,SNAPSHOT,§13 Completeness Engine,Publish gate client_profile_snapshot: CPG-04 household; Условие: marital/spouse/co-borrower structure подтверждена для текущего дела,Publish gate client_profile_snapshot: CPG-04 household; Условие: marital/spouse/co-borrower structure подтверждена для текущего дела,,,,,04_CASA_Pro_Client_Profile_Final_Spec_KZ_2026-08-21,2026-08-21,§13 Completeness Engine,SRC-DOC-M05-P-00185,CPG-04,,,DATA,,,,,Canonicalized from 1 candidate row(s); source text preserved in 10_SOURCE_EXTRACTS.csv.
M05-CAN-0048,m05.current_1_0.product_semantic.c0259534415cf1bc,1.0,CURRENT_1_0,M05,Профиль клиента,PRODUCT_SEMANTIC,STATE,§13 Completeness Engine,Publish gate client_profile_snapshot: CPG-01 participant; Условие: primary borrower существует и identity/subject status не FAILED,Publish gate client_profile_snapshot: CPG-01 participant; Условие: primary borrower существует и identity/subject status не FAILED,,,,,04_CASA_Pro_Client_Profile_Final_Spec_KZ_2026-08-21|M05_CASA_Pro_Client_Profile_Implementation_and_Acceptance_v1.1,2026-08-21|1.1,§13 Completeness Engine|Snapshot publish gates CPG-01…CPG-08,SRC-DOC-M05-P-00182|SRC-DOC-M05-I-00410,CPG-01,,,DATA|MULTI_LAYER,,,,,Canonicalized from 2 candidate row(s); source text preserved in 10_SOURCE_EXTRACTS.csv.
M05-CAN-0049,m05.current_1_0.product_semantic.66eca6b28368b87f,1.0,CURRENT_1_0,M05,Профиль клиента,PRODUCT_SEMANTIC,STATE,§13 Completeness Engine,Publish gate client_profile_snapshot: CPG-03 goal; Условие: target region + market preference + target price/budget status известны или UNKNOWN с reason,Publish gate client_profile_snapshot: CPG-03 goal; Условие: target region + market preference + target price/budget status известны или UNKNOWN с reason,,,,UNKNOWN,04_CASA_Pro_Client_Profile_Final_Spec_KZ_2026-08-21|M05_CASA_Pro_Client_Profile_Implementation_and_Acceptance_v1.1,2026-08-21|1.1,§13 Completeness Engine|Snapshot publish gates CPG-01…CPG-08,SRC-DOC-M05-P-00184|SRC-DOC-M05-I-00412,CPG-03,,,DATA|MULTI_LAYER,,,,,Canonicalized from 2 candidate row(s); source text preserved in 10_SOURCE_EXTRACTS.csv.
M05-CAN-0050,m05.current_1_0.product_semantic.aa241cae02958010,1.0,CURRENT_1_0,M05,Профиль клиента,PRODUCT_SEMANTIC,STATE,§13 Completeness Engine,Publish gate client_profile_snapshot: CPG-05 income; Условие: каждый declared income имеет owner/type/amount-or-UNKNOWN/periodicity/status,Publish gate client_profile_snapshot: CPG-05 income; Условие: каждый declared income имеет owner/type/amount-or-UNKNOWN/periodicity/status,,,,DECLARED|UNKNOWN,04_CASA_Pro_Client_Profile_Final_Spec_KZ_2026-08-21|M05_CASA_Pro_Client_Profile_Implementation_and_Acceptance_v1.1,2026-08-21|1.1,§13 Completeness Engine|Snapshot publish gates CPG-01…CPG-08,SRC-DOC-M05-P-00186|SRC-DOC-M05-I-00414,CPG-05,,,DATA|MULTI_LAYER,,,,,Canonicalized from 2 candidate row(s); source text preserved in 10_SOURCE_EXTRACTS.csv.
M05-CAN-0051,m05.current_1_0.product_semantic.9756a7794ecf648b,1.0,CURRENT_1_0,M05,Профиль клиента,PRODUCT_SEMANTIC,STATE,§13 Completeness Engine,Publish gate client_profile_snapshot: CPG-06 down payment; Условие: каждый source имеет owner/type/amount/status; declared total reconciled либо UNRECONCILED,Publish gate client_profile_snapshot: CPG-06 down payment; Условие: каждый source имеет owner/type/amount/status; declared total reconciled либо UNRECONCILED,,,,DECLARED,04_CASA_Pro_Client_Profile_Final_Spec_KZ_2026-08-21|M05_CASA_Pro_Client_Profile_Implementation_and_Acceptance_v1.1,2026-08-21|1.1,§13 Completeness Engine|Snapshot publish gates CPG-01…CPG-08,SRC-DOC-M05-P-00187|SRC-DOC-M05-I-00415,CPG-06,,,DATA|MULTI_LAYER,,,,,Canonicalized from 2 candidate row(s); source text preserved in 10_SOURCE_EXTRACTS.csv.
M05-CAN-0052,m05.current_1_0.data_contract.f63d8273f511f13a,1.0,CURRENT_1_0,M05,Профиль клиента,DATA_CONTRACT,SNAPSHOT,§13 Completeness Engine,Publish gate client_profile_snapshot: CPG-07 conflict; Условие: нет unresolved BLOCKING conflict,Publish gate client_profile_snapshot: CPG-07 conflict; Условие: нет unresolved BLOCKING conflict,,,,CONFLICT,04_CASA_Pro_Client_Profile_Final_Spec_KZ_2026-08-21|M05_CASA_Pro_Client_Profile_Implementation_and_Acceptance_v1.1,2026-08-21|1.1,§13 Completeness Engine|Snapshot publish gates CPG-01…CPG-08,SRC-DOC-M05-P-00188|SRC-DOC-M05-I-00416,CPG-07,,,DATA,,,,,Canonicalized from 2 candidate row(s); source text preserved in 10_SOURCE_EXTRACTS.csv.
M05-CAN-0053,m05.current_1_0.data_contract.9ae8101a02fc5fd0,1.0,CURRENT_1_0,M05,Профиль клиента,DATA_CONTRACT,SNAPSHOT,§13 Completeness Engine,Publish gate client_profile_snapshot: CPG-08 review; Условие: critical manual corrections имеют actor/reason/time,Publish gate client_profile_snapshot: CPG-08 review; Условие: critical manual corrections имеют actor/reason/time,,,,,04_CASA_Pro_Client_Profile_Final_Spec_KZ_2026-08-21|M05_CASA_Pro_Client_Profile_Implementation_and_Acceptance_v1.1,2026-08-21|1.1,§13 Completeness Engine|Snapshot publish gates CPG-01…CPG-08,SRC-DOC-M05-P-00189|SRC-DOC-M05-I-00417,CPG-08,,CRITICAL,DATA,,,,,Canonicalized from 2 candidate row(s); source text preserved in 10_SOURCE_EXTRACTS.csv.
M05-CAN-0054,m05.current_1_0.data_contract.889a2e5a75bc3996,1.0,CURRENT_1_0,M05,Профиль клиента,DATA_CONTRACT,SNAPSHOT,§14 Каноническая модель и snapshot,Сущность: client_profile; Назначение: логический профиль дела; не mutable truth,Сущность: client_profile; Назначение: логический профиль дела; не mutable truth,,,,,04_CASA_Pro_Client_Profile_Final_Spec_KZ_2026-08-21,2026-08-21,§14 Каноническая модель и snapshot,SRC-DOC-M05-P-00192,,,,DATA,,,,,Canonicalized from 1 candidate row(s); source text preserved in 10_SOURCE_EXTRACTS.csv.
M05-CAN-0055,m05.current_1_0.data_contract.168acf122dd8d118,1.0,CURRENT_1_0,M05,Профиль клиента,DATA_CONTRACT,SNAPSHOT,§14 Каноническая модель и snapshot,Сущность: profile_field_revision; Назначение: версии ручных/verified полей с source/evidence/actor,Сущность: profile_field_revision; Назначение: версии ручных/verified полей с source/evidence/actor,,,,VERIFIED,04_CASA_Pro_Client_Profile_Final_Spec_KZ_2026-08-21,2026-08-21,§14 Каноническая модель и snapshot,SRC-DOC-M05-P-00193,,,,DATA,,,,,Canonicalized from 1 candidate row(s); source text preserved in 10_SOURCE_EXTRACTS.csv.
M05-CAN-0056,m05.current_1_0.data_contract.76e9b998da1e6392,1.0,CURRENT_1_0,M05,Профиль клиента,DATA_CONTRACT,SNAPSHOT,§14 Каноническая модель и snapshot,Сущность: household; Назначение: семейная группа и dependents,Сущность: household; Назначение: семейная группа и dependents,,,,,04_CASA_Pro_Client_Profile_Final_Spec_KZ_2026-08-21,2026-08-21,§14 Каноническая модель и snapshot,SRC-DOC-M05-P-00194,,,,DATA,,,,,Canonicalized from 1 candidate row(s); source text preserved in 10_SOURCE_EXTRACTS.csv.
M05-CAN-0057,m05.current_1_0.data_contract.34fa68dd28da0aa8,1.0,CURRENT_1_0,M05,Профиль клиента,DATA_CONTRACT,SNAPSHOT,§14 Каноническая модель и snapshot,Сущность: participant / borrower; Назначение: физическое лицо с ролью в деле,Сущность: participant / borrower; Назначение: физическое лицо с ролью в деле,,,,,04_CASA_Pro_Client_Profile_Final_Spec_KZ_2026-08-21,2026-08-21,§14 Каноническая модель и snapshot,SRC-DOC-M05-P-00195,,,,DATA,,,,,Canonicalized from 1 candidate row(s); source text preserved in 10_SOURCE_EXTRACTS.csv.
M05-CAN-0058,m05.current_1_0.data_contract.bfb83c32881a040f,1.0,CURRENT_1_0,M05,Профиль клиента,DATA_CONTRACT,SNAPSHOT,§14 Каноническая модель и snapshot,Сущность: co_borrower_relation; Назначение: роль созаёмщика отдельно от spouse,Сущность: co_borrower_relation; Назначение: роль созаёмщика отдельно от spouse,,,,,04_CASA_Pro_Client_Profile_Final_Spec_KZ_2026-08-21,2026-08-21,§14 Каноническая модель и snapshot,SRC-DOC-M05-P-00196,,,,DATA,,,,,Canonicalized from 1 candidate row(s); source text preserved in 10_SOURCE_EXTRACTS.csv.
M05-CAN-0059,m05.current_1_0.data_contract.3fa2a57ce1107d2c,1.0,CURRENT_1_0,M05,Профиль клиента,DATA_CONTRACT,SNAPSHOT,§14 Каноническая модель и snapshot,Сущность: employment; Назначение: история занятости,Сущность: employment; Назначение: история занятости,,,,,04_CASA_Pro_Client_Profile_Final_Spec_KZ_2026-08-21,2026-08-21,§14 Каноническая модель и snapshot,SRC-DOC-M05-P-00197,,,,DATA,,,,,Canonicalized from 1 candidate row(s); source text preserved in 10_SOURCE_EXTRACTS.csv.
M05-CAN-0060,m05.current_1_0.data_contract.cba1b040353fba3e,1.0,CURRENT_1_0,M05,Профиль клиента,DATA_CONTRACT,SNAPSHOT,§14 Каноническая модель и snapshot,Сущность: income_source; Назначение: отдельный поток дохода,Сущность: income_source; Назначение: отдельный поток дохода,,,,,04_CASA_Pro_Client_Profile_Final_Spec_KZ_2026-08-21,2026-08-21,§14 Каноническая модель и snapshot,SRC-DOC-M05-P-00198,,,,DATA,,,,,Canonicalized from 1 candidate row(s); source text preserved in 10_SOURCE_EXTRACTS.csv.
M05-CAN-0061,m05.current_1_0.data_contract.6c75e9a5205193ab,1.0,CURRENT_1_0,M05,Профиль клиента,DATA_CONTRACT,SNAPSHOT,§14 Каноническая модель и snapshot,Сущность: asset; Назначение: имущество/ликвидные средства,Сущность: asset; Назначение: имущество/ликвидные средства,,,,,04_CASA_Pro_Client_Profile_Final_Spec_KZ_2026-08-21,2026-08-21,§14 Каноническая модель и snapshot,SRC-DOC-M05-P-00199,,,,DATA,,,,,Canonicalized from 1 candidate row(s); source text preserved in 10_SOURCE_EXTRACTS.csv.
M05-CAN-0062,m05.current_1_0.data_contract.4e88f0ab8836f782,1.0,CURRENT_1_0,M05,Профиль клиента,DATA_CONTRACT,SNAPSHOT,§14 Каноническая модель и snapshot,Сущность: down_payment_source; Назначение: происхождение и доступность взноса,Сущность: down_payment_source; Назначение: происхождение и доступность взноса,,,,,04_CASA_Pro_Client_Profile_Final_Spec_KZ_2026-08-21,2026-08-21,§14 Каноническая модель и snapshot,SRC-DOC-M05-P-00200,,,,DATA,,,,,Canonicalized from 1 candidate row(s); source text preserved in 10_SOURCE_EXTRACTS.csv.
M05-CAN-0063,m05.current_1_0.data_contract.3d8ac67a6fedaa8a,1.0,CURRENT_1_0,M05,Профиль клиента,DATA_CONTRACT,SNAPSHOT,§14 Каноническая модель и snapshot,Сущность: non_credit_commitment; Назначение: регулярное обязательство вне Credit History,Сущность: non_credit_commitment; Назначение: регулярное обязательство вне Credit History,,,,,04_CASA_Pro_Client_Profile_Final_Spec_KZ_2026-08-21,2026-08-21,§14 Каноническая модель и snapshot,SRC-DOC-M05-P-00201,,,,DATA,,,,,Canonicalized from 1 candidate row(s); source text preserved in 10_SOURCE_EXTRACTS.csv.
M05-CAN-0064,m05.current_1_0.data_contract.8ccc4b4f6d116e48,1.0,CURRENT_1_0,M05,Профиль клиента,DATA_CONTRACT,SNAPSHOT,§14 Каноническая модель и snapshot,"Сущность: purchase_goal; Назначение: цель, регион, рынок и бюджет клиента","Сущность: purchase_goal; Назначение: цель, регион, рынок и бюджет клиента",,,,,04_CASA_Pro_Client_Profile_Final_Spec_KZ_2026-08-21,2026-08-21,§14 Каноническая модель и snapshot,SRC-DOC-M05-P-00202,,,,DATA,,,,,Canonicalized from 1 candidate row(s); source text preserved in 10_SOURCE_EXTRACTS.csv.
M05-CAN-0065,m05.current_1_0.data_contract.7244effb96735d21,1.0,CURRENT_1_0,M05,Профиль клиента,DATA_CONTRACT,SNAPSHOT,§14 Каноническая модель и snapshot,"Сущность: client_profile_snapshot; Назначение: immutable payload, который потребляет Bank Rules Engine","Сущность: client_profile_snapshot; Назначение: immutable payload, который потребляет Bank Rules Engine",,,,,04_CASA_Pro_Client_Profile_Final_Spec_KZ_2026-08-21,2026-08-21,§14 Каноническая модель и snapshot,SRC-DOC-M05-P-00203,,,,DATA,,,,,Canonicalized from 1 candidate row(s); source text preserved in 10_SOURCE_EXTRACTS.csv.
M05-CAN-0066,m05.current_1_0.boundary.f32c640a1da97a68,1.0,CURRENT_1_0,M05,Профиль клиента,BOUNDARY,FORBIDDEN,§14 Каноническая модель и snapshot,"Snapshot rule
Bank Rules Engine получает IDs и нейтральные факты. Он не должен перечитывать исходные PDF и не должен «исправлять» Client Profile. Любой расчёт банка хранит client_profile_snapshot_id/hash для воспроизводимости.: Snapshot rule
Bank Rules Engine получает IDs и нейтральные факты. Он не должен перечитывать исходные PDF и не должен «исправлять» Client Profile. Любой расчёт банка хранит client_profile_snapshot_id/hash для воспроизводимости.",,"Snapshot rule
Bank Rules Engine получает IDs и нейтральные факты. Он не должен перечитывать исходные PDF и не должен «исправлять» Client Profile. Любой расчёт банка хранит client_profile_snapshot_id/hash для воспроизводимости.: Snapshot rule
Bank Rules Engine получает IDs и нейтральные факты. Он не должен перечитывать исходные PDF и не должен «исправлять» Client Profile. Любой расчёт банка хранит client_profile_snapshot_id/hash для воспроизводимости.",,,,04_CASA_Pro_Client_Profile_Final_Spec_KZ_2026-08-21,2026-08-21,§14 Каноническая модель и snapshot,SRC-DOC-M05-P-00205,,,,DATA|PARSER,,,,,Canonicalized from 1 candidate row(s); source text preserved in 10_SOURCE_EXTRACTS.csv.
M05-CAN-0067,m05.current_1_0.ux_requirement.a88715b26bb658ee,1.0,CURRENT_1_0,M05,Профиль клиента,UX_REQUIREMENT,UI,§15 UI: одна анкета внутри ипотечного дела,Зона: Sticky summary; Содержание: Клиент · цель · доступный/заявленный взнос · количество доходов · участники · completeness,Зона: Sticky summary; Содержание: Клиент · цель · доступный/заявленный взнос · количество доходов · участники · completeness,,,,,04_CASA_Pro_Client_Profile_Final_Spec_KZ_2026-08-21,2026-08-21,§15 UI: одна анкета внутри ипотечного дела,SRC-DOC-M05-P-00208,,,,MULTI_LAYER,,,,,Canonicalized from 1 candidate row(s); source text preserved in 10_SOURCE_EXTRACTS.csv.
M05-CAN-0068,m05.current_1_0.security_control.9b25d80b0df924af,1.0,CURRENT_1_0,M05,Профиль клиента,SECURITY_CONTROL,CONSENT,§15 UI: одна анкета внутри ипотечного дела,"Зона: 1. Участники; Содержание: основной, супруг, созаёмщик; badges consent/identity","Зона: 1. Участники; Содержание: основной, супруг, созаёмщик; badges consent/identity",,,,,04_CASA_Pro_Client_Profile_Final_Spec_KZ_2026-08-21,2026-08-21,§15 UI: одна анкета внутри ипотечного дела,SRC-DOC-M05-P-00209,,,,LEGAL,,,,,Canonicalized from 1 candidate row(s); source text preserved in 10_SOURCE_EXTRACTS.csv.
M05-CAN-0069,m05.current_1_0.ux_requirement.6b3ab1dddee8a631,1.0,CURRENT_1_0,M05,Профиль клиента,UX_REQUIREMENT,UI,§15 UI: одна анкета внутри ипотечного дела,"Зона: 2. Цель; Содержание: город, рынок, бюджет, желаемая дата","Зона: 2. Цель; Содержание: город, рынок, бюджет, желаемая дата",,,,,04_CASA_Pro_Client_Profile_Final_Spec_KZ_2026-08-21,2026-08-21,§15 UI: одна анкета внутри ипотечного дела,SRC-DOC-M05-P-00210,,,,MULTI_LAYER,,,,,Canonicalized from 1 candidate row(s); source text preserved in 10_SOURCE_EXTRACTS.csv.
M05-CAN-0070,m05.current_1_0.ux_requirement.5665c172724c4afd,1.0,CURRENT_1_0,M05,Профиль клиента,UX_REQUIREMENT,UI,§15 UI: одна анкета внутри ипотечного дела,Зона: 3. Работа и доход; Содержание: карточки employment + income; «Добавить источник»,Зона: 3. Работа и доход; Содержание: карточки employment + income; «Добавить источник»,,,,,04_CASA_Pro_Client_Profile_Final_Spec_KZ_2026-08-21,2026-08-21,§15 UI: одна анкета внутри ипотечного дела,SRC-DOC-M05-P-00211,,,,MULTI_LAYER,,,,,Canonicalized from 1 candidate row(s); source text preserved in 10_SOURCE_EXTRACTS.csv.
M05-CAN-0071,m05.current_1_0.ux_requirement.2c40baeb6f1c997a,1.0,CURRENT_1_0,M05,Профиль клиента,UX_REQUIREMENT,UI,§15 UI: одна анкета внутри ипотечного дела,"Зона: 4. Активы и взнос; Содержание: sources с суммой, available date, verified/unverified","Зона: 4. Активы и взнос; Содержание: sources с суммой, available date, verified/unverified",,,,VERIFIED,04_CASA_Pro_Client_Profile_Final_Spec_KZ_2026-08-21,2026-08-21,§15 UI: одна анкета внутри ипотечного дела,SRC-DOC-M05-P-00212,,,,MULTI_LAYER,,,,,Canonicalized from 1 candidate row(s); source text preserved in 10_SOURCE_EXTRACTS.csv.
M05-CAN-0072,m05.current_1_0.ux_requirement.ae78bb9d6d258295,1.0,CURRENT_1_0,M05,Профиль клиента,UX_REQUIREMENT,UI,§15 UI: одна анкета внутри ипотечного дела,Зона: 5. Обязательства; Содержание: read-only данные КИ + отдельные non-credit commitments,Зона: 5. Обязательства; Содержание: read-only данные КИ + отдельные non-credit commitments,,,,,04_CASA_Pro_Client_Profile_Final_Spec_KZ_2026-08-21,2026-08-21,§15 UI: одна анкета внутри ипотечного дела,SRC-DOC-M05-P-00213,,,,MULTI_LAYER,,,,,Canonicalized from 1 candidate row(s); source text preserved in 10_SOURCE_EXTRACTS.csv.
M05-CAN-0073,m05.current_1_0.data_contract.c7d668c5d1041e21,1.0,CURRENT_1_0,M05,Профиль клиента,DATA_CONTRACT,SNAPSHOT,§15 UI: одна анкета внутри ипотечного дела,Зона: 6. Автоданные; Содержание: ИИН / КИ / пенсионные snapshots с quality/freshness,Зона: 6. Автоданные; Содержание: ИИН / КИ / пенсионные snapshots с quality/freshness,,,,,04_CASA_Pro_Client_Profile_Final_Spec_KZ_2026-08-21,2026-08-21,§15 UI: одна анкета внутри ипотечного дела,SRC-DOC-M05-P-00214,,,,DATA,,,,,Canonicalized from 1 candidate row(s); source text preserved in 10_SOURCE_EXTRACTS.csv.
M05-CAN-0074,m05.current_1_0.ux_requirement.a92db8cdc62dbc2c,1.0,CURRENT_1_0,M05,Профиль клиента,UX_REQUIREMENT,UI,§15 UI: одна анкета внутри ипотечного дела,"Зона: 7. Проверить и подтвердить; Содержание: конфликты, missing evidence, summary изменений, кнопка «Подтвердить профиль»","Зона: 7. Проверить и подтвердить; Содержание: конфликты, missing evidence, summary изменений, кнопка «Подтвердить профиль»",,,,,04_CASA_Pro_Client_Profile_Final_Spec_KZ_2026-08-21,2026-08-21,§15 UI: одна анкета внутри ипотечного дела,SRC-DOC-M05-P-00215,,,,MULTI_LAYER,,,,,Canonicalized from 1 candidate row(s); source text preserved in 10_SOURCE_EXTRACTS.csv.
M05-CAN-0075,m05.current_1_0.data_contract.0262bc0d5834021e,1.0,CURRENT_1_0,M05,Профиль клиента,DATA_CONTRACT,SNAPSHOT,§15 UI: одна анкета внутри ипотечного дела,Badge: Автоматически; Смысл: пришло из upstream snapshot,Badge: Автоматически; Смысл: пришло из upstream snapshot,,,,,04_CASA_Pro_Client_Profile_Final_Spec_KZ_2026-08-21,2026-08-21,§15 UI: одна анкета внутри ипотечного дела,SRC-DOC-M05-P-00217,,,,DATA,,,,,Canonicalized from 1 candidate row(s); source text preserved in 10_SOURCE_EXTRACTS.csv.
M05-CAN-0076,m05.current_1_0.ux_requirement.0b9a6ac6912aea16,1.0,CURRENT_1_0,M05,Профиль клиента,UX_REQUIREMENT,UI,§15 UI: одна анкета внутри ипотечного дела,Badge: Со слов клиента; Смысл: DECLARED,Badge: Со слов клиента; Смысл: DECLARED,,,,DECLARED,04_CASA_Pro_Client_Profile_Final_Spec_KZ_2026-08-21,2026-08-21,§15 UI: одна анкета внутри ипотечного дела,SRC-DOC-M05-P-00218,,,,MULTI_LAYER,,,,,Canonicalized from 1 candidate row(s); source text preserved in 10_SOURCE_EXTRACTS.csv.
M05-CAN-0077,m05.current_1_0.ux_requirement.44be2967fb10b725,1.0,CURRENT_1_0,M05,Профиль клиента,UX_REQUIREMENT,UI,§15 UI: одна анкета внутри ипотечного дела,Badge: Подтверждено документом; Смысл: VERIFIED,Badge: Подтверждено документом; Смысл: VERIFIED,,,,VERIFIED,04_CASA_Pro_Client_Profile_Final_Spec_KZ_2026-08-21,2026-08-21,§15 UI: одна анкета внутри ипотечного дела,SRC-DOC-M05-P-00219,,,,MULTI_LAYER,,,,,Canonicalized from 1 candidate row(s); source text preserved in 10_SOURCE_EXTRACTS.csv.
M05-CAN-0078,m05.current_1_0.ux_requirement.997fd2c853f0b3e0,1.0,CURRENT_1_0,M05,Профиль клиента,UX_REQUIREMENT,UI,§15 UI: одна анкета внутри ипотечного дела,Badge: Нужно подтверждение; Смысл: EVIDENCE_REQUESTED,Badge: Нужно подтверждение; Смысл: EVIDENCE_REQUESTED,,,,,04_CASA_Pro_Client_Profile_Final_Spec_KZ_2026-08-21,2026-08-21,§15 UI: одна анкета внутри ипотечного дела,SRC-DOC-M05-P-00220,,,,MULTI_LAYER,,,,,Canonicalized from 1 candidate row(s); source text preserved in 10_SOURCE_EXTRACTS.csv.
M05-CAN-0079,m05.current_1_0.ux_requirement.456a6e554313da49,1.0,CURRENT_1_0,M05,Профиль клиента,UX_REQUIREMENT,UI,§15 UI: одна анкета внутри ипотечного дела,Badge: Конфликт; Смысл: CONFLICT,Badge: Конфликт; Смысл: CONFLICT,,,,CONFLICT,04_CASA_Pro_Client_Profile_Final_Spec_KZ_2026-08-21,2026-08-21,§15 UI: одна анкета внутри ипотечного дела,SRC-DOC-M05-P-00221,,,,MULTI_LAYER,,,,,Canonicalized from 1 candidate row(s); source text preserved in 10_SOURCE_EXTRACTS.csv.
M05-CAN-0080,m05.current_1_0.ux_requirement.7b283000fbb3a9db,1.0,CURRENT_1_0,M05,Профиль клиента,UX_REQUIREMENT,UI,§15 UI: одна анкета внутри ипотечного дела,Badge: Устарело; Смысл: STALE,Badge: Устарело; Смысл: STALE,,,,STALE,04_CASA_Pro_Client_Profile_Final_Spec_KZ_2026-08-21,2026-08-21,§15 UI: одна анкета внутри ипотечного дела,SRC-DOC-M05-P-00222,,,,MULTI_LAYER,,,,,Canonicalized from 1 candidate row(s); source text preserved in 10_SOURCE_EXTRACTS.csv.
M05-CAN-0081,m05.current_1_0.ux_requirement.e8510c49b496ee50,1.0,CURRENT_1_0,M05,Профиль клиента,UX_REQUIREMENT,UI,§15 UI: одна анкета внутри ипотечного дела,Badge: Неизвестно; Смысл: UNKNOWN,Badge: Неизвестно; Смысл: UNKNOWN,,,,UNKNOWN,04_CASA_Pro_Client_Profile_Final_Spec_KZ_2026-08-21,2026-08-21,§15 UI: одна анкета внутри ипотечного дела,SRC-DOC-M05-P-00223,,,,MULTI_LAYER,,,,,Canonicalized from 1 candidate row(s); source text preserved in 10_SOURCE_EXTRACTS.csv.
M05-CAN-0082,m05.current_1_0.product_semantic.92003e184c60eede,1.0,CURRENT_1_0,M05,Профиль клиента,PRODUCT_SEMANTIC,API,§16 API / события — минимальный surface,Событие: questionnaire.section_confirmed; Когда: раздел подтверждён,Событие: questionnaire.section_confirmed; Когда: раздел подтверждён,,,,,04_CASA_Pro_Client_Profile_Final_Spec_KZ_2026-08-21,2026-08-21,§16 API / события — минимальный surface,SRC-DOC-M05-P-00237,,,,MULTI_LAYER,,,,,Canonicalized from 1 candidate row(s); source text preserved in 10_SOURCE_EXTRACTS.csv.
M05-CAN-0083,m05.current_1_0.product_semantic.5c665a7dcd65cf01,1.0,CURRENT_1_0,M05,Профиль клиента,PRODUCT_SEMANTIC,API,§16 API / события — минимальный surface,Событие: profile.field_corrected; Когда: ручная reviewed correction,Событие: profile.field_corrected; Когда: ручная reviewed correction,,,,,04_CASA_Pro_Client_Profile_Final_Spec_KZ_2026-08-21,2026-08-21,§16 API / события — минимальный surface,SRC-DOC-M05-P-00238,,,,DATA,,,,,Canonicalized from 1 candidate row(s); source text preserved in 10_SOURCE_EXTRACTS.csv.
M05-CAN-0084,m05.current_1_0.product_semantic.01fc64c11b51ab9a,1.0,CURRENT_1_0,M05,Профиль клиента,PRODUCT_SEMANTIC,API,§16 API / события — минимальный surface,Событие: profile.conflict_detected / resolved; Когда: создан/закрыт конфликт,Событие: profile.conflict_detected / resolved; Когда: создан/закрыт конфликт,,,,,04_CASA_Pro_Client_Profile_Final_Spec_KZ_2026-08-21,2026-08-21,§16 API / события — минимальный surface,SRC-DOC-M05-P-00239,,,,MULTI_LAYER,,,,,Canonicalized from 1 candidate row(s); source text preserved in 10_SOURCE_EXTRACTS.csv.
M05-CAN-0085,m05.current_1_0.product_semantic.604feca85b36fcbb,1.0,CURRENT_1_0,M05,Профиль клиента,PRODUCT_SEMANTIC,API,§16 API / события — минимальный surface,Событие: income_source.verified; Когда: подтверждён источник дохода,Событие: income_source.verified; Когда: подтверждён источник дохода,,,,VERIFIED,04_CASA_Pro_Client_Profile_Final_Spec_KZ_2026-08-21,2026-08-21,§16 API / события — минимальный surface,SRC-DOC-M05-P-00240,,,,MULTI_LAYER,,,,,Canonicalized from 1 candidate row(s); source text preserved in 10_SOURCE_EXTRACTS.csv.
M05-CAN-0086,m05.current_1_0.product_semantic.90aa41143be8ec89,1.0,CURRENT_1_0,M05,Профиль клиента,PRODUCT_SEMANTIC,API,§16 API / события — минимальный surface,Событие: down_payment_source.verified; Когда: подтверждён источник взноса,Событие: down_payment_source.verified; Когда: подтверждён источник взноса,,,,VERIFIED,04_CASA_Pro_Client_Profile_Final_Spec_KZ_2026-08-21,2026-08-21,§16 API / события — минимальный surface,SRC-DOC-M05-P-00241,,,,MULTI_LAYER,,,,,Canonicalized from 1 candidate row(s); source text preserved in 10_SOURCE_EXTRACTS.csv.
M05-CAN-0087,m05.current_1_0.product_semantic.92a98a796560b19f,1.0,CURRENT_1_0,M05,Профиль клиента,PRODUCT_SEMANTIC,API,§16 API / события — минимальный surface,Событие: client_profile.snapshot_published; Когда: готов neutral input для Bank Rules Engine,Событие: client_profile.snapshot_published; Когда: готов neutral input для Bank Rules Engine,,,,,04_CASA_Pro_Client_Profile_Final_Spec_KZ_2026-08-21,2026-08-21,§16 API / события — минимальный surface,SRC-DOC-M05-P-00242,,,,DATA,,,,,Canonicalized from 1 candidate row(s); source text preserved in 10_SOURCE_EXTRACTS.csv.
M05-CAN-0088,m05.current_1_0.product_semantic.f9f6ad480f639d76,1.0,CURRENT_1_0,M05,Профиль клиента,PRODUCT_SEMANTIC,API,§16 API / события — минимальный surface,Событие: client_profile.snapshot_superseded; Когда: изменился upstream snapshot или подтверждённое поле,Событие: client_profile.snapshot_superseded; Когда: изменился upstream snapshot или подтверждённое поле,,,,,04_CASA_Pro_Client_Profile_Final_Spec_KZ_2026-08-21,2026-08-21,§16 API / события — минимальный surface,SRC-DOC-M05-P-00243,,,,DATA,,,,,Canonicalized from 1 candidate row(s); source text preserved in 10_SOURCE_EXTRACTS.csv.
M05-CAN-0089,m05.current_1_0.product_semantic.a11d46fdad366d42,1.0,CURRENT_1_0,M05,Профиль клиента,PRODUCT_SEMANTIC,API,§16 API / события — минимальный surface,Method: GET; Endpoint: /api/v2/cases/{caseId}/client-profile; Назначение: анкета + section statuses + source refs,Method: GET; Endpoint: /api/v2/cases/{caseId}/client-profile; Назначение: анкета + section statuses + source refs,,,,,04_CASA_Pro_Client_Profile_Final_Spec_KZ_2026-08-21|M05_CASA_Pro_Client_Profile_Implementation_and_Acceptance_v1.1,2026-08-21|1.1,§16 API / события — минимальный surface|API surface — namespace compatibility,SRC-DOC-M05-P-00226|SRC-DOC-M05-I-00288,,,,BACKEND,,,,,Canonicalized from 2 candidate row(s); source text preserved in 10_SOURCE_EXTRACTS.csv.
M05-CAN-0090,m05.current_1_0.product_semantic.6abd387ade7949d4,1.0,CURRENT_1_0,M05,Профиль клиента,PRODUCT_SEMANTIC,API,§16 API / события — минимальный surface,Method: PATCH; Endpoint: /api/v2/cases/{caseId}/client-profile; Назначение: редактируемые goal/household поля с If-Match,Method: PATCH; Endpoint: /api/v2/cases/{caseId}/client-profile; Назначение: редактируемые goal/household поля с If-Match,,,,,04_CASA_Pro_Client_Profile_Final_Spec_KZ_2026-08-21|M05_CASA_Pro_Client_Profile_Implementation_and_Acceptance_v1.1,2026-08-21|1.1,§16 API / события — минимальный surface|API surface — namespace compatibility,SRC-DOC-M05-P-00227|SRC-DOC-M05-I-00289,,,,BACKEND|DATA,,,,,Canonicalized from 2 candidate row(s); source text preserved in 10_SOURCE_EXTRACTS.csv.
M05-CAN-0091,m05.current_1_0.product_semantic.0937c33c2725959b,1.0,CURRENT_1_0,M05,Профиль клиента,PRODUCT_SEMANTIC,API,§16 API / события — минимальный surface,Method: POST; Endpoint: /api/v2/cases/{caseId}/participants; Назначение: добавить spouse/co-borrower/participant,Method: POST; Endpoint: /api/v2/cases/{caseId}/participants; Назначение: добавить spouse/co-borrower/participant,,,,,04_CASA_Pro_Client_Profile_Final_Spec_KZ_2026-08-21|M05_CASA_Pro_Client_Profile_Implementation_and_Acceptance_v1.1,2026-08-21|1.1,§16 API / события — минимальный surface|API surface — namespace compatibility,SRC-DOC-M05-P-00228|SRC-DOC-M05-I-00290,,,,BACKEND,,,,,Canonicalized from 2 candidate row(s); source text preserved in 10_SOURCE_EXTRACTS.csv.
M05-CAN-0092,m05.current_1_0.product_semantic.1cfc808eccb61d6a,1.0,CURRENT_1_0,M05,Профиль клиента,PRODUCT_SEMANTIC,API,§16 API / события — минимальный surface,Method: POST/PATCH; Endpoint: /api/v2/employments; Назначение: занятость,Method: POST/PATCH; Endpoint: /api/v2/employments; Назначение: занятость,,,,,04_CASA_Pro_Client_Profile_Final_Spec_KZ_2026-08-21|M05_CASA_Pro_Client_Profile_Implementation_and_Acceptance_v1.1,2026-08-21|1.1,§16 API / события — минимальный surface|API surface — namespace compatibility,SRC-DOC-M05-P-00229|SRC-DOC-M05-I-00291,,,,BACKEND|DATA,,,,,Canonicalized from 2 candidate row(s); source text preserved in 10_SOURCE_EXTRACTS.csv.
M05-CAN-0093,m05.current_1_0.product_semantic.ce4165f30ee3469b,1.0,CURRENT_1_0,M05,Профиль клиента,PRODUCT_SEMANTIC,API,§16 API / события — минимальный surface,Method: POST/PATCH; Endpoint: /api/v2/income-sources; Назначение: источник дохода,Method: POST/PATCH; Endpoint: /api/v2/income-sources; Назначение: источник дохода,,,,,04_CASA_Pro_Client_Profile_Final_Spec_KZ_2026-08-21|M05_CASA_Pro_Client_Profile_Implementation_and_Acceptance_v1.1,2026-08-21|1.1,§16 API / события — минимальный surface|API surface — namespace compatibility,SRC-DOC-M05-P-00230|SRC-DOC-M05-I-00292,,,,BACKEND,,,,,Canonicalized from 2 candidate row(s); source text preserved in 10_SOURCE_EXTRACTS.csv.
M05-CAN-0094,m05.current_1_0.product_semantic.0ce73de2304a51e0,1.0,CURRENT_1_0,M05,Профиль клиента,PRODUCT_SEMANTIC,API,§16 API / события — минимальный surface,Method: POST/PATCH; Endpoint: /api/v2/assets; Назначение: актив,Method: POST/PATCH; Endpoint: /api/v2/assets; Назначение: актив,,,,,04_CASA_Pro_Client_Profile_Final_Spec_KZ_2026-08-21|M05_CASA_Pro_Client_Profile_Implementation_and_Acceptance_v1.1,2026-08-21|1.1,§16 API / события — минимальный surface|API surface — namespace compatibility,SRC-DOC-M05-P-00231|SRC-DOC-M05-I-00293,,,,BACKEND,,,,,Canonicalized from 2 candidate row(s); source text preserved in 10_SOURCE_EXTRACTS.csv.
M05-CAN-0095,m05.current_1_0.product_semantic.5c332d27624923e8,1.0,CURRENT_1_0,M05,Профиль клиента,PRODUCT_SEMANTIC,API,§16 API / события — минимальный surface,Method: POST/PATCH; Endpoint: /api/v2/down-payment-sources; Назначение: источник взноса,Method: POST/PATCH; Endpoint: /api/v2/down-payment-sources; Назначение: источник взноса,,,,,04_CASA_Pro_Client_Profile_Final_Spec_KZ_2026-08-21|M05_CASA_Pro_Client_Profile_Implementation_and_Acceptance_v1.1,2026-08-21|1.1,§16 API / события — минимальный surface|API surface — namespace compatibility,SRC-DOC-M05-P-00232|SRC-DOC-M05-I-00294,,,,BACKEND,,,,,Canonicalized from 2 candidate row(s); source text preserved in 10_SOURCE_EXTRACTS.csv.
M05-CAN-0096,m05.current_1_0.product_semantic.39e4f03a79529bd1,1.0,CURRENT_1_0,M05,Профиль клиента,PRODUCT_SEMANTIC,API,§16 API / события — минимальный surface,Method: POST/PATCH; Endpoint: /api/v2/non-credit-commitments; Назначение: обязательства вне ПКО,Method: POST/PATCH; Endpoint: /api/v2/non-credit-commitments; Назначение: обязательства вне ПКО,,,,,04_CASA_Pro_Client_Profile_Final_Spec_KZ_2026-08-21|M05_CASA_Pro_Client_Profile_Implementation_and_Acceptance_v1.1,2026-08-21|1.1,§16 API / события — минимальный surface|API surface — namespace compatibility,SRC-DOC-M05-P-00233|SRC-DOC-M05-I-00295,,,,BACKEND,,,,,Canonicalized from 2 candidate row(s); source text preserved in 10_SOURCE_EXTRACTS.csv.
M05-CAN-0097,m05.current_1_0.product_semantic.0c1b2395ad4e066d,1.0,CURRENT_1_0,M05,Профиль клиента,PRODUCT_SEMANTIC,API,§16 API / события — минимальный surface,Method: POST; Endpoint: /api/v2/cases/{caseId}/client-profile:reconcile; Назначение: пересчитать completeness/conflicts,Method: POST; Endpoint: /api/v2/cases/{caseId}/client-profile:reconcile; Назначение: пересчитать completeness/conflicts,,,,,04_CASA_Pro_Client_Profile_Final_Spec_KZ_2026-08-21|M05_CASA_Pro_Client_Profile_Implementation_and_Acceptance_v1.1,2026-08-21|1.1,§16 API / события — минимальный surface|API surface — namespace compatibility,SRC-DOC-M05-P-00234|SRC-DOC-M05-I-00296,,,,BACKEND,,,,,Canonicalized from 2 candidate row(s); source text preserved in 10_SOURCE_EXTRACTS.csv.
M05-CAN-0098,m05.current_1_0.product_semantic.5b4981ddb0bf333a,1.0,CURRENT_1_0,M05,Профиль клиента,PRODUCT_SEMANTIC,API,§16 API / события — минимальный surface,Method: POST; Endpoint: /api/v2/cases/{caseId}/client-profile:publish-snapshot; Назначение: publish immutable snapshot после gates,Method: POST; Endpoint: /api/v2/cases/{caseId}/client-profile:publish-snapshot; Назначение: publish immutable snapshot после gates,,,,,04_CASA_Pro_Client_Profile_Final_Spec_KZ_2026-08-21|M05_CASA_Pro_Client_Profile_Implementation_and_Acceptance_v1.1,2026-08-21|1.1,§16 API / события — минимальный surface|API surface — namespace compatibility,SRC-DOC-M05-P-00235|SRC-DOC-M05-I-00297,,,,BACKEND|DATA,,,,,Canonicalized from 2 candidate row(s); source text preserved in 10_SOURCE_EXTRACTS.csv.
M05-CAN-0099,m05.current_1_0.data_contract.7a08ba95d7f04721,1.0,CURRENT_1_0,M05,Профиль клиента,DATA_CONTRACT,DATA_MODEL,"§2 Принцип анкеты: «спросить только то, чего не знаем»",Источник поля: IIN_CHECK; Пример: статус ИП / подтверждённый внешний факт; Поведение UI: показать «получено автоматически»; ручное поле не открывать без режима correction,Источник поля: IIN_CHECK; Пример: статус ИП / подтверждённый внешний факт; Поведение UI: показать «получено автоматически»; ручное поле не открывать без режима correction,,,,,04_CASA_Pro_Client_Profile_Final_Spec_KZ_2026-08-21,2026-08-21,"§2 Принцип анкеты: «спросить только то, чего не знаем»",SRC-DOC-M05-P-00027,,,,FRONTEND,,,,,Canonicalized from 1 candidate row(s); source text preserved in 10_SOURCE_EXTRACTS.csv.
M05-CAN-0100,m05.current_1_0.ux_requirement.06e3b9e355e09f75,1.0,CURRENT_1_0,M05,Профиль клиента,UX_REQUIREMENT,UI,"§2 Принцип анкеты: «спросить только то, чего не знаем»","Источник поля: CREDIT_HISTORY; Пример: действующие обязательства, карты, текущие платежи; Поведение UI: read-only summary + «посмотреть источник»","Источник поля: CREDIT_HISTORY; Пример: действующие обязательства, карты, текущие платежи; Поведение UI: read-only summary + «посмотреть источник»",,,,,04_CASA_Pro_Client_Profile_Final_Spec_KZ_2026-08-21,2026-08-21,"§2 Принцип анкеты: «спросить только то, чего не знаем»",SRC-DOC-M05-P-00028,,,,FRONTEND,,,,,Canonicalized from 1 candidate row(s); source text preserved in 10_SOURCE_EXTRACTS.csv.
M05-CAN-0101,m05.current_1_0.ux_requirement.b5dd76c9780e2b3c,1.0,CURRENT_1_0,M05,Профиль клиента,UX_REQUIREMENT,UI,"§2 Принцип анкеты: «спросить только то, чего не знаем»","Источник поля: PENSION; Пример: периоды взносов, отправители, contribution profile; Поведение UI: read-only; не называть отправителя работодателем автоматически","Источник поля: PENSION; Пример: периоды взносов, отправители, contribution profile; Поведение UI: read-only; не называть отправителя работодателем автоматически",,,,,04_CASA_Pro_Client_Profile_Final_Spec_KZ_2026-08-21,2026-08-21,"§2 Принцип анкеты: «спросить только то, чего не знаем»",SRC-DOC-M05-P-00029,,,,FRONTEND,,,,,Canonicalized from 1 candidate row(s); source text preserved in 10_SOURCE_EXTRACTS.csv.
M05-CAN-0102,m05.current_1_0.data_contract.02cb39120c368285,1.0,CURRENT_1_0,M05,Профиль клиента,DATA_CONTRACT,DATA_MODEL,"§2 Принцип анкеты: «спросить только то, чего не знаем»","Источник поля: BROKER_ENTERED; Пример: ответ клиента, введённый риелтором; Поведение UI: обязательно actor/time; при критичном поле — «подтверждено клиентом?»","Источник поля: BROKER_ENTERED; Пример: ответ клиента, введённый риелтором; Поведение UI: обязательно actor/time; при критичном поле — «подтверждено клиентом?»",,,,,04_CASA_Pro_Client_Profile_Final_Spec_KZ_2026-08-21,2026-08-21,"§2 Принцип анкеты: «спросить только то, чего не знаем»",SRC-DOC-M05-P-00031,,,,FRONTEND,,,,,Canonicalized from 1 candidate row(s); source text preserved in 10_SOURCE_EXTRACTS.csv.
M05-CAN-0103,m05.current_1_0.product_semantic.e99f1bc78619a81e,1.0,CURRENT_1_0,M05,Профиль клиента,PRODUCT_SEMANTIC,FORMULA,"§2 Принцип анкеты: «спросить только то, чего не знаем»","Источник поля: CASA_DERIVED; Пример: сумма заявленных доступных средств, completeness; Поведение UI: формула/version/input IDs; не перезаписывать source fact","Источник поля: CASA_DERIVED; Пример: сумма заявленных доступных средств, completeness; Поведение UI: формула/version/input IDs; не перезаписывать source fact",,,,,04_CASA_Pro_Client_Profile_Final_Spec_KZ_2026-08-21,2026-08-21,"§2 Принцип анкеты: «спросить только то, чего не знаем»",SRC-DOC-M05-P-00033,,,,FRONTEND,,,,,Canonicalized from 1 candidate row(s); source text preserved in 10_SOURCE_EXTRACTS.csv.
M05-CAN-0104,m05.current_1_0.data_contract.6b53be8cbeb7f89e,1.0,CURRENT_1_0,M05,Профиль клиента,DATA_CONTRACT,DATA_MODEL,"§2 Принцип анкеты: «спросить только то, чего не знаем»","Приоритет не равен «автоматическое всегда важнее»
Если пользователь говорит, что работа закончилась, а пенсионная выписка показывает более раннего отправителя, CASA хранит оба факта с датами. При конфликте поле получает CONFLICT/NEEDS_REVIEW; система не выбирает победителя скрыто.: Приоритет не равен «автоматическое всегда важнее»
Если пользователь говорит, что работа закончилась, а пенсионная выписка показывает более раннего отправителя, CASA хранит оба факта с датами. При конфликте поле получает CONFLICT/NEEDS_REVIEW; система не выбирает победителя скрыто.","Приоритет не равен «автоматическое всегда важнее»
Если пользователь говорит, что работа закончилась, а пенсионная выписка показывает более раннего отправителя, CASA хранит оба факта с датами. При конфликте поле получает CONFLICT/NEEDS_REVIEW; система не выбирает победителя скрыто.: Приоритет не равен «автоматическое всегда важнее»
Если пользователь говорит, что работа закончилась, а пенсионная выписка показывает более раннего отправителя, CASA хранит оба факта с датами. При конфликте поле получает CONFLICT/NEEDS_REVIEW; система не выбирает победителя скрыто.",,,,CONFLICT,04_CASA_Pro_Client_Profile_Final_Spec_KZ_2026-08-21,2026-08-21,"§2 Принцип анкеты: «спросить только то, чего не знаем»",SRC-DOC-M05-P-00034,,,,DATA,,,,,Canonicalized from 1 candidate row(s); source text preserved in 10_SOURCE_EXTRACTS.csv.
M05-CAN-0105,m05.current_1_0.data_contract.dc715360d768c42d,1.0,CURRENT_1_0,M05,Профиль клиента,DATA_CONTRACT,DATA_MODEL,"§2 Принцип анкеты: «спросить только то, чего не знаем»","Источник поля: USER_DECLARED; Пример: семейное положение, цель покупки, дополнительные доходы, источник взноса; Поведение UI: редактируемое поле; статус «заявлено»","Источник поля: USER_DECLARED; Пример: семейное положение, цель покупки, дополнительные доходы, источник взноса; Поведение UI: редактируемое поле; статус «заявлено»",,,,,04_CASA_Pro_Client_Profile_Final_Spec_KZ_2026-08-21|M05_CASA_Pro_Client_Profile_Implementation_and_Acceptance_v1.1,2026-08-21|1.1,"§2 Принцип анкеты: «спросить только то, чего не знаем»|§6 Принцип «спрашивать только неизвестное»",SRC-DOC-M05-P-00030|SRC-DOC-M05-I-00074,,,CRITICAL,FRONTEND,,,,,Canonicalized from 2 candidate row(s); source text preserved in 10_SOURCE_EXTRACTS.csv.
M05-CAN-0106,m05.current_1_0.ux_requirement.bc8306d2b4d9fbb1,1.0,CURRENT_1_0,M05,Профиль клиента,UX_REQUIREMENT,UI,"§2 Принцип анкеты: «спросить только то, чего не знаем»","Источник поля: DOCUMENT_VERIFIED; Пример: доход/актив/взнос, подтверждённый отдельным документом; Поведение UI: показывать evidence + дату + freshness","Источник поля: DOCUMENT_VERIFIED; Пример: доход/актив/взнос, подтверждённый отдельным документом; Поведение UI: показывать evidence + дату + freshness",,,,,04_CASA_Pro_Client_Profile_Final_Spec_KZ_2026-08-21|M05_CASA_Pro_Client_Profile_Implementation_and_Acceptance_v1.1,2026-08-21|1.1,"§2 Принцип анкеты: «спросить только то, чего не знаем»|§6 Принцип «спрашивать только неизвестное»",SRC-DOC-M05-P-00032|SRC-DOC-M05-I-00076,,,,FRONTEND,,,,,Canonicalized from 2 candidate row(s); source text preserved in 10_SOURCE_EXTRACTS.csv.
M05-CAN-0107,m05.current_1_0.data_contract.53543a02e7e7201a,1.0,CURRENT_1_0,M05,Профиль клиента,DATA_CONTRACT,SNAPSHOT,§20 База спецификации и принятые изменения,"Эта спецификация собрана на основе текущего CASA Pro Mortgage ТЗ v2.0 и закрытых production-спецификаций Credit History Engine и Pension Contribution Engine. Она сохраняет уже заданные сущности borrower, household, co_borrower, income_source, employment, asset, down_payment_source и case_snapshot, но уточняет их продуктовый контракт для реальной анкеты.","Эта спецификация собрана на основе текущего CASA Pro Mortgage ТЗ v2.0 и закрытых production-спецификаций Credit History Engine и Pension Contribution Engine. Она сохраняет уже заданные сущности borrower, household, co_borrower, income_source, employment, asset, down_payment_source и case_snapshot, но уточняет их продуктовый контракт для реальной анкеты.",,,,,04_CASA_Pro_Client_Profile_Final_Spec_KZ_2026-08-21,2026-08-21,§20 База спецификации и принятые изменения,SRC-DOC-M05-P-00304,,,,DATA|PRODUCT,,,,,Canonicalized from 1 candidate row(s); source text preserved in 10_SOURCE_EXTRACTS.csv.
M05-CAN-0108,m05.current_1_0.boundary.88ca76266b4fcfc7,1.0,CURRENT_1_0,M05,Профиль клиента,BOUNDARY,FORBIDDEN,§20 База спецификации и принятые изменения,Изменение: Добавлен non_credit_commitment; Причина: обязательства вне кредитного отчёта нельзя корректно хранить в loan_obligation,,Изменение: Добавлен non_credit_commitment; Причина: обязательства вне кредитного отчёта нельзя корректно хранить в loan_obligation,,,,04_CASA_Pro_Client_Profile_Final_Spec_KZ_2026-08-21,2026-08-21,§20 База спецификации и принятые изменения,SRC-DOC-M05-P-00307,,,,MULTI_LAYER,,,,,Canonicalized from 1 candidate row(s); source text preserved in 10_SOURCE_EXTRACTS.csv.
M05-CAN-0109,m05.current_1_0.product_semantic.9dc33e4c9f1049be,1.0,CURRENT_1_0,M05,Профиль клиента,PRODUCT_SEMANTIC,STATE,§20 База спецификации и принятые изменения,"Изменение: Добавлен profile_field_revision / unified field status; Причина: нужно явно разделить source fact, declaration, verification, conflict и correction","Изменение: Добавлен profile_field_revision / unified field status; Причина: нужно явно разделить source fact, declaration, verification, conflict и correction",,,,CONFLICT,04_CASA_Pro_Client_Profile_Final_Spec_KZ_2026-08-21,2026-08-21,§20 База спецификации и принятые изменения,SRC-DOC-M05-P-00308,,,,DATA,,,,,Canonicalized from 1 candidate row(s); source text preserved in 10_SOURCE_EXTRACTS.csv.
M05-CAN-0110,m05.current_1_0.boundary.715405200105bbf3,1.0,CURRENT_1_0,M05,Профиль клиента,BOUNDARY,FORBIDDEN,§20 База спецификации и принятые изменения,Изменение: Down payment разделён на деньги и additional collateral; Причина: стоимость залога нельзя суммировать с денежным первоначальным взносом,,Изменение: Down payment разделён на деньги и additional collateral; Причина: стоимость залога нельзя суммировать с денежным первоначальным взносом,,,,04_CASA_Pro_Client_Profile_Final_Spec_KZ_2026-08-21,2026-08-21,§20 База спецификации и принятые изменения,SRC-DOC-M05-P-00309,,,,MULTI_LAYER,,,,,Canonicalized from 1 candidate row(s); source text preserved in 10_SOURCE_EXTRACTS.csv.
M05-CAN-0111,m05.current_1_0.boundary.aac439a10aafd1d7,1.0,CURRENT_1_0,M05,Профиль клиента,BOUNDARY,FORBIDDEN,§20 База спецификации и принятые изменения,Изменение: Pension sender ↔ employment только reviewed relation; Причина: закрытый пенсионный блок прямо запрещает автоматически называть отправителя работодателем,,Изменение: Pension sender ↔ employment только reviewed relation; Причина: закрытый пенсионный блок прямо запрещает автоматически называть отправителя работодателем,,,,04_CASA_Pro_Client_Profile_Final_Spec_KZ_2026-08-21,2026-08-21,§20 База спецификации и принятые изменения,SRC-DOC-M05-P-00310,,,,MULTI_LAYER,,,,,Canonicalized from 1 candidate row(s); source text preserved in 10_SOURCE_EXTRACTS.csv.
M05-CAN-0112,m05.current_1_0.product_semantic.e995e5d6199cc9be,1.0,CURRENT_1_0,M05,Профиль клиента,PRODUCT_SEMANTIC,BUSINESS_RULE,§3 Карта анкеты CASA Pro,"Раздел: A. Цель покупки; Что спрашиваем: город/регион, рынок, целевая цена/диапазон, доступный взнос, желаемая дата покупки; Что не спрашиваем повторно: банковские условия и ставки","Раздел: A. Цель покупки; Что спрашиваем: город/регион, рынок, целевая цена/диапазон, доступный взнос, желаемая дата покупки; Что не спрашиваем повторно: банковские условия и ставки",,,,,04_CASA_Pro_Client_Profile_Final_Spec_KZ_2026-08-21,2026-08-21,§3 Карта анкеты CASA Pro,SRC-DOC-M05-P-00037,,,,MULTI_LAYER,,,,,Canonicalized from 1 candidate row(s); source text preserved in 10_SOURCE_EXTRACTS.csv.
M05-CAN-0113,m05.current_1_0.product_semantic.278e484df34fa8c9,1.0,CURRENT_1_0,M05,Профиль клиента,PRODUCT_SEMANTIC,BUSINESS_RULE,§3 Карта анкеты CASA Pro,"Раздел: B. Участники и семья; Что спрашиваем: основной заёмщик, супруг, созаёмщик, иждивенцы, связь участников; Что не спрашиваем повторно: ИИН/ФИО повторно, если уже подтверждены","Раздел: B. Участники и семья; Что спрашиваем: основной заёмщик, супруг, созаёмщик, иждивенцы, связь участников; Что не спрашиваем повторно: ИИН/ФИО повторно, если уже подтверждены",,,,,04_CASA_Pro_Client_Profile_Final_Spec_KZ_2026-08-21,2026-08-21,§3 Карта анкеты CASA Pro,SRC-DOC-M05-P-00038,,,,MULTI_LAYER,,,,,Canonicalized from 1 candidate row(s); source text preserved in 10_SOURCE_EXTRACTS.csv.
M05-CAN-0114,m05.current_1_0.product_semantic.66f2b4383923741c,1.0,CURRENT_1_0,M05,Профиль клиента,PRODUCT_SEMANTIC,BUSINESS_RULE,§3 Карта анкеты CASA Pro,"Раздел: C. Занятость; Что спрашиваем: тип, организация/бизнес, период, статус работы, отпуск/испытательный срок; Что не спрашиваем повторно: не выводим работодателя только по пенсионному отправителю","Раздел: C. Занятость; Что спрашиваем: тип, организация/бизнес, период, статус работы, отпуск/испытательный срок; Что не спрашиваем повторно: не выводим работодателя только по пенсионному отправителю",,,,,04_CASA_Pro_Client_Profile_Final_Spec_KZ_2026-08-21,2026-08-21,§3 Карта анкеты CASA Pro,SRC-DOC-M05-P-00039,,,,MULTI_LAYER,,,,,Canonicalized from 1 candidate row(s); source text preserved in 10_SOURCE_EXTRACTS.csv.
M05-CAN-0115,m05.current_1_0.product_semantic.735016a62315cc75,1.0,CURRENT_1_0,M05,Профиль клиента,PRODUCT_SEMANTIC,BUSINESS_RULE,§3 Карта анкеты CASA Pro,"Раздел: D. Доходы; Что спрашиваем: все заявленные источники и периодичность, включая доходы без ЕНПФ; Что не спрашиваем повторно: не переписываем pension contribution как accepted income","Раздел: D. Доходы; Что спрашиваем: все заявленные источники и периодичность, включая доходы без ЕНПФ; Что не спрашиваем повторно: не переписываем pension contribution как accepted income",,,,,04_CASA_Pro_Client_Profile_Final_Spec_KZ_2026-08-21,2026-08-21,§3 Карта анкеты CASA Pro,SRC-DOC-M05-P-00040,,,,MULTI_LAYER,,,,,Canonicalized from 1 candidate row(s); source text preserved in 10_SOURCE_EXTRACTS.csv.
M05-CAN-0116,m05.current_1_0.product_semantic.c755bd888581492b,1.0,CURRENT_1_0,M05,Профиль клиента,PRODUCT_SEMANTIC,BUSINESS_RULE,§3 Карта анкеты CASA Pro,"Раздел: E. Активы; Что спрашиваем: имущество и ликвидные средства, которые могут иметь значение для взноса/залога; Что не спрашиваем повторно: не превращаем asset автоматически в доступный взнос","Раздел: E. Активы; Что спрашиваем: имущество и ликвидные средства, которые могут иметь значение для взноса/залога; Что не спрашиваем повторно: не превращаем asset автоматически в доступный взнос",,,,,04_CASA_Pro_Client_Profile_Final_Spec_KZ_2026-08-21,2026-08-21,§3 Карта анкеты CASA Pro,SRC-DOC-M05-P-00041,,,,MULTI_LAYER,,,,,Canonicalized from 1 candidate row(s); source text preserved in 10_SOURCE_EXTRACTS.csv.
M05-CAN-0117,m05.current_1_0.product_semantic.417fbe61431949b5,1.0,CURRENT_1_0,M05,Профиль клиента,PRODUCT_SEMANTIC,BUSINESS_RULE,§3 Карта анкеты CASA Pro,"Раздел: F. Первоначальный взнос; Что спрашиваем: источник, сумма, владелец, дата доступности, доказательство; Что не спрашиваем повторно: не решаем допустимость для банка","Раздел: F. Первоначальный взнос; Что спрашиваем: источник, сумма, владелец, дата доступности, доказательство; Что не спрашиваем повторно: не решаем допустимость для банка",,,,,04_CASA_Pro_Client_Profile_Final_Spec_KZ_2026-08-21,2026-08-21,§3 Карта анкеты CASA Pro,SRC-DOC-M05-P-00042,,,,MULTI_LAYER,,,,,Canonicalized from 1 candidate row(s); source text preserved in 10_SOURCE_EXTRACTS.csv.
M05-CAN-0118,m05.current_1_0.product_semantic.4f197772d072df82,1.0,CURRENT_1_0,M05,Профиль клиента,PRODUCT_SEMANTIC,BUSINESS_RULE,§3 Карта анкеты CASA Pro,Раздел: G. Прочие обязательства/факты; Что спрашиваем: обязательства вне ПКО и специальные статусы только когда они реально нужны; Что не спрашиваем повторно: не дублируем кредитные обязательства из ПКО,Раздел: G. Прочие обязательства/факты; Что спрашиваем: обязательства вне ПКО и специальные статусы только когда они реально нужны; Что не спрашиваем повторно: не дублируем кредитные обязательства из ПКО,,,,,04_CASA_Pro_Client_Profile_Final_Spec_KZ_2026-08-21,2026-08-21,§3 Карта анкеты CASA Pro,SRC-DOC-M05-P-00043,,,,MULTI_LAYER,,,,,Canonicalized from 1 candidate row(s); source text preserved in 10_SOURCE_EXTRACTS.csv.
M05-CAN-0119,m05.current_1_0.data_contract.692f38a2c425e669,1.0,CURRENT_1_0,M05,Профиль клиента,DATA_CONTRACT,PROVENANCE,§3 Карта анкеты CASA Pro,"Раздел: H. Подтверждение; Что спрашиваем: клиент/риелтор подтверждает разделы, конфликтные поля и источники; Что не спрашиваем повторно: не скрываем UNKNOWN/missing evidence","Раздел: H. Подтверждение; Что спрашиваем: клиент/риелтор подтверждает разделы, конфликтные поля и источники; Что не спрашиваем повторно: не скрываем UNKNOWN/missing evidence",,,,UNKNOWN,04_CASA_Pro_Client_Profile_Final_Spec_KZ_2026-08-21,2026-08-21,§3 Карта анкеты CASA Pro,SRC-DOC-M05-P-00044,,,,DATA,,,,,Canonicalized from 1 candidate row(s); source text preserved in 10_SOURCE_EXTRACTS.csv.
M05-CAN-0120,m05.current_1_0.data_contract.f7dada91a67d8c6a,1.0,CURRENT_1_0,M05,Профиль клиента,DATA_CONTRACT,SNAPSHOT,§4 Цель покупки и бюджет,Поле: purchase_goal_id; Тип / значения: ID; Правило: immutable logical goal; новая существенная цель создаёт новую версию,Поле: purchase_goal_id; Тип / значения: ID; Правило: immutable logical goal; новая существенная цель создаёт новую версию,,,,,04_CASA_Pro_Client_Profile_Final_Spec_KZ_2026-08-21,2026-08-21,§4 Цель покупки и бюджет,SRC-DOC-M05-P-00047,,,,DATA,,,,,Canonicalized from 1 candidate row(s); source text preserved in 10_SOURCE_EXTRACTS.csv.
M05-CAN-0121,m05.current_1_0.data_contract.4270fffeece842b4,1.0,CURRENT_1_0,M05,Профиль клиента,DATA_CONTRACT,DATA_MODEL,§4 Цель покупки и бюджет,"Поле: target_region / target_city; Тип / значения: справочник KZ; Правило: город/регион, где клиент хочет покупать; не подменяет географию программы","Поле: target_region / target_city; Тип / значения: справочник KZ; Правило: город/регион, где клиент хочет покупать; не подменяет географию программы",,,,,04_CASA_Pro_Client_Profile_Final_Spec_KZ_2026-08-21,2026-08-21,§4 Цель покупки и бюджет,SRC-DOC-M05-P-00048,,,,DATA,,,,,Canonicalized from 1 candidate row(s); source text preserved in 10_SOURCE_EXTRACTS.csv.
M05-CAN-0122,m05.current_1_0.data_contract.ed9ac92f6e2199e4,1.0,CURRENT_1_0,M05,Профиль клиента,DATA_CONTRACT,DATA_MODEL,§4 Цель покупки и бюджет,Поле: market_preference; Тип / значения: PRIMARY / SECONDARY / EITHER; Правило: предпочтение клиента; bank rule позже,Поле: market_preference; Тип / значения: PRIMARY / SECONDARY / EITHER; Правило: предпочтение клиента; bank rule позже,,,,,04_CASA_Pro_Client_Profile_Final_Spec_KZ_2026-08-21,2026-08-21,§4 Цель покупки и бюджет,SRC-DOC-M05-P-00049,,,,DATA,,,,,Canonicalized from 1 candidate row(s); source text preserved in 10_SOURCE_EXTRACTS.csv.
M05-CAN-0123,m05.current_1_0.data_contract.ed5a5156a745cefc,1.0,CURRENT_1_0,M05,Профиль клиента,DATA_CONTRACT,DATA_MODEL,§4 Цель покупки и бюджет,Поле: target_price_min / max; Тип / значения: Money?; Правило: целевой диапазон; max может быть единственным значением,Поле: target_price_min / max; Тип / значения: Money?; Правило: целевой диапазон; max может быть единственным значением,,,,,04_CASA_Pro_Client_Profile_Final_Spec_KZ_2026-08-21,2026-08-21,§4 Цель покупки и бюджет,SRC-DOC-M05-P-00051,,,,DATA,,,,,Canonicalized from 1 candidate row(s); source text preserved in 10_SOURCE_EXTRACTS.csv.
M05-CAN-0124,m05.current_1_0.data_contract.8e8bff43c9c79ef9,1.0,CURRENT_1_0,M05,Профиль клиента,DATA_CONTRACT,DATA_MODEL,§4 Цель покупки и бюджет,Поле: declared_available_down_payment; Тип / значения: Money?; Правило: быстрый верхнеуровневый ответ; итог должен сходиться с down_payment_source после заполнения,Поле: declared_available_down_payment; Тип / значения: Money?; Правило: быстрый верхнеуровневый ответ; итог должен сходиться с down_payment_source после заполнения,,,,,04_CASA_Pro_Client_Profile_Final_Spec_KZ_2026-08-21,2026-08-21,§4 Цель покупки и бюджет,SRC-DOC-M05-P-00052,,,,DATA,,,,,Canonicalized from 1 candidate row(s); source text preserved in 10_SOURCE_EXTRACTS.csv.
M05-CAN-0125,m05.current_1_0.data_contract.ac146ed3b5015fac,1.0,CURRENT_1_0,M05,Профиль клиента,DATA_CONTRACT,DATA_MODEL,§4 Цель покупки и бюджет,Поле: preferred_monthly_payment_max; Тип / значения: Money?; Правило: только комфорт клиента; НЕ банковский КДН/лимит,Поле: preferred_monthly_payment_max; Тип / значения: Money?; Правило: только комфорт клиента; НЕ банковский КДН/лимит,,,,,04_CASA_Pro_Client_Profile_Final_Spec_KZ_2026-08-21,2026-08-21,§4 Цель покупки и бюджет,SRC-DOC-M05-P-00053,,,,DATA,,,,,Canonicalized from 1 candidate row(s); source text preserved in 10_SOURCE_EXTRACTS.csv.
M05-CAN-0126,m05.current_1_0.data_contract.b87db165bcf66587,1.0,CURRENT_1_0,M05,Профиль клиента,DATA_CONTRACT,DATA_MODEL,§4 Цель покупки и бюджет,Поле: goal_notes; Тип / значения: text?; Правило: коротко; без хранения лишних чувствительных данных,Поле: goal_notes; Тип / значения: text?; Правило: коротко; без хранения лишних чувствительных данных,,,,,04_CASA_Pro_Client_Profile_Final_Spec_KZ_2026-08-21,2026-08-21,§4 Цель покупки и бюджет,SRC-DOC-M05-P-00055,,,,DATA,,,,,Canonicalized from 1 candidate row(s); source text preserved in 10_SOURCE_EXTRACTS.csv.
M05-CAN-0127,m05.current_1_0.product_semantic.bdbb50fadc4893b1,1.0,CURRENT_1_0,M05,Профиль клиента,PRODUCT_SEMANTIC,STATE,§4 Цель покупки и бюджет,"Reconciliation GP-01
declared_available_down_payment — это быстрый ответ на старте. Перед публикацией snapshot сумма должна быть либо reconciled с verified/declared down_payment_sources, либо иметь status=UNRECONCILED и не использоваться как подтверждённый взнос.: Reconciliation GP-01
declared_available_down_payment — это быстрый ответ на старте. Перед публикацией snapshot сумма должна быть либо reconciled с verified/declared down_payment_sources, либо иметь status=UNRECONCILED и не использоваться как подтверждённый взнос.","Reconciliation GP-01
declared_available_down_payment — это быстрый ответ на старте. Перед публикацией snapshot сумма должна быть либо reconciled с verified/declared down_payment_sources, либо иметь status=UNRECONCILED и не использоваться как подтверждённый взнос.: Reconciliation GP-01
declared_available_down_payment — это быстрый ответ на старте. Перед публикацией snapshot сумма должна быть либо reconciled с verified/declared down_payment_sources, либо иметь status=UNRECONCILED и не использоваться как подтверждённый взнос.",,,,VERIFIED|DECLARED,04_CASA_Pro_Client_Profile_Final_Spec_KZ_2026-08-21,2026-08-21,§4 Цель покупки и бюджет,SRC-DOC-M05-P-00056,,,,DATA,,,,,Canonicalized from 1 candidate row(s); source text preserved in 10_SOURCE_EXTRACTS.csv.
M05-CAN-0128,m05.current_1_0.data_contract.34e679dae9ce2609,1.0,CURRENT_1_0,M05,Профиль клиента,DATA_CONTRACT,DATA_MODEL,§4 Цель покупки и бюджет,Поле: property_type_preference; Тип / значения: APARTMENT / HOUSE / OTHER / UNKNOWN; Правило: для маршрутизации каталога; не eligibility,Поле: property_type_preference; Тип / значения: APARTMENT / HOUSE / OTHER / UNKNOWN; Правило: для маршрутизации каталога; не eligibility,,,,UNKNOWN,04_CASA_Pro_Client_Profile_Final_Spec_KZ_2026-08-21|M05_CASA_Pro_Client_Profile_Implementation_and_Acceptance_v1.1,2026-08-21|1.1,§4 Цель покупки и бюджет|§8 Purchase goal,SRC-DOC-M05-P-00050|SRC-DOC-M05-I-00097,,,,DATA,,,,,Canonicalized from 2 candidate row(s); source text preserved in 10_SOURCE_EXTRACTS.csv.
M05-CAN-0129,m05.current_1_0.data_contract.e88ab6125f8988d8,1.0,CURRENT_1_0,M05,Профиль клиента,DATA_CONTRACT,DATA_MODEL,§4 Цель покупки и бюджет,Поле: desired_purchase_date; Тип / значения: date / month?; Правило: план клиента; помогает сценариям ожидания,Поле: desired_purchase_date; Тип / значения: date / month?; Правило: план клиента; помогает сценариям ожидания,,,,,04_CASA_Pro_Client_Profile_Final_Spec_KZ_2026-08-21|M05_CASA_Pro_Client_Profile_Implementation_and_Acceptance_v1.1,2026-08-21|1.1,§4 Цель покупки и бюджет|§8 Purchase goal,SRC-DOC-M05-P-00054|SRC-DOC-M05-I-00101,,,,DATA,,,,,Canonicalized from 2 candidate row(s); source text preserved in 10_SOURCE_EXTRACTS.csv.
M05-CAN-0130,m05.current_1_0.data_contract.3779394a413a7143,1.0,CURRENT_1_0,M05,Профиль клиента,DATA_CONTRACT,DATA_MODEL,§5 Участники и семейный контур,Сущность / поле: borrower.role; Обязательно: да; Решение: PRIMARY_BORROWER / SPOUSE / OTHER_PARTICIPANT; co-borrower — отдельная роль/связь,Сущность / поле: borrower.role; Обязательно: да; Решение: PRIMARY_BORROWER / SPOUSE / OTHER_PARTICIPANT; co-borrower — отдельная роль/связь,,,,,04_CASA_Pro_Client_Profile_Final_Spec_KZ_2026-08-21,2026-08-21,§5 Участники и семейный контур,SRC-DOC-M05-P-00059,,,,DATA,,,,,Canonicalized from 1 candidate row(s); source text preserved in 10_SOURCE_EXTRACTS.csv.
M05-CAN-0131,m05.current_1_0.data_contract.f75ae9b68d3a57a9,1.0,CURRENT_1_0,M05,Профиль клиента,DATA_CONTRACT,DATA_MODEL,§5 Участники и семейный контур,Сущность / поле: full_name / IIN / birth_date; Обязательно: да; Решение: подтягивать из identity/IIN контекста при наличии; не дублировать ручной ввод,Сущность / поле: full_name / IIN / birth_date; Обязательно: да; Решение: подтягивать из identity/IIN контекста при наличии; не дублировать ручной ввод,,,,,04_CASA_Pro_Client_Profile_Final_Spec_KZ_2026-08-21,2026-08-21,§5 Участники и семейный контур,SRC-DOC-M05-P-00060,,,,DATA,,,,,Canonicalized from 1 candidate row(s); source text preserved in 10_SOURCE_EXTRACTS.csv.
M05-CAN-0132,m05.current_1_0.product_semantic.d84e17e2b5a32277,1.0,CURRENT_1_0,M05,Профиль клиента,PRODUCT_SEMANTIC,STATE,§5 Участники и семейный контур,Сущность / поле: citizenship / residency_status; Обязательно: да; Решение: нейтральный факт для будущих программ,Сущность / поле: citizenship / residency_status; Обязательно: да; Решение: нейтральный факт для будущих программ,,,,,04_CASA_Pro_Client_Profile_Final_Spec_KZ_2026-08-21,2026-08-21,§5 Участники и семейный контур,SRC-DOC-M05-P-00061,,,,MULTI_LAYER,,,,,Canonicalized from 1 candidate row(s); source text preserved in 10_SOURCE_EXTRACTS.csv.
M05-CAN-0133,m05.current_1_0.product_semantic.b761bc5b14c00543,1.0,CURRENT_1_0,M05,Профиль клиента,PRODUCT_SEMANTIC,STATE,§5 Участники и семейный контур,Сущность / поле: marital_status; Обязательно: условно; Решение: DECLARED / VERIFIED; не выводить автоматически из наличия household,Сущность / поле: marital_status; Обязательно: условно; Решение: DECLARED / VERIFIED; не выводить автоматически из наличия household,,,,DECLARED|VERIFIED,04_CASA_Pro_Client_Profile_Final_Spec_KZ_2026-08-21,2026-08-21,§5 Участники и семейный контур,SRC-DOC-M05-P-00062,,,,MULTI_LAYER,,,,,Canonicalized from 1 candidate row(s); source text preserved in 10_SOURCE_EXTRACTS.csv.
M05-CAN-0134,m05.current_1_0.data_contract.cb42d5e97e16edc2,1.0,CURRENT_1_0,M05,Профиль клиента,DATA_CONTRACT,DATA_MODEL,§5 Участники и семейный контур,Сущность / поле: household.member_count; Обязательно: да; Решение: семейный контур для совместного бюджета,Сущность / поле: household.member_count; Обязательно: да; Решение: семейный контур для совместного бюджета,,,,,04_CASA_Pro_Client_Profile_Final_Spec_KZ_2026-08-21,2026-08-21,§5 Участники и семейный контур,SRC-DOC-M05-P-00063,,,,DATA,,,,,Canonicalized from 1 candidate row(s); source text preserved in 10_SOURCE_EXTRACTS.csv.
M05-CAN-0135,m05.current_1_0.data_contract.b8d763bb581cd2d3,1.0,CURRENT_1_0,M05,Профиль клиента,DATA_CONTRACT,DATA_MODEL,§5 Участники и семейный контур,Сущность / поле: household.dependent_count; Обязательно: условно; Решение: целое число; состав поимённо не нужен без причины,Сущность / поле: household.dependent_count; Обязательно: условно; Решение: целое число; состав поимённо не нужен без причины,,,,,04_CASA_Pro_Client_Profile_Final_Spec_KZ_2026-08-21,2026-08-21,§5 Участники и семейный контур,SRC-DOC-M05-P-00064,,,,DATA,,,,,Canonicalized from 1 candidate row(s); source text preserved in 10_SOURCE_EXTRACTS.csv.
M05-CAN-0136,m05.current_1_0.data_contract.f7fb80829d5c79dd,1.0,CURRENT_1_0,M05,Профиль клиента,DATA_CONTRACT,DATA_MODEL,§5 Участники и семейный контур,Сущность / поле: spouse participant; Обязательно: если есть супруг; Решение: супруг не становится созаёмщиком автоматически,Сущность / поле: spouse participant; Обязательно: если есть супруг; Решение: супруг не становится созаёмщиком автоматически,,,,,04_CASA_Pro_Client_Profile_Final_Spec_KZ_2026-08-21,2026-08-21,§5 Участники и семейный контур,SRC-DOC-M05-P-00065,,,,DATA,,,,,Canonicalized from 1 candidate row(s); source text preserved in 10_SOURCE_EXTRACTS.csv.
M05-CAN-0137,m05.current_1_0.data_contract.cd6ac775ba25c7ce,1.0,CURRENT_1_0,M05,Профиль клиента,DATA_CONTRACT,DATA_MODEL,§5 Участники и семейный контур,Сущность / поле: co_borrower.ordinal / relationship_to_primary; Обязательно: если выбран; Решение: несколько созаёмщиков поддерживаются; included_in_analysis отдельно,Сущность / поле: co_borrower.ordinal / relationship_to_primary; Обязательно: если выбран; Решение: несколько созаёмщиков поддерживаются; included_in_analysis отдельно,,,,,04_CASA_Pro_Client_Profile_Final_Spec_KZ_2026-08-21,2026-08-21,§5 Участники и семейный контур,SRC-DOC-M05-P-00066,,,,DATA,,,,,Canonicalized from 1 candidate row(s); source text preserved in 10_SOURCE_EXTRACTS.csv.
M05-CAN-0138,m05.current_1_0.security_control.3ea23545932f704f,1.0,CURRENT_1_0,M05,Профиль клиента,SECURITY_CONTROL,CONSENT,§5 Участники и семейный контур,Сущность / поле: participant consent status; Обязательно: для соответствующих обработок; Решение: согласие принадлежит конкретному субъекту; не наследуется от основного заёмщика,Сущность / поле: participant consent status; Обязательно: для соответствующих обработок; Решение: согласие принадлежит конкретному субъекту; не наследуется от основного заёмщика,,,,,04_CASA_Pro_Client_Profile_Final_Spec_KZ_2026-08-21,2026-08-21,§5 Участники и семейный контур,SRC-DOC-M05-P-00067,,,,LEGAL,,,,,Canonicalized from 1 candidate row(s); source text preserved in 10_SOURCE_EXTRACTS.csv.
M05-CAN-0139,m05.current_1_0.data_contract.2d498c30e74680b4,1.0,CURRENT_1_0,M05,Профиль клиента,DATA_CONTRACT,DATA_MODEL,§6 Занятость,Поле: participant_id; Тип / enum: ID; Правило: владелец занятости,Поле: participant_id; Тип / enum: ID; Правило: владелец занятости,,,,,04_CASA_Pro_Client_Profile_Final_Spec_KZ_2026-08-21,2026-08-21,§6 Занятость,SRC-DOC-M05-P-00072,,,,DATA,,,,,Canonicalized from 1 candidate row(s); source text preserved in 10_SOURCE_EXTRACTS.csv.
M05-CAN-0140,m05.current_1_0.data_contract.27be78f60c2b04d1,1.0,CURRENT_1_0,M05,Профиль клиента,DATA_CONTRACT,DATA_MODEL,§6 Занятость,Поле: end_date; Тип / enum: date?; Правило: для previous/ended,Поле: end_date; Тип / enum: date?; Правило: для previous/ended,,,,,04_CASA_Pro_Client_Profile_Final_Spec_KZ_2026-08-21,2026-08-21,§6 Занятость,SRC-DOC-M05-P-00077,,,,DATA,,,,,Canonicalized from 1 candidate row(s); source text preserved in 10_SOURCE_EXTRACTS.csv.
M05-CAN-0141,m05.current_1_0.product_semantic.1be5a4c4180df521,1.0,CURRENT_1_0,M05,Профиль клиента,PRODUCT_SEMANTIC,BUSINESS_RULE,§6 Занятость,"Связь с пенсионным блоком
Pension Engine отдаёт contribution_sender и историю взносов. Client Profile может предложить пользователю: «Это ваш текущий работодатель/бизнес?» Ответ создаёт отдельную reviewed relation. Сам факт пенсионного отправителя не переименовывается в employer.: Связь с пенсионным блоком
Pension Engine отдаёт contribution_sender и историю взносов. Client Profile может предложить пользователю: «Это ваш текущий работодатель/бизнес?» Ответ создаёт отдельную reviewed relation. Сам факт пенсионного отправителя не переименовывается в employer.","Связь с пенсионным блоком
Pension Engine отдаёт contribution_sender и историю взносов. Client Profile может предложить пользователю: «Это ваш текущий работодатель/бизнес?» Ответ создаёт отдельную reviewed relation. Сам факт пенсионного отправителя не переименовывается в employer.: Связь с пенсионным блоком
Pension Engine отдаёт contribution_sender и историю взносов. Client Profile может предложить пользователю: «Это ваш текущий работодатель/бизнес?» Ответ создаёт отдельную reviewed relation. Сам факт пенсионного отправителя не переименовывается в employer.",,,,,04_CASA_Pro_Client_Profile_Final_Spec_KZ_2026-08-21,2026-08-21,§6 Занятость,SRC-DOC-M05-P-00081,,,,MULTI_LAYER,,,,,Canonicalized from 1 candidate row(s); source text preserved in 10_SOURCE_EXTRACTS.csv.
M05-CAN-0142,m05.current_1_0.data_contract.5f804030faffd14f,1.0,CURRENT_1_0,M05,Профиль клиента,DATA_CONTRACT,DATA_MODEL,§6 Занятость,Поле: employment_id; Тип / enum: ID; Правило: отдельная запись на каждое место работы/бизнес,Поле: employment_id; Тип / enum: ID; Правило: отдельная запись на каждое место работы/бизнес,,,,,04_CASA_Pro_Client_Profile_Final_Spec_KZ_2026-08-21|M05_CASA_Pro_Client_Profile_Implementation_and_Acceptance_v1.1,2026-08-21|1.1,§6 Занятость|§9 Employment,SRC-DOC-M05-P-00071|SRC-DOC-M05-I-00107,,,,DATA,,,,,Canonicalized from 2 candidate row(s); source text preserved in 10_SOURCE_EXTRACTS.csv.
M05-CAN-0143,m05.current_1_0.data_contract.184659548fe8538b,1.0,CURRENT_1_0,M05,Профиль клиента,DATA_CONTRACT,DATA_MODEL,§6 Занятость,Поле: employment_type; Тип / enum: EMPLOYEE / IP_BUSINESS / SELF_EMPLOYED / BUSINESS_OWNER / PUBLIC_SERVICE / MILITARY / NOT_EMPLOYED / OTHER; Правило: классификация анкеты; bank-specific mapping позже,Поле: employment_type; Тип / enum: EMPLOYEE / IP_BUSINESS / SELF_EMPLOYED / BUSINESS_OWNER / PUBLIC_SERVICE / MILITARY / NOT_EMPLOYED / OTHER; Правило: классификация анкеты; bank-specific mapping позже,,,,,04_CASA_Pro_Client_Profile_Final_Spec_KZ_2026-08-21|M05_CASA_Pro_Client_Profile_Implementation_and_Acceptance_v1.1,2026-08-21|1.1,§6 Занятость|§9 Employment,SRC-DOC-M05-P-00073|SRC-DOC-M05-I-00108,,,,BACKEND,,,,,Canonicalized from 2 candidate row(s); source text preserved in 10_SOURCE_EXTRACTS.csv.
M05-CAN-0144,m05.current_1_0.data_contract.379ac51d69835ebc,1.0,CURRENT_1_0,M05,Профиль клиента,DATA_CONTRACT,DATA_MODEL,§6 Занятость,Поле: employer_or_business_name; Тип / enum: string; Правило: может быть user-declared или verified; не заменяется pension sender молча,Поле: employer_or_business_name; Тип / enum: string; Правило: может быть user-declared или verified; не заменяется pension sender молча,,,,DECLARED|VERIFIED,04_CASA_Pro_Client_Profile_Final_Spec_KZ_2026-08-21|M05_CASA_Pro_Client_Profile_Implementation_and_Acceptance_v1.1,2026-08-21|1.1,§6 Занятость|§9 Employment,SRC-DOC-M05-P-00074|SRC-DOC-M05-I-00109,,,,DATA,,,,,Canonicalized from 2 candidate row(s); source text preserved in 10_SOURCE_EXTRACTS.csv.
M05-CAN-0145,m05.current_1_0.data_contract.595d1ec20f7fbfc7,1.0,CURRENT_1_0,M05,Профиль клиента,DATA_CONTRACT,DATA_MODEL,§6 Занятость,Поле: employer_or_business_identifier; Тип / enum: string?; Правило: БИН/ИИН только если известен/подтверждён,Поле: employer_or_business_identifier; Тип / enum: string?; Правило: БИН/ИИН только если известен/подтверждён,,,,,04_CASA_Pro_Client_Profile_Final_Spec_KZ_2026-08-21|M05_CASA_Pro_Client_Profile_Implementation_and_Acceptance_v1.1,2026-08-21|1.1,§6 Занятость|§9 Employment,SRC-DOC-M05-P-00075|SRC-DOC-M05-I-00110,,,,DATA,,,,,Canonicalized from 1 candidate row(s); source text preserved in 10_SOURCE_EXTRACTS.csv.
M05-CAN-0146,m05.current_1_0.data_contract.61ca82f7869d44b5,1.0,CURRENT_1_0,M05,Профиль клиента,DATA_CONTRACT,DATA_MODEL,§6 Занятость,Поле: start_date; Тип / enum: date / month; Правило: точность даты хранить отдельно,Поле: start_date; Тип / enum: date / month; Правило: точность даты хранить отдельно,,,,,04_CASA_Pro_Client_Profile_Final_Spec_KZ_2026-08-21|M05_CASA_Pro_Client_Profile_Implementation_and_Acceptance_v1.1,2026-08-21|1.1,§6 Занятость|§9 Employment,SRC-DOC-M05-P-00076|SRC-DOC-M05-I-00111,,,,DATA,,,,,Canonicalized from 2 candidate row(s); source text preserved in 10_SOURCE_EXTRACTS.csv.
M05-CAN-0147,m05.current_1_0.product_semantic.633aa4c451c715e6,1.0,CURRENT_1_0,M05,Профиль клиента,PRODUCT_SEMANTIC,STATE,§6 Занятость,Поле: employment_status; Тип / enum: CURRENT / PREVIOUS / PROBATION / LEAVE / MATERNITY_LEAVE / ENDED / UNVERIFIED; Правило: статус занятости ≠ вид дохода,Поле: employment_status; Тип / enum: CURRENT / PREVIOUS / PROBATION / LEAVE / MATERNITY_LEAVE / ENDED / UNVERIFIED; Правило: статус занятости ≠ вид дохода,,,,,04_CASA_Pro_Client_Profile_Final_Spec_KZ_2026-08-21|M05_CASA_Pro_Client_Profile_Implementation_and_Acceptance_v1.1,2026-08-21|1.1,§6 Занятость|§9 Employment,SRC-DOC-M05-P-00078|SRC-DOC-M05-I-00112,,,,MULTI_LAYER,,,,,Canonicalized from 2 candidate row(s); source text preserved in 10_SOURCE_EXTRACTS.csv.
M05-CAN-0148,m05.current_1_0.data_contract.ce37cbcacd2f820b,1.0,CURRENT_1_0,M05,Профиль клиента,DATA_CONTRACT,DATA_MODEL,§6 Занятость,Поле: position; Тип / enum: string?; Правило: при наличии; не обязательна для быстрого intake,Поле: position; Тип / enum: string?; Правило: при наличии; не обязательна для быстрого intake,,,,,04_CASA_Pro_Client_Profile_Final_Spec_KZ_2026-08-21|M05_CASA_Pro_Client_Profile_Implementation_and_Acceptance_v1.1,2026-08-21|1.1,§6 Занятость|§9 Employment,SRC-DOC-M05-P-00079|SRC-DOC-M05-I-00113,,,,DATA,,,,,Canonicalized from 2 candidate row(s); source text preserved in 10_SOURCE_EXTRACTS.csv.
M05-CAN-0149,m05.current_1_0.product_semantic.15319dec5c68be50,1.0,CURRENT_1_0,M05,Профиль клиента,PRODUCT_SEMANTIC,STATE,§6 Занятость,"Поле: evidence_status; Тип / enum: NONE / REQUESTED / VERIFIED / CONFLICT / EXPIRED; Правило: ссылки на документы, но не банковское принятие","Поле: evidence_status; Тип / enum: NONE / REQUESTED / VERIFIED / CONFLICT / EXPIRED; Правило: ссылки на документы, но не банковское принятие",,,,VERIFIED|CONFLICT,04_CASA_Pro_Client_Profile_Final_Spec_KZ_2026-08-21|M05_CASA_Pro_Client_Profile_Implementation_and_Acceptance_v1.1,2026-08-21|1.1,§6 Занятость|§9 Employment,SRC-DOC-M05-P-00080|SRC-DOC-M05-I-00114,,,,MULTI_LAYER,,,,,Canonicalized from 2 candidate row(s); source text preserved in 10_SOURCE_EXTRACTS.csv.
M05-CAN-0150,m05.current_1_0.product_semantic.d0c378abd57c6db7,1.0,CURRENT_1_0,M05,Профиль клиента,PRODUCT_SEMANTIC,STATE,§8 Активы,"asset_type: REAL_ESTATE; Когда нужен: допзалог, продажа для взноса, программа с требованиями к жилью; Минимальные данные: owner, share, estimated value, encumbrance, evidence","asset_type: REAL_ESTATE; Когда нужен: допзалог, продажа для взноса, программа с требованиями к жилью; Минимальные данные: owner, share, estimated value, encumbrance, evidence",,,,,04_CASA_Pro_Client_Profile_Final_Spec_KZ_2026-08-21|M05_CASA_Pro_Client_Profile_Implementation_and_Acceptance_v1.1,2026-08-21|1.1,§8 Активы|§12 Assets,SRC-DOC-M05-P-00105|SRC-DOC-M05-I-00151,,,,MULTI_LAYER,,,,,Canonicalized from 2 candidate row(s); source text preserved in 10_SOURCE_EXTRACTS.csv.
M05-CAN-0151,m05.current_1_0.data_contract.0f634470888d08f4,1.0,CURRENT_1_0,M05,Профиль клиента,DATA_CONTRACT,PROVENANCE,§8 Активы,"asset_type: BANK_DEPOSIT; Когда нужен: источник взноса/резерв; Минимальные данные: owner, balance, currency, available date, evidence","asset_type: BANK_DEPOSIT; Когда нужен: источник взноса/резерв; Минимальные данные: owner, balance, currency, available date, evidence",,,,,04_CASA_Pro_Client_Profile_Final_Spec_KZ_2026-08-21|M05_CASA_Pro_Client_Profile_Implementation_and_Acceptance_v1.1,2026-08-21|1.1,§8 Активы|§12 Assets,SRC-DOC-M05-P-00106|SRC-DOC-M05-I-00152,,,,DATA,,,,,Canonicalized from 2 candidate row(s); source text preserved in 10_SOURCE_EXTRACTS.csv.
M05-CAN-0152,m05.current_1_0.product_semantic.115b2ce129368542,1.0,CURRENT_1_0,M05,Профиль клиента,PRODUCT_SEMANTIC,STATE,§8 Активы,"asset_type: CASH_SAVINGS; Когда нужен: заявленные накопления; Минимальные данные: owner, amount, availability; evidence status","asset_type: CASH_SAVINGS; Когда нужен: заявленные накопления; Минимальные данные: owner, amount, availability; evidence status",,,,VERIFIED,04_CASA_Pro_Client_Profile_Final_Spec_KZ_2026-08-21|M05_CASA_Pro_Client_Profile_Implementation_and_Acceptance_v1.1,2026-08-21|1.1,§8 Активы|§12 Assets,SRC-DOC-M05-P-00107|SRC-DOC-M05-I-00153,,,,MULTI_LAYER,,,,,Canonicalized from 2 candidate row(s); source text preserved in 10_SOURCE_EXTRACTS.csv.
M05-CAN-0153,m05.current_1_0.data_contract.97aae5fbee57bc6a,1.0,CURRENT_1_0,M05,Профиль клиента,DATA_CONTRACT,PROVENANCE,§8 Активы,"asset_type: SECURITIES / INVESTMENT; Когда нужен: если используются как источник средств; Минимальные данные: owner, value, liquidity/evidence","asset_type: SECURITIES / INVESTMENT; Когда нужен: если используются как источник средств; Минимальные данные: owner, value, liquidity/evidence",,,,,04_CASA_Pro_Client_Profile_Final_Spec_KZ_2026-08-21|M05_CASA_Pro_Client_Profile_Implementation_and_Acceptance_v1.1,2026-08-21|1.1,§8 Активы|§12 Assets,SRC-DOC-M05-P-00110|SRC-DOC-M05-I-00156,,,,DATA,,,,,Canonicalized from 2 candidate row(s); source text preserved in 10_SOURCE_EXTRACTS.csv.
M05-CAN-0154,m05.current_1_0.product_semantic.3feb608a700a2986,1.0,CURRENT_1_0,M05,Профиль клиента,PRODUCT_SEMANTIC,STATE,§8 Активы,asset_type: OTHER; Когда нужен: реально значимый актив; Минимальные данные: description + value + status,asset_type: OTHER; Когда нужен: реально значимый актив; Минимальные данные: description + value + status,,,,,04_CASA_Pro_Client_Profile_Final_Spec_KZ_2026-08-21|M05_CASA_Pro_Client_Profile_Implementation_and_Acceptance_v1.1,2026-08-21|1.1,§8 Активы|§12 Assets,SRC-DOC-M05-P-00111|SRC-DOC-M05-I-00157,,,,MULTI_LAYER,,,,,Canonicalized from 2 candidate row(s); source text preserved in 10_SOURCE_EXTRACTS.csv.
M05-CAN-0155,m05.current_1_0.product_semantic.a4c5b4b025a72268,1.0,CURRENT_1_0,M05,Профиль клиента,PRODUCT_SEMANTIC,STATE,§9 Первоначальный взнос: отдельная модель происхождения средств,"source_type: CASH_SAVINGS; Пример: собственные накопления; Что фиксировать: owner, amount, available_date, verification_status","source_type: CASH_SAVINGS; Пример: собственные накопления; Что фиксировать: owner, amount, available_date, verification_status",,,,,04_CASA_Pro_Client_Profile_Final_Spec_KZ_2026-08-21,2026-08-21,§9 Первоначальный взнос: отдельная модель происхождения средств,SRC-DOC-M05-P-00115,,,,MULTI_LAYER,,,,,Canonicalized from 1 candidate row(s); source text preserved in 10_SOURCE_EXTRACTS.csv.
M05-CAN-0156,m05.current_1_0.data_contract.6fdd3403ebefb5ab,1.0,CURRENT_1_0,M05,Профиль клиента,DATA_CONTRACT,SNAPSHOT,§9 Первоначальный взнос: отдельная модель происхождения средств,source_type: OTBASY_SAVINGS; Пример: накопления Отбасы; Что фиксировать: link to Otbasy deposit snapshot,source_type: OTBASY_SAVINGS; Пример: накопления Отбасы; Что фиксировать: link to Otbasy deposit snapshot,,,,,04_CASA_Pro_Client_Profile_Final_Spec_KZ_2026-08-21,2026-08-21,§9 Первоначальный взнос: отдельная модель происхождения средств,SRC-DOC-M05-P-00117,,,,DATA,,,,,Canonicalized from 1 candidate row(s); source text preserved in 10_SOURCE_EXTRACTS.csv.
M05-CAN-0157,m05.current_1_0.data_contract.0fe8888ff2a078e5,1.0,CURRENT_1_0,M05,Профиль клиента,DATA_CONTRACT,DATA_MODEL,§9 Первоначальный взнос: отдельная модель происхождения средств,"source_type: EPV_PENSION; Пример: ЕПВ/пенсионные средства; Что фиксировать: amount, eligibility evidence refs; правила использования позже","source_type: EPV_PENSION; Пример: ЕПВ/пенсионные средства; Что фиксировать: amount, eligibility evidence refs; правила использования позже",,,,,04_CASA_Pro_Client_Profile_Final_Spec_KZ_2026-08-21,2026-08-21,§9 Первоначальный взнос: отдельная модель происхождения средств,SRC-DOC-M05-P-00118,,,,DATA,,,,,Canonicalized from 1 candidate row(s); source text preserved in 10_SOURCE_EXTRACTS.csv.
M05-CAN-0158,m05.current_1_0.product_semantic.c9e07cb9f0408c3d,1.0,CURRENT_1_0,M05,Профиль клиента,PRODUCT_SEMANTIC,STATE,§9 Первоначальный взнос: отдельная модель происхождения средств,"source_type: HOUSING_CERTIFICATE; Пример: жилищный сертификат; Что фиксировать: issuer, amount, status, evidence","source_type: HOUSING_CERTIFICATE; Пример: жилищный сертификат; Что фиксировать: issuer, amount, status, evidence",,,,,04_CASA_Pro_Client_Profile_Final_Spec_KZ_2026-08-21,2026-08-21,§9 Первоначальный взнос: отдельная модель происхождения средств,SRC-DOC-M05-P-00119,,,,MULTI_LAYER,,,,,Canonicalized from 1 candidate row(s); source text preserved in 10_SOURCE_EXTRACTS.csv.
M05-CAN-0159,m05.current_1_0.data_contract.ed3c6d18ea6200ac,1.0,CURRENT_1_0,M05,Профиль клиента,DATA_CONTRACT,DATA_MODEL,§9 Первоначальный взнос: отдельная модель происхождения средств,"source_type: GIFT; Пример: подаренные средства; Что фиксировать: donor reference/minimized data, amount, evidence","source_type: GIFT; Пример: подаренные средства; Что фиксировать: donor reference/minimized data, amount, evidence",,,,,04_CASA_Pro_Client_Profile_Final_Spec_KZ_2026-08-21,2026-08-21,§9 Первоначальный взнос: отдельная модель происхождения средств,SRC-DOC-M05-P-00121,,,,DATA,,,,,Canonicalized from 1 candidate row(s); source text preserved in 10_SOURCE_EXTRACTS.csv.
M05-CAN-0160,m05.current_1_0.data_contract.a0940b6718c7e62c,1.0,CURRENT_1_0,M05,Профиль клиента,DATA_CONTRACT,DATA_MODEL,§9 Первоначальный взнос: отдельная модель происхождения средств,source_type: ADDITIONAL_COLLATERAL; Пример: дополнительный залог вместо/в дополнение к взносу; Что фиксировать: asset/owner/evidence; не считать денежным взносом,source_type: ADDITIONAL_COLLATERAL; Пример: дополнительный залог вместо/в дополнение к взносу; Что фиксировать: asset/owner/evidence; не считать денежным взносом,,,,,04_CASA_Pro_Client_Profile_Final_Spec_KZ_2026-08-21,2026-08-21,§9 Первоначальный взнос: отдельная модель происхождения средств,SRC-DOC-M05-P-00122,,,,DATA,,,,,Canonicalized from 1 candidate row(s); source text preserved in 10_SOURCE_EXTRACTS.csv.
M05-CAN-0161,m05.current_1_0.data_contract.289d29c8bddbd542,1.0,CURRENT_1_0,M05,Профиль клиента,DATA_CONTRACT,DATA_MODEL,§9 Первоначальный взнос: отдельная модель происхождения средств,source_type: OTHER; Пример: иной источник; Что фиксировать: description + evidence; UNKNOWN acceptance,source_type: OTHER; Пример: иной источник; Что фиксировать: description + evidence; UNKNOWN acceptance,,,,UNKNOWN,04_CASA_Pro_Client_Profile_Final_Spec_KZ_2026-08-21,2026-08-21,§9 Первоначальный взнос: отдельная модель происхождения средств,SRC-DOC-M05-P-00123,,,,DATA,,,,,Canonicalized from 1 candidate row(s); source text preserved in 10_SOURCE_EXTRACTS.csv.
M05-CAN-0162,m05.current_1_0.product_semantic.ec544a3a19bce962,1.0,CURRENT_1_0,M05,Профиль клиента,PRODUCT_SEMANTIC,STATE,§9 Первоначальный взнос: отдельная модель происхождения средств,Показатель: available_now_total; Формула / статус: sources с available_date ≤ snapshot_at и status usable,Показатель: available_now_total; Формула / статус: sources с available_date ≤ snapshot_at и status usable,,,,,04_CASA_Pro_Client_Profile_Final_Spec_KZ_2026-08-21,2026-08-21,§9 Первоначальный взнос: отдельная модель происхождения средств,SRC-DOC-M05-P-00127,,,,DATA,,,,,Canonicalized from 1 candidate row(s); source text preserved in 10_SOURCE_EXTRACTS.csv.
M05-CAN-0163,m05.current_1_0.product_semantic.2e6c9c137e18b552,1.0,CURRENT_1_0,M05,Профиль клиента,PRODUCT_SEMANTIC,FORMULA,§9 Первоначальный взнос: отдельная модель происхождения средств,Показатель: future_available_total; Формула / статус: доступны после snapshot_at; дата обязательна,Показатель: future_available_total; Формула / статус: доступны после snapshot_at; дата обязательна,,,,,04_CASA_Pro_Client_Profile_Final_Spec_KZ_2026-08-21,2026-08-21,§9 Первоначальный взнос: отдельная модель происхождения средств,SRC-DOC-M05-P-00128,,,,DATA,,,,,Canonicalized from 1 candidate row(s); source text preserved in 10_SOURCE_EXTRACTS.csv.
M05-CAN-0164,m05.current_1_0.product_semantic.d25cb058e9ad00f1,1.0,CURRENT_1_0,M05,Профиль клиента,PRODUCT_SEMANTIC,FORMULA,§9 Первоначальный взнос: отдельная модель происхождения средств,Показатель: unverified_total; Формула / статус: DECLARED/EVIDENCE_REQUESTED,Показатель: unverified_total; Формула / статус: DECLARED/EVIDENCE_REQUESTED,,,,DECLARED,04_CASA_Pro_Client_Profile_Final_Spec_KZ_2026-08-21,2026-08-21,§9 Первоначальный взнос: отдельная модель происхождения средств,SRC-DOC-M05-P-00129,,,,MULTI_LAYER,,,,,Canonicalized from 1 candidate row(s); source text preserved in 10_SOURCE_EXTRACTS.csv.
M05-CAN-0165,m05.current_1_0.product_semantic.5893aaba612607aa,1.0,CURRENT_1_0,M05,Профиль клиента,PRODUCT_SEMANTIC,FORMULA,§9 Первоначальный взнос: отдельная модель происхождения средств,Показатель: restricted_or_unavailable_total; Формула / статус: не входит в usable total,Показатель: restricted_or_unavailable_total; Формула / статус: не входит в usable total,,,,,04_CASA_Pro_Client_Profile_Final_Spec_KZ_2026-08-21,2026-08-21,§9 Первоначальный взнос: отдельная модель происхождения средств,SRC-DOC-M05-P-00130,,,,MULTI_LAYER,,,,,Canonicalized from 1 candidate row(s); source text preserved in 10_SOURCE_EXTRACTS.csv.
M05-CAN-0166,m05.current_1_0.product_semantic.7953282699dee5db,1.0,CURRENT_1_0,M05,Профиль клиента,PRODUCT_SEMANTIC,FORMULA,§9 Первоначальный взнос: отдельная модель происхождения средств,Показатель: source_acceptance_by_bank; Формула / статус: не рассчитывается,Показатель: source_acceptance_by_bank; Формула / статус: не рассчитывается,,,,,04_CASA_Pro_Client_Profile_Final_Spec_KZ_2026-08-21,2026-08-21,§9 Первоначальный взнос: отдельная модель происхождения средств,SRC-DOC-M05-P-00131,,,,MULTI_LAYER,,,,,Canonicalized from 1 candidate row(s); source text preserved in 10_SOURCE_EXTRACTS.csv.
M05-CAN-0167,m05.current_1_0.implementation_detail.5516bb5893aee56b,1.0,CURRENT_1_0,M05,Профиль клиента,IMPLEMENTATION_DETAIL,API,API surface — namespace compatibility,API CHECK  Все case-scoped endpoints используют /api/v2/cases/... и совместимы с M01 v1.1/Client Profile Production Spec. {caseId} — обозначение path variable из Client Profile Spec; новых route namespaces не создаётся.: API CHECK  Все case-scoped endpoints используют /api/v2/cases/... и совместимы с M01 v1.1/Client Profile Production Spec. {caseId} — обозначение path variable из Client Profile Spec; новых route namespaces не создаётся.,API CHECK  Все case-scoped endpoints используют /api/v2/cases/... и совместимы с M01 v1.1/Client Profile Production Spec. {caseId} — обозначение path variable из Client Profile Spec; новых route namespaces не создаётся.: API CHECK  Все case-scoped endpoints используют /api/v2/cases/... и совместимы с M01 v1.1/Client Profile Production Spec. {caseId} — обозначение path variable из Client Profile Spec; новых route namespaces не создаётся.,,,,,M05_CASA_Pro_Client_Profile_Implementation_and_Acceptance_v1.1,1.1,API surface — namespace compatibility,SRC-DOC-M05-I-00298,,,,BACKEND|PRODUCT,,,,,Canonicalized from 1 candidate row(s); source text preserved in 10_SOURCE_EXTRACTS.csv.
M05-CAN-0168,m05.current_1_0.security_control.009d335e57d4764d,1.0,CURRENT_1_0,M05,Профиль клиента,SECURITY_CONTROL,SECURITY,Binding и защита от смешивания,Каждый upstream ref должен совпасть по tenant/case/participant/identity_version с текущим profile build.,Каждый upstream ref должен совпасть по tenant/case/participant/identity_version с текущим profile build.,,,,,M05_CASA_Pro_Client_Profile_Implementation_and_Acceptance_v1.1,1.1,Binding и защита от смешивания,SRC-DOC-M05-I-00064,,,,SECURITY,,,,,Canonicalized from 1 candidate row(s); source text preserved in 10_SOURCE_EXTRACTS.csv.
M05-CAN-0169,m05.current_1_0.security_control.ba933dd69e41072e,1.0,CURRENT_1_0,M05,Профиль клиента,SECURITY_CONTROL,CONSENT,Binding и защита от смешивания,Consent preflight выполняется до protected create/update/reconcile/publish action; deny не имеет downstream side effects.,Consent preflight выполняется до protected create/update/reconcile/publish action; deny не имеет downstream side effects.,,,,,M05_CASA_Pro_Client_Profile_Implementation_and_Acceptance_v1.1,1.1,Binding и защита от смешивания,SRC-DOC-M05-I-00065,,,,LEGAL,,,,,Canonicalized from 1 candidate row(s); source text preserved in 10_SOURCE_EXTRACTS.csv.
M05-CAN-0170,m05.current_1_0.data_contract.2972d4e49559b48c,1.0,CURRENT_1_0,M05,Профиль клиента,DATA_CONTRACT,DATA_MODEL,Binding и защита от смешивания,Смена identity version не перепривязывает старые upstream refs; новый профиль использует новую версию и допустимые refs.,Смена identity version не перепривязывает старые upstream refs; новый профиль использует новую версию и допустимые refs.,,,,,M05_CASA_Pro_Client_Profile_Implementation_and_Acceptance_v1.1,1.1,Binding и защита от смешивания,SRC-DOC-M05-I-00066,,,,DATA,,,,,Canonicalized from 1 candidate row(s); source text preserved in 10_SOURCE_EXTRACTS.csv.
M05-CAN-0171,m05.current_1_0.security_control.4006f051dd779fbb,1.0,CURRENT_1_0,M05,Профиль клиента,SECURITY_CONTROL,CONSENT,Binding и защита от смешивания,В профиле одного participant не агрегируются доходы/активы/обязательства другого без его отдельного included_in_analysis и consent scope.,В профиле одного participant не агрегируются доходы/активы/обязательства другого без его отдельного included_in_analysis и consent scope.,,,,,M05_CASA_Pro_Client_Profile_Implementation_and_Acceptance_v1.1,1.1,Binding и защита от смешивания,SRC-DOC-M05-I-00067,,,,LEGAL|PRODUCT,,,,,Canonicalized from 1 candidate row(s); source text preserved in 10_SOURCE_EXTRACTS.csv.
M05-CAN-0172,m05.current_1_0.security_control.28614c517d0064c7,1.0,CURRENT_1_0,M05,Профиль клиента,SECURITY_CONTROL,SECURITY,Correction transaction,"Проверить tenant/case/participant/action permission, exact current revision и consent preflight.","Проверить tenant/case/participant/action permission, exact current revision и consent preflight.",,,,,M05_CASA_Pro_Client_Profile_Implementation_and_Acceptance_v1.1,1.1,Correction transaction,SRC-DOC-M05-I-00232,,,,SECURITY|LEGAL,,,,,Canonicalized from 1 candidate row(s); source text preserved in 10_SOURCE_EXTRACTS.csv.
M05-CAN-0173,m05.current_1_0.data_contract.5fc653b761710af5,1.0,CURRENT_1_0,M05,Профиль клиента,DATA_CONTRACT,DATA_MODEL,Correction transaction,Создать новую profile_field_revision; старую и source value не изменять.,Создать новую profile_field_revision; старую и source value не изменять.,,,,,M05_CASA_Pro_Client_Profile_Implementation_and_Acceptance_v1.1,1.1,Correction transaction,SRC-DOC-M05-I-00233,,,,DATA,,,,,Canonicalized from 1 candidate row(s); source text preserved in 10_SOURCE_EXTRACTS.csv.
M05-CAN-0174,m05.current_1_0.data_contract.e489973a54205ead,1.0,CURRENT_1_0,M05,Профиль клиента,DATA_CONTRACT,PROVENANCE,Correction transaction,"Записать before/after, actor, reason, timestamp, evidence/reference и supersedes link.","Записать before/after, actor, reason, timestamp, evidence/reference и supersedes link.",,,,,M05_CASA_Pro_Client_Profile_Implementation_and_Acceptance_v1.1,1.1,Correction transaction,SRC-DOC-M05-I-00234,,,,DATA,,,,,Canonicalized from 1 candidate row(s); source text preserved in 10_SOURCE_EXTRACTS.csv.
M05-CAN-0175,m05.current_1_0.data_contract.a47c11ef8e7af60f,1.0,CURRENT_1_0,M05,Профиль клиента,DATA_CONTRACT,SNAPSHOT,Correction transaction,Пересчитать dependent completeness/conflict/reconciliation; published snapshot не редактировать.,Пересчитать dependent completeness/conflict/reconciliation; published snapshot не редактировать.,,,,CONFLICT,M05_CASA_Pro_Client_Profile_Implementation_and_Acceptance_v1.1,1.1,Correction transaction,SRC-DOC-M05-I-00235,,,,DATA,,,,,Canonicalized from 1 candidate row(s); source text preserved in 10_SOURCE_EXTRACTS.csv.
M05-CAN-0176,m05.current_1_0.data_contract.8552adc91ebb4e1b,1.0,CURRENT_1_0,M05,Профиль клиента,DATA_CONTRACT,SNAPSHOT,Correction transaction,Если меняется publish input — создать новую snapshot version после gates; старый hash остаётся replayable.,Если меняется publish input — создать новую snapshot version после gates; старый hash остаётся replayable.,,,,,M05_CASA_Pro_Client_Profile_Implementation_and_Acceptance_v1.1,1.1,Correction transaction,SRC-DOC-M05-I-00236,,,,DATA,,,,,Canonicalized from 1 candidate row(s); source text preserved in 10_SOURCE_EXTRACTS.csv.
M05-CAN-0177,m05.current_1_0.implementation_detail.c54c8f734d311292,1.0,CURRENT_1_0,M05,Профиль клиента,IMPLEMENTATION_DETAIL,API,Human badges,"Автоматически · Со слов клиента · Подтверждено документом · Нужно подтверждение · Есть расхождение · Данные устарели · Неизвестно. Технические enum доступны API/Dev/QA, но не являются основным broker copy.","Автоматически · Со слов клиента · Подтверждено документом · Нужно подтверждение · Есть расхождение · Данные устарели · Неизвестно. Технические enum доступны API/Dev/QA, но не являются основным broker copy.",,,,,M05_CASA_Pro_Client_Profile_Implementation_and_Acceptance_v1.1,1.1,Human badges,SRC-DOC-M05-I-00271,,,,BACKEND|FRONTEND|QA,,,,,Canonicalized from 1 candidate row(s); source text preserved in 10_SOURCE_EXTRACTS.csv.
M05-CAN-0178,m05.current_1_0.security_control.e6d6802618a82b68,1.0,CURRENT_1_0,M05,Профиль клиента,SECURITY_CONTROL,CONSENT,"M05 ENGINEERING НЕ DONE, если",spouse/co-borrowers/owners смешиваются либо consent одного participant покрывает другого;,spouse/co-borrowers/owners смешиваются либо consent одного participant покрывает другого;,,,,,M05_CASA_Pro_Client_Profile_Implementation_and_Acceptance_v1.1,1.1,"M05 ENGINEERING НЕ DONE, если",SRC-DOC-M05-I-00420,,,,LEGAL,,,,,Canonicalized from 1 candidate row(s); source text preserved in 10_SOURCE_EXTRACTS.csv.
M05-CAN-0179,m05.current_1_0.product_semantic.650f40268be054bb,1.0,CURRENT_1_0,M05,Профиль клиента,PRODUCT_SEMANTIC,BUSINESS_RULE,"M05 ENGINEERING НЕ DONE, если","UNKNOWN становится 0/false/clean, conflict решается скрыто или correction уничтожает source value;","UNKNOWN становится 0/false/clean, conflict решается скрыто или correction уничтожает source value;",,,,UNKNOWN|CONFLICT,M05_CASA_Pro_Client_Profile_Implementation_and_Acceptance_v1.1,1.1,"M05 ENGINEERING НЕ DONE, если",SRC-DOC-M05-I-00422,,,,MULTI_LAYER,,,,,Canonicalized from 1 candidate row(s); source text preserved in 10_SOURCE_EXTRACTS.csv.
M05-CAN-0180,m05.current_1_0.security_control.60499efb0d25c978,1.0,CURRENT_1_0,M05,Профиль клиента,SECURITY_CONTROL,SECURITY,"M05 ENGINEERING НЕ DONE, если","published snapshot mutable, unreplayable, cross-tenant accessible или downstream требует raw PDF;","published snapshot mutable, unreplayable, cross-tenant accessible или downstream требует raw PDF;",,,,,M05_CASA_Pro_Client_Profile_Implementation_and_Acceptance_v1.1,1.1,"M05 ENGINEERING НЕ DONE, если",SRC-DOC-M05-I-00425,,,,DATA|PARSER|SECURITY,,,,,Canonicalized from 1 candidate row(s); source text preserved in 10_SOURCE_EXTRACTS.csv.
M05-CAN-0181,m05.current_1_0.implementation_detail.520efc8639e9a667,1.0,CURRENT_1_0,M05,Профиль клиента,IMPLEMENTATION_DETAIL,API,"M05 ENGINEERING НЕ DONE, если",CP-001…035/CPG-01…08/API/security/desktop/mobile regression не имеет evidence.,CP-001…035/CPG-01…08/API/security/desktop/mobile regression не имеет evidence.,,,,,M05_CASA_Pro_Client_Profile_Implementation_and_Acceptance_v1.1,1.1,"M05 ENGINEERING НЕ DONE, если",SRC-DOC-M05-I-00426,CP-001|CPG-01,,,BACKEND|SECURITY,,,,M05-TASK-003|M05-TASK-024,Canonicalized from 1 candidate row(s); source text preserved in 10_SOURCE_EXTRACTS.csv.
M05-CAN-0182,m05.current_1_0.data_contract.5ac003ae6cbb4c7c,1.0,CURRENT_1_0,M05,Профиль клиента,DATA_CONTRACT,PROVENANCE,"M05 ENGINEERING НЕ DONE, если","НЕ БАНКОВСКИЙ РЕЗУЛЬТАТ  Ни completeness=CONFIRMED, ни VERIFIED evidence не означают, что клиент проходит банк. В M05 нет зелёного ипотечного verdict.: НЕ БАНКОВСКИЙ РЕЗУЛЬТАТ  Ни completeness=CONFIRMED, ни VERIFIED evidence не означают, что клиент проходит банк. В M05 нет зелёного ипотечного verdict.","НЕ БАНКОВСКИЙ РЕЗУЛЬТАТ  Ни completeness=CONFIRMED, ни VERIFIED evidence не означают, что клиент проходит банк. В M05 нет зелёного ипотечного verdict.: НЕ БАНКОВСКИЙ РЕЗУЛЬТАТ  Ни completeness=CONFIRMED, ни VERIFIED evidence не означают, что клиент проходит банк. В M05 нет зелёного ипотечного verdict.",,,,CONFIRMED|VERIFIED,M05_CASA_Pro_Client_Profile_Implementation_and_Acceptance_v1.1,1.1,"M05 ENGINEERING НЕ DONE, если",SRC-DOC-M05-I-00427,,,,DATA,,,,,Canonicalized from 1 candidate row(s); source text preserved in 10_SOURCE_EXTRACTS.csv.
M05-CAN-0183,m05.current_1_0.data_contract.95ba9d739fe0ad46,1.0,CURRENT_1_0,M05,Профиль клиента,DATA_CONTRACT,SNAPSHOT,Publish behaviour,UNRECONCILED может храниться в snapshot только если CPG-06 и versioned gate policy это допускают; значение не маркируется подтверждённым.,UNRECONCILED может храниться в snapshot только если CPG-06 и versioned gate policy это допускают; значение не маркируется подтверждённым.,,,,,M05_CASA_Pro_Client_Profile_Implementation_and_Acceptance_v1.1,1.1,Publish behaviour,SRC-DOC-M05-I-00182,CPG-06,,,DATA,,,,,Canonicalized from 1 candidate row(s); source text preserved in 10_SOURCE_EXTRACTS.csv.
M05-CAN-0184,m05.current_1_0.boundary.08cd3ca240521cda,1.0,CURRENT_1_0,M05,Профиль клиента,BOUNDARY,FUTURE_BOUNDARY,Publish behaviour,ADDITIONAL_COLLATERAL не уменьшает cash gap и не входит в monetary totals.,ADDITIONAL_COLLATERAL не уменьшает cash gap и не входит в monetary totals.,,,,,M05_CASA_Pro_Client_Profile_Implementation_and_Acceptance_v1.1,1.1,Publish behaviour,SRC-DOC-M05-I-00183,,,,MULTI_LAYER,,,,,Canonicalized from 1 candidate row(s); source text preserved in 10_SOURCE_EXTRACTS.csv.
M05-CAN-0185,m05.current_1_0.product_semantic.80c773407197bfcd,1.0,CURRENT_1_0,M05,Профиль клиента,PRODUCT_SEMANTIC,BUSINESS_RULE,Publish behaviour,Несовместимые валюты/периоды не пересчитываются по придуманному курсу; aggregate остаётся раздельным/UNKNOWN до утверждённой policy.,Несовместимые валюты/периоды не пересчитываются по придуманному курсу; aggregate остаётся раздельным/UNKNOWN до утверждённой policy.,,,,UNKNOWN,M05_CASA_Pro_Client_Profile_Implementation_and_Acceptance_v1.1,1.1,Publish behaviour,SRC-DOC-M05-I-00184,,,,MULTI_LAYER,,,,,Canonicalized from 1 candidate row(s); source text preserved in 10_SOURCE_EXTRACTS.csv.
M05-CAN-0186,m05.current_1_0.product_semantic.acaa7d802718c403,1.0,CURRENT_1_0,M05,Профиль клиента,PRODUCT_SEMANTIC,BUSINESS_RULE,Publish behaviour,ОБЯЗАТЕЛЬСТВА ВНЕ ПКО,ОБЯЗАТЕЛЬСТВА ВНЕ ПКО,,,,,M05_CASA_Pro_Client_Profile_Implementation_and_Acceptance_v1.1,1.1,Publish behaviour,SRC-DOC-M05-I-00185,,,,MULTI_LAYER,,,,,Canonicalized from 1 candidate row(s); source text preserved in 10_SOURCE_EXTRACTS.csv.
M05-CAN-0187,m05.current_1_0.product_semantic.d7309949408a7cb2,1.0,CURRENT_1_0,M05,Профиль клиента,PRODUCT_SEMANTIC,STATE,Snapshot publish gates CPG-01…CPG-08,Gate: CPG-02 upstream; Условие: Selected upstream references — M02 client_check_batch + M03/M04 snapshots — имеют известные quality statuses; missing только с explicit reason.,Gate: CPG-02 upstream; Условие: Selected upstream references — M02 client_check_batch + M03/M04 snapshots — имеют известные quality statuses; missing только с explicit reason.,,,,,M05_CASA_Pro_Client_Profile_Implementation_and_Acceptance_v1.1,1.1,Snapshot publish gates CPG-01…CPG-08,SRC-DOC-M05-I-00411,CPG-02,,,DATA,,,,,Canonicalized from 1 candidate row(s); source text preserved in 10_SOURCE_EXTRACTS.csv.
M05-CAN-0188,m05.current_1_0.data_contract.fcdc5c44472473b9,1.0,CURRENT_1_0,M05,Профиль клиента,DATA_CONTRACT,SNAPSHOT,Snapshot publish gates CPG-01…CPG-08,Gate: CPG-04 household; Условие: Marital/spouse/co-borrower structure подтверждена для current case.,Gate: CPG-04 household; Условие: Marital/spouse/co-borrower structure подтверждена для current case.,,,,,M05_CASA_Pro_Client_Profile_Implementation_and_Acceptance_v1.1,1.1,Snapshot publish gates CPG-01…CPG-08,SRC-DOC-M05-I-00413,CPG-04,,,DATA,,,,,Canonicalized from 1 candidate row(s); source text preserved in 10_SOURCE_EXTRACTS.csv.
M05-CAN-0189,m05.current_1_0.ux_requirement.9d9e609d4411e564,1.0,CURRENT_1_0,M05,Профиль клиента,UX_REQUIREMENT,UI,§11 Pension sender ↔ employment relation,Шаг: 1. Candidate; Backend/Data: Сопоставить sender ref и declared employer только как candidate relation; сохранить алгоритм/version.; Broker UI: «Этот отправитель является вашим текущим работодателем/бизнесом?»; Результат: CANDIDATE; исходные факты не меняются.,Шаг: 1. Candidate; Backend/Data: Сопоставить sender ref и declared employer только как candidate relation; сохранить алгоритм/version.; Broker UI: «Этот отправитель является вашим текущим работодателем/бизнесом?»; Результат: CANDIDATE; исходные факты не меняются.,,,,DECLARED,M05_CASA_Pro_Client_Profile_Implementation_and_Acceptance_v1.1,1.1,§11 Pension sender ↔ employment relation,SRC-DOC-M05-I-00143,,,,BACKEND|FRONTEND|DATA,,,,,Canonicalized from 1 candidate row(s); source text preserved in 10_SOURCE_EXTRACTS.csv.
M05-CAN-0190,m05.current_1_0.data_contract.c2120c84d4e6a4b0,1.0,CURRENT_1_0,M05,Профиль клиента,DATA_CONTRACT,DATA_MODEL,§11 Pension sender ↔ employment relation,"Шаг: 2. Review; Backend/Data: Проверить participant, dates, identity, allowed evidence и actor.; Broker UI: Показать sender, employer, даты и источники рядом.; Результат: REVIEWED relation либо CONFLICT.","Шаг: 2. Review; Backend/Data: Проверить participant, dates, identity, allowed evidence и actor.; Broker UI: Показать sender, employer, даты и источники рядом.; Результат: REVIEWED relation либо CONFLICT.",,,,CONFLICT,M05_CASA_Pro_Client_Profile_Implementation_and_Acceptance_v1.1,1.1,§11 Pension sender ↔ employment relation,SRC-DOC-M05-I-00144,,,,BACKEND|FRONTEND|DATA,,,,,Canonicalized from 1 candidate row(s); source text preserved in 10_SOURCE_EXTRACTS.csv.
M05-CAN-0191,m05.current_1_0.ux_requirement.a4c4d594025368e1,1.0,CURRENT_1_0,M05,Профиль клиента,UX_REQUIREMENT,UI,§11 Pension sender ↔ employment relation,Шаг: 3. Confirm; Backend/Data: Создать versioned relation ref с actor/time/evidence/policy version.; Broker UI: «Связь подтверждена»; не переименовывать sender.; Результат: Employment остаётся отдельной сущностью.,Шаг: 3. Confirm; Backend/Data: Создать versioned relation ref с actor/time/evidence/policy version.; Broker UI: «Связь подтверждена»; не переименовывать sender.; Результат: Employment остаётся отдельной сущностью.,,,,,M05_CASA_Pro_Client_Profile_Implementation_and_Acceptance_v1.1,1.1,§11 Pension sender ↔ employment relation,SRC-DOC-M05-I-00145,,,,BACKEND|FRONTEND|DATA,,,,,Canonicalized from 1 candidate row(s); source text preserved in 10_SOURCE_EXTRACTS.csv.
M05-CAN-0192,m05.current_1_0.ux_requirement.c51afaa0c6c47bba,1.0,CURRENT_1_0,M05,Профиль клиента,UX_REQUIREMENT,UI,§11 Pension sender ↔ employment relation,Шаг: 4. Mismatch; Backend/Data: Не выбирать источник молча; создать conflict task.; Broker UI: «Есть расхождение» + действие проверить.; Результат: Оба facts сохранены; publish зависит от blocking policy.,Шаг: 4. Mismatch; Backend/Data: Не выбирать источник молча; создать conflict task.; Broker UI: «Есть расхождение» + действие проверить.; Результат: Оба facts сохранены; publish зависит от blocking policy.,,,,CONFLICT,M05_CASA_Pro_Client_Profile_Implementation_and_Acceptance_v1.1,1.1,§11 Pension sender ↔ employment relation,SRC-DOC-M05-I-00146,,,,BACKEND|FRONTEND|DATA,,,,,Canonicalized from 1 candidate row(s); source text preserved in 10_SOURCE_EXTRACTS.csv.
M05-CAN-0193,m05.current_1_0.data_contract.3f26da96e6b7233e,1.0,CURRENT_1_0,M05,Профиль клиента,DATA_CONTRACT,PROVENANCE,§11 Pension sender ↔ employment relation,"ЗАПРЕТ AUTO-VERIFY  Совпадение названия или идентификатора создаёт candidate relation, но не доказывает текущую занятость без утверждённой review/evidence policy. CP-008/009.: ЗАПРЕТ AUTO-VERIFY  Совпадение названия или идентификатора создаёт candidate relation, но не доказывает текущую занятость без утверждённой review/evidence policy. CP-008/009.","ЗАПРЕТ AUTO-VERIFY  Совпадение названия или идентификатора создаёт candidate relation, но не доказывает текущую занятость без утверждённой review/evidence policy. CP-008/009.: ЗАПРЕТ AUTO-VERIFY  Совпадение названия или идентификатора создаёт candidate relation, но не доказывает текущую занятость без утверждённой review/evidence policy. CP-008/009.",,,,,M05_CASA_Pro_Client_Profile_Implementation_and_Acceptance_v1.1,1.1,§11 Pension sender ↔ employment relation,SRC-DOC-M05-I-00147,CP-008,,,DATA,,,,M05-TASK-013,Canonicalized from 1 candidate row(s); source text preserved in 10_SOURCE_EXTRACTS.csv.
M05-CAN-0194,m05.current_1_0.data_contract.f5fcec0a8a906565,1.0,CURRENT_1_0,M05,Профиль клиента,DATA_CONTRACT,SNAPSHOT,§12 Assets,asset_type: OTBASY_DEPOSIT; Минимальные данные: link/reference; депозитная модель не копируется; Связь со взносом: OTBASY_SAVINGS source через snapshot ref.,asset_type: OTBASY_DEPOSIT; Минимальные данные: link/reference; депозитная модель не копируется; Связь со взносом: OTBASY_SAVINGS source через snapshot ref.,,,,,M05_CASA_Pro_Client_Profile_Implementation_and_Acceptance_v1.1,1.1,§12 Assets,SRC-DOC-M05-I-00154,,,,DATA,,,,,Canonicalized from 1 candidate row(s); source text preserved in 10_SOURCE_EXTRACTS.csv.
M05-CAN-0195,m05.current_1_0.product_semantic.63b0acd2f9df4993,1.0,CURRENT_1_0,M05,Профиль клиента,PRODUCT_SEMANTIC,STATE,§14 Down payment reconciliation,Показатель: sources total; Точная семантика M05: Сумма денежных down_payment_sources по совместимой валюте и status; additional collateral отдельно.,Показатель: sources total; Точная семантика M05: Сумма денежных down_payment_sources по совместимой валюте и status; additional collateral отдельно.,,,,,M05_CASA_Pro_Client_Profile_Implementation_and_Acceptance_v1.1,1.1,§14 Down payment reconciliation,SRC-DOC-M05-I-00176,,,,MULTI_LAYER,,,,,Canonicalized from 1 candidate row(s); source text preserved in 10_SOURCE_EXTRACTS.csv.
M05-CAN-0196,m05.current_1_0.product_semantic.d813542d79aaaad3,1.0,CURRENT_1_0,M05,Профиль клиента,PRODUCT_SEMANTIC,VALIDATION,§14 Down payment reconciliation,Показатель: gap; Точная семантика M05: declared target − объяснённые monetary sources; UNKNOWN не подменяется нулём.,Показатель: gap; Точная семантика M05: declared target − объяснённые monetary sources; UNKNOWN не подменяется нулём.,,,,DECLARED|UNKNOWN,M05_CASA_Pro_Client_Profile_Implementation_and_Acceptance_v1.1,1.1,§14 Down payment reconciliation,SRC-DOC-M05-I-00177,,,,MULTI_LAYER,,,,,Canonicalized from 1 candidate row(s); source text preserved in 10_SOURCE_EXTRACTS.csv.
M05-CAN-0197,m05.current_1_0.product_semantic.a6d9e527c23f4c9e,1.0,CURRENT_1_0,M05,Профиль клиента,PRODUCT_SEMANTIC,STATE,§14 Down payment reconciliation,Показатель: PASS; Точная семантика M05: Target и sources сходятся по установленной точности/валюте; источники всё равно сохраняют собственные statuses.,Показатель: PASS; Точная семантика M05: Target и sources сходятся по установленной точности/валюте; источники всё равно сохраняют собственные statuses.,,,,,M05_CASA_Pro_Client_Profile_Implementation_and_Acceptance_v1.1,1.1,§14 Down payment reconciliation,SRC-DOC-M05-I-00178,,,,MULTI_LAYER,,,,,Canonicalized from 1 candidate row(s); source text preserved in 10_SOURCE_EXTRACTS.csv.
M05-CAN-0198,m05.current_1_0.product_semantic.97cccf81ea0ee142,1.0,CURRENT_1_0,M05,Профиль клиента,PRODUCT_SEMANTIC,STATE,§15 Non-credit commitments,"type: ALIMONY_PAYMENT; Что хранить: owner, amount/UNKNOWN, periodicity, evidence, status; Что не делать: Не смешивать с ALIMONY_RECEIVED и не применять bank rule.","type: ALIMONY_PAYMENT; Что хранить: owner, amount/UNKNOWN, periodicity, evidence, status; Что не делать: Не смешивать с ALIMONY_RECEIVED и не применять bank rule.",,,,UNKNOWN,M05_CASA_Pro_Client_Profile_Implementation_and_Acceptance_v1.1,1.1,§15 Non-credit commitments,SRC-DOC-M05-I-00188,,,,MULTI_LAYER,,,,,Canonicalized from 1 candidate row(s); source text preserved in 10_SOURCE_EXTRACTS.csv.
M05-CAN-0199,m05.current_1_0.data_contract.5f681b3093a6a571,1.0,CURRENT_1_0,M05,Профиль клиента,DATA_CONTRACT,PROVENANCE,§15 Non-credit commitments,type: COURT_DEDUCTION; Что хранить: neutral obligation + allowed IIN/evidence reference; Что не делать: Не дублировать external fact и не создавать loan_obligation.,type: COURT_DEDUCTION; Что хранить: neutral obligation + allowed IIN/evidence reference; Что не делать: Не дублировать external fact и не создавать loan_obligation.,,,,,M05_CASA_Pro_Client_Profile_Implementation_and_Acceptance_v1.1,1.1,§15 Non-credit commitments,SRC-DOC-M05-I-00189,,,,DATA,,,,,Canonicalized from 1 candidate row(s); source text preserved in 10_SOURCE_EXTRACTS.csv.
M05-CAN-0200,m05.current_1_0.product_semantic.6fa40f370b11402c,1.0,CURRENT_1_0,M05,Профиль клиента,PRODUCT_SEMANTIC,STATE,§15 Non-credit commitments,"type: OTHER_MANDATORY; Что хранить: description required, amount/UNKNOWN, periodicity, evidence/status; Что не делать: Не расширять enum без RG-CP-06/04.","type: OTHER_MANDATORY; Что хранить: description required, amount/UNKNOWN, periodicity, evidence/status; Что не делать: Не расширять enum без RG-CP-06/04.",,,,UNKNOWN,M05_CASA_Pro_Client_Profile_Implementation_and_Acceptance_v1.1,1.1,§15 Non-credit commitments,SRC-DOC-M05-I-00190,CP-06,,,MULTI_LAYER,,RG-CP-06,RG-CP-06,,Canonicalized from 1 candidate row(s); source text preserved in 10_SOURCE_EXTRACTS.csv.
M05-CAN-0201,m05.current_1_0.product_semantic.4db08a9653a89819,1.0,CURRENT_1_0,M05,Профиль клиента,PRODUCT_SEMANTIC,BUSINESS_RULE,§15 Non-credit commitments,"type: UNKNOWN; Что хранить: Неясный факт, amount=null, reason; Что не делать: Не превращать в 0/отсутствие.","type: UNKNOWN; Что хранить: Неясный факт, amount=null, reason; Что не делать: Не превращать в 0/отсутствие.",,,,UNKNOWN,M05_CASA_Pro_Client_Profile_Implementation_and_Acceptance_v1.1,1.1,§15 Non-credit commitments,SRC-DOC-M05-I-00191,,,,MULTI_LAYER,,,,,Canonicalized from 1 candidate row(s); source text preserved in 10_SOURCE_EXTRACTS.csv.
M05-CAN-0202,m05.current_1_0.data_contract.c7d760bde69e8346,1.0,CURRENT_1_0,M05,Профиль клиента,DATA_CONTRACT,SNAPSHOT,§15 Non-credit commitments,"M03 READ-ONLY  Кредиты, карты, остатки, платежи и DPD приходят из published Credit History snapshot. M05 допускает ручную запись только для neutral non_credit_commitment или явно отсутствующего в ПКО факта с причиной по Spec.: M03 READ-ONLY  Кредиты, карты, остатки, платежи и DPD приходят из published Credit History snapshot. M05 допускает ручную запись только для neutral non_credit_commitment или явно отсутствующего в ПКО факта с причиной по Spec.","M03 READ-ONLY  Кредиты, карты, остатки, платежи и DPD приходят из published Credit History snapshot. M05 допускает ручную запись только для neutral non_credit_commitment или явно отсутствующего в ПКО факта с причиной по Spec.: M03 READ-ONLY  Кредиты, карты, остатки, платежи и DPD приходят из published Credit History snapshot. M05 допускает ручную запись только для neutral non_credit_commitment или явно отсутствующего в ПКО факта с причиной по Spec.",,,,,M05_CASA_Pro_Client_Profile_Implementation_and_Acceptance_v1.1,1.1,§15 Non-credit commitments,SRC-DOC-M05-I-00192,,,,DATA,,,,,Canonicalized from 1 candidate row(s); source text preserved in 10_SOURCE_EXTRACTS.csv.
M05-CAN-0203,m05.current_1_0.product_semantic.da42071f11d153df,1.0,CURRENT_1_0,M05,Профиль клиента,PRODUCT_SEMANTIC,STATE,§17 Field statuses / UNKNOWN,ZERO / BLANK / UNKNOWN  0 — известное нулевое число; BLANK — ответа/записи нет; UNKNOWN — пользователь/источник не знает; NOT_APPLICABLE — вопрос не относится к branch. Эти состояния не взаимозаменяемы.: ZERO / BLANK / UNKNOWN  0 — известное нулевое число; BLANK — ответа/записи нет; UNKNOWN — пользователь/источник не знает; NOT_APPLICABLE — вопрос не относится к branch. Эти состояния не взаимозаменяемы.,ZERO / BLANK / UNKNOWN  0 — известное нулевое число; BLANK — ответа/записи нет; UNKNOWN — пользователь/источник не знает; NOT_APPLICABLE — вопрос не относится к branch. Эти состояния не взаимозаменяемы.: ZERO / BLANK / UNKNOWN  0 — известное нулевое число; BLANK — ответа/записи нет; UNKNOWN — пользователь/источник не знает; NOT_APPLICABLE — вопрос не относится к branch. Эти состояния не взаимозаменяемы.,,,,ZERO|BLANK|UNKNOWN|NOT_APPLICABLE,M05_CASA_Pro_Client_Profile_Implementation_and_Acceptance_v1.1,1.1,§17 Field statuses / UNKNOWN,SRC-DOC-M05-I-00211,,,,MULTI_LAYER,,,,,Canonicalized from 1 candidate row(s); source text preserved in 10_SOURCE_EXTRACTS.csv.
M05-CAN-0204,m05.current_1_0.data_contract.99c75083eb7b5f2f,1.0,CURRENT_1_0,M05,Профиль клиента,DATA_CONTRACT,DATA_MODEL,§18 Provenance / evidence,"Компонент: Field identity; Минимальный contract: profile_field_id/path, participant_id, logical entity/revision ID.","Компонент: Field identity; Минимальный contract: profile_field_id/path, participant_id, logical entity/revision ID.",,,,,M05_CASA_Pro_Client_Profile_Implementation_and_Acceptance_v1.1,1.1,§18 Provenance / evidence,SRC-DOC-M05-I-00215,,,,DATA,,,,,Canonicalized from 1 candidate row(s); source text preserved in 10_SOURCE_EXTRACTS.csv.
M05-CAN-0205,m05.current_1_0.data_contract.78c9cbd3cc430401,1.0,CURRENT_1_0,M05,Профиль клиента,DATA_CONTRACT,SNAPSHOT,§18 Provenance / evidence,"Компонент: Source; Минимальный contract: source kind, upstream snapshot/document/result ID, version/hash, source field/record ref.","Компонент: Source; Минимальный contract: source kind, upstream snapshot/document/result ID, version/hash, source field/record ref.",,,,,M05_CASA_Pro_Client_Profile_Implementation_and_Acceptance_v1.1,1.1,§18 Provenance / evidence,SRC-DOC-M05-I-00216,,,,DATA,,,,,Canonicalized from 1 candidate row(s); source text preserved in 10_SOURCE_EXTRACTS.csv.
M05-CAN-0206,m05.current_1_0.product_semantic.f504e86cc1802e74,1.0,CURRENT_1_0,M05,Профиль клиента,PRODUCT_SEMANTIC,STATE,§18 Provenance / evidence,"Компонент: Status; Минимальный contract: field_status, quality, freshness/as_of, unknown/conflict reason.","Компонент: Status; Минимальный contract: field_status, quality, freshness/as_of, unknown/conflict reason.",,,,UNKNOWN|CONFLICT,M05_CASA_Pro_Client_Profile_Implementation_and_Acceptance_v1.1,1.1,§18 Provenance / evidence,SRC-DOC-M05-I-00217,,,,DATA,,,,,Canonicalized from 1 candidate row(s); source text preserved in 10_SOURCE_EXTRACTS.csv.
M05-CAN-0207,m05.current_1_0.data_contract.ae608e342331b7ec,1.0,CURRENT_1_0,M05,Профиль клиента,DATA_CONTRACT,PROVENANCE,§18 Provenance / evidence,"Компонент: Evidence; Минимальный contract: allowed evidence reference/hash/type, evidence date, reviewer/actor, policy/version.","Компонент: Evidence; Минимальный contract: allowed evidence reference/hash/type, evidence date, reviewer/actor, policy/version.",,,,,M05_CASA_Pro_Client_Profile_Implementation_and_Acceptance_v1.1,1.1,§18 Provenance / evidence,SRC-DOC-M05-I-00218,,,,DATA,,,,,Canonicalized from 1 candidate row(s); source text preserved in 10_SOURCE_EXTRACTS.csv.
M05-CAN-0208,m05.current_1_0.product_semantic.8d9f616ae115c4d1,1.0,CURRENT_1_0,M05,Профиль клиента,PRODUCT_SEMANTIC,STATE,§18 Provenance / evidence,"Компонент: Manual input; Минимальный contract: actor/channel/time, client confirmation status where required.","Компонент: Manual input; Минимальный contract: actor/channel/time, client confirmation status where required.",,,,,M05_CASA_Pro_Client_Profile_Implementation_and_Acceptance_v1.1,1.1,§18 Provenance / evidence,SRC-DOC-M05-I-00219,,,,MULTI_LAYER,,,,,Canonicalized from 1 candidate row(s); source text preserved in 10_SOURCE_EXTRACTS.csv.
M05-CAN-0209,m05.current_1_0.implementation_detail.53b3ac712a47d75a,1.0,CURRENT_1_0,M05,Профиль клиента,IMPLEMENTATION_DETAIL,FORMULA,§18 Provenance / evidence,"Компонент: Derived; Минимальный contract: formula/aggregation version, exact input IDs/hashes, computed_at.","Компонент: Derived; Минимальный contract: formula/aggregation version, exact input IDs/hashes, computed_at.",,,,,M05_CASA_Pro_Client_Profile_Implementation_and_Acceptance_v1.1,1.1,§18 Provenance / evidence,SRC-DOC-M05-I-00220,,,,MULTI_LAYER,,,,,Canonicalized from 1 candidate row(s); source text preserved in 10_SOURCE_EXTRACTS.csv.
M05-CAN-0210,m05.current_1_0.security_control.5b6ebcf6e118daee,1.0,CURRENT_1_0,M05,Профиль клиента,SECURITY_CONTROL,SECURITY,§18 Provenance / evidence,Компонент: Audit; Минимальный contract: create/view/correct/confirm/reconcile/publish/supersede event refs без raw PII в message.,Компонент: Audit; Минимальный contract: create/view/correct/confirm/reconcile/publish/supersede event refs без raw PII в message.,,,,,M05_CASA_Pro_Client_Profile_Implementation_and_Acceptance_v1.1,1.1,§18 Provenance / evidence,SRC-DOC-M05-I-00221,,,,SECURITY,,,,,Canonicalized from 1 candidate row(s); source text preserved in 10_SOURCE_EXTRACTS.csv.
M05-CAN-0211,m05.current_1_0.data_contract.8b2da80c3da2a2e8,1.0,CURRENT_1_0,M05,Профиль клиента,DATA_CONTRACT,PROVENANCE,§18 Provenance / evidence,"МИНИМИЗАЦИЯ  Raw PDF, полный ИИН, лишние donor/household данные и чужие records не копируются в profile payload. Evidence открывается по allowlisted reference и M01 access context.: МИНИМИЗАЦИЯ  Raw PDF, полный ИИН, лишние donor/household данные и чужие records не копируются в profile payload. Evidence открывается по allowlisted reference и M01 access context.","МИНИМИЗАЦИЯ  Raw PDF, полный ИИН, лишние donor/household данные и чужие records не копируются в profile payload. Evidence открывается по allowlisted reference и M01 access context.: МИНИМИЗАЦИЯ  Raw PDF, полный ИИН, лишние donor/household данные и чужие records не копируются в profile payload. Evidence открывается по allowlisted reference и M01 access context.",,,,,M05_CASA_Pro_Client_Profile_Implementation_and_Acceptance_v1.1,1.1,§18 Provenance / evidence,SRC-DOC-M05-I-00222,,,,PARSER,,,,,Canonicalized from 1 candidate row(s); source text preserved in 10_SOURCE_EXTRACTS.csv.
M05-CAN-0212,m05.current_1_0.boundary.af177c76c7e6fe75,1.0,CURRENT_1_0,M05,Профиль клиента,BOUNDARY,FORBIDDEN,§19 Conflicts / corrections,Сценарий: Pension sender ≠ declared employer; Запрещено: переименовать sender или заменить employer; Правильное поведение: показать оба facts/dates/sources; CONFLICT + relationship review.,,Сценарий: Pension sender ≠ declared employer; Запрещено: переименовать sender или заменить employer; Правильное поведение: показать оба facts/dates/sources; CONFLICT + relationship review.,,,DECLARED|CONFLICT,M05_CASA_Pro_Client_Profile_Implementation_and_Acceptance_v1.1,1.1,§19 Conflicts / corrections,SRC-DOC-M05-I-00226,,,,MULTI_LAYER,,,,,Canonicalized from 1 candidate row(s); source text preserved in 10_SOURCE_EXTRACTS.csv.
M05-CAN-0213,m05.current_1_0.boundary.7296e032873c5430,1.0,CURRENT_1_0,M05,Профиль клиента,BOUNDARY,FORBIDDEN,§19 Conflicts / corrections,"Сценарий: Declared down payment 5m, sources 3m; Запрещено: показать gap=0 или confirmed 5m; Правильное поведение: UNRECONCILED; gap=2m; sources и target остаются отдельными.",,"Сценарий: Declared down payment 5m, sources 3m; Запрещено: показать gap=0 или confirmed 5m; Правильное поведение: UNRECONCILED; gap=2m; sources и target остаются отдельными.",,,DECLARED|CONFIRMED,M05_CASA_Pro_Client_Profile_Implementation_and_Acceptance_v1.1,1.1,§19 Conflicts / corrections,SRC-DOC-M05-I-00227,,,,MULTI_LAYER,,,,,Canonicalized from 1 candidate row(s); source text preserved in 10_SOURCE_EXTRACTS.csv.
M05-CAN-0214,m05.current_1_0.boundary.d3a708590b013760,1.0,CURRENT_1_0,M05,Профиль клиента,BOUNDARY,FORBIDDEN,§19 Conflicts / corrections,Сценарий: Verified field исправляется; Запрещено: UPDATE старой строки и удаление source; Правильное поведение: profile_field_revision + before/after + actor/reason/time/evidence.,,Сценарий: Verified field исправляется; Запрещено: UPDATE старой строки и удаление source; Правильное поведение: profile_field_revision + before/after + actor/reason/time/evidence.,,,VERIFIED,M05_CASA_Pro_Client_Profile_Implementation_and_Acceptance_v1.1,1.1,§19 Conflicts / corrections,SRC-DOC-M05-I-00228,,,,DATA,,,,,Canonicalized from 1 candidate row(s); source text preserved in 10_SOURCE_EXTRACTS.csv.
M05-CAN-0215,m05.current_1_0.boundary.02664001566e7d62,1.0,CURRENT_1_0,M05,Профиль клиента,BOUNDARY,FORBIDDEN,§19 Conflicts / corrections,Сценарий: Upstream обновлён; Запрещено: перепривязать старый snapshot; Правильное поведение: published profile SUPERSEDED/NEEDS_REBUILD; новая версия выбирает новый ref.,,Сценарий: Upstream обновлён; Запрещено: перепривязать старый snapshot; Правильное поведение: published profile SUPERSEDED/NEEDS_REBUILD; новая версия выбирает новый ref.,,,,M05_CASA_Pro_Client_Profile_Implementation_and_Acceptance_v1.1,1.1,§19 Conflicts / corrections,SRC-DOC-M05-I-00229,,,,DATA,,,,,Canonicalized from 1 candidate row(s); source text preserved in 10_SOURCE_EXTRACTS.csv.
M05-CAN-0216,m05.current_1_0.boundary.f89a27956f9bf313,1.0,CURRENT_1_0,M05,Профиль клиента,BOUNDARY,FORBIDDEN,§19 Conflicts / corrections,Сценарий: Два manual/evidence source расходятся; Запрещено: автоматически выбрать latest/verified; Правильное поведение: оба facts видимы; winner только approved review revision.,,Сценарий: Два manual/evidence source расходятся; Запрещено: автоматически выбрать latest/verified; Правильное поведение: оба facts видимы; winner только approved review revision.,,,VERIFIED,M05_CASA_Pro_Client_Profile_Implementation_and_Acceptance_v1.1,1.1,§19 Conflicts / corrections,SRC-DOC-M05-I-00230,,,,QA,,,,,Canonicalized from 1 candidate row(s); source text preserved in 10_SOURCE_EXTRACTS.csv.
M05-CAN-0217,m05.current_1_0.product_semantic.0ac0ca19c667cd53,1.0,CURRENT_1_0,M05,Профиль клиента,PRODUCT_SEMANTIC,BUSINESS_RULE,§2 Назначение,"M05 объединяет участников, цель покупки, занятость, источники дохода, активы, происхождение первоначального взноса, обязательства вне ПКО и специальные факты. Каждый факт имеет владельца, статус и источник; расхождения остаются видимыми.","M05 объединяет участников, цель покупки, занятость, источники дохода, активы, происхождение первоначального взноса, обязательства вне ПКО и специальные факты. Каждый факт имеет владельца, статус и источник; расхождения остаются видимыми.",,,,,M05_CASA_Pro_Client_Profile_Implementation_and_Acceptance_v1.1,1.1,§2 Назначение,SRC-DOC-M05-I-00023,,,,MULTI_LAYER,,,,,Canonicalized from 1 candidate row(s); source text preserved in 10_SOURCE_EXTRACTS.csv.
M05-CAN-0218,m05.current_1_0.implementation_detail.8754841826c7b4ab,1.0,CURRENT_1_0,M05,Профиль клиента,IMPLEMENTATION_DETAIL,CALCULATION,§2 Назначение,ОДИН СТАБИЛЬНЫЙ ВХОД  Следующие расчётные и банковские слои получают snapshot_id/hash и нейтральные факты. Они не перечитывают PDF и не исправляют Client Profile молча.: ОДИН СТАБИЛЬНЫЙ ВХОД  Следующие расчётные и банковские слои получают snapshot_id/hash и нейтральные факты. Они не перечитывают PDF и не исправляют Client Profile молча.,ОДИН СТАБИЛЬНЫЙ ВХОД  Следующие расчётные и банковские слои получают snapshot_id/hash и нейтральные факты. Они не перечитывают PDF и не исправляют Client Profile молча.: ОДИН СТАБИЛЬНЫЙ ВХОД  Следующие расчётные и банковские слои получают snapshot_id/hash и нейтральные факты. Они не перечитывают PDF и не исправляют Client Profile молча.,,,,,M05_CASA_Pro_Client_Profile_Implementation_and_Acceptance_v1.1,1.1,§2 Назначение,SRC-DOC-M05-I-00024,,,,DATA|PARSER,,,,,Canonicalized from 1 candidate row(s); source text preserved in 10_SOURCE_EXTRACTS.csv.
M05-CAN-0219,m05.current_1_0.product_semantic.9f668da66eaec1a1,1.0,CURRENT_1_0,M05,Профиль клиента,PRODUCT_SEMANTIC,BUSINESS_RULE,§20 Dynamic questionnaire,Условие: Нет брака; Показать: household without spouse; Не показывать / не делать: не создавать spouse participant и блок его дохода,Условие: Нет брака; Показать: household without spouse; Не показывать / не делать: не создавать spouse participant и блок его дохода,,,,,M05_CASA_Pro_Client_Profile_Implementation_and_Acceptance_v1.1,1.1,§20 Dynamic questionnaire,SRC-DOC-M05-I-00240,,,,MULTI_LAYER,,,,,Canonicalized from 1 candidate row(s); source text preserved in 10_SOURCE_EXTRACTS.csv.
M05-CAN-0220,m05.current_1_0.security_control.c376130fcc4ae830,1.0,CURRENT_1_0,M05,Профиль клиента,SECURITY_CONTROL,CONSENT,§20 Dynamic questionnaire,Условие: Выбран co-borrower; Показать: отдельный participant + consent + employment/income/assets/commitments; Не показывать / не делать: не копировать данные primary/spouse,Условие: Выбран co-borrower; Показать: отдельный participant + consent + employment/income/assets/commitments; Не показывать / не делать: не копировать данные primary/spouse,,,,,M05_CASA_Pro_Client_Profile_Implementation_and_Acceptance_v1.1,1.1,§20 Dynamic questionnaire,SRC-DOC-M05-I-00241,,,,LEGAL,,,,,Canonicalized from 1 candidate row(s); source text preserved in 10_SOURCE_EXTRACTS.csv.
M05-CAN-0221,m05.current_1_0.product_semantic.fe1b6a70266f8cf3,1.0,CURRENT_1_0,M05,Профиль клиента,PRODUCT_SEMANTIC,BUSINESS_RULE,§20 Dynamic questionnaire,Условие: Один SALARY; Показать: короткая карточка + «Добавить другой доход»; Не показывать / не делать: не разворачивать длинный пустой список,Условие: Один SALARY; Показать: короткая карточка + «Добавить другой доход»; Не показывать / не делать: не разворачивать длинный пустой список,,,,,M05_CASA_Pro_Client_Profile_Implementation_and_Acceptance_v1.1,1.1,§20 Dynamic questionnaire,SRC-DOC-M05-I-00242,,,,MULTI_LAYER,,,,,Canonicalized from 1 candidate row(s); source text preserved in 10_SOURCE_EXTRACTS.csv.
M05-CAN-0222,m05.current_1_0.data_contract.a0be222ead416d39,1.0,CURRENT_1_0,M05,Профиль клиента,DATA_CONTRACT,PROVENANCE,§20 Dynamic questionnaire,Условие: IP_BUSINESS; Показать: business/tax evidence checklist; Не показывать / не делать: не спрашивать трудовой договор,Условие: IP_BUSINESS; Показать: business/tax evidence checklist; Не показывать / не делать: не спрашивать трудовой договор,,,,,M05_CASA_Pro_Client_Profile_Implementation_and_Acceptance_v1.1,1.1,§20 Dynamic questionnaire,SRC-DOC-M05-I-00243,,,,DATA,,,,,Canonicalized from 1 candidate row(s); source text preserved in 10_SOURCE_EXTRACTS.csv.
M05-CAN-0223,m05.current_1_0.product_semantic.ba71b593d1379bd5,1.0,CURRENT_1_0,M05,Профиль клиента,PRODUCT_SEMANTIC,BUSINESS_RULE,§20 Dynamic questionnaire,Условие: ASSET_SALE; Показать: asset link + expected/actual proceeds + available_date; Не показывать / не делать: не суммировать asset value,Условие: ASSET_SALE; Показать: asset link + expected/actual proceeds + available_date; Не показывать / не делать: не суммировать asset value,,,,,M05_CASA_Pro_Client_Profile_Implementation_and_Acceptance_v1.1,1.1,§20 Dynamic questionnaire,SRC-DOC-M05-I-00244,,,,MULTI_LAYER,,,,,Canonicalized from 1 candidate row(s); source text preserved in 10_SOURCE_EXTRACTS.csv.
M05-CAN-0224,m05.current_1_0.data_contract.37e46bc58307e1b1,1.0,CURRENT_1_0,M05,Профиль клиента,DATA_CONTRACT,PROVENANCE,§20 Dynamic questionnaire,Условие: ADDITIONAL_COLLATERAL; Показать: owner + asset + evidence; Не показывать / не делать: не прибавлять к cash total,Условие: ADDITIONAL_COLLATERAL; Показать: owner + asset + evidence; Не показывать / не делать: не прибавлять к cash total,,,,,M05_CASA_Pro_Client_Profile_Implementation_and_Acceptance_v1.1,1.1,§20 Dynamic questionnaire,SRC-DOC-M05-I-00245,,,,DATA,,,,,Canonicalized from 1 candidate row(s); source text preserved in 10_SOURCE_EXTRACTS.csv.
M05-CAN-0225,m05.current_1_0.product_semantic.d0ceb68eca814971,1.0,CURRENT_1_0,M05,Профиль клиента,PRODUCT_SEMANTIC,BUSINESS_RULE,§20 Dynamic questionnaire,Условие: Published Pension; Показать: read-only months/amounts/sender + relation question; Не показывать / не делать: не спрашивать взносы повторно,Условие: Published Pension; Показать: read-only months/amounts/sender + relation question; Не показывать / не делать: не спрашивать взносы повторно,,,,,M05_CASA_Pro_Client_Profile_Implementation_and_Acceptance_v1.1,1.1,§20 Dynamic questionnaire,SRC-DOC-M05-I-00246,,,,MULTI_LAYER,,,,,Canonicalized from 1 candidate row(s); source text preserved in 10_SOURCE_EXTRACTS.csv.
M05-CAN-0226,m05.current_1_0.product_semantic.b225ecb9d59e7e18,1.0,CURRENT_1_0,M05,Профиль клиента,PRODUCT_SEMANTIC,BUSINESS_RULE,§20 Dynamic questionnaire,Условие: Published Credit History; Показать: read-only credit section + source viewer; Не показывать / не делать: нет manual duplicate credit entry,Условие: Published Credit History; Показать: read-only credit section + source viewer; Не показывать / не делать: нет manual duplicate credit entry,,,,,M05_CASA_Pro_Client_Profile_Implementation_and_Acceptance_v1.1,1.1,§20 Dynamic questionnaire,SRC-DOC-M05-I-00247,,,,MULTI_LAYER,,,,,Canonicalized from 1 candidate row(s); source text preserved in 10_SOURCE_EXTRACTS.csv.
M05-CAN-0227,m05.current_1_0.product_semantic.c6141fc04cccbbe1,1.0,CURRENT_1_0,M05,Профиль клиента,PRODUCT_SEMANTIC,BUSINESS_RULE,§20 Dynamic questionnaire,"Условие: Ответ «Не знаю»; Показать: UNKNOWN + reason, продолжить; Не показывать / не делать: не подставлять 0 и не блокировать остальные sections","Условие: Ответ «Не знаю»; Показать: UNKNOWN + reason, продолжить; Не показывать / не делать: не подставлять 0 и не блокировать остальные sections",,,,UNKNOWN,M05_CASA_Pro_Client_Profile_Implementation_and_Acceptance_v1.1,1.1,§20 Dynamic questionnaire,SRC-DOC-M05-I-00248,,,,MULTI_LAYER,,,,,Canonicalized from 1 candidate row(s); source text preserved in 10_SOURCE_EXTRACTS.csv.
M05-CAN-0228,m05.current_1_0.product_semantic.1aa347cd23c9f5e1,1.0,CURRENT_1_0,M05,Профиль клиента,PRODUCT_SEMANTIC,BUSINESS_RULE,§20 Dynamic questionnaire,6–8 КОРОТКИХ СЕКЦИЙ  Question registry и branch rules versioned. RG-CP-01 определяет точный обязательный/условный состав; до approval разработчик не добавляет вопросы и не делает неподтверждённый publish green.: 6–8 КОРОТКИХ СЕКЦИЙ  Question registry и branch rules versioned. RG-CP-01 определяет точный обязательный/условный состав; до approval разработчик не добавляет вопросы и не делает неподтверждённый publish green.,6–8 КОРОТКИХ СЕКЦИЙ  Question registry и branch rules versioned. RG-CP-01 определяет точный обязательный/условный состав; до approval разработчик не добавляет вопросы и не делает неподтверждённый publish green.: 6–8 КОРОТКИХ СЕКЦИЙ  Question registry и branch rules versioned. RG-CP-01 определяет точный обязательный/условный состав; до approval разработчик не добавляет вопросы и не делает неподтверждённый publish green.,,,,,M05_CASA_Pro_Client_Profile_Implementation_and_Acceptance_v1.1,1.1,§20 Dynamic questionnaire,SRC-DOC-M05-I-00249,CP-01,,,MULTI_LAYER,,RG-CP-01,RG-CP-01,,Canonicalized from 1 candidate row(s); source text preserved in 10_SOURCE_EXTRACTS.csv.
M05-CAN-0229,m05.current_1_0.product_semantic.6bd28a4bf8f89019,1.0,CURRENT_1_0,M05,Профиль клиента,PRODUCT_SEMANTIC,STATE,§21 Freshness / rebuild,Событие: Selected upstream reference stale; Текущее состояние: Факт остаётся видимым с STALE/as_of.; Новое действие: CTA обновить; completeness/publish по policy.; История: Старый ref не меняется.,Событие: Selected upstream reference stale; Текущее состояние: Факт остаётся видимым с STALE/as_of.; Новое действие: CTA обновить; completeness/publish по policy.; История: Старый ref не меняется.,,,,STALE,M05_CASA_Pro_Client_Profile_Implementation_and_Acceptance_v1.1,1.1,§21 Freshness / rebuild,SRC-DOC-M05-I-00253,,,,MULTI_LAYER,,,,,Canonicalized from 1 candidate row(s); source text preserved in 10_SOURCE_EXTRACTS.csv.
M05-CAN-0230,m05.current_1_0.implementation_detail.b2902fcd3269b6ed,1.0,CURRENT_1_0,M05,Профиль клиента,IMPLEMENTATION_DETAIL,STATE,§21 Freshness / rebuild,Событие: Новый Credit History snapshot; Текущее состояние: Published profile становится SUPERSEDED/NEEDS_REBUILD.; Новое действие: Новый build выбирает новый chs ID/hash.; История: Старый profile replayable.,Событие: Новый Credit History snapshot; Текущее состояние: Published profile становится SUPERSEDED/NEEDS_REBUILD.; Новое действие: Новый build выбирает новый chs ID/hash.; История: Старый profile replayable.,,,,,M05_CASA_Pro_Client_Profile_Implementation_and_Acceptance_v1.1,1.1,§21 Freshness / rebuild,SRC-DOC-M05-I-00254,,,,DATA,,,,,Canonicalized from 1 candidate row(s); source text preserved in 10_SOURCE_EXTRACTS.csv.
M05-CAN-0231,m05.current_1_0.product_semantic.62b4c5037d656e09,1.0,CURRENT_1_0,M05,Профиль клиента,PRODUCT_SEMANTIC,STATE,§21 Freshness / rebuild,Событие: Новый M02 batch / M04 snapshot; Текущее состояние: Rebuild только если trigger предусмотрен versioned freshness policy.; Новое действие: Не угадывать TTL/trigger.; История: Сохранять selected refs.,Событие: Новый M02 batch / M04 snapshot; Текущее состояние: Rebuild только если trigger предусмотрен versioned freshness policy.; Новое действие: Не угадывать TTL/trigger.; История: Сохранять selected refs.,,,,,M05_CASA_Pro_Client_Profile_Implementation_and_Acceptance_v1.1,1.1,§21 Freshness / rebuild,SRC-DOC-M05-I-00255,,,,DATA,,,,,Canonicalized from 1 candidate row(s); source text preserved in 10_SOURCE_EXTRACTS.csv.
M05-CAN-0232,m05.current_1_0.product_semantic.c3f3cdc92a682b5d,1.0,CURRENT_1_0,M05,Профиль клиента,PRODUCT_SEMANTIC,STATE,§21 Freshness / rebuild,Событие: Manual evidence expired; Текущее состояние: Field STALE/EXPIRED по approved policy.; Новое действие: Запросить evidence; не превращать в 0.; История: Evidence history сохраняется.,Событие: Manual evidence expired; Текущее состояние: Field STALE/EXPIRED по approved policy.; Новое действие: Запросить evidence; не превращать в 0.; История: Evidence history сохраняется.,,,,STALE,M05_CASA_Pro_Client_Profile_Implementation_and_Acceptance_v1.1,1.1,§21 Freshness / rebuild,SRC-DOC-M05-I-00256,,,,DATA,,,,,Canonicalized from 1 candidate row(s); source text preserved in 10_SOURCE_EXTRACTS.csv.
M05-CAN-0233,m05.current_1_0.implementation_detail.1608db5a1a499845,1.0,CURRENT_1_0,M05,Профиль клиента,IMPLEMENTATION_DETAIL,STATE,§21 Freshness / rebuild,Событие: Profile field corrected; Текущее состояние: Published snapshot immutable.; Новое действие: Reconcile + publish new version после gates.; История: Old hash unchanged.,Событие: Profile field corrected; Текущее состояние: Published snapshot immutable.; Новое действие: Reconcile + publish new version после gates.; История: Old hash unchanged.,,,,,M05_CASA_Pro_Client_Profile_Implementation_and_Acceptance_v1.1,1.1,§21 Freshness / rebuild,SRC-DOC-M05-I-00257,,,,DATA,,,,,Canonicalized from 1 candidate row(s); source text preserved in 10_SOURCE_EXTRACTS.csv.
M05-CAN-0234,m05.current_1_0.security_control.2b85b1d85a5310e4,1.0,CURRENT_1_0,M05,Профиль клиента,SECURITY_CONTROL,SECURITY,§21 Freshness / rebuild,RG-CP-05 OPEN  Точный TTL и rebuild triggers не задаются в коде этим документом. До утверждения production UI показывает известные timestamps/as_of и безопасный STALE/unknown state.: RG-CP-05 OPEN  Точный TTL и rebuild triggers не задаются в коде этим документом. До утверждения production UI показывает известные timestamps/as_of и безопасный STALE/unknown state.,RG-CP-05 OPEN  Точный TTL и rebuild triggers не задаются в коде этим документом. До утверждения production UI показывает известные timestamps/as_of и безопасный STALE/unknown state.: RG-CP-05 OPEN  Точный TTL и rebuild triggers не задаются в коде этим документом. До утверждения production UI показывает известные timestamps/as_of и безопасный STALE/unknown state.,,,,STALE|UNKNOWN,M05_CASA_Pro_Client_Profile_Implementation_and_Acceptance_v1.1,1.1,§21 Freshness / rebuild,SRC-DOC-M05-I-00258,CP-05,,,FRONTEND|PRODUCT,,RG-CP-05,RG-CP-05,,Canonicalized from 1 candidate row(s); source text preserved in 10_SOURCE_EXTRACTS.csv.
M05-CAN-0235,m05.current_1_0.product_semantic.dc413f52b4e73744,1.0,CURRENT_1_0,M05,Профиль клиента,PRODUCT_SEMANTIC,STATE,§22 Target broker UI,Зона: Sticky summary; Что видит брокер: клиент; цель; заявленный/доступный взнос; число income sources; участники; completeness; Действия / states: переход к section; никаких bank verdict/accepted income,Зона: Sticky summary; Что видит брокер: клиент; цель; заявленный/доступный взнос; число income sources; участники; completeness; Действия / states: переход к section; никаких bank verdict/accepted income,,,,,M05_CASA_Pro_Client_Profile_Implementation_and_Acceptance_v1.1,1.1,§22 Target broker UI,SRC-DOC-M05-I-00262,,,,MULTI_LAYER,,,,,Canonicalized from 1 candidate row(s); source text preserved in 10_SOURCE_EXTRACTS.csv.
M05-CAN-0236,m05.current_1_0.security_control.a77e5e0f1d1c8c93,1.0,CURRENT_1_0,M05,Профиль клиента,SECURITY_CONTROL,CONSENT,§22 Target broker UI,"Зона: 1. Участники; Что видит брокер: PRIMARY/SPOUSE/co-borrowers, included_in_analysis, identity/consent badges; Действия / states: добавить/открыть отдельного participant; blocked action объяснён","Зона: 1. Участники; Что видит брокер: PRIMARY/SPOUSE/co-borrowers, included_in_analysis, identity/consent badges; Действия / states: добавить/открыть отдельного participant; blocked action объяснён",,,,BLOCKED,M05_CASA_Pro_Client_Profile_Implementation_and_Acceptance_v1.1,1.1,§22 Target broker UI,SRC-DOC-M05-I-00263,,,,LEGAL,,,,,Canonicalized from 1 candidate row(s); source text preserved in 10_SOURCE_EXTRACTS.csv.
M05-CAN-0237,m05.current_1_0.product_semantic.451bb4dd4139fe84,1.0,CURRENT_1_0,M05,Профиль клиента,PRODUCT_SEMANTIC,STATE,§22 Target broker UI,Зона: 2. Цель покупки; Что видит брокер: город/рынок/property preference/price range/date; Действия / states: редактировать manual goal; UNKNOWN допустим,Зона: 2. Цель покупки; Что видит брокер: город/рынок/property preference/price range/date; Действия / states: редактировать manual goal; UNKNOWN допустим,,,,UNKNOWN,M05_CASA_Pro_Client_Profile_Implementation_and_Acceptance_v1.1,1.1,§22 Target broker UI,SRC-DOC-M05-I-00264,,,,MULTI_LAYER,,,,,Canonicalized from 1 candidate row(s); source text preserved in 10_SOURCE_EXTRACTS.csv.
M05-CAN-0238,m05.current_1_0.product_semantic.50daa88366b57aa3,1.0,CURRENT_1_0,M05,Профиль клиента,PRODUCT_SEMANTIC,STATE,§22 Target broker UI,"Зона: 3. Работа и доход; Что видит брокер: employment cards + отдельные income sources, status/evidence; Действия / states: добавить source; посмотреть evidence; correction revision","Зона: 3. Работа и доход; Что видит брокер: employment cards + отдельные income sources, status/evidence; Действия / states: добавить source; посмотреть evidence; correction revision",,,,,M05_CASA_Pro_Client_Profile_Implementation_and_Acceptance_v1.1,1.1,§22 Target broker UI,SRC-DOC-M05-I-00265,,,,MULTI_LAYER,,,,,Canonicalized from 1 candidate row(s); source text preserved in 10_SOURCE_EXTRACTS.csv.
M05-CAN-0239,m05.current_1_0.product_semantic.ae97c18df07af21b,1.0,CURRENT_1_0,M05,Профиль клиента,PRODUCT_SEMANTIC,STATE,§22 Target broker UI,"Зона: 4. Активы и взнос; Что видит брокер: assets отдельно; down payment sources, availability, totals/gap; Действия / states: link asset/source; reconcile; gap visible","Зона: 4. Активы и взнос; Что видит брокер: assets отдельно; down payment sources, availability, totals/gap; Действия / states: link asset/source; reconcile; gap visible",,,,,M05_CASA_Pro_Client_Profile_Implementation_and_Acceptance_v1.1,1.1,§22 Target broker UI,SRC-DOC-M05-I-00266,,,,MULTI_LAYER,,,,,Canonicalized from 1 candidate row(s); source text preserved in 10_SOURCE_EXTRACTS.csv.
M05-CAN-0240,m05.current_1_0.product_semantic.b562fb1151fac32e,1.0,CURRENT_1_0,M05,Профиль клиента,PRODUCT_SEMANTIC,STATE,§22 Target broker UI,Зона: 5. Обязательства; Что видит брокер: M03 credits read-only + отдельные non-credit commitments; Действия / states: посмотреть КИ; добавить только разрешённый non-credit fact,Зона: 5. Обязательства; Что видит брокер: M03 credits read-only + отдельные non-credit commitments; Действия / states: посмотреть КИ; добавить только разрешённый non-credit fact,,,,,M05_CASA_Pro_Client_Profile_Implementation_and_Acceptance_v1.1,1.1,§22 Target broker UI,SRC-DOC-M05-I-00267,,,,MULTI_LAYER,,,,,Canonicalized from 1 candidate row(s); source text preserved in 10_SOURCE_EXTRACTS.csv.
M05-CAN-0241,m05.current_1_0.product_semantic.7ce12b39f323c225,1.0,CURRENT_1_0,M05,Профиль клиента,PRODUCT_SEMANTIC,STATE,§22 Target broker UI,"Зона: 6. Автоданные; Что видит брокер: M02 batch + M03/M04 snapshot refs, quality, freshness, UNKNOWN/conflicts; Действия / states: посмотреть источник; обновить upstream в его модуле","Зона: 6. Автоданные; Что видит брокер: M02 batch + M03/M04 snapshot refs, quality, freshness, UNKNOWN/conflicts; Действия / states: посмотреть источник; обновить upstream в его модуле",,,,UNKNOWN,M05_CASA_Pro_Client_Profile_Implementation_and_Acceptance_v1.1,1.1,§22 Target broker UI,SRC-DOC-M05-I-00268,,,,DATA,,,,,Canonicalized from 1 candidate row(s); source text preserved in 10_SOURCE_EXTRACTS.csv.
M05-CAN-0242,m05.current_1_0.product_semantic.fc97199b794e8773,1.0,CURRENT_1_0,M05,Профиль клиента,PRODUCT_SEMANTIC,STATE,§22 Target broker UI,"Зона: 7. Проверить и подтвердить; Что видит брокер: conflicts, missing evidence, unknowns, corrections, publish gates; Действия / states: «Подтвердить профиль» enabled только по CPG policy","Зона: 7. Проверить и подтвердить; Что видит брокер: conflicts, missing evidence, unknowns, corrections, publish gates; Действия / states: «Подтвердить профиль» enabled только по CPG policy",,,,,M05_CASA_Pro_Client_Profile_Implementation_and_Acceptance_v1.1,1.1,§22 Target broker UI,SRC-DOC-M05-I-00269,,,,MULTI_LAYER,,,,,Canonicalized from 1 candidate row(s); source text preserved in 10_SOURCE_EXTRACTS.csv.
M05-CAN-0243,m05.current_1_0.data_contract.0204bd8f7f5c172d,1.0,CURRENT_1_0,M05,Профиль клиента,DATA_CONTRACT,SNAPSHOT,§23 Snapshot / downstream contract,"Блок snapshot: Envelope; Содержание: schema_version, snapshot_id, case_id, as_of, input_hashes; Инвариант: immutable/versioned/replayable","Блок snapshot: Envelope; Содержание: schema_version, snapshot_id, case_id, as_of, input_hashes; Инвариант: immutable/versioned/replayable",,,,,M05_CASA_Pro_Client_Profile_Implementation_and_Acceptance_v1.1,1.1,§23 Snapshot / downstream contract,SRC-DOC-M05-I-00275,,,,DATA,,,,,Canonicalized from 1 candidate row(s); source text preserved in 10_SOURCE_EXTRACTS.csv.
M05-CAN-0244,m05.current_1_0.data_contract.03f509e46954a3d7,1.0,CURRENT_1_0,M05,Профиль клиента,DATA_CONTRACT,SNAPSHOT,§23 Snapshot / downstream contract,"Блок snapshot: Participants; Содержание: participant_id, role; M01 binding/included context; Инвариант: данные не смешиваются","Блок snapshot: Participants; Содержание: participant_id, role; M01 binding/included context; Инвариант: данные не смешиваются",,,,,M05_CASA_Pro_Client_Profile_Implementation_and_Acceptance_v1.1,1.1,§23 Snapshot / downstream contract,SRC-DOC-M05-I-00276,,,,DATA,,,,,Canonicalized from 1 candidate row(s); source text preserved in 10_SOURCE_EXTRACTS.csv.
M05-CAN-0245,m05.current_1_0.data_contract.135ac57966d69cac,1.0,CURRENT_1_0,M05,Профиль клиента,DATA_CONTRACT,SNAPSHOT,§23 Snapshot / downstream contract,Блок snapshot: Upstream; Содержание: iin_check_batch_id → M02 client_check_batch.batch_id; credit_history_snapshot_id; pension_snapshot_id + selected hashes/quality refs; Инвариант: новой IIN snapshot entity нет; никакого raw PDF,Блок snapshot: Upstream; Содержание: iin_check_batch_id → M02 client_check_batch.batch_id; credit_history_snapshot_id; pension_snapshot_id + selected hashes/quality refs; Инвариант: новой IIN snapshot entity нет; никакого raw PDF,,,,,M05_CASA_Pro_Client_Profile_Implementation_and_Acceptance_v1.1,1.1,§23 Snapshot / downstream contract,SRC-DOC-M05-I-00277,,,,DATA|PARSER,,,,,Canonicalized from 1 candidate row(s); source text preserved in 10_SOURCE_EXTRACTS.csv.
M05-CAN-0246,m05.current_1_0.data_contract.3fcb5e91ddfb3035,1.0,CURRENT_1_0,M05,Профиль клиента,DATA_CONTRACT,SNAPSHOT,§23 Snapshot / downstream contract,Блок snapshot: Purchase goal / household; Содержание: neutral goal and confirmed/unknown household structure; Инвариант: не eligibility,Блок snapshot: Purchase goal / household; Содержание: neutral goal and confirmed/unknown household structure; Инвариант: не eligibility,,,,CONFIRMED|UNKNOWN,M05_CASA_Pro_Client_Profile_Implementation_and_Acceptance_v1.1,1.1,§23 Snapshot / downstream contract,SRC-DOC-M05-I-00278,,,,DATA,,,,,Canonicalized from 1 candidate row(s); source text preserved in 10_SOURCE_EXTRACTS.csv.
M05-CAN-0247,m05.current_1_0.product_semantic.ffb9ebe307c3422d,1.0,CURRENT_1_0,M05,Профиль клиента,PRODUCT_SEMANTIC,STATE,§23 Snapshot / downstream contract,Блок snapshot: Employments / income_sources; Содержание: owner/type/amount-or-UNKNOWN/periodicity/status/evidence refs; Инвариант: VERIFIED ≠ bank accepted,Блок snapshot: Employments / income_sources; Содержание: owner/type/amount-or-UNKNOWN/periodicity/status/evidence refs; Инвариант: VERIFIED ≠ bank accepted,,,,UNKNOWN|VERIFIED,M05_CASA_Pro_Client_Profile_Implementation_and_Acceptance_v1.1,1.1,§23 Snapshot / downstream contract,SRC-DOC-M05-I-00279,,,,DATA,,,,,Canonicalized from 1 candidate row(s); source text preserved in 10_SOURCE_EXTRACTS.csv.
M05-CAN-0248,m05.current_1_0.product_semantic.79493fcf59f713fd,1.0,CURRENT_1_0,M05,Профиль клиента,PRODUCT_SEMANTIC,STATE,§23 Snapshot / downstream contract,Блок snapshot: Assets / down_payment_sources; Содержание: owner/value-or-amount/status/availability/link/reconciliation; Инвариант: asset/collateral не cash,Блок snapshot: Assets / down_payment_sources; Содержание: owner/value-or-amount/status/availability/link/reconciliation; Инвариант: asset/collateral не cash,,,,,M05_CASA_Pro_Client_Profile_Implementation_and_Acceptance_v1.1,1.1,§23 Snapshot / downstream contract,SRC-DOC-M05-I-00280,,,,DATA,,,,,Canonicalized from 1 candidate row(s); source text preserved in 10_SOURCE_EXTRACTS.csv.
M05-CAN-0249,m05.current_1_0.data_contract.79c6ecea74919777,1.0,CURRENT_1_0,M05,Профиль клиента,DATA_CONTRACT,SNAPSHOT,§23 Snapshot / downstream contract,Блок snapshot: Non-credit commitments; Содержание: neutral commitments outside M03; Инвариант: bank treatment later,Блок snapshot: Non-credit commitments; Содержание: neutral commitments outside M03; Инвариант: bank treatment later,,,,,M05_CASA_Pro_Client_Profile_Implementation_and_Acceptance_v1.1,1.1,§23 Snapshot / downstream contract,SRC-DOC-M05-I-00281,,,,DATA,,,,,Canonicalized from 1 candidate row(s); source text preserved in 10_SOURCE_EXTRACTS.csv.
M05-CAN-0250,m05.current_1_0.product_semantic.e49ca6dea99e2046,1.0,CURRENT_1_0,M05,Профиль клиента,PRODUCT_SEMANTIC,STATE,§23 Snapshot / downstream contract,"Блок snapshot: Quality; Содержание: completeness, conflict_count, unknown_fields, freshness/input status; Инвариант: никакого зелёного bank verdict","Блок snapshot: Quality; Содержание: completeness, conflict_count, unknown_fields, freshness/input status; Инвариант: никакого зелёного bank verdict",,,,,M05_CASA_Pro_Client_Profile_Implementation_and_Acceptance_v1.1,1.1,§23 Snapshot / downstream contract,SRC-DOC-M05-I-00282,,,,DATA,,,,,Canonicalized from 1 candidate row(s); source text preserved in 10_SOURCE_EXTRACTS.csv.
M05-CAN-0251,m05.current_1_0.data_contract.171025c41ea6f2a4,1.0,CURRENT_1_0,M05,Профиль клиента,DATA_CONTRACT,SNAPSHOT,§23 Snapshot / downstream contract,Блок snapshot: Versions/audit; Содержание: revision/audit refs хранятся в approved snapshot envelope/storage contract; Инвариант: не добавлять payload field до RG-CP-04 schema approval,Блок snapshot: Versions/audit; Содержание: revision/audit refs хранятся в approved snapshot envelope/storage contract; Инвариант: не добавлять payload field до RG-CP-04 schema approval,,,,,M05_CASA_Pro_Client_Profile_Implementation_and_Acceptance_v1.1,1.1,§23 Snapshot / downstream contract,SRC-DOC-M05-I-00283,CP-04,,,DATA,,RG-CP-04,RG-CP-04,,Canonicalized from 1 candidate row(s); source text preserved in 10_SOURCE_EXTRACTS.csv.
M05-CAN-0252,m05.current_1_0.product_semantic.b763e36c0cc8fa0c,1.0,CURRENT_1_0,M05,Профиль клиента,PRODUCT_SEMANTIC,CALCULATION,§24 Neutral M05 calculations,"Показатель: total_declared_income; Разрешённая semantics: Сумма DECLARED/VERIFIED income по совместимым валютам/периодам; owner scope явный.; Не включать: UNKNOWN, несовместимые периоды/валюты без approved normalization.","Показатель: total_declared_income; Разрешённая semantics: Сумма DECLARED/VERIFIED income по совместимым валютам/периодам; owner scope явный.; Не включать: UNKNOWN, несовместимые периоды/валюты без approved normalization.",,,,DECLARED|VERIFIED|UNKNOWN,M05_CASA_Pro_Client_Profile_Implementation_and_Acceptance_v1.1,1.1,§24 Neutral M05 calculations,SRC-DOC-M05-I-00302,,,,PRODUCT,,,,,Canonicalized from 1 candidate row(s); source text preserved in 10_SOURCE_EXTRACTS.csv.
M05-CAN-0253,m05.current_1_0.product_semantic.0cd23c1eeb0d4097,1.0,CURRENT_1_0,M05,Профиль клиента,PRODUCT_SEMANTIC,CALCULATION,§24 Neutral M05 calculations,"Показатель: total_verified_income; Разрешённая semantics: Только VERIFIED по RG-CP-03 policy; те же compatible units.; Не включать: bank acceptance, estimated pension base.","Показатель: total_verified_income; Разрешённая semantics: Только VERIFIED по RG-CP-03 policy; те же compatible units.; Не включать: bank acceptance, estimated pension base.",,,,VERIFIED,M05_CASA_Pro_Client_Profile_Implementation_and_Acceptance_v1.1,1.1,§24 Neutral M05 calculations,SRC-DOC-M05-I-00303,CP-03,,,MULTI_LAYER,,RG-CP-03,RG-CP-03,,Canonicalized from 1 candidate row(s); source text preserved in 10_SOURCE_EXTRACTS.csv.
M05-CAN-0254,m05.current_1_0.product_semantic.a8d1d3d508f4a7bf,1.0,CURRENT_1_0,M05,Профиль клиента,PRODUCT_SEMANTIC,CALCULATION,§24 Neutral M05 calculations,Показатель: declared_down_payment_total; Разрешённая semantics: DECLARED/VERIFIED monetary sources по валютам; collateral отдельно.; Не включать: ADDITIONAL_COLLATERAL; asset value без source.,Показатель: declared_down_payment_total; Разрешённая semantics: DECLARED/VERIFIED monetary sources по валютам; collateral отдельно.; Не включать: ADDITIONAL_COLLATERAL; asset value без source.,,,,DECLARED|VERIFIED,M05_CASA_Pro_Client_Profile_Implementation_and_Acceptance_v1.1,1.1,§24 Neutral M05 calculations,SRC-DOC-M05-I-00304,,,,MULTI_LAYER,,,,,Canonicalized from 1 candidate row(s); source text preserved in 10_SOURCE_EXTRACTS.csv.
M05-CAN-0255,m05.current_1_0.product_semantic.4142115c6bfb541a,1.0,CURRENT_1_0,M05,Профиль клиента,PRODUCT_SEMANTIC,CALCULATION,§24 Neutral M05 calculations,Показатель: verified_down_payment_total; Разрешённая semantics: VERIFIED monetary sources без restricted/unavailable/used.; Не включать: DECLARED/EVIDENCE_REQUESTED.,Показатель: verified_down_payment_total; Разрешённая semantics: VERIFIED monetary sources без restricted/unavailable/used.; Не включать: DECLARED/EVIDENCE_REQUESTED.,,,,VERIFIED|DECLARED,M05_CASA_Pro_Client_Profile_Implementation_and_Acceptance_v1.1,1.1,§24 Neutral M05 calculations,SRC-DOC-M05-I-00305,,,,MULTI_LAYER,,,,,Canonicalized from 1 candidate row(s); source text preserved in 10_SOURCE_EXTRACTS.csv.
M05-CAN-0256,m05.current_1_0.product_semantic.79180b058e6bb38f,1.0,CURRENT_1_0,M05,Профиль клиента,PRODUCT_SEMANTIC,CALCULATION,§24 Neutral M05 calculations,Показатель: available_now_total; Разрешённая semantics: Usable sources с available_date ≤ snapshot_at.; Не включать: future/restricted/unavailable.,Показатель: available_now_total; Разрешённая semantics: Usable sources с available_date ≤ snapshot_at.; Не включать: future/restricted/unavailable.,,,,,M05_CASA_Pro_Client_Profile_Implementation_and_Acceptance_v1.1,1.1,§24 Neutral M05 calculations,SRC-DOC-M05-I-00306,,,,DATA,,,,,Canonicalized from 1 candidate row(s); source text preserved in 10_SOURCE_EXTRACTS.csv.
M05-CAN-0257,m05.current_1_0.product_semantic.471a5d2d59d0db63,1.0,CURRENT_1_0,M05,Профиль клиента,PRODUCT_SEMANTIC,CALCULATION,§24 Neutral M05 calculations,Показатель: future_available_total; Разрешённая semantics: Sources с available_date > snapshot_at; дата обязательна.; Не включать: available_now.,Показатель: future_available_total; Разрешённая semantics: Sources с available_date > snapshot_at; дата обязательна.; Не включать: available_now.,,,,,M05_CASA_Pro_Client_Profile_Implementation_and_Acceptance_v1.1,1.1,§24 Neutral M05 calculations,SRC-DOC-M05-I-00307,,,,DATA,,,,,Canonicalized from 1 candidate row(s); source text preserved in 10_SOURCE_EXTRACTS.csv.
M05-CAN-0258,m05.current_1_0.product_semantic.8f7cd7ac40efdfde,1.0,CURRENT_1_0,M05,Профиль клиента,PRODUCT_SEMANTIC,CALCULATION,§24 Neutral M05 calculations,Показатель: unverified_total; Разрешённая semantics: DECLARED/EVIDENCE_REQUESTED monetary sources.; Не включать: VERIFIED.,Показатель: unverified_total; Разрешённая semantics: DECLARED/EVIDENCE_REQUESTED monetary sources.; Не включать: VERIFIED.,,,,DECLARED|VERIFIED,M05_CASA_Pro_Client_Profile_Implementation_and_Acceptance_v1.1,1.1,§24 Neutral M05 calculations,SRC-DOC-M05-I-00308,,,,MULTI_LAYER,,,,,Canonicalized from 1 candidate row(s); source text preserved in 10_SOURCE_EXTRACTS.csv.
M05-CAN-0259,m05.current_1_0.product_semantic.0e92380c761024d3,1.0,CURRENT_1_0,M05,Профиль клиента,PRODUCT_SEMANTIC,CALCULATION,§24 Neutral M05 calculations,Показатель: restricted_or_unavailable_total; Разрешённая semantics: Отдельная сумма; не usable.; Не включать: Никакой silent inclusion.,Показатель: restricted_or_unavailable_total; Разрешённая semantics: Отдельная сумма; не usable.; Не включать: Никакой silent inclusion.,,,,,M05_CASA_Pro_Client_Profile_Implementation_and_Acceptance_v1.1,1.1,§24 Neutral M05 calculations,SRC-DOC-M05-I-00309,,,,MULTI_LAYER,,,,,Canonicalized from 1 candidate row(s); source text preserved in 10_SOURCE_EXTRACTS.csv.
M05-CAN-0260,m05.current_1_0.product_semantic.a7488f9d14f05bb0,1.0,CURRENT_1_0,M05,Профиль клиента,PRODUCT_SEMANTIC,CALCULATION,§24 Neutral M05 calculations,Показатель: gap/reconciliation; Разрешённая semantics: Declared target − explained monetary sources; PASS/UNRECONCILED.; Не включать: UNKNOWN как 0; collateral как cash.,Показатель: gap/reconciliation; Разрешённая semantics: Declared target − explained monetary sources; PASS/UNRECONCILED.; Не включать: UNKNOWN как 0; collateral как cash.,,,,DECLARED|UNKNOWN,M05_CASA_Pro_Client_Profile_Implementation_and_Acceptance_v1.1,1.1,§24 Neutral M05 calculations,SRC-DOC-M05-I-00310,,,,MULTI_LAYER,,,,,Canonicalized from 1 candidate row(s); source text preserved in 10_SOURCE_EXTRACTS.csv.
M05-CAN-0261,m05.current_1_0.boundary.089abba26e909127,1.0,CURRENT_1_0,M05,Профиль клиента,BOUNDARY,FORBIDDEN,§24 Neutral M05 calculations,"ЗАПРЕЩЁННЫЕ РАСЧЁТЫ  Нет accepted_income_by_bank, КДН, mortgage payment, максимального кредита, вероятности одобрения или CASA Score. Exact currency/period normalization не придумывается до versioned registry/policy.: ЗАПРЕЩЁННЫЕ РАСЧЁТЫ  Нет accepted_income_by_bank, КДН, mortgage payment, максимального кредита, вероятности одобрения или CASA Score. Exact currency/period normalization не придумывается до versioned registry/policy.",,"ЗАПРЕЩЁННЫЕ РАСЧЁТЫ  Нет accepted_income_by_bank, КДН, mortgage payment, максимального кредита, вероятности одобрения или CASA Score. Exact currency/period normalization не придумывается до versioned registry/policy.: ЗАПРЕЩЁННЫЕ РАСЧЁТЫ  Нет accepted_income_by_bank, КДН, mortgage payment, максимального кредита, вероятности одобрения или CASA Score. Exact currency/period normalization не придумывается до versioned registry/policy.",,,,M05_CASA_Pro_Client_Profile_Implementation_and_Acceptance_v1.1,1.1,§24 Neutral M05 calculations,SRC-DOC-M05-I-00311,,,,MULTI_LAYER,,,,,Canonicalized from 1 candidate row(s); source text preserved in 10_SOURCE_EXTRACTS.csv.
M05-CAN-0262,m05.current_1_0.security_control.90bb7716cb736d28,1.0,CURRENT_1_0,M05,Профиль клиента,SECURITY_CONTROL,CONSENT,§28 KEEP / CHANGE / REMOVE / ADD,Решение: KEEP; Элемент: Client/role/masked identity/consent summary; Точное действие: Оставить как M01 header/upstream precondition; M05 читает refs.; Layers: BE/FE; Priority: P0; Source: M01; Acceptance: CP-001/033,Решение: KEEP; Элемент: Client/role/masked identity/consent summary; Точное действие: Оставить как M01 header/upstream precondition; M05 читает refs.; Layers: BE/FE; Priority: P0; Source: M01; Acceptance: CP-001/033,,,,,M05_CASA_Pro_Client_Profile_Implementation_and_Acceptance_v1.1,1.1,§28 KEEP / CHANGE / REMOVE / ADD,SRC-DOC-M05-I-00385,CP-001,P0,,LEGAL,,,,M05-TASK-003|M05-TASK-024,Canonicalized from 1 candidate row(s); source text preserved in 10_SOURCE_EXTRACTS.csv.
M05-CAN-0263,m05.current_1_0.product_semantic.72909624e069ce5b,1.0,CURRENT_1_0,M05,Профиль клиента,PRODUCT_SEMANTIC,STATE,§28 KEEP / CHANGE / REMOVE / ADD,Решение: CHANGE; Элемент: «Подтв. доход»; Точное действие: Переименовать по доказанной semantics: «Заявленный доход» или «Подтверждено документом»; source/status visible; bank accepted отдельно downstream.; Layers: BE/FE/Data/QA; Priority: P0; Source: CP §7/§15; Acceptance: CP-011/012,Решение: CHANGE; Элемент: «Подтв. доход»; Точное действие: Переименовать по доказанной semantics: «Заявленный доход» или «Подтверждено документом»; source/status visible; bank accepted отдельно downstream.; Layers: BE/FE/Data/QA; Priority: P0; Source: CP §7/§15; Acceptance: CP-011/012,,,,,M05_CASA_Pro_Client_Profile_Implementation_and_Acceptance_v1.1,1.1,§28 KEEP / CHANGE / REMOVE / ADD,SRC-DOC-M05-I-00387,CP-011,P0,,DATA|QA,,,,M05-TASK-011|M05-TASK-029,Canonicalized from 1 candidate row(s); source text preserved in 10_SOURCE_EXTRACTS.csv.
M05-CAN-0264,m05.current_1_0.data_contract.2bfee9d6ef3daee1,1.0,CURRENT_1_0,M05,Профиль клиента,DATA_CONTRACT,SNAPSHOT,§28 KEEP / CHANGE / REMOVE / ADD,Решение: CHANGE; Элемент: «Тек. платёж»; Точное действие: Read-only M03 value + snapshot/evidence badge; no manual M05 edit.; Layers: BE/FE; Priority: P0; Source: M03/M05; Acceptance: CP-026,Решение: CHANGE; Элемент: «Тек. платёж»; Точное действие: Read-only M03 value + snapshot/evidence badge; no manual M05 edit.; Layers: BE/FE; Priority: P0; Source: M03/M05; Acceptance: CP-026,,,,,M05_CASA_Pro_Client_Profile_Implementation_and_Acceptance_v1.1,1.1,§28 KEEP / CHANGE / REMOVE / ADD,SRC-DOC-M05-I-00388,CP-026,P0,,DATA,,,,M05-TASK-019,Canonicalized from 1 candidate row(s); source text preserved in 10_SOURCE_EXTRACTS.csv.
M05-CAN-0265,m05.current_1_0.security_control.a399ed94431d62f6,1.0,CURRENT_1_0,M05,Профиль клиента,SECURITY_CONTROL,CONSENT,§28 KEEP / CHANGE / REMOVE / ADD,Решение: MOVE; Элемент: Financial summary внутри Client & Consent; Точное действие: Ownership: income/PV/goal → M05; current payment → M03; M01 only references/global summary.; Layers: FE/Data; Priority: P0; Source: M01 §19; CP; Acceptance: CP-001/026,Решение: MOVE; Элемент: Financial summary внутри Client & Consent; Точное действие: Ownership: income/PV/goal → M05; current payment → M03; M01 only references/global summary.; Layers: FE/Data; Priority: P0; Source: M01 §19; CP; Acceptance: CP-001/026,,,,,M05_CASA_Pro_Client_Profile_Implementation_and_Acceptance_v1.1,1.1,§28 KEEP / CHANGE / REMOVE / ADD,SRC-DOC-M05-I-00391,CP-001,P0,,DATA|LEGAL,,,,M05-TASK-003|M05-TASK-024,Canonicalized from 1 candidate row(s); source text preserved in 10_SOURCE_EXTRACTS.csv.
M05-CAN-0266,m05.current_1_0.implementation_detail.d651e0aab14e6205,1.0,CURRENT_1_0,M05,Профиль клиента,IMPLEMENTATION_DETAIL,API,§28 KEEP / CHANGE / REMOVE / ADD,Решение: REMOVE; Элемент: Bank-accepted/KDN/payment semantics из M05; Точное действие: Не включать в M05 UI/API/snapshot; оставить следующему слою.; Layers: BE/FE/QA; Priority: P0; Source: CP §1/§7; Acceptance: CP-010…013/035,Решение: REMOVE; Элемент: Bank-accepted/KDN/payment semantics из M05; Точное действие: Не включать в M05 UI/API/snapshot; оставить следующему слою.; Layers: BE/FE/QA; Priority: P0; Source: CP §1/§7; Acceptance: CP-010…013/035,,,,,M05_CASA_Pro_Client_Profile_Implementation_and_Acceptance_v1.1,1.1,§28 KEEP / CHANGE / REMOVE / ADD,SRC-DOC-M05-I-00392,CP-010,P0,,BACKEND|FRONTEND|DATA|QA,,,,,Canonicalized from 1 candidate row(s); source text preserved in 10_SOURCE_EXTRACTS.csv.
M05-CAN-0267,m05.current_1_0.product_semantic.4e83f89739f93af6,1.0,CURRENT_1_0,M05,Профиль клиента,PRODUCT_SEMANTIC,STATE,§28 KEEP / CHANGE / REMOVE / ADD,"Решение: ADD; Элемент: Source/status/freshness badges; Точное действие: У каждого auto/verified critical value источник, дата/quality и viewer.; Layers: BE/FE; Priority: P0; Source: CP §2/§11/§15; Acceptance: AT-CP-UI-001","Решение: ADD; Элемент: Source/status/freshness badges; Точное действие: У каждого auto/verified critical value источник, дата/quality и viewer.; Layers: BE/FE; Priority: P0; Source: CP §2/§11/§15; Acceptance: AT-CP-UI-001",,,,VERIFIED,M05_CASA_Pro_Client_Profile_Implementation_and_Acceptance_v1.1,1.1,§28 KEEP / CHANGE / REMOVE / ADD,SRC-DOC-M05-I-00394,AT-CP-UI-001,P0,CRITICAL,MULTI_LAYER,,,,M05-TASK-021|M05-TASK-028|M05-TASK-030,Canonicalized from 1 candidate row(s); source text preserved in 10_SOURCE_EXTRACTS.csv.
M05-CAN-0268,m05.current_1_0.security_control.e4afbc127ad33018,1.0,CURRENT_1_0,M05,Профиль клиента,SECURITY_CONTROL,AUDIT,§28 KEEP / CHANGE / REMOVE / ADD,Решение: ADD; Элемент: Conflict/correction flow; Точное действие: Показывать оба facts; audited revision; no silent precedence.; Layers: BE/FE/Data/QA; Priority: P0; Source: CP §11; Acceptance: CP-030/031,Решение: ADD; Элемент: Conflict/correction flow; Точное действие: Показывать оба facts; audited revision; no silent precedence.; Layers: BE/FE/Data/QA; Priority: P0; Source: CP §11; Acceptance: CP-030/031,,,,CONFLICT,M05_CASA_Pro_Client_Profile_Implementation_and_Acceptance_v1.1,1.1,§28 KEEP / CHANGE / REMOVE / ADD,SRC-DOC-M05-I-00395,CP-030,P0,,DATA|QA,,,,M05-TASK-023,Canonicalized from 1 candidate row(s); source text preserved in 10_SOURCE_EXTRACTS.csv.
M05-CAN-0269,m05.current_1_0.data_contract.fef81d68f2f863ab,1.0,CURRENT_1_0,M05,Профиль клиента,DATA_CONTRACT,SNAPSHOT,§28 KEEP / CHANGE / REMOVE / ADD,Решение: ADD; Элемент: Snapshot publish/rebuild; Точное действие: CPG-01…08; immutable publish; supersede on new upstream.; Layers: BE/Data/QA; Priority: P0; Source: CP §13/§14; Acceptance: CP-029/032/034/035,Решение: ADD; Элемент: Snapshot publish/rebuild; Точное действие: CPG-01…08; immutable publish; supersede on new upstream.; Layers: BE/Data/QA; Priority: P0; Source: CP §13/§14; Acceptance: CP-029/032/034/035,,,,,M05_CASA_Pro_Client_Profile_Implementation_and_Acceptance_v1.1,1.1,§28 KEEP / CHANGE / REMOVE / ADD,SRC-DOC-M05-I-00396,CPG-01|CP-029,P0,,DATA|QA,,,,M05-TASK-026,Canonicalized from 1 candidate row(s); source text preserved in 10_SOURCE_EXTRACTS.csv.
M05-CAN-0270,m05.current_1_0.product_semantic.79024b8fbd84928b,1.0,CURRENT_1_0,M05,Профиль клиента,PRODUCT_SEMANTIC,STATE,§29 Current implementation → target,Current issue: Нет доказанного Client Profile screen; Expected behaviour: Один dynamic screen с 7 sections.; Change required: Добавить read model/question registry/states.; Layers: BE/FE/Data; Priority: P0; Source: CP §12/15; Acceptance: CP-001…032; Definition of Done: Golden desktop/mobile flows; no 80-field form.,Current issue: Нет доказанного Client Profile screen; Expected behaviour: Один dynamic screen с 7 sections.; Change required: Добавить read model/question registry/states.; Layers: BE/FE/Data; Priority: P0; Source: CP §12/15; Acceptance: CP-001…032; Definition of Done: Golden desktop/mobile flows; no 80-field form.,,,,,M05_CASA_Pro_Client_Profile_Implementation_and_Acceptance_v1.1,1.1,§29 Current implementation → target,SRC-DOC-M05-I-00399,CP-001,P0,,DATA,,,,M05-TASK-003|M05-TASK-024,Canonicalized from 1 candidate row(s); source text preserved in 10_SOURCE_EXTRACTS.csv.
M05-CAN-0271,m05.current_1_0.product_semantic.db943ede717a8c06,1.0,CURRENT_1_0,M05,Профиль клиента,PRODUCT_SEMANTIC,STATE,§29 Current implementation → target,Current issue: Financial cards без доказанной semantics; Expected behaviour: Каждое значение имеет domain/status/source.; Change required: Field contract + human labels + evidence viewer.; Layers: BE/FE/QA; Priority: P0; Source: CP §2/7/15; Acceptance: CP-011/012; UI-001; Definition of Done: No ambiguous «подтв./принимаемый» label.,Current issue: Financial cards без доказанной semantics; Expected behaviour: Каждое значение имеет domain/status/source.; Change required: Field contract + human labels + evidence viewer.; Layers: BE/FE/QA; Priority: P0; Source: CP §2/7/15; Acceptance: CP-011/012; UI-001; Definition of Done: No ambiguous «подтв./принимаемый» label.,,,,,M05_CASA_Pro_Client_Profile_Implementation_and_Acceptance_v1.1,1.1,§29 Current implementation → target,SRC-DOC-M05-I-00400,CP-011,P0,,FRONTEND|DATA|QA,,,,M05-TASK-011|M05-TASK-029,Canonicalized from 1 candidate row(s); source text preserved in 10_SOURCE_EXTRACTS.csv.
M05-CAN-0272,m05.current_1_0.implementation_detail.08b7a6b65296e2f1,1.0,CURRENT_1_0,M05,Профиль клиента,IMPLEMENTATION_DETAIL,API,§29 Current implementation → target,"Current issue: ПВ показан одной суммой; Expected behaviour: Target, sources, availability, gap отдельно.; Change required: DP entities + reconcile endpoint + UI.; Layers: BE/FE/Data; Priority: P0; Source: CP §4/9/13; Acceptance: CP-017…025; Definition of Done: 5m/3m fixture yields gap 2m.","Current issue: ПВ показан одной суммой; Expected behaviour: Target, sources, availability, gap отдельно.; Change required: DP entities + reconcile endpoint + UI.; Layers: BE/FE/Data; Priority: P0; Source: CP §4/9/13; Acceptance: CP-017…025; Definition of Done: 5m/3m fixture yields gap 2m.",,,,,M05_CASA_Pro_Client_Profile_Implementation_and_Acceptance_v1.1,1.1,§29 Current implementation → target,SRC-DOC-M05-I-00401,CP-017,P0,,FRONTEND|DATA|QA,,,,M05-TASK-015|M05-TASK-018,Canonicalized from 1 candidate row(s); source text preserved in 10_SOURCE_EXTRACTS.csv.
M05-CAN-0273,m05.current_1_0.security_control.2be110229f8e1cc7,1.0,CURRENT_1_0,M05,Профиль клиента,SECURITY_CONTROL,CONSENT,§29 Current implementation → target,"Current issue: Participant structure не видна; Expected behaviour: Spouse/co-borrowers separate, included flag.; Change required: Participant panel from M01 + profile scopes.; Layers: BE/FE; Priority: P0; Source: CP §5/12; Acceptance: CP-002…005; Definition of Done: No inherited consent/income/data.","Current issue: Participant structure не видна; Expected behaviour: Spouse/co-borrowers separate, included flag.; Change required: Participant panel from M01 + profile scopes.; Layers: BE/FE; Priority: P0; Source: CP §5/12; Acceptance: CP-002…005; Definition of Done: No inherited consent/income/data.",,,,,M05_CASA_Pro_Client_Profile_Implementation_and_Acceptance_v1.1,1.1,§29 Current implementation → target,SRC-DOC-M05-I-00402,CP-002,P0,,DATA|LEGAL|PRODUCT,,,,M05-TASK-008,Canonicalized from 1 candidate row(s); source text preserved in 10_SOURCE_EXTRACTS.csv.
M05-CAN-0274,m05.current_1_0.product_semantic.63a1f5f50a7ae902,1.0,CURRENT_1_0,M05,Профиль клиента,PRODUCT_SEMANTIC,STATE,§29 Current implementation → target,Current issue: Employment/income provenance не видны; Expected behaviour: Separate multi-record cards + statuses/evidence.; Change required: Implement employment/income models and UI.; Layers: BE/FE/Data; Priority: P0; Source: CP §6/7; Acceptance: CP-006…016; Definition of Done: Multi-source fixture exact; no bank acceptance.,Current issue: Employment/income provenance не видны; Expected behaviour: Separate multi-record cards + statuses/evidence.; Change required: Implement employment/income models and UI.; Layers: BE/FE/Data; Priority: P0; Source: CP §6/7; Acceptance: CP-006…016; Definition of Done: Multi-source fixture exact; no bank acceptance.,,,,,M05_CASA_Pro_Client_Profile_Implementation_and_Acceptance_v1.1,1.1,§29 Current implementation → target,SRC-DOC-M05-I-00403,CP-006,P0,,FRONTEND|DATA|QA,,,,M05-TASK-009,Canonicalized from 1 candidate row(s); source text preserved in 10_SOURCE_EXTRACTS.csv.
M05-CAN-0275,m05.current_1_0.security_control.ec360ffdf56605a5,1.0,CURRENT_1_0,M05,Профиль клиента,SECURITY_CONTROL,AUDIT,§29 Current implementation → target,"Current issue: Source/freshness/conflict details отсутствуют; Expected behaviour: Every critical value traceable; conflicts explicit.; Change required: Provenance, viewer, conflict/revision models.; Layers: BE/FE/Data/QA; Priority: P0; Source: CP §2/11/15; Acceptance: CP-008/009/030/031; Definition of Done: Both facts/dates/evidence visible; audit replay.","Current issue: Source/freshness/conflict details отсутствуют; Expected behaviour: Every critical value traceable; conflicts explicit.; Change required: Provenance, viewer, conflict/revision models.; Layers: BE/FE/Data/QA; Priority: P0; Source: CP §2/11/15; Acceptance: CP-008/009/030/031; Definition of Done: Both facts/dates/evidence visible; audit replay.",,,,CONFLICT,M05_CASA_Pro_Client_Profile_Implementation_and_Acceptance_v1.1,1.1,§29 Current implementation → target,SRC-DOC-M05-I-00404,CP-008,P0,CRITICAL,DATA|QA,,,,M05-TASK-013,Canonicalized from 1 candidate row(s); source text preserved in 10_SOURCE_EXTRACTS.csv.
M05-CAN-0276,m05.current_1_0.product_semantic.727bb369440f70e7,1.0,CURRENT_1_0,M05,Профиль клиента,PRODUCT_SEMANTIC,CALCULATION,§29 Current implementation → target,Current issue: Calculation section смешивает downstream concepts; Expected behaviour: M05 emits neutral snapshot only.; Change required: Contract tests deny KDN/accepted income/verdict fields.; Layers: BE/Data/QA; Priority: P0; Source: CP §1/14; Acceptance: CP-035; E2E-002; Definition of Done: Snapshot has no bank/result fields; raw PDF spy=0.,Current issue: Calculation section смешивает downstream concepts; Expected behaviour: M05 emits neutral snapshot only.; Change required: Contract tests deny KDN/accepted income/verdict fields.; Layers: BE/Data/QA; Priority: P0; Source: CP §1/14; Acceptance: CP-035; E2E-002; Definition of Done: Snapshot has no bank/result fields; raw PDF spy=0.,,,,,M05_CASA_Pro_Client_Profile_Implementation_and_Acceptance_v1.1,1.1,§29 Current implementation → target,SRC-DOC-M05-I-00405,CP-035,P0,,DATA|PARSER|QA,,,,M05-TASK-001,Canonicalized from 1 candidate row(s); source text preserved in 10_SOURCE_EXTRACTS.csv.
M05-CAN-0277,m05.current_1_0.boundary.9318bc9fa8de03b3,1.0,CURRENT_1_0,M05,Профиль клиента,BOUNDARY,FORBIDDEN,§31 Engineering vs Production gates,"Статус: ENGINEERING IMPLEMENTABLE; Условие: Schemas, refs, dynamic engine, statuses, conflicts, audit, snapshot, API и synthetic CP suite реализованы.; Что можно: Тестировать на FX-CP-001/no-PII, интегрировать M01–M04 refs.; Что нельзя: Использовать OPEN policy как production truth.",,"Статус: ENGINEERING IMPLEMENTABLE; Условие: Schemas, refs, dynamic engine, statuses, conflicts, audit, snapshot, API и synthetic CP suite реализованы.; Что можно: Тестировать на FX-CP-001/no-PII, интегрировать M01–M04 refs.; Что нельзя: Использовать OPEN policy как production truth.",,,,M05_CASA_Pro_Client_Profile_Implementation_and_Acceptance_v1.1,1.1,§31 Engineering vs Production gates,SRC-DOC-M05-I-00431,CP-001,,,BACKEND|DATA|SECURITY|PRODUCT,,,,M05-TASK-003|M05-TASK-024,Canonicalized from 1 candidate row(s); source text preserved in 10_SOURCE_EXTRACTS.csv.
M05-CAN-0278,m05.current_1_0.boundary.4540496ed29fabaf,1.0,CURRENT_1_0,M05,Профиль клиента,BOUNDARY,FORBIDDEN,§31 Engineering vs Production gates,"Статус: PRODUCTION APPROVAL REQUIRED; Условие: Любой RG-CP-01…06/consent/evidence/freshness/enum/minimization artifact не утверждён.; Что можно: Показывать честный blocker/DECLARED/UNKNOWN; держать publish/VERIFIED branch disabled.; Что нельзя: Самостоятельно назначать required fields, evidence, TTL, commitments или purposes.",,"Статус: PRODUCTION APPROVAL REQUIRED; Условие: Любой RG-CP-01…06/consent/evidence/freshness/enum/minimization artifact не утверждён.; Что можно: Показывать честный blocker/DECLARED/UNKNOWN; держать publish/VERIFIED branch disabled.; Что нельзя: Самостоятельно назначать required fields, evidence, TTL, commitments или purposes.",,,DECLARED|UNKNOWN|VERIFIED|DISABLED,M05_CASA_Pro_Client_Profile_Implementation_and_Acceptance_v1.1,1.1,§31 Engineering vs Production gates,SRC-DOC-M05-I-00432,CP-01,,,DATA|LEGAL|PRODUCT,,RG-CP-01,RG-CP-01,,Canonicalized from 1 candidate row(s); source text preserved in 10_SOURCE_EXTRACTS.csv.
M05-CAN-0279,m05.current_1_0.boundary.705df56fa43e1b6a,1.0,CURRENT_1_0,M05,Профиль клиента,BOUNDARY,FORBIDDEN,§31 Engineering vs Production gates,Статус: PRODUCTION READY; Условие: Все применимые RG-CP approvals versioned + CP/UX/security suite PASS + global RG gates PASS.; Что можно: Включить только утверждённые questions/types/evidence/publish rules.; Что нельзя: Добавлять bank rules/accepted income/новые types без новой версии.,,Статус: PRODUCTION READY; Условие: Все применимые RG-CP approvals versioned + CP/UX/security suite PASS + global RG gates PASS.; Что можно: Включить только утверждённые questions/types/evidence/publish rules.; Что нельзя: Добавлять bank rules/accepted income/новые types без новой версии.,,,,M05_CASA_Pro_Client_Profile_Implementation_and_Acceptance_v1.1,1.1,§31 Engineering vs Production gates,SRC-DOC-M05-I-00433,,,,SECURITY|PRODUCT,,,,,Canonicalized from 1 candidate row(s); source text preserved in 10_SOURCE_EXTRACTS.csv.
M05-CAN-0280,m05.current_1_0.data_contract.7dba3d59fdc310cd,1.0,CURRENT_1_0,M05,Профиль клиента,DATA_CONTRACT,PROVENANCE,§31 Engineering vs Production gates,"SAFE DEFAULT  Неизвестный purpose/enum/evidence policy/freshness rule → deny или explicit UNKNOWN/DISABLED, а не guessed PASS. Engineering Done не равен разрешению работать с реальными клиентами.: SAFE DEFAULT  Неизвестный purpose/enum/evidence policy/freshness rule → deny или explicit UNKNOWN/DISABLED, а не guessed PASS. Engineering Done не равен разрешению работать с реальными клиентами.","SAFE DEFAULT  Неизвестный purpose/enum/evidence policy/freshness rule → deny или explicit UNKNOWN/DISABLED, а не guessed PASS. Engineering Done не равен разрешению работать с реальными клиентами.: SAFE DEFAULT  Неизвестный purpose/enum/evidence policy/freshness rule → deny или explicit UNKNOWN/DISABLED, а не guessed PASS. Engineering Done не равен разрешению работать с реальными клиентами.",,,,UNKNOWN|DISABLED,M05_CASA_Pro_Client_Profile_Implementation_and_Acceptance_v1.1,1.1,§31 Engineering vs Production gates,SRC-DOC-M05-I-00434,,,,DATA,,,,,Canonicalized from 1 candidate row(s); source text preserved in 10_SOURCE_EXTRACTS.csv.
M05-CAN-0281,m05.current_1_0.boundary.a4c8ee2dc7c75c3f,1.0,CURRENT_1_0,M05,Профиль клиента,BOUNDARY,FORBIDDEN,§5 Upstream contracts M01–M04,"Модуль: M01; M05 читает: tenant_id, case_id, participant_id, role, included_in_analysis, identity_version ref, consent preflight/evidence, access/audit refs; M05 не делает: не копирует identity/consent и не смешивает участников; Gate при проблеме: blocked subject/consent/access → section BLOCKED; publish запрещён",,"Модуль: M01; M05 читает: tenant_id, case_id, participant_id, role, included_in_analysis, identity_version ref, consent preflight/evidence, access/audit refs; M05 не делает: не копирует identity/consent и не смешивает участников; Gate при проблеме: blocked subject/consent/access → section BLOCKED; publish запрещён",,,BLOCKED,M05_CASA_Pro_Client_Profile_Implementation_and_Acceptance_v1.1,1.1,§5 Upstream contracts M01–M04,SRC-DOC-M05-I-00058,,,,SECURITY|LEGAL,,,,,Canonicalized from 1 candidate row(s); source text preserved in 10_SOURCE_EXTRACTS.csv.
M05-CAN-0282,m05.current_1_0.data_contract.f5f2aa80d386765e,1.0,CURRENT_1_0,M05,Профиль клиента,DATA_CONTRACT,SNAPSHOT,§5 Upstream contracts M01–M04,"Модуль: M02; M05 читает: client_check_batch.batch_id (M05 key: iin_check_batch_id), selected batch/version, coverage, per-source results/facts, quality/freshness, evidence/version refs; M05 не делает: не создаёт IIN snapshot entity, не делает no-records вывод по partial и не спрашивает ИИН/source facts повторно; Gate при проблеме: missing допускается только с explicit reason по CPG-02","Модуль: M02; M05 читает: client_check_batch.batch_id (M05 key: iin_check_batch_id), selected batch/version, coverage, per-source results/facts, quality/freshness, evidence/version refs; M05 не делает: не создаёт IIN snapshot entity, не делает no-records вывод по partial и не спрашивает ИИН/source facts повторно; Gate при проблеме: missing допускается только с explicit reason по CPG-02",,,,,M05_CASA_Pro_Client_Profile_Implementation_and_Acceptance_v1.1,1.1,§5 Upstream contracts M01–M04,SRC-DOC-M05-I-00059,CPG-02,,,DATA,,,,,Canonicalized from 1 candidate row(s); source text preserved in 10_SOURCE_EXTRACTS.csv.
M05-CAN-0283,m05.current_1_0.data_contract.88342452ea0fed6e,1.0,CURRENT_1_0,M05,Профиль клиента,DATA_CONTRACT,SNAPSHOT,§5 Upstream contracts M01–M04,"Модуль: M03; M05 читает: credit_history_snapshot_id/hash, current/historical obligations, payments, UNKNOWN/stale, quality/review/evidence refs; M05 не делает: не создаёт ручные дубли кредитов и не перечитывает PDF; Gate при проблеме: published snapshot required либо explicit missing reason","Модуль: M03; M05 читает: credit_history_snapshot_id/hash, current/historical obligations, payments, UNKNOWN/stale, quality/review/evidence refs; M05 не делает: не создаёт ручные дубли кредитов и не перечитывает PDF; Gate при проблеме: published snapshot required либо explicit missing reason",,,,UNKNOWN|STALE,M05_CASA_Pro_Client_Profile_Implementation_and_Acceptance_v1.1,1.1,§5 Upstream contracts M01–M04,SRC-DOC-M05-I-00060,,,,DATA|PARSER,,,,,Canonicalized from 1 candidate row(s); source text preserved in 10_SOURCE_EXTRACTS.csv.
M05-CAN-0284,m05.current_1_0.implementation_detail.cd1b56dbcd1a85fa,1.0,CURRENT_1_0,M05,Профиль клиента,IMPLEMENTATION_DETAIL,STATE,§5 Upstream contracts M01–M04,"Модуль: M04; M05 читает: pension_snapshot_id/hash, rows/months/senders/KNP/status/quality/freshness/evidence; M05 не делает: не переименовывает sender в employer и не превращает взнос/base в income; Gate при проблеме: relationship отдельный; stale/quality видимы","Модуль: M04; M05 читает: pension_snapshot_id/hash, rows/months/senders/KNP/status/quality/freshness/evidence; M05 не делает: не переименовывает sender в employer и не превращает взнос/base в income; Gate при проблеме: relationship отдельный; stale/quality видимы",,,,STALE,M05_CASA_Pro_Client_Profile_Implementation_and_Acceptance_v1.1,1.1,§5 Upstream contracts M01–M04,SRC-DOC-M05-I-00061,,,,DATA,,,,,Canonicalized from 1 candidate row(s); source text preserved in 10_SOURCE_EXTRACTS.csv.
M05-CAN-0285,m05.current_1_0.data_contract.03771ad6ec7169ad,1.0,CURRENT_1_0,M05,Профиль клиента,DATA_CONTRACT,SNAPSHOT,§5 Upstream contracts M01–M04,"CONTRACT RESOLUTION M02 → M05  Client Profile Production Spec использует раннее/абстрактное обозначение iin_check_snapshot_id. Утверждённый M02 R0 contract публикует client_check_batch с идентификатором batch_id; M05 использует ключ iin_check_batch_id как reference на client_check_batch.batch_id и читает selected batch/version, coverage, results/facts, quality/freshness и evidence/version refs. Новая IIN snapshot entity не создаётся. Если в будущей версии M02 появится официальный published snapshot, это оформляется отдельным versioned contract change.: CONTRACT RESOLUTION M02 → M05  Client Profile Production Spec использует раннее/абстрактное обозначение iin_check_snapshot_id. Утверждённый M02 R0 contract публикует client_check_batch с идентификатором batch_id; M05 использует ключ iin_check_batch_id как reference на client_check_batch.batch_id и читает selected batch/version, coverage, results/facts, quality/freshness и evidence/version refs. Новая IIN snapshot entity не создаётся. Если в будущей версии M02 появится официальный published snapshot, это оформляется отдельным versioned contract change.","CONTRACT RESOLUTION M02 → M05  Client Profile Production Spec использует раннее/абстрактное обозначение iin_check_snapshot_id. Утверждённый M02 R0 contract публикует client_check_batch с идентификатором batch_id; M05 использует ключ iin_check_batch_id как reference на client_check_batch.batch_id и читает selected batch/version, coverage, results/facts, quality/freshness и evidence/version refs. Новая IIN snapshot entity не создаётся. Если в будущей версии M02 появится официальный published snapshot, это оформляется отдельным versioned contract change.: CONTRACT RESOLUTION M02 → M05  Client Profile Production Spec использует раннее/абстрактное обозначение iin_check_snapshot_id. Утверждённый M02 R0 contract публикует client_check_batch с идентификатором batch_id; M05 использует ключ iin_check_batch_id как reference на client_check_batch.batch_id и читает selected batch/version, coverage, results/facts, quality/freshness и evidence/version refs. Новая IIN snapshot entity не создаётся. Если в будущей версии M02 появится официальный published snapshot, это оформляется отдельным versioned contract change.",,,,,M05_CASA_Pro_Client_Profile_Implementation_and_Acceptance_v1.1,1.1,§5 Upstream contracts M01–M04,SRC-DOC-M05-I-00062,,,,DATA|PRODUCT,,,,,Canonicalized from 1 candidate row(s); source text preserved in 10_SOURCE_EXTRACTS.csv.
M05-CAN-0286,m05.current_1_0.ux_requirement.7e678186f22b5524,1.0,CURRENT_1_0,M05,Профиль клиента,UX_REQUIREMENT,UI,§6 Принцип «спрашивать только неизвестное»,Источник: IIN_CHECK; UI: «Получено автоматически»; факт/coverage/freshness; Редактирование: read-only; correction mode не меняет M02 fact; Provenance: M02 client_check_batch/result/fact + source/evidence ref,Источник: IIN_CHECK; UI: «Получено автоматически»; факт/coverage/freshness; Редактирование: read-only; correction mode не меняет M02 fact; Provenance: M02 client_check_batch/result/fact + source/evidence ref,,,,,M05_CASA_Pro_Client_Profile_Implementation_and_Acceptance_v1.1,1.1,§6 Принцип «спрашивать только неизвестное»,SRC-DOC-M05-I-00071,,,,FRONTEND,,,,,Canonicalized from 1 candidate row(s); source text preserved in 10_SOURCE_EXTRACTS.csv.
M05-CAN-0287,m05.current_1_0.data_contract.67d488b74c6a2c73,1.0,CURRENT_1_0,M05,Профиль клиента,DATA_CONTRACT,SNAPSHOT,§6 Принцип «спрашивать только неизвестное»,Источник: CREDIT_HISTORY; UI: read-only кредиты/карты/платежи + «Посмотреть источник»; Редактирование: manual duplicate отсутствует; Provenance: M03 snapshot + lineage/evidence ref,Источник: CREDIT_HISTORY; UI: read-only кредиты/карты/платежи + «Посмотреть источник»; Редактирование: manual duplicate отсутствует; Provenance: M03 snapshot + lineage/evidence ref,,,,,M05_CASA_Pro_Client_Profile_Implementation_and_Acceptance_v1.1,1.1,§6 Принцип «спрашивать только неизвестное»,SRC-DOC-M05-I-00072,,,,FRONTEND|DATA,,,,,Canonicalized from 1 candidate row(s); source text preserved in 10_SOURCE_EXTRACTS.csv.
M05-CAN-0288,m05.current_1_0.data_contract.88dd6e1bc1a0fda3,1.0,CURRENT_1_0,M05,Профиль клиента,DATA_CONTRACT,SNAPSHOT,§6 Принцип «спрашивать только неизвестное»,Источник: PENSION; UI: read-only месяцы/суммы/sender/KNP + quality; Редактирование: можно подтвердить только отдельную relation; Provenance: M04 snapshot + row/sender/evidence ref,Источник: PENSION; UI: read-only месяцы/суммы/sender/KNP + quality; Редактирование: можно подтвердить только отдельную relation; Provenance: M04 snapshot + row/sender/evidence ref,,,,,M05_CASA_Pro_Client_Profile_Implementation_and_Acceptance_v1.1,1.1,§6 Принцип «спрашивать только неизвестное»,SRC-DOC-M05-I-00073,,,,FRONTEND|DATA,,,,,Canonicalized from 1 candidate row(s); source text preserved in 10_SOURCE_EXTRACTS.csv.
M05-CAN-0289,m05.current_1_0.product_semantic.7f49f01859f6853b,1.0,CURRENT_1_0,M05,Профиль клиента,PRODUCT_SEMANTIC,STATE,§6 Принцип «спрашивать только неизвестное»,Источник: BROKER_ENTERED; UI: ответ со слов клиента; Редактирование: actor/time обязательны; critical — reason/review; Provenance: audit + confirmation status,Источник: BROKER_ENTERED; UI: ответ со слов клиента; Редактирование: actor/time обязательны; critical — reason/review; Provenance: audit + confirmation status,,,,,M05_CASA_Pro_Client_Profile_Implementation_and_Acceptance_v1.1,1.1,§6 Принцип «спрашивать только неизвестное»,SRC-DOC-M05-I-00075,,,CRITICAL,FRONTEND,,,,,Canonicalized from 1 candidate row(s); source text preserved in 10_SOURCE_EXTRACTS.csv.
M05-CAN-0290,m05.current_1_0.implementation_detail.7a2646e6648a748f,1.0,CURRENT_1_0,M05,Профиль клиента,IMPLEMENTATION_DETAIL,FORMULA,§6 Принцип «спрашивать только неизвестное»,Источник: CASA_DERIVED; UI: completeness/neutral totals/reconciliation; Редактирование: recompute по versioned inputs; Provenance: formula/version + input IDs/hashes,Источник: CASA_DERIVED; UI: completeness/neutral totals/reconciliation; Редактирование: recompute по versioned inputs; Provenance: formula/version + input IDs/hashes,,,,,M05_CASA_Pro_Client_Profile_Implementation_and_Acceptance_v1.1,1.1,§6 Принцип «спрашивать только неизвестное»,SRC-DOC-M05-I-00077,,,,FRONTEND,,,,,Canonicalized from 1 candidate row(s); source text preserved in 10_SOURCE_EXTRACTS.csv.
M05-CAN-0291,m05.current_1_0.ux_requirement.71f38976c85c34f6,1.0,CURRENT_1_0,M05,Профиль клиента,UX_REQUIREMENT,UI,§6 Принцип «спрашивать только неизвестное»,"ЗАПРЕТ ПОВТОРНОГО ВВОДА  Published Credit History obligations и Pension source rows не превращаются в поля анкеты. Если upstream отсутствует, UI показывает причину и разрешённый fallback только по explicit gate policy.: ЗАПРЕТ ПОВТОРНОГО ВВОДА  Published Credit History obligations и Pension source rows не превращаются в поля анкеты. Если upstream отсутствует, UI показывает причину и разрешённый fallback только по explicit gate policy.","ЗАПРЕТ ПОВТОРНОГО ВВОДА  Published Credit History obligations и Pension source rows не превращаются в поля анкеты. Если upstream отсутствует, UI показывает причину и разрешённый fallback только по explicit gate policy.: ЗАПРЕТ ПОВТОРНОГО ВВОДА  Published Credit History obligations и Pension source rows не превращаются в поля анкеты. Если upstream отсутствует, UI показывает причину и разрешённый fallback только по explicit gate policy.",,,,,M05_CASA_Pro_Client_Profile_Implementation_and_Acceptance_v1.1,1.1,§6 Принцип «спрашивать только неизвестное»,SRC-DOC-M05-I-00078,,,,FRONTEND,,,,,Canonicalized from 1 candidate row(s); source text preserved in 10_SOURCE_EXTRACTS.csv.
M05-CAN-0292,m05.current_1_0.security_control.3ecfb7edcc650314,1.0,CURRENT_1_0,M05,Профиль клиента,SECURITY_CONTROL,CONSENT,§7 Participant / household,Объект / поле: PRIMARY_BORROWER; Правило: Обязательный participant из M01; не создаётся параллельно в M05.; Owner / isolation: Собственные identity/consent/employment/income/assets/commitments/snapshots.,Объект / поле: PRIMARY_BORROWER; Правило: Обязательный participant из M01; не создаётся параллельно в M05.; Owner / isolation: Собственные identity/consent/employment/income/assets/commitments/snapshots.,,,,,M05_CASA_Pro_Client_Profile_Implementation_and_Acceptance_v1.1,1.1,§7 Participant / household,SRC-DOC-M05-I-00082,,,,DATA|LEGAL,,,,,Canonicalized from 1 candidate row(s); source text preserved in 10_SOURCE_EXTRACTS.csv.
M05-CAN-0293,m05.current_1_0.security_control.21b5e7a968aba31e,1.0,CURRENT_1_0,M05,Профиль клиента,SECURITY_CONTROL,CONSENT,§7 Participant / household,Объект / поле: SPOUSE; Правило: Создаётся только если супруг есть; не становится co-borrower автоматически.; Owner / isolation: included_in_analysis=false до явного решения; отдельный consent.,Объект / поле: SPOUSE; Правило: Создаётся только если супруг есть; не становится co-borrower автоматически.; Owner / isolation: included_in_analysis=false до явного решения; отдельный consent.,,,,,M05_CASA_Pro_Client_Profile_Implementation_and_Acceptance_v1.1,1.1,§7 Participant / household,SRC-DOC-M05-I-00083,,,,LEGAL,,,,,Canonicalized from 1 candidate row(s); source text preserved in 10_SOURCE_EXTRACTS.csv.
M05-CAN-0294,m05.current_1_0.security_control.b044b8455d772695,1.0,CURRENT_1_0,M05,Профиль клиента,SECURITY_CONTROL,CONSENT,§7 Participant / household,Объект / поле: co_borrower_relation; Правило: Отдельная роль/связь; поддерживает ordinal и relationship_to_primary.; Owner / isolation: Отдельный participant; никакого наследования данных/consent.,Объект / поле: co_borrower_relation; Правило: Отдельная роль/связь; поддерживает ordinal и relationship_to_primary.; Owner / isolation: Отдельный participant; никакого наследования данных/consent.,,,,,M05_CASA_Pro_Client_Profile_Implementation_and_Acceptance_v1.1,1.1,§7 Participant / household,SRC-DOC-M05-I-00084,,,,LEGAL,,,,,Canonicalized from 1 candidate row(s); source text preserved in 10_SOURCE_EXTRACTS.csv.
M05-CAN-0295,m05.current_1_0.data_contract.c5830676332d7175,1.0,CURRENT_1_0,M05,Профиль клиента,DATA_CONTRACT,DATA_MODEL,§7 Participant / household,"Объект / поле: OTHER_PARTICIPANT; Правило: Только при реальной необходимости, предусмотренной registry/spec.; Owner / isolation: Purpose-bound; не собирать данные «на всякий случай».","Объект / поле: OTHER_PARTICIPANT; Правило: Только при реальной необходимости, предусмотренной registry/spec.; Owner / isolation: Purpose-bound; не собирать данные «на всякий случай».",,,,,M05_CASA_Pro_Client_Profile_Implementation_and_Acceptance_v1.1,1.1,§7 Participant / household,SRC-DOC-M05-I-00085,,,,DATA,,,,,Canonicalized from 1 candidate row(s); source text preserved in 10_SOURCE_EXTRACTS.csv.
M05-CAN-0296,m05.current_1_0.product_semantic.fc09ccd39e97edd5,1.0,CURRENT_1_0,M05,Профиль клиента,PRODUCT_SEMANTIC,STATE,§7 Participant / household,"Объект / поле: household.member_count; Правило: Семейный контур; required по Spec.; Owner / isolation: Case-level summary, но source/actor/status сохраняются.","Объект / поле: household.member_count; Правило: Семейный контур; required по Spec.; Owner / isolation: Case-level summary, но source/actor/status сохраняются.",,,,,M05_CASA_Pro_Client_Profile_Implementation_and_Acceptance_v1.1,1.1,§7 Participant / household,SRC-DOC-M05-I-00086,,,,MULTI_LAYER,,,,,Canonicalized from 1 candidate row(s); source text preserved in 10_SOURCE_EXTRACTS.csv.
M05-CAN-0297,m05.current_1_0.security_control.6dff98d35a27c869,1.0,CURRENT_1_0,M05,Профиль клиента,SECURITY_CONTROL,SECURITY,§7 Participant / household,Объект / поле: household.dependent_count; Правило: Условное целое; имена иждивенцев без причины не нужны.; Owner / isolation: Минимизация PII.,Объект / поле: household.dependent_count; Правило: Условное целое; имена иждивенцев без причины не нужны.; Owner / isolation: Минимизация PII.,,,,,M05_CASA_Pro_Client_Profile_Implementation_and_Acceptance_v1.1,1.1,§7 Participant / household,SRC-DOC-M05-I-00087,,,,SECURITY,,,,,Canonicalized from 1 candidate row(s); source text preserved in 10_SOURCE_EXTRACTS.csv.
M05-CAN-0298,m05.current_1_0.product_semantic.3f94e1c3988b03d7,1.0,CURRENT_1_0,M05,Профиль клиента,PRODUCT_SEMANTIC,STATE,§7 Participant / household,Объект / поле: marital_status; Правило: DECLARED/VERIFIED; не выводится из household автоматически.; Owner / isolation: Participant-specific revision/evidence.,Объект / поле: marital_status; Правило: DECLARED/VERIFIED; не выводится из household автоматически.; Owner / isolation: Participant-specific revision/evidence.,,,,DECLARED|VERIFIED,M05_CASA_Pro_Client_Profile_Implementation_and_Acceptance_v1.1,1.1,§7 Participant / household,SRC-DOC-M05-I-00088,,,,MULTI_LAYER,,,,,Canonicalized from 1 candidate row(s); source text preserved in 10_SOURCE_EXTRACTS.csv.
M05-CAN-0299,m05.current_1_0.product_semantic.deca43d7ea3ffcb9,1.0,CURRENT_1_0,M05,Профиль клиента,PRODUCT_SEMANTIC,STATE,§7 Participant / household,Объект / поле: citizenship/residency_status; Правило: Нейтральный факт для будущих программ; источник/status обязательны.; Owner / isolation: Не eligibility и не bank verdict.,Объект / поле: citizenship/residency_status; Правило: Нейтральный факт для будущих программ; источник/status обязательны.; Owner / isolation: Не eligibility и не bank verdict.,,,,,M05_CASA_Pro_Client_Profile_Implementation_and_Acceptance_v1.1,1.1,§7 Participant / household,SRC-DOC-M05-I-00089,,,,MULTI_LAYER,,,,,Canonicalized from 1 candidate row(s); source text preserved in 10_SOURCE_EXTRACTS.csv.
M05-CAN-0300,m05.current_1_0.security_control.16c9dcf8e4da9926,1.0,CURRENT_1_0,M05,Профиль клиента,SECURITY_CONTROL,CONSENT,§7 Participant / household,"СУПРУГ ≠ СОЗАЁМЩИК  Семейная связь не означает участие в анализе, объединение доходов, доступ к документам или разрешение запросов. Co-borrower всегда отдельный participant/consent/income scope.: СУПРУГ ≠ СОЗАЁМЩИК  Семейная связь не означает участие в анализе, объединение доходов, доступ к документам или разрешение запросов. Co-borrower всегда отдельный participant/consent/income scope.","СУПРУГ ≠ СОЗАЁМЩИК  Семейная связь не означает участие в анализе, объединение доходов, доступ к документам или разрешение запросов. Co-borrower всегда отдельный participant/consent/income scope.: СУПРУГ ≠ СОЗАЁМЩИК  Семейная связь не означает участие в анализе, объединение доходов, доступ к документам или разрешение запросов. Co-borrower всегда отдельный participant/consent/income scope.",,,,,M05_CASA_Pro_Client_Profile_Implementation_and_Acceptance_v1.1,1.1,§7 Participant / household,SRC-DOC-M05-I-00090,,,,LEGAL|PRODUCT,,,,,Canonicalized from 1 candidate row(s); source text preserved in 10_SOURCE_EXTRACTS.csv.
M05-CAN-0301,m05.current_1_0.data_contract.f6d099b146d911eb,1.0,CURRENT_1_0,M05,Профиль клиента,DATA_CONTRACT,DATA_MODEL,§8 Purchase goal,Поле: purchase_goal_id; Тип / значения: ID; Implementation rule: Логическая цель versioned; существенная новая цель создаёт новую версию.,Поле: purchase_goal_id; Тип / значения: ID; Implementation rule: Логическая цель versioned; существенная новая цель создаёт новую версию.,,,,,M05_CASA_Pro_Client_Profile_Implementation_and_Acceptance_v1.1,1.1,§8 Purchase goal,SRC-DOC-M05-I-00094,,,,DATA,,,,,Canonicalized from 1 candidate row(s); source text preserved in 10_SOURCE_EXTRACTS.csv.
M05-CAN-0302,m05.current_1_0.product_semantic.3f2b3117aa74acbd,1.0,CURRENT_1_0,M05,Профиль клиента,PRODUCT_SEMANTIC,BUSINESS_RULE,Входит в M05,read model поверх M01–M04 contracts и динамическая анкета из 6–8 секций;,read model поверх M01–M04 contracts и динамическая анкета из 6–8 секций;,,,,,M05_CASA_Pro_Client_Profile_Implementation_and_Acceptance_v1.1,1.1,Входит в M05,SRC-DOC-M05-I-00040,,,,MULTI_LAYER,,,,,Canonicalized from 1 candidate row(s); source text preserved in 10_SOURCE_EXTRACTS.csv.
M05-CAN-0303,m05.current_1_0.product_semantic.8f9e1ca0660c0846,1.0,CURRENT_1_0,M05,Профиль клиента,PRODUCT_SEMANTIC,STATE,Входит в M05,"field status, provenance/evidence, conflicts, corrections и completeness/publish gates;","field status, provenance/evidence, conflicts, corrections и completeness/publish gates;",,,,,M05_CASA_Pro_Client_Profile_Implementation_and_Acceptance_v1.1,1.1,Входит в M05,SRC-DOC-M05-I-00042,,,,DATA,,,,,Canonicalized from 1 candidate row(s); source text preserved in 10_SOURCE_EXTRACTS.csv.
M05-CAN-0304,m05.current_1_0.product_semantic.dd9d1a12d8028a13,1.0,CURRENT_1_0,M05,Профиль клиента,PRODUCT_SEMANTIC,BUSINESS_RULE,Входит в M05,"нейтральные агрегаты, прямо разрешённые Spec, без банковской интерпретации;","нейтральные агрегаты, прямо разрешённые Spec, без банковской интерпретации;",,,,,M05_CASA_Pro_Client_Profile_Implementation_and_Acceptance_v1.1,1.1,Входит в M05,SRC-DOC-M05-I-00043,,,,MULTI_LAYER,,,,,Canonicalized from 1 candidate row(s); source text preserved in 10_SOURCE_EXTRACTS.csv.
M05-CAN-0305,m05.current_1_0.implementation_detail.ff5868a6f7926948,1.0,CURRENT_1_0,M05,Профиль клиента,IMPLEMENTATION_DETAIL,API,Входит в M05,"immutable/replayable client_profile_snapshot, rebuild/supersede и tenant-safe API;","immutable/replayable client_profile_snapshot, rebuild/supersede и tenant-safe API;",,,,,M05_CASA_Pro_Client_Profile_Implementation_and_Acceptance_v1.1,1.1,Входит в M05,SRC-DOC-M05-I-00044,,,,BACKEND|DATA|SECURITY,,,,,Canonicalized from 1 candidate row(s); source text preserved in 10_SOURCE_EXTRACTS.csv.
M05-CAN-0306,m05.current_1_0.ux_requirement.39ec1f166c7681b1,1.0,CURRENT_1_0,M05,Профиль клиента,UX_REQUIREMENT,UI,Входит в M05,"broker UI, factual demo delta, CP traceability и конкретная execution matrix.","broker UI, factual demo delta, CP traceability и конкретная execution matrix.",,,,,M05_CASA_Pro_Client_Profile_Implementation_and_Acceptance_v1.1,1.1,Входит в M05,SRC-DOC-M05-I-00045,,,,FRONTEND,,,,,Canonicalized from 1 candidate row(s); source text preserved in 10_SOURCE_EXTRACTS.csv.
M05-CAN-0307,m05.current_1_0.boundary.aff73789888f5a88,1.0,CURRENT_1_0,M05,Профиль клиента,BOUNDARY,FUTURE_BOUNDARY,Не входит,"Не реализовывать: Bank Rules; Граница: Нет допустимости дохода/актива/взноса для конкретного банка, программы или результата.","Не реализовывать: Bank Rules; Граница: Нет допустимости дохода/актива/взноса для конкретного банка, программы или результата.",,,,,M05_CASA_Pro_Client_Profile_Implementation_and_Acceptance_v1.1,1.1,Не входит,SRC-DOC-M05-I-00048,,,,MULTI_LAYER,,,,,Canonicalized from 1 candidate row(s); source text preserved in 10_SOURCE_EXTRACTS.csv.
M05-CAN-0308,m05.current_1_0.product_semantic.6ae4a8d9ed39663d,1.0,CURRENT_1_0,M05,Профиль клиента,PRODUCT_SEMANTIC,CALCULATION,Не входит,"Не реализовывать: Calculation Engine; Граница: Нет КДН, допустимого платежа, максимального кредита, одобряемой суммы или вероятности.","Не реализовывать: Calculation Engine; Граница: Нет КДН, допустимого платежа, максимального кредита, одобряемой суммы или вероятности.",,,,,M05_CASA_Pro_Client_Profile_Implementation_and_Acceptance_v1.1,1.1,Не входит,SRC-DOC-M05-I-00049,,,,MULTI_LAYER,,,,,Canonicalized from 1 candidate row(s); source text preserved in 10_SOURCE_EXTRACTS.csv.
M05-CAN-0309,m05.current_1_0.implementation_detail.3b24602a54efe770,1.0,CURRENT_1_0,M05,Профиль клиента,IMPLEMENTATION_DETAIL,PARSER,Не входит,Не реализовывать: Разбор PDF; Граница: M05 не парсит upstream заново; использует M02 batch reference и published M03/M04 snapshot IDs/hashes/quality/freshness.,Не реализовывать: Разбор PDF; Граница: M05 не парсит upstream заново; использует M02 batch reference и published M03/M04 snapshot IDs/hashes/quality/freshness.,,,,,M05_CASA_Pro_Client_Profile_Implementation_and_Acceptance_v1.1,1.1,Не входит,SRC-DOC-M05-I-00050,,,,DATA|PARSER,,,,,Canonicalized from 1 candidate row(s); source text preserved in 10_SOURCE_EXTRACTS.csv.
M05-CAN-0310,m05.current_1_0.security_control.16fd8d3b5d2e23bf,1.0,CURRENT_1_0,M05,Профиль клиента,SECURITY_CONTROL,CONSENT,Не входит,Не реализовывать: Параллельный клиент; Граница: Нет собственной identity/consent/auth модели; используется M01.,Не реализовывать: Параллельный клиент; Граница: Нет собственной identity/consent/auth модели; используется M01.,,,,,M05_CASA_Pro_Client_Profile_Implementation_and_Acceptance_v1.1,1.1,Не входит,SRC-DOC-M05-I-00051,,,,LEGAL,,,,,Canonicalized from 1 candidate row(s); source text preserved in 10_SOURCE_EXTRACTS.csv.
M05-CAN-0311,m05.current_1_0.implementation_detail.b03904472d141347,1.0,CURRENT_1_0,M05,Профиль клиента,IMPLEMENTATION_DETAIL,API,Не входит,Не реализовывать: Новые enums; Граница: Только registry Production Spec. RG-CP-04 остаётся gate для окончательного API/schema.,Не реализовывать: Новые enums; Граница: Только registry Production Spec. RG-CP-04 остаётся gate для окончательного API/schema.,,,,,M05_CASA_Pro_Client_Profile_Implementation_and_Acceptance_v1.1,1.1,Не входит,SRC-DOC-M05-I-00052,CP-04,,,BACKEND|DATA|PRODUCT,,RG-CP-04,RG-CP-04,,Canonicalized from 1 candidate row(s); source text preserved in 10_SOURCE_EXTRACTS.csv.
M05-CAN-0312,m05.current_1_0.boundary.528121392c4f02b3,1.0,CURRENT_1_0,M05,Профиль клиента,BOUNDARY,FUTURE_BOUNDARY,Не входит,Не реализовывать: Универсальный соцпрофиль; Граница: Special facts собираются только при реальной необходимости и утверждённом purpose.,Не реализовывать: Универсальный соцпрофиль; Граница: Special facts собираются только при реальной необходимости и утверждённом purpose.,,,,,M05_CASA_Pro_Client_Profile_Implementation_and_Acceptance_v1.1,1.1,Не входит,SRC-DOC-M05-I-00053,,,,MULTI_LAYER,,,,,Canonicalized from 1 candidate row(s); source text preserved in 10_SOURCE_EXTRACTS.csv.
M05-CAN-0313,m05.current_1_0.boundary.177ae8a0a8f31f72,1.0,CURRENT_1_0,M05,Профиль клиента,BOUNDARY,FUTURE_BOUNDARY,Не входит,"Не реализовывать: Подбор недвижимости; Граница: M05 хранит preference/goal, но не подбирает квартиры и не определяет eligibility.","Не реализовывать: Подбор недвижимости; Граница: M05 хранит preference/goal, но не подбирает квартиры и не определяет eligibility.",,,,,M05_CASA_Pro_Client_Profile_Implementation_and_Acceptance_v1.1,1.1,Не входит,SRC-DOC-M05-I-00054,,,,MULTI_LAYER,,,,,Canonicalized from 1 candidate row(s); source text preserved in 10_SOURCE_EXTRACTS.csv.
M05-CAN-0314,m05.current_1_0.product_semantic.ccc16f56776dade6,1.0,CURRENT_1_0,M05,Профиль клиента,PRODUCT_SEMANTIC,STATE,Несколько работ,Один participant может иметь несколько employment records с независимыми периодами/status/evidence.,Один participant может иметь несколько employment records с независимыми периодами/status/evidence.,,,,,M05_CASA_Pro_Client_Profile_Implementation_and_Acceptance_v1.1,1.1,Несколько работ,SRC-DOC-M05-I-00116,,,,MULTI_LAYER,,,,,Canonicalized from 1 candidate row(s); source text preserved in 10_SOURCE_EXTRACTS.csv.
M05-CAN-0315,m05.current_1_0.product_semantic.0a4835840d1bcb45,1.0,CURRENT_1_0,M05,Профиль клиента,PRODUCT_SEMANTIC,BUSINESS_RULE,Несколько работ,MATERNITY_LEAVE/LEAVE хранится как отдельный факт; прежняя salary не становится current accepted income.,MATERNITY_LEAVE/LEAVE хранится как отдельный факт; прежняя salary не становится current accepted income.,,,,,M05_CASA_Pro_Client_Profile_Implementation_and_Acceptance_v1.1,1.1,Несколько работ,SRC-DOC-M05-I-00118,,,,MULTI_LAYER,,,,,Canonicalized from 1 candidate row(s); source text preserved in 10_SOURCE_EXTRACTS.csv.
