requirement_id,canonical_key,release,applicability,module_id,module_name,requirement_level,category,subsystem,requirement,expected_behavior,forbidden_behavior,input,output,state_or_status,source_documents,source_versions,source_sections,source_extract_ids,acceptance_test_ids,priority,criticality,implementation_layer,dependency,release_gate,open_gate_ids,developer_task_ids,notes
M06-CAN-0001,m06.current_1_0.product_semantic.ce995c2c1db1860d,1.0,CURRENT_1_0,M06,Расчётный движок,PRODUCT_SEMANTIC,FORMULA,CALC-F-001 — Требуемая сумма финансирования,Элемент: A_now; Contract: client_profile_snapshot::metric(available_now_total); only usable monetary sources. Future/restricted/unavailable/additional collateral уже исключены M05.,Элемент: A_now; Contract: client_profile_snapshot::metric(available_now_total); only usable monetary sources. Future/restricted/unavailable/additional collateral уже исключены M05.,,,,,M06_CASA_Pro_Calculation_Engine_Production_Spec_v1.4,1.4,CALC-F-001 — Требуемая сумма финансирования,SRC-DOC-M06-P-00127,,,,DATA,,,,,Canonicalized from 1 candidate row(s); source text preserved in 10_SOURCE_EXTRACTS.csv.
M06-CAN-0002,m06.current_1_0.product_semantic.06cf1f4fe90fff22,1.0,CURRENT_1_0,M06,Расчётный движок,PRODUCT_SEMANTIC,FORMULA,CALC-F-001 — Требуемая сумма финансирования,Элемент: Output; Contract: calculation_run.results[casa.required_financing/1.0.0].value; Money KZT.,Элемент: Output; Contract: calculation_run.results[casa.required_financing/1.0.0].value; Money KZT.,,,,,M06_CASA_Pro_Calculation_Engine_Production_Spec_v1.4,1.4,CALC-F-001 — Требуемая сумма финансирования,SRC-DOC-M06-P-00128,,,,MULTI_LAYER,,,,,Canonicalized from 1 candidate row(s); source text preserved in 10_SOURCE_EXTRACTS.csv.
M06-CAN-0003,m06.current_1_0.product_semantic.3a10ee1bcef6bd41,1.0,CURRENT_1_0,M06,Расчётный движок,PRODUCT_SEMANTIC,STATE,CALC-F-001 — Требуемая сумма финансирования,"Элемент: Preconditions; Contract: Оба значения присутствуют, неотрицательны, одна валюта KZT, состояния не UNKNOWN/BLANK/STALE/CONFLICT/BLOCKED.","Элемент: Preconditions; Contract: Оба значения присутствуют, неотрицательны, одна валюта KZT, состояния не UNKNOWN/BLANK/STALE/CONFLICT/BLOCKED.",,,,UNKNOWN|BLANK|STALE|CONFLICT|BLOCKED,M06_CASA_Pro_Calculation_Engine_Production_Spec_v1.4,1.4,CALC-F-001 — Требуемая сумма финансирования,SRC-DOC-M06-P-00129,,,,MULTI_LAYER,,,,,Canonicalized from 1 candidate row(s); source text preserved in 10_SOURCE_EXTRACTS.csv.
M06-CAN-0004,m06.current_1_0.product_semantic.ac0b0ce3f951c718,1.0,CURRENT_1_0,M06,Расчётный движок,PRODUCT_SEMANTIC,FORMULA,CALC-F-001 — Требуемая сумма финансирования,"Элемент: Boundary; Contract: Если A_now ≥ P, F=0. Это означает «по указанным суммам финансирование не требуется», а не одобрение/избыток банка.","Элемент: Boundary; Contract: Если A_now ≥ P, F=0. Это означает «по указанным суммам финансирование не требуется», а не одобрение/избыток банка.",,,,,M06_CASA_Pro_Calculation_Engine_Production_Spec_v1.4,1.4,CALC-F-001 — Требуемая сумма финансирования,SRC-DOC-M06-P-00130,,,,MULTI_LAYER,,,,,Canonicalized from 1 candidate row(s); source text preserved in 10_SOURCE_EXTRACTS.csv.
M06-CAN-0005,m06.current_1_0.product_semantic.804802e98a44a678,1.0,CURRENT_1_0,M06,Расчётный движок,PRODUCT_SEMANTIC,STATE,CALC-F-001 — Требуемая сумма финансирования,Элемент: Quality; Contract: DECLARED/EVIDENCE_REQUESTED numeric input допускает число только со status=COMPLETED_WITH_LIMITATIONS; вход не становится VERIFIED.,Элемент: Quality; Contract: DECLARED/EVIDENCE_REQUESTED numeric input допускает число только со status=COMPLETED_WITH_LIMITATIONS; вход не становится VERIFIED.,,,,DECLARED|VERIFIED,M06_CASA_Pro_Calculation_Engine_Production_Spec_v1.4,1.4,CALC-F-001 — Требуемая сумма финансирования,SRC-DOC-M06-P-00131,,,,MULTI_LAYER,,,,,Canonicalized from 1 candidate row(s); source text preserved in 10_SOURCE_EXTRACTS.csv.
M06-CAN-0006,m06.current_1_0.product_semantic.ffea55d922263154,1.0,CURRENT_1_0,M06,Расчётный движок,PRODUCT_SEMANTIC,FORMULA,CALC-F-001 — Требуемая сумма финансирования,"НЕ СМЕШИВАТЬ  additional_collateral не деньги; future_available_total не A_now; UNKNOWN не 0; output — required financing amount, не bank approved loan amount.: НЕ СМЕШИВАТЬ  additional_collateral не деньги; future_available_total не A_now; UNKNOWN не 0; output — required financing amount, не bank approved loan amount.","НЕ СМЕШИВАТЬ  additional_collateral не деньги; future_available_total не A_now; UNKNOWN не 0; output — required financing amount, не bank approved loan amount.: НЕ СМЕШИВАТЬ  additional_collateral не деньги; future_available_total не A_now; UNKNOWN не 0; output — required financing amount, не bank approved loan amount.",,,,UNKNOWN,M06_CASA_Pro_Calculation_Engine_Production_Spec_v1.4,1.4,CALC-F-001 — Требуемая сумма финансирования,SRC-DOC-M06-P-00132,,,,MULTI_LAYER,,,,,Canonicalized from 1 candidate row(s); source text preserved in 10_SOURCE_EXTRACTS.csv.
M06-CAN-0007,m06.current_1_0.product_semantic.462639d98f920cb0,1.0,CURRENT_1_0,M06,Расчётный движок,PRODUCT_SEMANTIC,FORMULA,CALC-F-001 — Требуемая сумма финансирования,Элемент: P; Contract: target_price = client_profile_snapshot.purchase_goal.target_price_max; Money KZT; не valuation и не budget bank limit.,Элемент: P; Contract: target_price = client_profile_snapshot.purchase_goal.target_price_max; Money KZT; не valuation и не budget bank limit.,,,,,M06_CASA_Pro_Calculation_Engine_Production_Spec_v1.4|M06_CASA_Pro_Calculation_Engine_Implementation_and_Acceptance_v1.1,1.4|1.1,CALC-F-001 — Требуемая сумма финансирования|§7 CALC-F-001 — требуемое финансирование,SRC-DOC-M06-P-00126|SRC-DOC-M06-I-00088,,,,DATA,,,,,Canonicalized from 2 candidate row(s); source text preserved in 10_SOURCE_EXTRACTS.csv.
M06-CAN-0008,m06.current_1_0.product_semantic.879299b724d6155a,1.0,CURRENT_1_0,M06,Расчётный движок,PRODUCT_SEMANTIC,FORMULA,CALC-F-002 — Ежемесячный платёж по заданным параметрам,"Поддерживается только monthly annuity primitive. annual_nominal_rate_percent — номинальная годовая ставка-параметр, а не ГЭСВ, не ставка банка и не условие программы. Комиссии, страховки, иные платежи, grace, mixed/differentiated schedules отсутствуют.","Поддерживается только monthly annuity primitive. annual_nominal_rate_percent — номинальная годовая ставка-параметр, а не ГЭСВ, не ставка банка и не условие программы. Комиссии, страховки, иные платежи, grace, mixed/differentiated schedules отсутствуют.",,,,,M06_CASA_Pro_Calculation_Engine_Production_Spec_v1.4,1.4,CALC-F-002 — Ежемесячный платёж по заданным параметрам,SRC-DOC-M06-P-00135,,,,MULTI_LAYER,,,,,Canonicalized from 1 candidate row(s); source text preserved in 10_SOURCE_EXTRACTS.csv.
M06-CAN-0009,m06.current_1_0.product_semantic.fef14a93b94e23ce,1.0,CURRENT_1_0,M06,Расчётный движок,PRODUCT_SEMANTIC,BUSINESS_RULE,Replay hash methodology CASA-CJ-1,engine re-execution must reproduce all three hashes exactly.,engine re-execution must reproduce all three hashes exactly.,,,,,M06_CASA_Pro_Calculation_Engine_Production_Spec_v1.4,1.4,Replay hash methodology CASA-CJ-1,SRC-DOC-M06-P-00390,,,,MULTI_LAYER,,,,,Canonicalized from 1 candidate row(s); source text preserved in 10_SOURCE_EXTRACTS.csv.
M06-CAN-0010,m06.current_1_0.product_semantic.2fa66305c798ce80,1.0,CURRENT_1_0,M06,Расчётный движок,PRODUCT_SEMANTIC,BUSINESS_RULE,Replay hash methodology CASA-CJ-1,Hash: input_hash; Expected lowercase hex: cb88c168e277aeae3d28d91f46643999fad2f6284b9a31c555f3e3665953fb47,Hash: input_hash; Expected lowercase hex: cb88c168e277aeae3d28d91f46643999fad2f6284b9a31c555f3e3665953fb47,,,,,M06_CASA_Pro_Calculation_Engine_Production_Spec_v1.4,1.4,Replay hash methodology CASA-CJ-1,SRC-DOC-M06-P-00392,,,,MULTI_LAYER,,,,,Canonicalized from 1 candidate row(s); source text preserved in 10_SOURCE_EXTRACTS.csv.
M06-CAN-0011,m06.current_1_0.product_semantic.ff8c3a3f2ab5812b,1.0,CURRENT_1_0,M06,Расчётный движок,PRODUCT_SEMANTIC,BUSINESS_RULE,Replay hash methodology CASA-CJ-1,Hash: output_hash; Expected lowercase hex: c1674aea4b8d1bc8bbc9fc8d1ecb76db85ee28f833be1971b81f19d2db642e60,Hash: output_hash; Expected lowercase hex: c1674aea4b8d1bc8bbc9fc8d1ecb76db85ee28f833be1971b81f19d2db642e60,,,,,M06_CASA_Pro_Calculation_Engine_Production_Spec_v1.4,1.4,Replay hash methodology CASA-CJ-1,SRC-DOC-M06-P-00393,,,,MULTI_LAYER,,,,,Canonicalized from 1 candidate row(s); source text preserved in 10_SOURCE_EXTRACTS.csv.
M06-CAN-0012,m06.current_1_0.product_semantic.84cbc8408724aaff,1.0,CURRENT_1_0,M06,Расчётный движок,PRODUCT_SEMANTIC,BUSINESS_RULE,Replay hash methodology CASA-CJ-1,Hash: replay_hash; Expected lowercase hex: a7be2c777298f1d563e3f794fbe2f0b13b59549dda3f2dafc0deaee321693737,Hash: replay_hash; Expected lowercase hex: a7be2c777298f1d563e3f794fbe2f0b13b59549dda3f2dafc0deaee321693737,,,,,M06_CASA_Pro_Calculation_Engine_Production_Spec_v1.4,1.4,Replay hash methodology CASA-CJ-1,SRC-DOC-M06-P-00394,,,,MULTI_LAYER,,,,,Canonicalized from 1 candidate row(s); source text preserved in 10_SOURCE_EXTRACTS.csv.
M06-CAN-0013,m06.current_1_0.product_semantic.84b26c3dfcbc4556,1.0,CURRENT_1_0,M06,Расчётный движок,PRODUCT_SEMANTIC,CALCULATION,Replay hash methodology CASA-CJ-1,"replay_hash = SHA-256(canonical replay payload) built from an explicit allowlist, not from every calculation_snapshot field by default;","replay_hash = SHA-256(canonical replay payload) built from an explicit allowlist, not from every calculation_snapshot field by default;",,,,,M06_CASA_Pro_Calculation_Engine_Production_Spec_v1.4|M06_CASA_Pro_Calculation_Engine_Implementation_and_Acceptance_v1.1,1.4|1.1,Replay hash methodology CASA-CJ-1|CASA-CJ-1 canonicalization,SRC-DOC-M06-P-00386|SRC-DOC-M06-I-00244,,,,DATA,,,,,Canonicalized from 1 candidate row(s); source text preserved in 10_SOURCE_EXTRACTS.csv.
M06-CAN-0014,m06.current_1_0.product_semantic.e4030e019266f6b0,1.0,CURRENT_1_0,M06,Расчётный движок,PRODUCT_SEMANTIC,FORMULA,Replay hash methodology CASA-CJ-1,"the replay allowlist is exactly: schema_version; case_id; client_profile_snapshot{snapshot_id,snapshot_hash}; selected_upstream_refs; formula_registry_version; formula_versions; inputs; outputs; blockers; engine_version; decimal_context_version;","the replay allowlist is exactly: schema_version; case_id; client_profile_snapshot{snapshot_id,snapshot_hash}; selected_upstream_refs; formula_registry_version; formula_versions; inputs; outputs; blockers; engine_version; decimal_context_version;",,,,,M06_CASA_Pro_Calculation_Engine_Production_Spec_v1.4|M06_CASA_Pro_Calculation_Engine_Implementation_and_Acceptance_v1.1,1.4|1.1,Replay hash methodology CASA-CJ-1|CASA-CJ-1 canonicalization,SRC-DOC-M06-P-00387|SRC-DOC-M06-I-00245,,,,DATA,,,,,Canonicalized from 1 candidate row(s); source text preserved in 10_SOURCE_EXTRACTS.csv.
M06-CAN-0015,m06.current_1_0.security_control.27f86ab1451173bb,1.0,CURRENT_1_0,M06,Расчётный движок,SECURITY_CONTROL,SECURITY,Replay hash methodology CASA-CJ-1,"excluded from replay payload: calculation_snapshot_id, tenant_id, status, calculated_at, superseded_by, actor, audit_refs, canonicalization_version and hash fields input_hash/output_hash/replay_hash; every other non-allowlisted field is excluded until a versioned CASA-CJ contract change; these fields do not define the deterministic mathematics;","excluded from replay payload: calculation_snapshot_id, tenant_id, status, calculated_at, superseded_by, actor, audit_refs, canonicalization_version and hash fields input_hash/output_hash/replay_hash; every other non-allowlisted field is excluded until a versioned CASA-CJ contract change; these fields do not define the deterministic mathematics;",,,,,M06_CASA_Pro_Calculation_Engine_Production_Spec_v1.4|M06_CASA_Pro_Calculation_Engine_Implementation_and_Acceptance_v1.1,1.4|1.1,Replay hash methodology CASA-CJ-1|CASA-CJ-1 canonicalization,SRC-DOC-M06-P-00388|SRC-DOC-M06-I-00246,,,,DATA|SECURITY,,,,,Canonicalized from 1 candidate row(s); source text preserved in 10_SOURCE_EXTRACTS.csv.
M06-CAN-0016,m06.current_1_0.product_semantic.9e7c5a6d36af34d3,1.0,CURRENT_1_0,M06,Расчётный движок,PRODUCT_SEMANTIC,FORMULA,§10 Regulatory KZ calculations,"Официальный норматив подтверждает существование и структуру КДН банка, но не превращает нейтральные M03/M05 поля в его точные входы. Нормативный срез: 23.08.2026, включая постановление НБРК №92, действующее с 18.08.2026. REG-F-001 хранится отдельно и остаётся DISABLED для execution 1.0.","Официальный норматив подтверждает существование и структуру КДН банка, но не превращает нейтральные M03/M05 поля в его точные входы. Нормативный срез: 23.08.2026, включая постановление НБРК №92, действующее с 18.08.2026. REG-F-001 хранится отдельно и остаётся DISABLED для execution 1.0.",,,,DISABLED,M06_CASA_Pro_Calculation_Engine_Production_Spec_v1.4,1.4,§10 Regulatory KZ calculations,SRC-DOC-M06-P-00138,REG-F-001,,,MULTI_LAYER,,,,,Canonicalized from 1 candidate row(s); source text preserved in 10_SOURCE_EXTRACTS.csv.
M06-CAN-0017,m06.current_1_0.product_semantic.fbcbe38d8a02916d,1.0,CURRENT_1_0,M06,Расчётный движок,PRODUCT_SEMANTIC,CALCULATION,§10 Regulatory KZ calculations,Регуляторный элемент: PNZ_i; Официальная семантика: Ежемесячный платёж по каждому непогашенному займу по пункту 24 в редакции №92.; CASA 1.0 gap: M03 total_reported_payment — source-reported aggregate; special card/refinance rules и arrears components не нормализованы как PNZ_i.,Регуляторный элемент: PNZ_i; Официальная семантика: Ежемесячный платёж по каждому непогашенному займу по пункту 24 в редакции №92.; CASA 1.0 gap: M03 total_reported_payment — source-reported aggregate; special card/refinance rules и arrears components не нормализованы как PNZ_i.,,,,,M06_CASA_Pro_Calculation_Engine_Production_Spec_v1.4,1.4,§10 Regulatory KZ calculations,SRC-DOC-M06-P-00140,,,,MULTI_LAYER,,,,,Canonicalized from 1 candidate row(s); source text preserved in 10_SOURCE_EXTRACTS.csv.
M06-CAN-0018,m06.current_1_0.boundary.0bafdd1abac404cd,1.0,CURRENT_1_0,M06,Расчётный движок,BOUNDARY,FORBIDDEN,§10 Regulatory KZ calculations,"Регуляторный элемент: Кредитная карточка в PNZ_i; Официальная семантика: Ежемесячный платёж = 10% использованного кредитного лимита по карточке. Неиспользованная часть не входит в этот KDN card payment.; CASA 1.0 gap: M03 не гарантирует отдельные exact used_credit_limit, card contract type и regulatory completeness для каждого договора; догадка из общего лимита/долга запрещена.",,"Регуляторный элемент: Кредитная карточка в PNZ_i; Официальная семантика: Ежемесячный платёж = 10% использованного кредитного лимита по карточке. Неиспользованная часть не входит в этот KDN card payment.; CASA 1.0 gap: M03 не гарантирует отдельные exact used_credit_limit, card contract type и regulatory completeness для каждого договора; догадка из общего лимита/долга запрещена.",,,,M06_CASA_Pro_Calculation_Engine_Production_Spec_v1.4,1.4,§10 Regulatory KZ calculations,SRC-DOC-M06-P-00141,,,,MULTI_LAYER,,,,,Canonicalized from 1 candidate row(s); source text preserved in 10_SOURCE_EXTRACTS.csv.
M06-CAN-0019,m06.current_1_0.product_semantic.f3d70360f747d3e4,1.0,CURRENT_1_0,M06,Расчётный движок,PRODUCT_SEMANTIC,CALCULATION,§10 Regulatory KZ calculations,"Регуляторный элемент: PP_i; Официальная семантика: Просроченные платежи по непогашенным займам, включая определённые регулятором компоненты.; CASA 1.0 gap: Нет отдельного complete regulatory PP_i input contract.","Регуляторный элемент: PP_i; Официальная семантика: Просроченные платежи по непогашенным займам, включая определённые регулятором компоненты.; CASA 1.0 gap: Нет отдельного complete regulatory PP_i input contract.",,,,,M06_CASA_Pro_Calculation_Engine_Production_Spec_v1.4,1.4,§10 Regulatory KZ calculations,SRC-DOC-M06-P-00142,,,,MULTI_LAYER,,,,,Canonicalized from 1 candidate row(s); source text preserved in 10_SOURCE_EXTRACTS.csv.
M06-CAN-0020,m06.current_1_0.product_semantic.34404ee16b41e1cf,1.0,CURRENT_1_0,M06,Расчётный движок,PRODUCT_SEMANTIC,FORMULA,§10 Regulatory KZ calculations,Регуляторный элемент: PZ; Официальная семантика: Средний ежемесячный платёж по новой задолженности: total schedule principal+interest+specified other payments / term months.; CASA 1.0 gap: CALC-F-002 — monthly annuity payment без fees; это не PZ.,Регуляторный элемент: PZ; Официальная семантика: Средний ежемесячный платёж по новой задолженности: total schedule principal+interest+specified other payments / term months.; CASA 1.0 gap: CALC-F-002 — monthly annuity payment без fees; это не PZ.,,,,,M06_CASA_Pro_Calculation_Engine_Production_Spec_v1.4,1.4,§10 Regulatory KZ calculations,SRC-DOC-M06-P-00143,CALC-F-002,,,MULTI_LAYER,,,,,Canonicalized from 1 candidate row(s); source text preserved in 10_SOURCE_EXTRACTS.csv.
M06-CAN-0021,m06.current_1_0.product_semantic.cbcab51864fb81d0,1.0,CURRENT_1_0,M06,Расчётный движок,PRODUCT_SEMANTIC,CALCULATION,§10 Regulatory KZ calculations,"Регуляторный элемент: D; Официальная семантика: Среднемесячный доход за 6 месяцев по критериям пункта 22, выбранным/проверенным банком, с validation против дублей.; CASA 1.0 gap: M05 total_verified_income не равен автоматически regulatory D и не является bank accepted income.","Регуляторный элемент: D; Официальная семантика: Среднемесячный доход за 6 месяцев по критериям пункта 22, выбранным/проверенным банком, с validation против дублей.; CASA 1.0 gap: M05 total_verified_income не равен автоматически regulatory D и не является bank accepted income.",,,,,M06_CASA_Pro_Calculation_Engine_Production_Spec_v1.4,1.4,§10 Regulatory KZ calculations,SRC-DOC-M06-P-00144,,,,MULTI_LAYER,,,,,Canonicalized from 1 candidate row(s); source text preserved in 10_SOURCE_EXTRACTS.csv.
M06-CAN-0022,m06.current_1_0.product_semantic.f6f5869b62b377f2,1.0,CURRENT_1_0,M06,Расчётный движок,PRODUCT_SEMANTIC,FORMULA,§10 Regulatory KZ calculations,Регуляторный элемент: Formula / действующий общий threshold; Официальная семантика: Expression КДН не изменён №92. На нормативную дату 23.08.2026 максимальный уровень по пункту 36 №52 — 0.5; исключения и случаи мониторинга заданы пунктом 20.; CASA 1.0 gap: M06 не применяет threshold и не выдаёт verdict; применимость требует отдельного regulatory evaluation context.,Регуляторный элемент: Formula / действующий общий threshold; Официальная семантика: Expression КДН не изменён №92. На нормативную дату 23.08.2026 максимальный уровень по пункту 36 №52 — 0.5; исключения и случаи мониторинга заданы пунктом 20.; CASA 1.0 gap: M06 не применяет threshold и не выдаёт verdict; применимость требует отдельного regulatory evaluation context.,,,,,M06_CASA_Pro_Calculation_Engine_Production_Spec_v1.4,1.4,§10 Regulatory KZ calculations,SRC-DOC-M06-P-00145,,,,MULTI_LAYER,,,,,Canonicalized from 1 candidate row(s); source text preserved in 10_SOURCE_EXTRACTS.csv.
M06-CAN-0023,m06.current_1_0.product_semantic.82639445c8195c46,1.0,CURRENT_1_0,M06,Расчётный движок,PRODUCT_SEMANTIC,STATE,§10 Regulatory KZ calculations,"Регуляторный элемент: Future regulatory applicability 0.25; Официальная семантика: Подпункт 2) пункта 44 Правил АРРФР №86 устанавливает для заемщика с DPD >90 по банковскому займу и (или) микрокредиту за последние 12 месяцев уровень КДН, равный половине максимального: 0.25 при max 0.5. Однако пункт 5 постановления №86 вводит именно подпункт 2) пункта 44 с 01.07.2027. effective_from=2027-07-01; status=FUTURE_REGULATORY_RULE / NOT_YET_EFFECTIVE.; CASA 1.0 gap: На срез 23.08.2026 правило не действует и не применяется к calculation result. Оно хранится как versioned future regulatory record; после effective date всё равно потребуются exact applicability facts и отдельное утверждённое изменение implementation.","Регуляторный элемент: Future regulatory applicability 0.25; Официальная семантика: Подпункт 2) пункта 44 Правил АРРФР №86 устанавливает для заемщика с DPD >90 по банковскому займу и (или) микрокредиту за последние 12 месяцев уровень КДН, равный половине максимального: 0.25 при max 0.5. Однако пункт 5 постановления №86 вводит именно подпункт 2) пункта 44 с 01.07.2027. effective_from=2027-07-01; status=FUTURE_REGULATORY_RULE / NOT_YET_EFFECTIVE.; CASA 1.0 gap: На срез 23.08.2026 правило не действует и не применяется к calculation result. Оно хранится как versioned future regulatory record; после effective date всё равно потребуются exact applicability facts и отдельное утверждённое изменение implementation.",,,,,M06_CASA_Pro_Calculation_Engine_Production_Spec_v1.4,1.4,§10 Regulatory KZ calculations,SRC-DOC-M06-P-00146,,,,MULTI_LAYER,,,,,Canonicalized from 1 candidate row(s); source text preserved in 10_SOURCE_EXTRACTS.csv.
M06-CAN-0024,m06.current_1_0.product_semantic.aaaadd58bac195ca,1.0,CURRENT_1_0,M06,Расчётный движок,PRODUCT_SEMANTIC,CALCULATION,§10 Regulatory KZ calculations,Регуляторный элемент: КДД ≠ КДН; Официальная семантика: После №92 КДД считается отдельно по видам/совокупно для мониторинга; в debt включается использованный кредитный лимит. Утверждение research о 10% неиспользованной части относится к прежней редакции и не действует в срезе 23.08.2026.; CASA 1.0 gap: КДД не входит в executable M06 1.0 и не подменяет КДН.,Регуляторный элемент: КДД ≠ КДН; Официальная семантика: После №92 КДД считается отдельно по видам/совокупно для мониторинга; в debt включается использованный кредитный лимит. Утверждение research о 10% неиспользованной части относится к прежней редакции и не действует в срезе 23.08.2026.; CASA 1.0 gap: КДД не входит в executable M06 1.0 и не подменяет КДН.,,,,,M06_CASA_Pro_Calculation_Engine_Production_Spec_v1.4,1.4,§10 Regulatory KZ calculations,SRC-DOC-M06-P-00147,,,,MULTI_LAYER,,,,,Canonicalized from 1 candidate row(s); source text preserved in 10_SOURCE_EXTRACTS.csv.
M06-CAN-0025,m06.current_1_0.product_semantic.90d2f25a5e592ecf,1.0,CURRENT_1_0,M06,Расчётный движок,PRODUCT_SEMANTIC,CALCULATION,§11 КДН — отдельный нормативный разбор,"Вопрос: Кому адресована?; Вывод M06 v1.4: Банкам и филиалам банков-нерезидентов РК при решениях, перечисленных в НПА. Это не свободная CASA-neutral метрика.","Вопрос: Кому адресована?; Вывод M06 v1.4: Банкам и филиалам банков-нерезидентов РК при решениях, перечисленных в НПА. Это не свободная CASA-neutral метрика.",,,,,M06_CASA_Pro_Calculation_Engine_Production_Spec_v1.4,1.4,§11 КДН — отдельный нормативный разбор,SRC-DOC-M06-P-00153,,,,MULTI_LAYER,,,,,Canonicalized from 1 candidate row(s); source text preserved in 10_SOURCE_EXTRACTS.csv.
M06-CAN-0026,m06.current_1_0.boundary.2daa8f03dafd0477,1.0,CURRENT_1_0,M06,Расчётный движок,BOUNDARY,FUTURE_BOUNDARY,§11 КДН — отдельный нормативный разбор,"Вопрос: Какие обязательства?; Вывод M06 v1.4: Непогашенные займы, arrears и новая задолженность по специальной regulatory semantics. Для кредитной карточки PNZ_i = 10% использованного кредитного лимита; неиспользованная часть не входит в KDN card payment.","Вопрос: Какие обязательства?; Вывод M06 v1.4: Непогашенные займы, arrears и новая задолженность по специальной regulatory semantics. Для кредитной карточки PNZ_i = 10% использованного кредитного лимита; неиспользованная часть не входит в KDN card payment.",,,,,M06_CASA_Pro_Calculation_Engine_Production_Spec_v1.4,1.4,§11 КДН — отдельный нормативный разбор,SRC-DOC-M06-P-00154,,,,MULTI_LAYER,,,,,Canonicalized from 1 candidate row(s); source text preserved in 10_SOURCE_EXTRACTS.csv.
M06-CAN-0027,m06.current_1_0.boundary.ad8c8194e8a54565,1.0,CURRENT_1_0,M06,Расчётный движок,BOUNDARY,FORBIDDEN,§11 КДН — отдельный нормативный разбор,Вопрос: Созaёмщики?; Вывод M06 v1.4: Проверенный источник не даёт M06 contract на автоматическое сложение participant incomes. Spouse/co-borrower income aggregation запрещена без отдельного approved rule.,,Вопрос: Созaёмщики?; Вывод M06 v1.4: Проверенный источник не даёт M06 contract на автоматическое сложение participant incomes. Spouse/co-borrower income aggregation запрещена без отдельного approved rule.,,,,M06_CASA_Pro_Calculation_Engine_Production_Spec_v1.4,1.4,§11 КДН — отдельный нормативный разбор,SRC-DOC-M06-P-00156,,,,MULTI_LAYER,,,,,Canonicalized from 1 candidate row(s); source text preserved in 10_SOURCE_EXTRACTS.csv.
M06-CAN-0028,m06.current_1_0.product_semantic.53eaf636925b9973,1.0,CURRENT_1_0,M06,Расчётный движок,PRODUCT_SEMANTIC,STATE,§11 КДН — отдельный нормативный разбор,Вопрос: Threshold — часть formula?; Вывод M06 v1.4: Нет. На 23.08.2026 действующий общий max 0.5 задаёт пункт 36 №52. Будущее правило подпункта 2) пункта 44 №86 для DPD >90 за последние 12 месяцев имеет effective_from=2027-07-01 и status=FUTURE_REGULATORY_RULE / NOT_YET_EFFECTIVE; оно не применяется на текущем срезе и не меняет арифметику KDN.,Вопрос: Threshold — часть formula?; Вывод M06 v1.4: Нет. На 23.08.2026 действующий общий max 0.5 задаёт пункт 36 №52. Будущее правило подпункта 2) пункта 44 №86 для DPD >90 за последние 12 месяцев имеет effective_from=2027-07-01 и status=FUTURE_REGULATORY_RULE / NOT_YET_EFFECTIVE; оно не применяется на текущем срезе и не меняет арифметику KDN.,,,,,M06_CASA_Pro_Calculation_Engine_Production_Spec_v1.4,1.4,§11 КДН — отдельный нормативный разбор,SRC-DOC-M06-P-00157,,,,MULTI_LAYER,,,,,Canonicalized from 1 candidate row(s); source text preserved in 10_SOURCE_EXTRACTS.csv.
M06-CAN-0029,m06.current_1_0.product_semantic.6749c5591d5448f5,1.0,CURRENT_1_0,M06,Расчётный движок,PRODUCT_SEMANTIC,BUSINESS_RULE,§11 КДН — отдельный нормативный разбор,Вопрос: КДД?; Вывод M06 v1.4: Отдельный мониторинговый показатель. В редакции №92 включает использованный кредитный лимит; прежние 10% неиспользованной части исключены. КДД не реализуется и не показывается как КДН.,Вопрос: КДД?; Вывод M06 v1.4: Отдельный мониторинговый показатель. В редакции №92 включает использованный кредитный лимит; прежние 10% неиспользованной части исключены. КДД не реализуется и не показывается как КДН.,,,,,M06_CASA_Pro_Calculation_Engine_Production_Spec_v1.4,1.4,§11 КДН — отдельный нормативный разбор,SRC-DOC-M06-P-00158,,,,MULTI_LAYER,,,,,Canonicalized from 1 candidate row(s); source text preserved in 10_SOURCE_EXTRACTS.csv.
M06-CAN-0030,m06.current_1_0.product_semantic.b455493c47e89e8a,1.0,CURRENT_1_0,M06,Расчётный движок,PRODUCT_SEMANTIC,BUSINESS_RULE,§11 КДН — отдельный нормативный разбор,Вопрос: UNKNOWN?; Вывод M06 v1.4: Любой отсутствующий PNZ/PP/PZ/D или обязательный applicability input → value=null; REGULATORY_INPUT_REQUIRED. Не partial ratio.,Вопрос: UNKNOWN?; Вывод M06 v1.4: Любой отсутствующий PNZ/PP/PZ/D или обязательный applicability input → value=null; REGULATORY_INPUT_REQUIRED. Не partial ratio.,,,,UNKNOWN,M06_CASA_Pro_Calculation_Engine_Production_Spec_v1.4,1.4,§11 КДН — отдельный нормативный разбор,SRC-DOC-M06-P-00159,,,,MULTI_LAYER,,,,,Canonicalized from 1 candidate row(s); source text preserved in 10_SOURCE_EXTRACTS.csv.
M06-CAN-0031,m06.current_1_0.product_semantic.24212a51235edfad,1.0,CURRENT_1_0,M06,Расчётный движок,PRODUCT_SEMANTIC,FORMULA,§11 КДН — отдельный нормативный разбор,Вопрос: Можно ли посчитать CASA 1.0?; Вывод M06 v1.4: Нет. Approved upstream не поставляет точные regulatory PNZ/PP/PZ/D. REG-F-001 остаётся DISABLED.,Вопрос: Можно ли посчитать CASA 1.0?; Вывод M06 v1.4: Нет. Approved upstream не поставляет точные regulatory PNZ/PP/PZ/D. REG-F-001 остаётся DISABLED.,,,,DISABLED,M06_CASA_Pro_Calculation_Engine_Production_Spec_v1.4,1.4,§11 КДН — отдельный нормативный разбор,SRC-DOC-M06-P-00160,REG-F-001,,,MULTI_LAYER,,,,,Canonicalized from 1 candidate row(s); source text preserved in 10_SOURCE_EXTRACTS.csv.
M06-CAN-0032,m06.current_1_0.product_semantic.711045f681dd52fd,1.0,CURRENT_1_0,M06,Расчётный движок,PRODUCT_SEMANTIC,CALCULATION,§11 КДН — отдельный нормативный разбор,Вопрос: Как UI показывает?; Вывод M06 v1.4: «КДН не рассчитан: для официального расчёта нужны входы и правила банка». Не «0%» и не demo percentage.,Вопрос: Как UI показывает?; Вывод M06 v1.4: «КДН не рассчитан: для официального расчёта нужны входы и правила банка». Не «0%» и не demo percentage.,,,,,M06_CASA_Pro_Calculation_Engine_Production_Spec_v1.4,1.4,§11 КДН — отдельный нормативный разбор,SRC-DOC-M06-P-00161,,,,FRONTEND,,,,,Canonicalized from 1 candidate row(s); source text preserved in 10_SOURCE_EXTRACTS.csv.
M06-CAN-0033,m06.current_1_0.product_semantic.51a22104407e4a33,1.0,CURRENT_1_0,M06,Расчётный движок,PRODUCT_SEMANTIC,FORMULA,§11 КДН — отдельный нормативный разбор,"РЕШЕНИЕ  В release 1.0 нет ни официального КДН, ни нового «CASA KDN». Действующий max 0.5, formula и card semantics сохраняются с нормативным контекстом; будущее правило 0.25 хранится отдельно с effective_from=2027-07-01 и не влияет на текущий результат. REG-F-001 остаётся DISABLED до exact PNZ/PP/PZ/D и applicability inputs. Visible 78,5% / 61,4% из demo не становятся доказанными.: РЕШЕНИЕ  В release 1.0 нет ни официального КДН, ни нового «CASA KDN». Действующий max 0.5, formula и card semantics сохраняются с нормативным контекстом; будущее правило 0.25 хранится отдельно с effective_from=2027-07-01 и не влияет на текущий результат. REG-F-001 остаётся DISABLED до exact PNZ/PP/PZ/D и applicability inputs. Visible 78,5% / 61,4% из demo не становятся доказанными.","РЕШЕНИЕ  В release 1.0 нет ни официального КДН, ни нового «CASA KDN». Действующий max 0.5, formula и card semantics сохраняются с нормативным контекстом; будущее правило 0.25 хранится отдельно с effective_from=2027-07-01 и не влияет на текущий результат. REG-F-001 остаётся DISABLED до exact PNZ/PP/PZ/D и applicability inputs. Visible 78,5% / 61,4% из demo не становятся доказанными.: РЕШЕНИЕ  В release 1.0 нет ни официального КДН, ни нового «CASA KDN». Действующий max 0.5, formula и card semantics сохраняются с нормативным контекстом; будущее правило 0.25 хранится отдельно с effective_from=2027-07-01 и не влияет на текущий результат. REG-F-001 остаётся DISABLED до exact PNZ/PP/PZ/D и applicability inputs. Visible 78,5% / 61,4% из demo не становятся доказанными.",,,,DISABLED,M06_CASA_Pro_Calculation_Engine_Production_Spec_v1.4,1.4,§11 КДН — отдельный нормативный разбор,SRC-DOC-M06-P-00162,REG-F-001,,,MULTI_LAYER,,,,,Canonicalized from 1 candidate row(s); source text preserved in 10_SOURCE_EXTRACTS.csv.
M06-CAN-0034,m06.current_1_0.product_semantic.2691479378190a8c,1.0,CURRENT_1_0,M06,Расчётный движок,PRODUCT_SEMANTIC,FORMULA,§12 Mortgage payment calculation,"Parameter: principal; Contract: Money KZT, Decimal(20,2), ≥0; обычно exact output CALC-F-001.","Parameter: principal; Contract: Money KZT, Decimal(20,2), ≥0; обычно exact output CALC-F-001.",,,,,M06_CASA_Pro_Calculation_Engine_Production_Spec_v1.4,1.4,§12 Mortgage payment calculation,SRC-DOC-M06-P-00166,CALC-F-001,,,MULTI_LAYER,,,,,Canonicalized from 1 candidate row(s); source text preserved in 10_SOURCE_EXTRACTS.csv.
M06-CAN-0035,m06.current_1_0.product_semantic.3a139ba1f7062bb2,1.0,CURRENT_1_0,M06,Расчётный движок,PRODUCT_SEMANTIC,CALCULATION,§12 Mortgage payment calculation,"Parameter: annual_nominal_rate_percent; Contract: Decimal(7,4), 0…100 inclusive for 1.0 validation; entered as 12.5000, never 0.125.","Parameter: annual_nominal_rate_percent; Contract: Decimal(7,4), 0…100 inclusive for 1.0 validation; entered as 12.5000, never 0.125.",,,,,M06_CASA_Pro_Calculation_Engine_Production_Spec_v1.4,1.4,§12 Mortgage payment calculation,SRC-DOC-M06-P-00167,,,,MULTI_LAYER,,,,,Canonicalized from 1 candidate row(s); source text preserved in 10_SOURCE_EXTRACTS.csv.
M06-CAN-0036,m06.current_1_0.product_semantic.c13058ba0348288a,1.0,CURRENT_1_0,M06,Расчётный движок,PRODUCT_SEMANTIC,CALCULATION,§12 Mortgage payment calculation,Parameter: monthly_rate; Contract: internal Decimal = annual_nominal_rate_percent / 100 / 12; not persisted as money.,Parameter: monthly_rate; Contract: internal Decimal = annual_nominal_rate_percent / 100 / 12; not persisted as money.,,,,,M06_CASA_Pro_Calculation_Engine_Production_Spec_v1.4,1.4,§12 Mortgage payment calculation,SRC-DOC-M06-P-00168,,,,MULTI_LAYER,,,,,Canonicalized from 1 candidate row(s); source text preserved in 10_SOURCE_EXTRACTS.csv.
M06-CAN-0037,m06.current_1_0.product_semantic.a45971064c4996da,1.0,CURRENT_1_0,M06,Расчётный движок,PRODUCT_SEMANTIC,CALCULATION,§12 Mortgage payment calculation,Parameter: term_months; Contract: Integer 1…1200. 0/negative/non-integer invalid.,Parameter: term_months; Contract: Integer 1…1200. 0/negative/non-integer invalid.,,,,,M06_CASA_Pro_Calculation_Engine_Production_Spec_v1.4,1.4,§12 Mortgage payment calculation,SRC-DOC-M06-P-00169,,,,MULTI_LAYER,,,,,Canonicalized from 1 candidate row(s); source text preserved in 10_SOURCE_EXTRACTS.csv.
M06-CAN-0038,m06.current_1_0.product_semantic.0076d9ea5a1114d1,1.0,CURRENT_1_0,M06,Расчётный движок,PRODUCT_SEMANTIC,CALCULATION,§12 Mortgage payment calculation,Parameter: payment_frequency; Contract: MONTHLY only. Other values INVALID_INPUT.,Parameter: payment_frequency; Contract: MONTHLY only. Other values INVALID_INPUT.,,,,,M06_CASA_Pro_Calculation_Engine_Production_Spec_v1.4,1.4,§12 Mortgage payment calculation,SRC-DOC-M06-P-00170,,,,MULTI_LAYER,,,,,Canonicalized from 1 candidate row(s); source text preserved in 10_SOURCE_EXTRACTS.csv.
M06-CAN-0039,m06.current_1_0.product_semantic.50afa6461a9c4ba9,1.0,CURRENT_1_0,M06,Расчётный движок,PRODUCT_SEMANTIC,CALCULATION,§12 Mortgage payment calculation,Parameter: zero-rate; Contract: M=P/n; separate branch avoids 0/0.,Parameter: zero-rate; Contract: M=P/n; separate branch avoids 0/0.,,,,ZERO,M06_CASA_Pro_Calculation_Engine_Production_Spec_v1.4,1.4,§12 Mortgage payment calculation,SRC-DOC-M06-P-00171,,,,MULTI_LAYER,,,,,Canonicalized from 1 candidate row(s); source text preserved in 10_SOURCE_EXTRACTS.csv.
M06-CAN-0040,m06.current_1_0.product_semantic.9b3abf12a2159301,1.0,CURRENT_1_0,M06,Расчётный движок,PRODUCT_SEMANTIC,CALCULATION,§12 Mortgage payment calculation,Parameter: zero-principal; Contract: M=0 for n>0 and valid rate.,Parameter: zero-principal; Contract: M=0 for n>0 and valid rate.,,,,ZERO,M06_CASA_Pro_Calculation_Engine_Production_Spec_v1.4,1.4,§12 Mortgage payment calculation,SRC-DOC-M06-P-00172,,,,MULTI_LAYER,,,,,Canonicalized from 1 candidate row(s); source text preserved in 10_SOURCE_EXTRACTS.csv.
M06-CAN-0041,m06.current_1_0.product_semantic.7035bbea5dd046a9,1.0,CURRENT_1_0,M06,Расчётный движок,PRODUCT_SEMANTIC,CALCULATION,§12 Mortgage payment calculation,Parameter: rounding; Contract: No intermediate quantization. Internal precision 50 significant decimal digits; persisted money scale 2 HALF_UP; display whole KZT HALF_UP.,Parameter: rounding; Contract: No intermediate quantization. Internal precision 50 significant decimal digits; persisted money scale 2 HALF_UP; display whole KZT HALF_UP.,,,,,M06_CASA_Pro_Calculation_Engine_Production_Spec_v1.4,1.4,§12 Mortgage payment calculation,SRC-DOC-M06-P-00173,,,,MULTI_LAYER,,,,,Canonicalized from 1 candidate row(s); source text preserved in 10_SOURCE_EXTRACTS.csv.
M06-CAN-0042,m06.current_1_0.product_semantic.973d3ed949a04548,1.0,CURRENT_1_0,M06,Расчётный движок,PRODUCT_SEMANTIC,CALCULATION,§12 Mortgage payment calculation,Parameter: label; Contract: «Расчётный ежемесячный платёж по заданным параметрам».,Parameter: label; Contract: «Расчётный ежемесячный платёж по заданным параметрам».,,,,,M06_CASA_Pro_Calculation_Engine_Production_Spec_v1.4,1.4,§12 Mortgage payment calculation,SRC-DOC-M06-P-00174,,,,MULTI_LAYER,,,,,Canonicalized from 1 candidate row(s); source text preserved in 10_SOURCE_EXTRACTS.csv.
M06-CAN-0043,m06.current_1_0.product_semantic.7284ea3ec0032b00,1.0,CURRENT_1_0,M06,Расчётный движок,PRODUCT_SEMANTIC,CALCULATION,§12 Mortgage payment calculation,"Parameter: disclaimer; Contract: «Не предложение банка. Не включает комиссии, страховки и иные платежи».","Parameter: disclaimer; Contract: «Не предложение банка. Не включает комиссии, страховки и иные платежи».",,,,,M06_CASA_Pro_Calculation_Engine_Production_Spec_v1.4,1.4,§12 Mortgage payment calculation,SRC-DOC-M06-P-00175,,,,MULTI_LAYER,,,,,Canonicalized from 1 candidate row(s); source text preserved in 10_SOURCE_EXTRACTS.csv.
M06-CAN-0044,m06.current_1_0.product_semantic.43847e7c7083503d,1.0,CURRENT_1_0,M06,Расчётный движок,PRODUCT_SEMANTIC,FORMULA,§12 Mortgage payment calculation,НЕ REGULATORY PZ  CALC-F-002 вычисляет contractual annuity primitive. Пункт 25 НПА определяет PZ иначе — через весь график и иные платежи. Поэтому CALC-F-002 не подставляется в официальный КДН.: НЕ REGULATORY PZ  CALC-F-002 вычисляет contractual annuity primitive. Пункт 25 НПА определяет PZ иначе — через весь график и иные платежи. Поэтому CALC-F-002 не подставляется в официальный КДН.,НЕ REGULATORY PZ  CALC-F-002 вычисляет contractual annuity primitive. Пункт 25 НПА определяет PZ иначе — через весь график и иные платежи. Поэтому CALC-F-002 не подставляется в официальный КДН.: НЕ REGULATORY PZ  CALC-F-002 вычисляет contractual annuity primitive. Пункт 25 НПА определяет PZ иначе — через весь график и иные платежи. Поэтому CALC-F-002 не подставляется в официальный КДН.,,,,,M06_CASA_Pro_Calculation_Engine_Production_Spec_v1.4,1.4,§12 Mortgage payment calculation,SRC-DOC-M06-P-00176,CALC-F-002,,,MULTI_LAYER,,,,,Canonicalized from 1 candidate row(s); source text preserved in 10_SOURCE_EXTRACTS.csv.
M06-CAN-0045,m06.current_1_0.product_semantic.25f9a1baf85a921b,1.0,CURRENT_1_0,M06,Расчётный движок,PRODUCT_SEMANTIC,FORMULA,§13 Financing amount / price / down payment boundary,"Значение: future down payment; Owner: M05 future_available_total; Влияние на CALC-F-001: Исключён из A_now; сохраняется в provenance, не используется.","Значение: future down payment; Owner: M05 future_available_total; Влияние на CALC-F-001: Исключён из A_now; сохраняется в provenance, не используется.",,,,,M06_CASA_Pro_Calculation_Engine_Production_Spec_v1.4,1.4,§13 Financing amount / price / down payment boundary,SRC-DOC-M06-P-00182,CALC-F-001,,,MULTI_LAYER,,,,,Canonicalized from 1 candidate row(s); source text preserved in 10_SOURCE_EXTRACTS.csv.
M06-CAN-0046,m06.current_1_0.product_semantic.02f798357cdc049c,1.0,CURRENT_1_0,M06,Расчётный движок,PRODUCT_SEMANTIC,FORMULA,§13 Financing amount / price / down payment boundary,"Значение: required financing; Owner: M06; Влияние на CALC-F-001: F=max(P−A_now,0).","Значение: required financing; Owner: M06; Влияние на CALC-F-001: F=max(P−A_now,0).",,,,,M06_CASA_Pro_Calculation_Engine_Production_Spec_v1.4,1.4,§13 Financing amount / price / down payment boundary,SRC-DOC-M06-P-00185,CALC-F-001,,,MULTI_LAYER,,,,,Canonicalized from 1 candidate row(s); source text preserved in 10_SOURCE_EXTRACTS.csv.
M06-CAN-0047,m06.current_1_0.product_semantic.8295488d0d332ee6,1.0,CURRENT_1_0,M06,Расчётный движок,PRODUCT_SEMANTIC,BUSINESS_RULE,§13 Financing amount / price / down payment boundary,"Если P или A_now UNKNOWN/BLANK/STALE/CONFLICT/BLOCKED, F=null. Если валюты различаются, CURRENCY_CONVERSION_POLICY_REQUIRED; текущий FX не запрашивается и conversion не выполняется.","Если P или A_now UNKNOWN/BLANK/STALE/CONFLICT/BLOCKED, F=null. Если валюты различаются, CURRENCY_CONVERSION_POLICY_REQUIRED; текущий FX не запрашивается и conversion не выполняется.",,,,UNKNOWN|BLANK|STALE|CONFLICT|BLOCKED,M06_CASA_Pro_Calculation_Engine_Production_Spec_v1.4,1.4,§13 Financing amount / price / down payment boundary,SRC-DOC-M06-P-00187,,,,MULTI_LAYER,,,,,Canonicalized from 1 candidate row(s); source text preserved in 10_SOURCE_EXTRACTS.csv.
M06-CAN-0048,m06.current_1_0.boundary.3f902a7aa2c28bf6,1.0,CURRENT_1_0,M06,Расчётный движок,BOUNDARY,FORBIDDEN,§15 Rejected / deferred calculations,Candidate: Bank accepted income; Decision: REJECTED 1.0; Reason / next owner: M05 запрещает; BANK_SPECIFIC_1_1.,,Candidate: Bank accepted income; Decision: REJECTED 1.0; Reason / next owner: M05 запрещает; BANK_SPECIFIC_1_1.,,,,M06_CASA_Pro_Calculation_Engine_Production_Spec_v1.4,1.4,§15 Rejected / deferred calculations,SRC-DOC-M06-P-00193,,,,MULTI_LAYER,,,,,Canonicalized from 1 candidate row(s); source text preserved in 10_SOURCE_EXTRACTS.csv.
M06-CAN-0049,m06.current_1_0.product_semantic.5a3514d25cd0677c,1.0,CURRENT_1_0,M06,Расчётный движок,PRODUCT_SEMANTIC,CALCULATION,§15 Rejected / deferred calculations,Candidate: KDD; Decision: DEFERRED / DISABLED; Reason / next owner: Отдельный regulatory monitoring metric в редакции №92; не требование executable CASA-neutral catalog 1.0.,Candidate: KDD; Decision: DEFERRED / DISABLED; Reason / next owner: Отдельный regulatory monitoring metric в редакции №92; не требование executable CASA-neutral catalog 1.0.,,,,DISABLED,M06_CASA_Pro_Calculation_Engine_Production_Spec_v1.4,1.4,§15 Rejected / deferred calculations,SRC-DOC-M06-P-00195,,,,MULTI_LAYER,,,,,Canonicalized from 1 candidate row(s); source text preserved in 10_SOURCE_EXTRACTS.csv.
M06-CAN-0050,m06.current_1_0.boundary.69b078fbb956c641,1.0,CURRENT_1_0,M06,Расчётный движок,BOUNDARY,FORBIDDEN,§15 Rejected / deferred calculations,Candidate: CASA KDN / debt ratio; Decision: REJECTED; Reason / next owner: Нельзя переименовать partial ratio в КДН.,,Candidate: CASA KDN / debt ratio; Decision: REJECTED; Reason / next owner: Нельзя переименовать partial ratio в КДН.,,,,M06_CASA_Pro_Calculation_Engine_Production_Spec_v1.4,1.4,§15 Rejected / deferred calculations,SRC-DOC-M06-P-00196,,,,MULTI_LAYER,,,,,Canonicalized from 1 candidate row(s); source text preserved in 10_SOURCE_EXTRACTS.csv.
M06-CAN-0051,m06.current_1_0.product_semantic.4f174a1fbd05915a,1.0,CURRENT_1_0,M06,Расчётный движок,PRODUCT_SEMANTIC,CALCULATION,§15 Rejected / deferred calculations,Candidate: DTI / DSR; Decision: REJECTED / AMBIGUOUS; Reason / next owner: No CASA 1.0 requirement; risks duplicate regulatory metric.,Candidate: DTI / DSR; Decision: REJECTED / AMBIGUOUS; Reason / next owner: No CASA 1.0 requirement; risks duplicate regulatory metric.,,,,,M06_CASA_Pro_Calculation_Engine_Production_Spec_v1.4,1.4,§15 Rejected / deferred calculations,SRC-DOC-M06-P-00198,,,,MULTI_LAYER,,,,,Canonicalized from 1 candidate row(s); source text preserved in 10_SOURCE_EXTRACTS.csv.
M06-CAN-0052,m06.current_1_0.product_semantic.7e1cda95799c4016,1.0,CURRENT_1_0,M06,Расчётный движок,PRODUCT_SEMANTIC,CALCULATION,§15 Rejected / deferred calculations,Candidate: Maximum mortgage / affordable payment; Decision: BANK_RULE_REQUIRED; Reason / next owner: Requires bank income/threshold/rate/program.,Candidate: Maximum mortgage / affordable payment; Decision: BANK_RULE_REQUIRED; Reason / next owner: Requires bank income/threshold/rate/program.,,,,,M06_CASA_Pro_Calculation_Engine_Production_Spec_v1.4,1.4,§15 Rejected / deferred calculations,SRC-DOC-M06-P-00199,,,,MULTI_LAYER,,,,,Canonicalized from 1 candidate row(s); source text preserved in 10_SOURCE_EXTRACTS.csv.
M06-CAN-0053,m06.current_1_0.product_semantic.13219fed51fcebeb,1.0,CURRENT_1_0,M06,Расчётный движок,PRODUCT_SEMANTIC,CALCULATION,§15 Rejected / deferred calculations,Candidate: Property card payment/KDN; Decision: FUTURE; Reason / next owner: Requires property/bank/scenario layers.,Candidate: Property card payment/KDN; Decision: FUTURE; Reason / next owner: Requires property/bank/scenario layers.,,,,,M06_CASA_Pro_Calculation_Engine_Production_Spec_v1.4,1.4,§15 Rejected / deferred calculations,SRC-DOC-M06-P-00202,,,,MULTI_LAYER,,,,,Canonicalized from 1 candidate row(s); source text preserved in 10_SOURCE_EXTRACTS.csv.
M06-CAN-0054,m06.current_1_0.product_semantic.3680efbcfee9bbb9,1.0,CURRENT_1_0,M06,Расчётный движок,PRODUCT_SEMANTIC,STATE,§16 UNKNOWN / zero / blank / NA,Input state: MISSING; Numeric use: Нет; Result status: BLOCKED; Human reason: «Не хватает обязательного входа: {label}».,Input state: MISSING; Numeric use: Нет; Result status: BLOCKED; Human reason: «Не хватает обязательного входа: {label}».,,,,BLOCKED,M06_CASA_Pro_Calculation_Engine_Production_Spec_v1.4,1.4,§16 UNKNOWN / zero / blank / NA,SRC-DOC-M06-P-00206,,,,MULTI_LAYER,,,,,Canonicalized from 1 candidate row(s); source text preserved in 10_SOURCE_EXTRACTS.csv.
M06-CAN-0055,m06.current_1_0.product_semantic.8944f84c4934b9a4,1.0,CURRENT_1_0,M06,Расчётный движок,PRODUCT_SEMANTIC,STATE,§16 UNKNOWN / zero / blank / NA,Input state: BLANK; Numeric use: Нет; Result status: BLOCKED; Human reason: «Поле не заполнено». Blank не 0.,Input state: BLANK; Numeric use: Нет; Result status: BLOCKED; Human reason: «Поле не заполнено». Blank не 0.,,,,BLANK|BLOCKED,M06_CASA_Pro_Calculation_Engine_Production_Spec_v1.4,1.4,§16 UNKNOWN / zero / blank / NA,SRC-DOC-M06-P-00207,,,,MULTI_LAYER,,,,,Canonicalized from 1 candidate row(s); source text preserved in 10_SOURCE_EXTRACTS.csv.
M06-CAN-0056,m06.current_1_0.product_semantic.e042f05e0d9213c1,1.0,CURRENT_1_0,M06,Расчётный движок,PRODUCT_SEMANTIC,STATE,§16 UNKNOWN / zero / blank / NA,Input state: UNKNOWN; Numeric use: Нет; Result status: BLOCKED; Human reason: «Значение неизвестно».,Input state: UNKNOWN; Numeric use: Нет; Result status: BLOCKED; Human reason: «Значение неизвестно».,,,,UNKNOWN|BLOCKED,M06_CASA_Pro_Calculation_Engine_Production_Spec_v1.4,1.4,§16 UNKNOWN / zero / blank / NA,SRC-DOC-M06-P-00208,,,,MULTI_LAYER,,,,,Canonicalized from 1 candidate row(s); source text preserved in 10_SOURCE_EXTRACTS.csv.
M06-CAN-0057,m06.current_1_0.product_semantic.1305f500b8e90e78,1.0,CURRENT_1_0,M06,Расчётный движок,PRODUCT_SEMANTIC,STATE,§16 UNKNOWN / zero / blank / NA,Input state: STALE; Numeric use: Нет; Result status: BLOCKED; Human reason: «Входные данные устарели; обновите источник».,Input state: STALE; Numeric use: Нет; Result status: BLOCKED; Human reason: «Входные данные устарели; обновите источник».,,,,STALE|BLOCKED,M06_CASA_Pro_Calculation_Engine_Production_Spec_v1.4,1.4,§16 UNKNOWN / zero / blank / NA,SRC-DOC-M06-P-00211,,,,MULTI_LAYER,,,,,Canonicalized from 1 candidate row(s); source text preserved in 10_SOURCE_EXTRACTS.csv.
M06-CAN-0058,m06.current_1_0.product_semantic.2f96db5de2585008,1.0,CURRENT_1_0,M06,Расчётный движок,PRODUCT_SEMANTIC,STATE,§16 UNKNOWN / zero / blank / NA,Input state: CONFLICT; Numeric use: Нет; Result status: BLOCKED; Human reason: «Есть расхождение между источниками».,Input state: CONFLICT; Numeric use: Нет; Result status: BLOCKED; Human reason: «Есть расхождение между источниками».,,,,CONFLICT|BLOCKED,M06_CASA_Pro_Calculation_Engine_Production_Spec_v1.4,1.4,§16 UNKNOWN / zero / blank / NA,SRC-DOC-M06-P-00212,,,,MULTI_LAYER,,,,,Canonicalized from 1 candidate row(s); source text preserved in 10_SOURCE_EXTRACTS.csv.
M06-CAN-0059,m06.current_1_0.product_semantic.ed489b237807930c,1.0,CURRENT_1_0,M06,Расчётный движок,PRODUCT_SEMANTIC,STATE,§16 UNKNOWN / zero / blank / NA,Input state: BLOCKED upstream; Numeric use: Нет; Result status: BLOCKED; Human reason: Причина и blocking_input_refs наследуются.,Input state: BLOCKED upstream; Numeric use: Нет; Result status: BLOCKED; Human reason: Причина и blocking_input_refs наследуются.,,,,BLOCKED,M06_CASA_Pro_Calculation_Engine_Production_Spec_v1.4,1.4,§16 UNKNOWN / zero / blank / NA,SRC-DOC-M06-P-00213,,,,MULTI_LAYER,,,,,Canonicalized from 1 candidate row(s); source text preserved in 10_SOURCE_EXTRACTS.csv.
M06-CAN-0060,m06.current_1_0.product_semantic.0defa799e1630c54,1.0,CURRENT_1_0,M06,Расчётный движок,PRODUCT_SEMANTIC,STATE,§16 UNKNOWN / zero / blank / NA,Input state: DECLARED value; Numeric use: Да; Result status: COMPLETED_WITH_LIMITATIONS; Human reason: «Расчёт по данным со слов клиента».,Input state: DECLARED value; Numeric use: Да; Result status: COMPLETED_WITH_LIMITATIONS; Human reason: «Расчёт по данным со слов клиента».,,,,DECLARED,M06_CASA_Pro_Calculation_Engine_Production_Spec_v1.4,1.4,§16 UNKNOWN / zero / blank / NA,SRC-DOC-M06-P-00214,,,,MULTI_LAYER,,,,,Canonicalized from 1 candidate row(s); source text preserved in 10_SOURCE_EXTRACTS.csv.
M06-CAN-0061,m06.current_1_0.product_semantic.7bd5590c92e711dc,1.0,CURRENT_1_0,M06,Расчётный движок,PRODUCT_SEMANTIC,STATE,§16 UNKNOWN / zero / blank / NA,Input state: VERIFIED/CONFIRMED; Numeric use: Да; Result status: COMPLETED; Human reason: «Рассчитано по подтверждённым входам».,Input state: VERIFIED/CONFIRMED; Numeric use: Да; Result status: COMPLETED; Human reason: «Рассчитано по подтверждённым входам».,,,,VERIFIED|CONFIRMED,M06_CASA_Pro_Calculation_Engine_Production_Spec_v1.4,1.4,§16 UNKNOWN / zero / blank / NA,SRC-DOC-M06-P-00216,,,,MULTI_LAYER,,,,,Canonicalized from 1 candidate row(s); source text preserved in 10_SOURCE_EXTRACTS.csv.
M06-CAN-0062,m06.current_1_0.product_semantic.cc18992014bb66e2,1.0,CURRENT_1_0,M06,Расчётный движок,PRODUCT_SEMANTIC,FORMULA,§16 UNKNOWN / zero / blank / NA,"NO SILENT PARTIAL SUM  Если обязательный input не пригоден, formula не использует остальные inputs для «примерного» результата. value=null и blocker обязательны.: NO SILENT PARTIAL SUM  Если обязательный input не пригоден, formula не использует остальные inputs для «примерного» результата. value=null и blocker обязательны.","NO SILENT PARTIAL SUM  Если обязательный input не пригоден, formula не использует остальные inputs для «примерного» результата. value=null и blocker обязательны.: NO SILENT PARTIAL SUM  Если обязательный input не пригоден, formula не использует остальные inputs для «примерного» результата. value=null и blocker обязательны.",,,,,M06_CASA_Pro_Calculation_Engine_Production_Spec_v1.4,1.4,§16 UNKNOWN / zero / blank / NA,SRC-DOC-M06-P-00217,,,,MULTI_LAYER,,,,,Canonicalized from 1 candidate row(s); source text preserved in 10_SOURCE_EXTRACTS.csv.
M06-CAN-0063,m06.current_1_0.product_semantic.0639e7d4db50b56e,1.0,CURRENT_1_0,M06,Расчётный движок,PRODUCT_SEMANTIC,STATE,§16 UNKNOWN / zero / blank / NA,"Input state: 0; Numeric use: Да, если domain допускает; Result status: COMPLETED / limitation inherited; Human reason: Явный ноль сохраняется как число.","Input state: 0; Numeric use: Да, если domain допускает; Result status: COMPLETED / limitation inherited; Human reason: Явный ноль сохраняется как число.",,,,,M06_CASA_Pro_Calculation_Engine_Production_Spec_v1.4|M06_CASA_Pro_Calculation_Engine_Implementation_and_Acceptance_v1.1,1.4|1.1,§16 UNKNOWN / zero / blank / NA|§11 State engine,SRC-DOC-M06-P-00209|SRC-DOC-M06-I-00154,,,,MULTI_LAYER|FRONTEND,,,,,Canonicalized from 2 candidate row(s); source text preserved in 10_SOURCE_EXTRACTS.csv.
M06-CAN-0064,m06.current_1_0.product_semantic.9acdaff9147202b2,1.0,CURRENT_1_0,M06,Расчётный движок,PRODUCT_SEMANTIC,STATE,§16 UNKNOWN / zero / blank / NA,Input state: NOT_APPLICABLE; Numeric use: Нет; Result status: NOT_APPLICABLE; Human reason: «Расчёт не применяется к текущему случаю».,Input state: NOT_APPLICABLE; Numeric use: Нет; Result status: NOT_APPLICABLE; Human reason: «Расчёт не применяется к текущему случаю».,,,,NOT_APPLICABLE,M06_CASA_Pro_Calculation_Engine_Production_Spec_v1.4|M06_CASA_Pro_Calculation_Engine_Implementation_and_Acceptance_v1.1,1.4|1.1,§16 UNKNOWN / zero / blank / NA|§11 State engine,SRC-DOC-M06-P-00210|SRC-DOC-M06-I-00153,,,,MULTI_LAYER|FRONTEND,,,,,Canonicalized from 2 candidate row(s); source text preserved in 10_SOURCE_EXTRACTS.csv.
M06-CAN-0065,m06.current_1_0.product_semantic.43c03dde5332d7e0,1.0,CURRENT_1_0,M06,Расчётный движок,PRODUCT_SEMANTIC,STATE,§16 UNKNOWN / zero / blank / NA,Input state: EVIDENCE_REQUESTED value; Numeric use: Да; Result status: COMPLETED_WITH_LIMITATIONS; Human reason: «Нужно подтверждение входного значения».,Input state: EVIDENCE_REQUESTED value; Numeric use: Да; Result status: COMPLETED_WITH_LIMITATIONS; Human reason: «Нужно подтверждение входного значения».,,,,,M06_CASA_Pro_Calculation_Engine_Production_Spec_v1.4|M06_CASA_Pro_Calculation_Engine_Implementation_and_Acceptance_v1.1,1.4|1.1,§16 UNKNOWN / zero / blank / NA|§11 State engine,SRC-DOC-M06-P-00215|SRC-DOC-M06-I-00156,,,,MULTI_LAYER|FRONTEND,,,,,Canonicalized from 2 candidate row(s); source text preserved in 10_SOURCE_EXTRACTS.csv.
M06-CAN-0066,m06.current_1_0.product_semantic.e190428ff7503e74,1.0,CURRENT_1_0,M06,Расчётный движок,PRODUCT_SEMANTIC,BUSINESS_RULE,§17 Units / currencies,Type: Currency mismatch; Canonical representation: value=null; Rules: CURRENCY_CONVERSION_POLICY_REQUIRED; no live FX lookup.,Type: Currency mismatch; Canonical representation: value=null; Rules: CURRENCY_CONVERSION_POLICY_REQUIRED; no live FX lookup.,,,,,M06_CASA_Pro_Calculation_Engine_Production_Spec_v1.4,1.4,§17 Units / currencies,SRC-DOC-M06-P-00226,,,,MULTI_LAYER,,,,,Canonicalized from 1 candidate row(s); source text preserved in 10_SOURCE_EXTRACTS.csv.
M06-CAN-0067,m06.current_1_0.product_semantic.9c179f96a9ce6331,1.0,CURRENT_1_0,M06,Расчётный движок,PRODUCT_SEMANTIC,BUSINESS_RULE,§18 Precision / rounding,Stage: decimal_context_version; Policy: casa.decimal_context/p50-half-even__money-half-up/1.0.0; names internal p50/HALF_EVEN and final money HALF_UP policy.,Stage: decimal_context_version; Policy: casa.decimal_context/p50-half-even__money-half-up/1.0.0; names internal p50/HALF_EVEN and final money HALF_UP policy.,,,,,M06_CASA_Pro_Calculation_Engine_Production_Spec_v1.4|M06_CASA_Pro_Calculation_Engine_Implementation_and_Acceptance_v1.1,1.4|1.1,§18 Precision / rounding|§12 Decimal / rounding,SRC-DOC-M06-P-00234|SRC-DOC-M06-I-00171,,,,MULTI_LAYER,,,,,Canonicalized from 2 candidate row(s); source text preserved in 10_SOURCE_EXTRACTS.csv.
M06-CAN-0068,m06.current_1_0.product_semantic.174d00aeea67e30b,1.0,CURRENT_1_0,M06,Расчётный движок,PRODUCT_SEMANTIC,API,§19 Errors,Code (Dev/QA): MISSING_INPUT; Trigger: Required field absent; API result: value=null; BLOCKED; refs; Broker text: Не хватает данных для расчёта.,Code (Dev/QA): MISSING_INPUT; Trigger: Required field absent; API result: value=null; BLOCKED; refs; Broker text: Не хватает данных для расчёта.,,,,BLOCKED,M06_CASA_Pro_Calculation_Engine_Production_Spec_v1.4,1.4,§19 Errors,SRC-DOC-M06-P-00239,,,,BACKEND|FRONTEND|DATA|QA,,,,,Canonicalized from 1 candidate row(s); source text preserved in 10_SOURCE_EXTRACTS.csv.
M06-CAN-0069,m06.current_1_0.product_semantic.4fa25c86a09ac95e,1.0,CURRENT_1_0,M06,Расчётный движок,PRODUCT_SEMANTIC,API,§19 Errors,Code (Dev/QA): UNKNOWN_INPUT; Trigger: UNKNOWN/BLANK; API result: value=null; BLOCKED; Broker text: Значение неизвестно или не заполнено.,Code (Dev/QA): UNKNOWN_INPUT; Trigger: UNKNOWN/BLANK; API result: value=null; BLOCKED; Broker text: Значение неизвестно или не заполнено.,,,,UNKNOWN|BLANK|BLOCKED,M06_CASA_Pro_Calculation_Engine_Production_Spec_v1.4,1.4,§19 Errors,SRC-DOC-M06-P-00240,,,,BACKEND|FRONTEND|QA,,,,,Canonicalized from 1 candidate row(s); source text preserved in 10_SOURCE_EXTRACTS.csv.
M06-CAN-0070,m06.current_1_0.product_semantic.ec51e57995eebc7e,1.0,CURRENT_1_0,M06,Расчётный движок,PRODUCT_SEMANTIC,API,§19 Errors,Code (Dev/QA): STALE_INPUT; Trigger: Required source stale; API result: value=null; BLOCKED; Broker text: Обновите устаревшие данные.,Code (Dev/QA): STALE_INPUT; Trigger: Required source stale; API result: value=null; BLOCKED; Broker text: Обновите устаревшие данные.,,,,STALE|BLOCKED,M06_CASA_Pro_Calculation_Engine_Production_Spec_v1.4,1.4,§19 Errors,SRC-DOC-M06-P-00241,,,,BACKEND|FRONTEND|QA,,,,,Canonicalized from 1 candidate row(s); source text preserved in 10_SOURCE_EXTRACTS.csv.
M06-CAN-0071,m06.current_1_0.product_semantic.62705c27254da191,1.0,CURRENT_1_0,M06,Расчётный движок,PRODUCT_SEMANTIC,API,§19 Errors,Code (Dev/QA): CONFLICTING_INPUT; Trigger: Required source conflict; API result: value=null; BLOCKED; Broker text: Сначала устраните расхождение.,Code (Dev/QA): CONFLICTING_INPUT; Trigger: Required source conflict; API result: value=null; BLOCKED; Broker text: Сначала устраните расхождение.,,,,CONFLICT|BLOCKED,M06_CASA_Pro_Calculation_Engine_Production_Spec_v1.4,1.4,§19 Errors,SRC-DOC-M06-P-00242,,,,BACKEND|FRONTEND|QA,,,,,Canonicalized from 1 candidate row(s); source text preserved in 10_SOURCE_EXTRACTS.csv.
M06-CAN-0072,m06.current_1_0.product_semantic.e8f220eef58c01e4,1.0,CURRENT_1_0,M06,Расчётный движок,PRODUCT_SEMANTIC,API,§19 Errors,Code (Dev/QA): CURRENCY_MISMATCH; Trigger: Currencies differ; API result: value=null; BLOCKED; Broker text: Нет утверждённого пересчёта валют.,Code (Dev/QA): CURRENCY_MISMATCH; Trigger: Currencies differ; API result: value=null; BLOCKED; Broker text: Нет утверждённого пересчёта валют.,,,,BLOCKED,M06_CASA_Pro_Calculation_Engine_Production_Spec_v1.4,1.4,§19 Errors,SRC-DOC-M06-P-00243,,,,BACKEND|FRONTEND|QA,,,,,Canonicalized from 1 candidate row(s); source text preserved in 10_SOURCE_EXTRACTS.csv.
M06-CAN-0073,m06.current_1_0.product_semantic.a72dae63645ed351,1.0,CURRENT_1_0,M06,Расчётный движок,PRODUCT_SEMANTIC,API,§19 Errors,Code (Dev/QA): INVALID_RATE; Trigger: a<0 or a>100; API result: value=null; INVALID_INPUT; Broker text: Проверьте годовую ставку-параметр.,Code (Dev/QA): INVALID_RATE; Trigger: a<0 or a>100; API result: value=null; INVALID_INPUT; Broker text: Проверьте годовую ставку-параметр.,,,,,M06_CASA_Pro_Calculation_Engine_Production_Spec_v1.4,1.4,§19 Errors,SRC-DOC-M06-P-00246,,,,BACKEND|FRONTEND|QA,,,,,Canonicalized from 1 candidate row(s); source text preserved in 10_SOURCE_EXTRACTS.csv.
M06-CAN-0074,m06.current_1_0.product_semantic.700de140b12a6a39,1.0,CURRENT_1_0,M06,Расчётный движок,PRODUCT_SEMANTIC,API,§19 Errors,Code (Dev/QA): REGULATORY_INPUT_REQUIRED; Trigger: KDN requested; API result: value=null; DISABLED; Broker text: КДН не рассчитан: нужны нормативные входы/правила банка.,Code (Dev/QA): REGULATORY_INPUT_REQUIRED; Trigger: KDN requested; API result: value=null; DISABLED; Broker text: КДН не рассчитан: нужны нормативные входы/правила банка.,,,,DISABLED,M06_CASA_Pro_Calculation_Engine_Production_Spec_v1.4,1.4,§19 Errors,SRC-DOC-M06-P-00248,,,,BACKEND|FRONTEND|QA,,,,,Canonicalized from 1 candidate row(s); source text preserved in 10_SOURCE_EXTRACTS.csv.
M06-CAN-0075,m06.current_1_0.product_semantic.71720d700f5cec67,1.0,CURRENT_1_0,M06,Расчётный движок,PRODUCT_SEMANTIC,API,§19 Errors,Code (Dev/QA): ENGINE_ERROR; Trigger: Unexpected deterministic failure; API result: value=null; FAILED; trace_id no PII; Broker text: Результат не рассчитан. Повторите или обратитесь в поддержку.,Code (Dev/QA): ENGINE_ERROR; Trigger: Unexpected deterministic failure; API result: value=null; FAILED; trace_id no PII; Broker text: Результат не рассчитан. Повторите или обратитесь в поддержку.,,,,,M06_CASA_Pro_Calculation_Engine_Production_Spec_v1.4,1.4,§19 Errors,SRC-DOC-M06-P-00249,,,,BACKEND|FRONTEND|QA|SECURITY,,,,,Canonicalized from 1 candidate row(s); source text preserved in 10_SOURCE_EXTRACTS.csv.
M06-CAN-0076,m06.current_1_0.product_semantic.2b5ed1af5514e505,1.0,CURRENT_1_0,M06,Расчётный движок,PRODUCT_SEMANTIC,API,§19 Errors,Code (Dev/QA): NEGATIVE_AMOUNT; Trigger: Money <0; API result: value=null; INVALID_INPUT; Broker text: Сумма не может быть отрицательной.,Code (Dev/QA): NEGATIVE_AMOUNT; Trigger: Money <0; API result: value=null; INVALID_INPUT; Broker text: Сумма не может быть отрицательной.,,,,,M06_CASA_Pro_Calculation_Engine_Production_Spec_v1.4|M06_CASA_Pro_Calculation_Engine_Implementation_and_Acceptance_v1.1,1.4|1.1,§19 Errors|§14 Errors and human messages,SRC-DOC-M06-P-00244|SRC-DOC-M06-I-00189,,,,BACKEND|FRONTEND|QA|DATA,,,,,Canonicalized from 2 candidate row(s); source text preserved in 10_SOURCE_EXTRACTS.csv.
M06-CAN-0077,m06.current_1_0.product_semantic.f27612e238a34964,1.0,CURRENT_1_0,M06,Расчётный движок,PRODUCT_SEMANTIC,API,§19 Errors,Code (Dev/QA): INVALID_TERM; Trigger: n≤0 or n>1200; API result: value=null; INVALID_INPUT; Broker text: Проверьте срок в месяцах.,Code (Dev/QA): INVALID_TERM; Trigger: n≤0 or n>1200; API result: value=null; INVALID_INPUT; Broker text: Проверьте срок в месяцах.,,,,,M06_CASA_Pro_Calculation_Engine_Production_Spec_v1.4|M06_CASA_Pro_Calculation_Engine_Implementation_and_Acceptance_v1.1,1.4|1.1,§19 Errors|§14 Errors and human messages,SRC-DOC-M06-P-00245|SRC-DOC-M06-I-00190,,,,BACKEND|FRONTEND|QA|DATA,,,,,Canonicalized from 2 candidate row(s); source text preserved in 10_SOURCE_EXTRACTS.csv.
M06-CAN-0078,m06.current_1_0.product_semantic.993674a8f463e727,1.0,CURRENT_1_0,M06,Расчётный движок,PRODUCT_SEMANTIC,API,§19 Errors,Code (Dev/QA): UNSUPPORTED_FREQUENCY; Trigger: not MONTHLY; API result: value=null; INVALID_INPUT; Broker text: Поддерживается только ежемесячный платёж.,Code (Dev/QA): UNSUPPORTED_FREQUENCY; Trigger: not MONTHLY; API result: value=null; INVALID_INPUT; Broker text: Поддерживается только ежемесячный платёж.,,,,,M06_CASA_Pro_Calculation_Engine_Production_Spec_v1.4|M06_CASA_Pro_Calculation_Engine_Implementation_and_Acceptance_v1.1,1.4|1.1,§19 Errors|§14 Errors and human messages,SRC-DOC-M06-P-00247|SRC-DOC-M06-I-00192,,,,BACKEND|FRONTEND|QA|DATA,,,,,Canonicalized from 2 candidate row(s); source text preserved in 10_SOURCE_EXTRACTS.csv.
M06-CAN-0079,m06.current_1_0.product_semantic.70722acca9f1a843,1.0,CURRENT_1_0,M06,Расчётный движок,PRODUCT_SEMANTIC,BUSINESS_RULE,§2 Назначение M06,"M06 выполняет только утверждённые математические преобразования над уже опубликованными и адресно связанными входами. Он не читает PDF, не восстанавливает неизвестный факт, не выбирает банк и не меняет смысл upstream значения.","M06 выполняет только утверждённые математические преобразования над уже опубликованными и адресно связанными входами. Он не читает PDF, не восстанавливает неизвестный факт, не выбирает банк и не меняет смысл upstream значения.",,,,,M06_CASA_Pro_Calculation_Engine_Production_Spec_v1.4,1.4,§2 Назначение M06,SRC-DOC-M06-P-00023,,,,PARSER,,,,,Canonicalized from 1 candidate row(s); source text preserved in 10_SOURCE_EXTRACTS.csv.
M06-CAN-0080,m06.current_1_0.product_semantic.b395b63541dffea0,1.0,CURRENT_1_0,M06,Расчётный движок,PRODUCT_SEMANTIC,BUSINESS_RULE,§2 Назначение M06,каждый результат хранит точный источник и статус каждого входа;,каждый результат хранит точный источник и статус каждого входа;,,,,,M06_CASA_Pro_Calculation_Engine_Production_Spec_v1.4,1.4,§2 Назначение M06,SRC-DOC-M06-P-00025,,,,MULTI_LAYER,,,,,Canonicalized from 1 candidate row(s); source text preserved in 10_SOURCE_EXTRACTS.csv.
M06-CAN-0081,m06.current_1_0.data_contract.4fab98d3980db116,1.0,CURRENT_1_0,M06,Расчётный движок,DATA_CONTRACT,PROVENANCE,§2 Назначение M06,"число с ограничением не повышает качество входа: DECLARED остаётся DECLARED, EVIDENCE_REQUESTED остаётся неподтверждённым;","число с ограничением не повышает качество входа: DECLARED остаётся DECLARED, EVIDENCE_REQUESTED остаётся неподтверждённым;",,,,DECLARED,M06_CASA_Pro_Calculation_Engine_Production_Spec_v1.4,1.4,§2 Назначение M06,SRC-DOC-M06-P-00026,,,,DATA,,,,,Canonicalized from 1 candidate row(s); source text preserved in 10_SOURCE_EXTRACTS.csv.
M06-CAN-0082,m06.current_1_0.product_semantic.f7f8c09bf073f6e4,1.0,CURRENT_1_0,M06,Расчётный движок,PRODUCT_SEMANTIC,FORMULA,§20 Formula versioning,"Изменение expression, input meaning/path, rounding, unit/currency policy, regulatory source/effective context создаёт новую formula_version.","Изменение expression, input meaning/path, rounding, unit/currency policy, regulatory source/effective context создаёт новую formula_version.",,,,,M06_CASA_Pro_Calculation_Engine_Production_Spec_v1.4,1.4,§20 Formula versioning,SRC-DOC-M06-P-00253,,,,MULTI_LAYER,,,,,Canonicalized from 1 candidate row(s); source text preserved in 10_SOURCE_EXTRACTS.csv.
M06-CAN-0083,m06.current_1_0.product_semantic.43eca3880fca94ed,1.0,CURRENT_1_0,M06,Расчётный движок,PRODUCT_SEMANTIC,FORMULA,§20 Formula versioning,APPROVED version не редактируется задним числом. Предыдущая становится SUPERSEDED только для новых runs; старые snapshots продолжают replay.,APPROVED version не редактируется задним числом. Предыдущая становится SUPERSEDED только для новых runs; старые snapshots продолжают replay.,,,,,M06_CASA_Pro_Calculation_Engine_Production_Spec_v1.4,1.4,§20 Formula versioning,SRC-DOC-M06-P-00254,,,,DATA,,,,,Canonicalized from 1 candidate row(s); source text preserved in 10_SOURCE_EXTRACTS.csv.
M06-CAN-0084,m06.current_1_0.product_semantic.9b62ccd1b9926c71,1.0,CURRENT_1_0,M06,Расчётный движок,PRODUCT_SEMANTIC,FORMULA,§20 Formula versioning,formula_version использует semantic version. Patch допустим только для non-semantic metadata; любое изменение числа требует minor/major по registry policy.,formula_version использует semantic version. Patch допустим только для non-semantic metadata; любое изменение числа требует minor/major по registry policy.,,,,,M06_CASA_Pro_Calculation_Engine_Production_Spec_v1.4,1.4,§20 Formula versioning,SRC-DOC-M06-P-00256,,,,DATA,,,,,Canonicalized from 1 candidate row(s); source text preserved in 10_SOURCE_EXTRACTS.csv.
M06-CAN-0085,m06.current_1_0.product_semantic.5a019e30344de97d,1.0,CURRENT_1_0,M06,Расчётный движок,PRODUCT_SEMANTIC,FORMULA,§20 Formula versioning,"calculation_snapshot хранит exact formula_version на каждый output, не только общий registry release.","calculation_snapshot хранит exact formula_version на каждый output, не только общий registry release.",,,,,M06_CASA_Pro_Calculation_Engine_Production_Spec_v1.4,1.4,§20 Formula versioning,SRC-DOC-M06-P-00257,,,,DATA,,,,,Canonicalized from 1 candidate row(s); source text preserved in 10_SOURCE_EXTRACTS.csv.
M06-CAN-0086,m06.current_1_0.product_semantic.9f6392d9416afae1,1.0,CURRENT_1_0,M06,Расчётный движок,PRODUCT_SEMANTIC,FORMULA,§20 Formula versioning,Change: Copy/human label only; New version?: Registry metadata revision; no formula version if output semantics unchanged; Existing snapshot: unchanged,Change: Copy/human label only; New version?: Registry metadata revision; no formula version if output semantics unchanged; Existing snapshot: unchanged,,,,,M06_CASA_Pro_Calculation_Engine_Production_Spec_v1.4,1.4,§20 Formula versioning,SRC-DOC-M06-P-00259,,,,DATA,,,,,Canonicalized from 1 candidate row(s); source text preserved in 10_SOURCE_EXTRACTS.csv.
M06-CAN-0087,m06.current_1_0.product_semantic.3434108c0248638f,1.0,CURRENT_1_0,M06,Расчётный движок,PRODUCT_SEMANTIC,FORMULA,§20 Formula versioning,Change: Rounding/display/persistence; New version?: Да; Existing snapshot: replay old policy,Change: Rounding/display/persistence; New version?: Да; Existing snapshot: replay old policy,,,,,M06_CASA_Pro_Calculation_Engine_Production_Spec_v1.4,1.4,§20 Formula versioning,SRC-DOC-M06-P-00260,,,,DATA,,,,,Canonicalized from 1 candidate row(s); source text preserved in 10_SOURCE_EXTRACTS.csv.
M06-CAN-0088,m06.current_1_0.product_semantic.2d2ac3c8943cfdf7,1.0,CURRENT_1_0,M06,Расчётный движок,PRODUCT_SEMANTIC,STATE,§20 Formula versioning,Change: Input path/status policy; New version?: Да; Existing snapshot: replay old binding,Change: Input path/status policy; New version?: Да; Existing snapshot: replay old binding,,,,,M06_CASA_Pro_Calculation_Engine_Production_Spec_v1.4,1.4,§20 Formula versioning,SRC-DOC-M06-P-00261,,,,DATA,,,,,Canonicalized from 1 candidate row(s); source text preserved in 10_SOURCE_EXTRACTS.csv.
M06-CAN-0089,m06.current_1_0.product_semantic.b185e9c1e6f46378,1.0,CURRENT_1_0,M06,Расчётный движок,PRODUCT_SEMANTIC,FORMULA,§20 Formula versioning,Change: Regulatory amendment; New version?: Да + authority/effective dates; Existing snapshot: historical context retained,Change: Regulatory amendment; New version?: Да + authority/effective dates; Existing snapshot: historical context retained,,,,,M06_CASA_Pro_Calculation_Engine_Production_Spec_v1.4,1.4,§20 Formula versioning,SRC-DOC-M06-P-00262,,,,DATA,,,,,Canonicalized from 1 candidate row(s); source text preserved in 10_SOURCE_EXTRACTS.csv.
M06-CAN-0090,m06.current_1_0.product_semantic.5e12d79a677c8dad,1.0,CURRENT_1_0,M06,Расчётный движок,PRODUCT_SEMANTIC,FORMULA,§20 Formula versioning,Change: Engine implementation no math change; New version?: engine_version changes; formula version may stay; Existing snapshot: replay compare required,Change: Engine implementation no math change; New version?: engine_version changes; formula version may stay; Existing snapshot: replay compare required,,,,,M06_CASA_Pro_Calculation_Engine_Production_Spec_v1.4,1.4,§20 Formula versioning,SRC-DOC-M06-P-00263,,,,DATA,,,,,Canonicalized from 1 candidate row(s); source text preserved in 10_SOURCE_EXTRACTS.csv.
M06-CAN-0091,m06.current_1_0.product_semantic.93e39a38fae56b24,1.0,CURRENT_1_0,M06,Расчётный движок,PRODUCT_SEMANTIC,FORMULA,§20 Formula versioning,EXECUTION CONTRACT,EXECUTION CONTRACT,,,,,M06_CASA_Pro_Calculation_Engine_Production_Spec_v1.4,1.4,§20 Formula versioning,SRC-DOC-M06-P-00264,,,,MULTI_LAYER,,,,,Canonicalized from 1 candidate row(s); source text preserved in 10_SOURCE_EXTRACTS.csv.
M06-CAN-0092,m06.current_1_0.product_semantic.8212951d4c4f2095,1.0,CURRENT_1_0,M06,Расчётный движок,PRODUCT_SEMANTIC,CALCULATION,§21 Calculation run,Field: participant_scope; Contract: Exact participant IDs/roles/included_in_analysis refs. No implicit spouse/co-borrower sum.,Field: participant_scope; Contract: Exact participant IDs/roles/included_in_analysis refs. No implicit spouse/co-borrower sum.,,,,,M06_CASA_Pro_Calculation_Engine_Production_Spec_v1.4,1.4,§21 Calculation run,SRC-DOC-M06-P-00269,,,,DATA|PRODUCT,,,,,Canonicalized from 1 candidate row(s); source text preserved in 10_SOURCE_EXTRACTS.csv.
M06-CAN-0093,m06.current_1_0.product_semantic.1dc250ac3b4b5db9,1.0,CURRENT_1_0,M06,Расчётный движок,PRODUCT_SEMANTIC,FORMULA,§21 Calculation run,Field: requested_calculations; Contract: Ordered formula IDs + versions; unknown/disabled ID rejected safely.,Field: requested_calculations; Contract: Ordered formula IDs + versions; unknown/disabled ID rejected safely.,,,,UNKNOWN|DISABLED,M06_CASA_Pro_Calculation_Engine_Production_Spec_v1.4,1.4,§21 Calculation run,SRC-DOC-M06-P-00272,,,,DATA,,,,,Canonicalized from 1 candidate row(s); source text preserved in 10_SOURCE_EXTRACTS.csv.
M06-CAN-0094,m06.current_1_0.product_semantic.3d9cf17655b722e3,1.0,CURRENT_1_0,M06,Расчётный движок,PRODUCT_SEMANTIC,FORMULA,§21 Calculation run,Field: parameters; Contract: Explicit rate/term for CALC-F-002 with source/channel/actor; no scenario entity.,Field: parameters; Contract: Explicit rate/term for CALC-F-002 with source/channel/actor; no scenario entity.,,,,,M06_CASA_Pro_Calculation_Engine_Production_Spec_v1.4,1.4,§21 Calculation run,SRC-DOC-M06-P-00273,CALC-F-002,,,DATA,,,,,Canonicalized from 1 candidate row(s); source text preserved in 10_SOURCE_EXTRACTS.csv.
M06-CAN-0095,m06.current_1_0.product_semantic.36da7fc64263a357,1.0,CURRENT_1_0,M06,Расчётный движок,PRODUCT_SEMANTIC,FORMULA,§21 Calculation run,Field: formula_registry_version; Contract: Frozen registry release for the run.,Field: formula_registry_version; Contract: Frozen registry release for the run.,,,,,M06_CASA_Pro_Calculation_Engine_Production_Spec_v1.4,1.4,§21 Calculation run,SRC-DOC-M06-P-00274,,,,DATA,,,,,Canonicalized from 1 candidate row(s); source text preserved in 10_SOURCE_EXTRACTS.csv.
M06-CAN-0096,m06.current_1_0.product_semantic.b54fbd9375284692,1.0,CURRENT_1_0,M06,Расчётный движок,PRODUCT_SEMANTIC,PARSER,§21 Calculation run,"NO PDF  calculation_run accepts no document bytes, page text, OCR result or raw payload. It consumes only immutable snapshot/metric references and explicit calculation parameters.: NO PDF  calculation_run accepts no document bytes, page text, OCR result or raw payload. It consumes only immutable snapshot/metric references and explicit calculation parameters.","NO PDF  calculation_run accepts no document bytes, page text, OCR result or raw payload. It consumes only immutable snapshot/metric references and explicit calculation parameters.: NO PDF  calculation_run accepts no document bytes, page text, OCR result or raw payload. It consumes only immutable snapshot/metric references and explicit calculation parameters.",,,,,M06_CASA_Pro_Calculation_Engine_Production_Spec_v1.4,1.4,§21 Calculation run,SRC-DOC-M06-P-00277,,,,DATA|PARSER,,,,,Canonicalized from 1 candidate row(s); source text preserved in 10_SOURCE_EXTRACTS.csv.
M06-CAN-0097,m06.current_1_0.product_semantic.b77952c06baf93a8,1.0,CURRENT_1_0,M06,Расчётный движок,PRODUCT_SEMANTIC,CALCULATION,§21 Calculation run,Field: calculation_run_id; Contract: Unique immutable run ID; idempotency key maps identical request to same run or exact replay result.,Field: calculation_run_id; Contract: Unique immutable run ID; idempotency key maps identical request to same run or exact replay result.,,,,,M06_CASA_Pro_Calculation_Engine_Production_Spec_v1.4|M06_CASA_Pro_Calculation_Engine_Implementation_and_Acceptance_v1.1,1.4|1.1,§21 Calculation run|§15 Calculation run,SRC-DOC-M06-P-00267|SRC-DOC-M06-I-00199,,,,DATA,,,,,Canonicalized from 2 candidate row(s); source text preserved in 10_SOURCE_EXTRACTS.csv.
M06-CAN-0098,m06.current_1_0.security_control.31bcd89c64bc895b,1.0,CURRENT_1_0,M06,Расчётный движок,SECURITY_CONTROL,SECURITY,§21 Calculation run,Field: tenant_id / case_id; Contract: M01 access scope; no cross-tenant existence leak.,Field: tenant_id / case_id; Contract: M01 access scope; no cross-tenant existence leak.,,,,,M06_CASA_Pro_Calculation_Engine_Production_Spec_v1.4|M06_CASA_Pro_Calculation_Engine_Implementation_and_Acceptance_v1.1,1.4|1.1,§21 Calculation run|§15 Calculation run,SRC-DOC-M06-P-00268|SRC-DOC-M06-I-00200,,,,DATA|SECURITY|PRODUCT,,,,,Canonicalized from 2 candidate row(s); source text preserved in 10_SOURCE_EXTRACTS.csv.
M06-CAN-0099,m06.current_1_0.product_semantic.e5e1142dd3c6fb24,1.0,CURRENT_1_0,M06,Расчётный движок,PRODUCT_SEMANTIC,CALCULATION,§21 Calculation run,Field: client_profile_snapshot_id/hash; Contract: Required and immutable; sole profile data source.,Field: client_profile_snapshot_id/hash; Contract: Required and immutable; sole profile data source.,,,,,M06_CASA_Pro_Calculation_Engine_Production_Spec_v1.4|M06_CASA_Pro_Calculation_Engine_Implementation_and_Acceptance_v1.1,1.4|1.1,§21 Calculation run|§15 Calculation run,SRC-DOC-M06-P-00270|SRC-DOC-M06-I-00202,,,,DATA,,,,,Canonicalized from 2 candidate row(s); source text preserved in 10_SOURCE_EXTRACTS.csv.
M06-CAN-0100,m06.current_1_0.product_semantic.7e59ea8d3d7c3d73,1.0,CURRENT_1_0,M06,Расчётный движок,PRODUCT_SEMANTIC,CALCULATION,§21 Calculation run,Field: selected_upstream_refs; Contract: M02 iin_check_batch_id + M03 credit_history_snapshot_id/hash + M04 pension_snapshot_id/hash as carried by M05.,Field: selected_upstream_refs; Contract: M02 iin_check_batch_id + M03 credit_history_snapshot_id/hash + M04 pension_snapshot_id/hash as carried by M05.,,,,,M06_CASA_Pro_Calculation_Engine_Production_Spec_v1.4|M06_CASA_Pro_Calculation_Engine_Implementation_and_Acceptance_v1.1,1.4|1.1,§21 Calculation run|§15 Calculation run,SRC-DOC-M06-P-00271|SRC-DOC-M06-I-00203,,,,DATA,,,,,Canonicalized from 2 candidate row(s); source text preserved in 10_SOURCE_EXTRACTS.csv.
M06-CAN-0101,m06.current_1_0.product_semantic.95e337723958c721,1.0,CURRENT_1_0,M06,Расчётный движок,PRODUCT_SEMANTIC,CALCULATION,§21 Calculation run,Field: calculated_at / actor; Contract: System or authorized actor; ISO timestamp.,Field: calculated_at / actor; Contract: System or authorized actor; ISO timestamp.,,,,,M06_CASA_Pro_Calculation_Engine_Production_Spec_v1.4|M06_CASA_Pro_Calculation_Engine_Implementation_and_Acceptance_v1.1,1.4|1.1,§21 Calculation run|§15 Calculation run,SRC-DOC-M06-P-00275|SRC-DOC-M06-I-00207,,,,DATA,,,,,Canonicalized from 2 candidate row(s); source text preserved in 10_SOURCE_EXTRACTS.csv.
M06-CAN-0102,m06.current_1_0.product_semantic.db1d6afaef83dd34,1.0,CURRENT_1_0,M06,Расчётный движок,PRODUCT_SEMANTIC,STATE,§21 Calculation run,Field: results / blockers; Contract: Per formula value/status/reason/blocking refs.,Field: results / blockers; Contract: Per formula value/status/reason/blocking refs.,,,,,M06_CASA_Pro_Calculation_Engine_Production_Spec_v1.4|M06_CASA_Pro_Calculation_Engine_Implementation_and_Acceptance_v1.1,1.4|1.1,§21 Calculation run|§15 Calculation run,SRC-DOC-M06-P-00276|SRC-DOC-M06-I-00208,,,,DATA,,,,,Canonicalized from 2 candidate row(s); source text preserved in 10_SOURCE_EXTRACTS.csv.
M06-CAN-0103,m06.current_1_0.product_semantic.1447734eaab47b71,1.0,CURRENT_1_0,M06,Расчётный движок,PRODUCT_SEMANTIC,STATE,§22 Calculation snapshot,"Block: Outputs; Required content: raw/persisted/display values, status, quality limitations; Invariant: no bank verdict","Block: Outputs; Required content: raw/persisted/display values, status, quality limitations; Invariant: no bank verdict",,,,,M06_CASA_Pro_Calculation_Engine_Production_Spec_v1.4,1.4,§22 Calculation snapshot,SRC-DOC-M06-P-00286,,,,MULTI_LAYER,,,,,Canonicalized from 1 candidate row(s); source text preserved in 10_SOURCE_EXTRACTS.csv.
M06-CAN-0104,m06.current_1_0.security_control.7f0012a33555cc71,1.0,CURRENT_1_0,M06,Расчётный движок,SECURITY_CONTROL,SECURITY,§22 Calculation snapshot,"Block: Envelope; Required content: schema_version, calculation_snapshot_id, tenant_id, case_id, status, calculated_at; Invariant: immutable","Block: Envelope; Required content: schema_version, calculation_snapshot_id, tenant_id, case_id, status, calculated_at; Invariant: immutable",,,,,M06_CASA_Pro_Calculation_Engine_Production_Spec_v1.4|M06_CASA_Pro_Calculation_Engine_Implementation_and_Acceptance_v1.1,1.4|1.1,§22 Calculation snapshot|§16 Calculation snapshot,SRC-DOC-M06-P-00281|SRC-DOC-M06-I-00224,,,,DATA|SECURITY,,,,,Canonicalized from 1 candidate row(s); source text preserved in 10_SOURCE_EXTRACTS.csv.
M06-CAN-0105,m06.current_1_0.product_semantic.4403d6837144c5af,1.0,CURRENT_1_0,M06,Расчётный движок,PRODUCT_SEMANTIC,CALCULATION,§22 Calculation snapshot,Block: Profile; Required content: client_profile_snapshot_id/hash/schema; Invariant: no raw PDF,Block: Profile; Required content: client_profile_snapshot_id/hash/schema; Invariant: no raw PDF,,,,,M06_CASA_Pro_Calculation_Engine_Production_Spec_v1.4|M06_CASA_Pro_Calculation_Engine_Implementation_and_Acceptance_v1.1,1.4|1.1,§22 Calculation snapshot|§16 Calculation snapshot,SRC-DOC-M06-P-00282|SRC-DOC-M06-I-00225,,,,DATA|PARSER,,,,,Canonicalized from 2 candidate row(s); source text preserved in 10_SOURCE_EXTRACTS.csv.
M06-CAN-0106,m06.current_1_0.product_semantic.f2656334392d8961,1.0,CURRENT_1_0,M06,Расчётный движок,PRODUCT_SEMANTIC,CALCULATION,§22 Calculation snapshot,Block: Upstream; Required content: iin_check_batch_id; credit_history_snapshot_id/hash; pension_snapshot_id/hash; Invariant: selected refs only,Block: Upstream; Required content: iin_check_batch_id; credit_history_snapshot_id/hash; pension_snapshot_id/hash; Invariant: selected refs only,,,,,M06_CASA_Pro_Calculation_Engine_Production_Spec_v1.4|M06_CASA_Pro_Calculation_Engine_Implementation_and_Acceptance_v1.1,1.4|1.1,§22 Calculation snapshot|§16 Calculation snapshot,SRC-DOC-M06-P-00283|SRC-DOC-M06-I-00226,,,,DATA,,,,,Canonicalized from 2 candidate row(s); source text preserved in 10_SOURCE_EXTRACTS.csv.
M06-CAN-0107,m06.current_1_0.product_semantic.7b8b2df7096a5841,1.0,CURRENT_1_0,M06,Расчётный движок,PRODUCT_SEMANTIC,FORMULA,§22 Calculation snapshot,Block: Formula; Required content: registry version + per-output formula_id/version/origin/effective context; Invariant: replay exact,Block: Formula; Required content: registry version + per-output formula_id/version/origin/effective context; Invariant: replay exact,,,,,M06_CASA_Pro_Calculation_Engine_Production_Spec_v1.4|M06_CASA_Pro_Calculation_Engine_Implementation_and_Acceptance_v1.1,1.4|1.1,§22 Calculation snapshot|§16 Calculation snapshot,SRC-DOC-M06-P-00284|SRC-DOC-M06-I-00227,,,,MULTI_LAYER,,,,,Canonicalized from 2 candidate row(s); source text preserved in 10_SOURCE_EXTRACTS.csv.
M06-CAN-0108,m06.current_1_0.product_semantic.77cab4630fe72f5c,1.0,CURRENT_1_0,M06,Расчётный движок,PRODUCT_SEMANTIC,STATE,§22 Calculation snapshot,"Block: Inputs; Required content: canonical values, units, statuses, source paths/metrics, source IDs/hashes; Invariant: no hidden default","Block: Inputs; Required content: canonical values, units, statuses, source paths/metrics, source IDs/hashes; Invariant: no hidden default",,,,,M06_CASA_Pro_Calculation_Engine_Production_Spec_v1.4|M06_CASA_Pro_Calculation_Engine_Implementation_and_Acceptance_v1.1,1.4|1.1,§22 Calculation snapshot|§16 Calculation snapshot,SRC-DOC-M06-P-00285|SRC-DOC-M06-I-00228,,,,MULTI_LAYER,,,,,Canonicalized from 2 candidate row(s); source text preserved in 10_SOURCE_EXTRACTS.csv.
M06-CAN-0109,m06.current_1_0.product_semantic.8968058eb97155a9,1.0,CURRENT_1_0,M06,Расчётный движок,PRODUCT_SEMANTIC,CALCULATION,§22 Calculation snapshot,"Block: Blockers; Required content: code, human reason, blocking_input_refs; Invariant: null value when blocked","Block: Blockers; Required content: code, human reason, blocking_input_refs; Invariant: null value when blocked",,,,BLOCKED,M06_CASA_Pro_Calculation_Engine_Production_Spec_v1.4|M06_CASA_Pro_Calculation_Engine_Implementation_and_Acceptance_v1.1,1.4|1.1,§22 Calculation snapshot|§16 Calculation snapshot,SRC-DOC-M06-P-00287|SRC-DOC-M06-I-00230,,,,MULTI_LAYER,,,,,Canonicalized from 2 candidate row(s); source text preserved in 10_SOURCE_EXTRACTS.csv.
M06-CAN-0110,m06.current_1_0.product_semantic.ce9b5a8ef79f8a84,1.0,CURRENT_1_0,M06,Расчётный движок,PRODUCT_SEMANTIC,CALCULATION,§22 Calculation snapshot,"Block: Hashes; Required content: input_hash, output_hash, replay_hash + canonicalization version; Invariant: deterministic","Block: Hashes; Required content: input_hash, output_hash, replay_hash + canonicalization version; Invariant: deterministic",,,,,M06_CASA_Pro_Calculation_Engine_Production_Spec_v1.4|M06_CASA_Pro_Calculation_Engine_Implementation_and_Acceptance_v1.1,1.4|1.1,§22 Calculation snapshot|§16 Calculation snapshot,SRC-DOC-M06-P-00288|SRC-DOC-M06-I-00231,,,,MULTI_LAYER,,,,,Canonicalized from 2 candidate row(s); source text preserved in 10_SOURCE_EXTRACTS.csv.
M06-CAN-0111,m06.current_1_0.product_semantic.0cba761d3273b579,1.0,CURRENT_1_0,M06,Расчётный движок,PRODUCT_SEMANTIC,CALCULATION,§22 Calculation snapshot,"Block: Engine; Required content: engine_version, decimal_context_version; Invariant: auditable","Block: Engine; Required content: engine_version, decimal_context_version; Invariant: auditable",,,,,M06_CASA_Pro_Calculation_Engine_Production_Spec_v1.4|M06_CASA_Pro_Calculation_Engine_Implementation_and_Acceptance_v1.1,1.4|1.1,§22 Calculation snapshot|§16 Calculation snapshot,SRC-DOC-M06-P-00289|SRC-DOC-M06-I-00232,,,,MULTI_LAYER,,,,,Canonicalized from 2 candidate row(s); source text preserved in 10_SOURCE_EXTRACTS.csv.
M06-CAN-0112,m06.current_1_0.product_semantic.d05c4acc7551f916,1.0,CURRENT_1_0,M06,Расчётный движок,PRODUCT_SEMANTIC,STATE,§22 Calculation snapshot,Block: Lifecycle; Required content: superseded_by/status only; payload not edited; Invariant: historical replay,Block: Lifecycle; Required content: superseded_by/status only; payload not edited; Invariant: historical replay,,,,,M06_CASA_Pro_Calculation_Engine_Production_Spec_v1.4|M06_CASA_Pro_Calculation_Engine_Implementation_and_Acceptance_v1.1,1.4|1.1,§22 Calculation snapshot|§16 Calculation snapshot,SRC-DOC-M06-P-00290|SRC-DOC-M06-I-00233,,,,MULTI_LAYER|DATA,,,,,Canonicalized from 2 candidate row(s); source text preserved in 10_SOURCE_EXTRACTS.csv.
M06-CAN-0113,m06.current_1_0.product_semantic.6785bda37a93f9e2,1.0,CURRENT_1_0,M06,Расчётный движок,PRODUCT_SEMANTIC,CALCULATION,§23 Recalculation / supersede,Trigger: New M03 Credit History snapshot; Old snapshot: Immutable; mark NEEDS_RECALCULATION only if selected M05 profile rebuilds or referenced input changes; New action: Build new M05 snapshot first; then new M06 run.,Trigger: New M03 Credit History snapshot; Old snapshot: Immutable; mark NEEDS_RECALCULATION only if selected M05 profile rebuilds or referenced input changes; New action: Build new M05 snapshot first; then new M06 run.,,,,,M06_CASA_Pro_Calculation_Engine_Production_Spec_v1.4,1.4,§23 Recalculation / supersede,SRC-DOC-M06-P-00296,,,,DATA,,,,,Canonicalized from 1 candidate row(s); source text preserved in 10_SOURCE_EXTRACTS.csv.
M06-CAN-0114,m06.current_1_0.product_semantic.424d687c42d9ec94,1.0,CURRENT_1_0,M06,Расчётный движок,PRODUCT_SEMANTIC,CALCULATION,§23 Recalculation / supersede,Trigger: New M04 Pension snapshot; Old snapshot: Immutable; New action: New M05 snapshot if profile references change; M06 does not directly reparse.,Trigger: New M04 Pension snapshot; Old snapshot: Immutable; New action: New M05 snapshot if profile references change; M06 does not directly reparse.,,,,,M06_CASA_Pro_Calculation_Engine_Production_Spec_v1.4,1.4,§23 Recalculation / supersede,SRC-DOC-M06-P-00297,,,,DATA,,,,,Canonicalized from 1 candidate row(s); source text preserved in 10_SOURCE_EXTRACTS.csv.
M06-CAN-0115,m06.current_1_0.product_semantic.fff351922dcf7298,1.0,CURRENT_1_0,M06,Расчётный движок,PRODUCT_SEMANTIC,CALCULATION,§23 Recalculation / supersede,Trigger: New M02 batch; Old snapshot: Immutable; New action: Rebuild M05 only if its selected upstream context changes; no invented impact.,Trigger: New M02 batch; Old snapshot: Immutable; New action: Rebuild M05 only if its selected upstream context changes; no invented impact.,,,,,M06_CASA_Pro_Calculation_Engine_Production_Spec_v1.4,1.4,§23 Recalculation / supersede,SRC-DOC-M06-P-00298,,,,DATA,,,,,Canonicalized from 1 candidate row(s); source text preserved in 10_SOURCE_EXTRACTS.csv.
M06-CAN-0116,m06.current_1_0.product_semantic.165dbde1a5f40711,1.0,CURRENT_1_0,M06,Расчётный движок,PRODUCT_SEMANTIC,STATE,§23 Recalculation / supersede,Trigger: New M05 snapshot; Old snapshot: Old calculation status NEEDS_RECALCULATION/SUPERSEDED for current-view selection; New action: New run with new cps ID/hash.,Trigger: New M05 snapshot; Old snapshot: Old calculation status NEEDS_RECALCULATION/SUPERSEDED for current-view selection; New action: New run with new cps ID/hash.,,,,,M06_CASA_Pro_Calculation_Engine_Production_Spec_v1.4,1.4,§23 Recalculation / supersede,SRC-DOC-M06-P-00299,,,,DATA,,,,,Canonicalized from 1 candidate row(s); source text preserved in 10_SOURCE_EXTRACTS.csv.
M06-CAN-0117,m06.current_1_0.product_semantic.8859d219005474dd,1.0,CURRENT_1_0,M06,Расчётный движок,PRODUCT_SEMANTIC,CALCULATION,§23 Recalculation / supersede,"Trigger: Reviewed correction; Old snapshot: Old calculation remains replayable; New action: Correction creates new profile snapshot, then new calculation.","Trigger: Reviewed correction; Old snapshot: Old calculation remains replayable; New action: Correction creates new profile snapshot, then new calculation.",,,,,M06_CASA_Pro_Calculation_Engine_Production_Spec_v1.4,1.4,§23 Recalculation / supersede,SRC-DOC-M06-P-00300,,,,DATA,,,,,Canonicalized from 1 candidate row(s); source text preserved in 10_SOURCE_EXTRACTS.csv.
M06-CAN-0118,m06.current_1_0.product_semantic.ab405f8e566076e2,1.0,CURRENT_1_0,M06,Расчётный движок,PRODUCT_SEMANTIC,FORMULA,§23 Recalculation / supersede,Trigger: New formula version; Old snapshot: Old snapshot remains valid in old context; New action: New run only; no mass overwrite.,Trigger: New formula version; Old snapshot: Old snapshot remains valid in old context; New action: New run only; no mass overwrite.,,,,,M06_CASA_Pro_Calculation_Engine_Production_Spec_v1.4,1.4,§23 Recalculation / supersede,SRC-DOC-M06-P-00301,,,,DATA,,,,,Canonicalized from 1 candidate row(s); source text preserved in 10_SOURCE_EXTRACTS.csv.
M06-CAN-0119,m06.current_1_0.product_semantic.26de4205e6504557,1.0,CURRENT_1_0,M06,Расчётный движок,PRODUCT_SEMANTIC,CALCULATION,§23 Recalculation / supersede,TTL не придумывается. STALE приходит от selected upstream/profile policy или explicit invalidation event. ‘Latest’ не подменяет exact version в историческом snapshot.,TTL не придумывается. STALE приходит от selected upstream/profile policy или explicit invalidation event. ‘Latest’ не подменяет exact version в историческом snapshot.,,,,STALE,M06_CASA_Pro_Calculation_Engine_Production_Spec_v1.4,1.4,§23 Recalculation / supersede,SRC-DOC-M06-P-00302,,,,DATA|QA,,,,,Canonicalized from 1 candidate row(s); source text preserved in 10_SOURCE_EXTRACTS.csv.
M06-CAN-0120,m06.current_1_0.security_control.148e756915bb7db4,1.0,CURRENT_1_0,M06,Расчётный движок,SECURITY_CONTROL,SECURITY,§24 Provenance / audit,"Event: RUN_REQUESTED; Minimum evidence: actor/system, tenant/case, requested formula IDs/versions, cps ref, parameter refs, idempotency key.","Event: RUN_REQUESTED; Minimum evidence: actor/system, tenant/case, requested formula IDs/versions, cps ref, parameter refs, idempotency key.",,,,,M06_CASA_Pro_Calculation_Engine_Production_Spec_v1.4,1.4,§24 Provenance / audit,SRC-DOC-M06-P-00306,,,,SECURITY,,,,,Canonicalized from 1 candidate row(s); source text preserved in 10_SOURCE_EXTRACTS.csv.
M06-CAN-0121,m06.current_1_0.product_semantic.182e3bd754a4e9be,1.0,CURRENT_1_0,M06,Расчётный движок,PRODUCT_SEMANTIC,STATE,§24 Provenance / audit,"Event: INPUT_BOUND; Minimum evidence: input path, source snapshot/metric ref, value/status/unit/as_of/hash.","Event: INPUT_BOUND; Minimum evidence: input path, source snapshot/metric ref, value/status/unit/as_of/hash.",,,,,M06_CASA_Pro_Calculation_Engine_Production_Spec_v1.4,1.4,§24 Provenance / audit,SRC-DOC-M06-P-00307,,,,DATA,,,,,Canonicalized from 1 candidate row(s); source text preserved in 10_SOURCE_EXTRACTS.csv.
M06-CAN-0122,m06.current_1_0.product_semantic.bece87c5aea3f6e3,1.0,CURRENT_1_0,M06,Расчётный движок,PRODUCT_SEMANTIC,FORMULA,§24 Provenance / audit,"Event: FORMULA_EXECUTED; Minimum evidence: formula/version/origin, decimal context, raw/persisted output, duration/engine version.","Event: FORMULA_EXECUTED; Minimum evidence: formula/version/origin, decimal context, raw/persisted output, duration/engine version.",,,,,M06_CASA_Pro_Calculation_Engine_Production_Spec_v1.4,1.4,§24 Provenance / audit,SRC-DOC-M06-P-00308,,,,MULTI_LAYER,,,,,Canonicalized from 1 candidate row(s); source text preserved in 10_SOURCE_EXTRACTS.csv.
M06-CAN-0123,m06.current_1_0.product_semantic.ca3f3176526960db,1.0,CURRENT_1_0,M06,Расчётный движок,PRODUCT_SEMANTIC,FORMULA,§24 Provenance / audit,"Event: FORMULA_BLOCKED; Minimum evidence: code, human reason, blocking refs; no numeric result.","Event: FORMULA_BLOCKED; Minimum evidence: code, human reason, blocking refs; no numeric result.",,,,,M06_CASA_Pro_Calculation_Engine_Production_Spec_v1.4,1.4,§24 Provenance / audit,SRC-DOC-M06-P-00309,,,,MULTI_LAYER,,,,,Canonicalized from 1 candidate row(s); source text preserved in 10_SOURCE_EXTRACTS.csv.
M06-CAN-0124,m06.current_1_0.product_semantic.843dee0a1e533dd9,1.0,CURRENT_1_0,M06,Расчётный движок,PRODUCT_SEMANTIC,FORMULA,§24 Provenance / audit,Event: SNAPSHOT_PUBLISHED; Minimum evidence: snapshot ID/hashes/schema/formula versions; actor/time.,Event: SNAPSHOT_PUBLISHED; Minimum evidence: snapshot ID/hashes/schema/formula versions; actor/time.,,,,,M06_CASA_Pro_Calculation_Engine_Production_Spec_v1.4,1.4,§24 Provenance / audit,SRC-DOC-M06-P-00310,,,,DATA,,,,,Canonicalized from 1 candidate row(s); source text preserved in 10_SOURCE_EXTRACTS.csv.
M06-CAN-0125,m06.current_1_0.data_contract.74f79b26464f43be,1.0,CURRENT_1_0,M06,Расчётный движок,DATA_CONTRACT,SNAPSHOT,§24 Provenance / audit,Event: SNAPSHOT_SUPERSEDED; Minimum evidence: old/new refs and trigger; payload unchanged.,Event: SNAPSHOT_SUPERSEDED; Minimum evidence: old/new refs and trigger; payload unchanged.,,,,,M06_CASA_Pro_Calculation_Engine_Production_Spec_v1.4,1.4,§24 Provenance / audit,SRC-DOC-M06-P-00311,,,,DATA,,,,,Canonicalized from 1 candidate row(s); source text preserved in 10_SOURCE_EXTRACTS.csv.
M06-CAN-0126,m06.current_1_0.security_control.a1996ca8f29fcc0d,1.0,CURRENT_1_0,M06,Расчётный движок,SECURITY_CONTROL,AUDIT,§24 Provenance / audit,Event: REPLAY_VERIFIED; Minimum evidence: recomputed input/output/replay hashes and comparison result.,Event: REPLAY_VERIFIED; Minimum evidence: recomputed input/output/replay hashes and comparison result.,,,,,M06_CASA_Pro_Calculation_Engine_Production_Spec_v1.4,1.4,§24 Provenance / audit,SRC-DOC-M06-P-00312,,,,MULTI_LAYER,,,,,Canonicalized from 1 candidate row(s); source text preserved in 10_SOURCE_EXTRACTS.csv.
M06-CAN-0127,m06.current_1_0.security_control.e14ebbdfe95305b8,1.0,CURRENT_1_0,M06,Расчётный движок,SECURITY_CONTROL,SECURITY,§24 Provenance / audit,Event: ACCESS_DENIED; Minimum evidence: actor/action/object ref/time/reason; no PII/existence leak.,Event: ACCESS_DENIED; Minimum evidence: actor/action/object ref/time/reason; no PII/existence leak.,,,,,M06_CASA_Pro_Calculation_Engine_Production_Spec_v1.4,1.4,§24 Provenance / audit,SRC-DOC-M06-P-00313,,,,DATA|SECURITY,,,,,Canonicalized from 1 candidate row(s); source text preserved in 10_SOURCE_EXTRACTS.csv.
M06-CAN-0128,m06.current_1_0.data_contract.69476b1e0b4a0c19,1.0,CURRENT_1_0,M06,Расчётный движок,DATA_CONTRACT,DATA_MODEL,§24 Provenance / audit,"AUDIT MINIMIZATION  Audit message не содержит полный ИИН, raw PDF text, credentials или bank secrets. Значения связываются через IDs/hashes и allowlisted fields.: AUDIT MINIMIZATION  Audit message не содержит полный ИИН, raw PDF text, credentials или bank secrets. Значения связываются через IDs/hashes и allowlisted fields.","AUDIT MINIMIZATION  Audit message не содержит полный ИИН, raw PDF text, credentials или bank secrets. Значения связываются через IDs/hashes и allowlisted fields.: AUDIT MINIMIZATION  Audit message не содержит полный ИИН, raw PDF text, credentials или bank secrets. Значения связываются через IDs/hashes и allowlisted fields.",,,,,M06_CASA_Pro_Calculation_Engine_Production_Spec_v1.4,1.4,§24 Provenance / audit,SRC-DOC-M06-P-00314,,,,DATA|PARSER,,,,,Canonicalized from 1 candidate row(s); source text preserved in 10_SOURCE_EXTRACTS.csv.
M06-CAN-0129,m06.current_1_0.product_semantic.b011fc6801d3e574,1.0,CURRENT_1_0,M06,Расчётный движок,PRODUCT_SEMANTIC,BUSINESS_RULE,§25 AI boundary,ИИ может: Перевести blocker на человеческий язык по approved mapping.; ИИ не может: Подставить missing/UNKNOWN input.,ИИ может: Перевести blocker на человеческий язык по approved mapping.; ИИ не может: Подставить missing/UNKNOWN input.,,,,UNKNOWN,M06_CASA_Pro_Calculation_Engine_Production_Spec_v1.4,1.4,§25 AI boundary,SRC-DOC-M06-P-00319,,,,MULTI_LAYER,,,,,Canonicalized from 1 candidate row(s); source text preserved in 10_SOURCE_EXTRACTS.csv.
M06-CAN-0130,m06.current_1_0.data_contract.541728dbed2f39a5,1.0,CURRENT_1_0,M06,Расчётный движок,DATA_CONTRACT,PROVENANCE,§25 AI boundary,ИИ может: Показать provenance chain по сохранённым refs.; ИИ не может: Округлить «по смыслу» или изменить число.,ИИ может: Показать provenance chain по сохранённым refs.; ИИ не может: Округлить «по смыслу» или изменить число.,,,,,M06_CASA_Pro_Calculation_Engine_Production_Spec_v1.4,1.4,§25 AI boundary,SRC-DOC-M06-P-00320,,,,DATA,,,,,Canonicalized from 1 candidate row(s); source text preserved in 10_SOURCE_EXTRACTS.csv.
M06-CAN-0131,m06.current_1_0.product_semantic.0ac404e81875a114,1.0,CURRENT_1_0,M06,Расчётный движок,PRODUCT_SEMANTIC,BUSINESS_RULE,§25 AI boundary,"ИИ может: Сформировать read-only narrative с exact values.; ИИ не может: Решить, какой банк подходит, или создать scenario.","ИИ может: Сформировать read-only narrative с exact values.; ИИ не может: Решить, какой банк подходит, или создать scenario.",,,,,M06_CASA_Pro_Calculation_Engine_Production_Spec_v1.4,1.4,§25 AI boundary,SRC-DOC-M06-P-00321,,,,MULTI_LAYER,,,,,Canonicalized from 1 candidate row(s); source text preserved in 10_SOURCE_EXTRACTS.csv.
M06-CAN-0132,m06.current_1_0.product_semantic.16d9770599ee61b5,1.0,CURRENT_1_0,M06,Расчётный движок,PRODUCT_SEMANTIC,API,§25 AI boundary,"Любое число LLM считается текстом объяснения, а не calculation result. API/UI обязаны получать numeric value только из deterministic engine output.","Любое число LLM считается текстом объяснения, а не calculation result. API/UI обязаны получать numeric value только из deterministic engine output.",,,,,M06_CASA_Pro_Calculation_Engine_Production_Spec_v1.4,1.4,§25 AI boundary,SRC-DOC-M06-P-00322,,,,BACKEND,,,,,Canonicalized from 1 candidate row(s); source text preserved in 10_SOURCE_EXTRACTS.csv.
M06-CAN-0133,m06.current_1_0.product_semantic.c2a4f8dcedacaeb4,1.0,CURRENT_1_0,M06,Расчётный движок,PRODUCT_SEMANTIC,STATE,§27 KEEP / CHANGE / REMOVE / MOVE / BLOCK,"Decision: KEEP; Element: Показывать цену, взнос и текущие обязательства; Exact target: Как upstream values с владельцем, status, as_of и source link; M06 не пересчитывает M03/M05.","Decision: KEEP; Element: Показывать цену, взнос и текущие обязательства; Exact target: Как upstream values с владельцем, status, as_of и source link; M06 не пересчитывает M03/M05.",,,,,M06_CASA_Pro_Calculation_Engine_Production_Spec_v1.4,1.4,§27 KEEP / CHANGE / REMOVE / MOVE / BLOCK,SRC-DOC-M06-P-00340,,,,MULTI_LAYER,,,,,Canonicalized from 1 candidate row(s); source text preserved in 10_SOURCE_EXTRACTS.csv.
M06-CAN-0134,m06.current_1_0.data_contract.22bf5efe06d24fae,1.0,CURRENT_1_0,M06,Расчётный движок,DATA_CONTRACT,PROVENANCE,§27 KEEP / CHANGE / REMOVE / MOVE / BLOCK,Decision: CHANGE; Element: Подтв. доход 650 000 ₸; Exact target: Если M05 verified — exact label/source/evidence. Если semantics не доказана — не показывать как confirmed.,Decision: CHANGE; Element: Подтв. доход 650 000 ₸; Exact target: Если M05 verified — exact label/source/evidence. Если semantics не доказана — не показывать как confirmed.,,,,VERIFIED|CONFIRMED,M06_CASA_Pro_Calculation_Engine_Production_Spec_v1.4,1.4,§27 KEEP / CHANGE / REMOVE / MOVE / BLOCK,SRC-DOC-M06-P-00343,,,,DATA,,,,,Canonicalized from 1 candidate row(s); source text preserved in 10_SOURCE_EXTRACTS.csv.
M06-CAN-0135,m06.current_1_0.boundary.2b2351e9e528c4ba,1.0,CURRENT_1_0,M06,Расчётный движок,BOUNDARY,FORBIDDEN,§27 KEEP / CHANGE / REMOVE / MOVE / BLOCK,Decision: REMOVE; Element: Принимаемый доход из M06 1.0; Exact target: Bank accepted income запрещён; никакого backend/UI field.,,Decision: REMOVE; Element: Принимаемый доход из M06 1.0; Exact target: Bank accepted income запрещён; никакого backend/UI field.,,,,M06_CASA_Pro_Calculation_Engine_Production_Spec_v1.4,1.4,§27 KEEP / CHANGE / REMOVE / MOVE / BLOCK,SRC-DOC-M06-P-00344,,,,BACKEND|DATA,,,,,Canonicalized from 1 candidate row(s); source text preserved in 10_SOURCE_EXTRACTS.csv.
M06-CAN-0136,m06.current_1_0.product_semantic.e29f3d8bc6e28ee8,1.0,CURRENT_1_0,M06,Расчётный движок,PRODUCT_SEMANTIC,BUSINESS_RULE,§27 KEEP / CHANGE / REMOVE / MOVE / BLOCK,Decision: BLOCK; Element: КДН percentages; Exact target: Не выводить numeric value; REGULATORY_INPUT_REQUIRED до отдельного executable contract.,Decision: BLOCK; Element: КДН percentages; Exact target: Не выводить numeric value; REGULATORY_INPUT_REQUIRED до отдельного executable contract.,,,,,M06_CASA_Pro_Calculation_Engine_Production_Spec_v1.4,1.4,§27 KEEP / CHANGE / REMOVE / MOVE / BLOCK,SRC-DOC-M06-P-00345,,,,MULTI_LAYER,,,,,Canonicalized from 1 candidate row(s); source text preserved in 10_SOURCE_EXTRACTS.csv.
M06-CAN-0137,m06.current_1_0.product_semantic.af35f9d865fe1057,1.0,CURRENT_1_0,M06,Расчётный движок,PRODUCT_SEMANTIC,CALCULATION,§5 Calculation Inventory,Показатель: Текущий остаток долга; Точный смысл: Source-backed aggregate по active obligations; Owner: UPSTREAM_M03; В M06 1.0: Нет; Contract / why: credit_history_snapshot.total_outstanding_by_currency,Показатель: Текущий остаток долга; Точный смысл: Source-backed aggregate по active obligations; Owner: UPSTREAM_M03; В M06 1.0: Нет; Contract / why: credit_history_snapshot.total_outstanding_by_currency,,,,,M06_CASA_Pro_Calculation_Engine_Production_Spec_v1.4,1.4,§5 Calculation Inventory,SRC-DOC-M06-P-00062,,,,DATA,,,,,Canonicalized from 1 candidate row(s); source text preserved in 10_SOURCE_EXTRACTS.csv.
M06-CAN-0138,m06.current_1_0.product_semantic.22199526993583ab,1.0,CURRENT_1_0,M06,Расчётный движок,PRODUCT_SEMANTIC,CALCULATION,§5 Calculation Inventory,Показатель: Текущие платежи / обязательства; Точный смысл: Сумма source-reported payments; не regulatory payment; Owner: UPSTREAM_M03; В M06 1.0: Нет; Contract / why: credit_history_snapshot.total_reported_payment_by_currency,Показатель: Текущие платежи / обязательства; Точный смысл: Сумма source-reported payments; не regulatory payment; Owner: UPSTREAM_M03; В M06 1.0: Нет; Contract / why: credit_history_snapshot.total_reported_payment_by_currency,,,,,M06_CASA_Pro_Calculation_Engine_Production_Spec_v1.4,1.4,§5 Calculation Inventory,SRC-DOC-M06-P-00063,,,,DATA,,,,,Canonicalized from 1 candidate row(s); source text preserved in 10_SOURCE_EXTRACTS.csv.
M06-CAN-0139,m06.current_1_0.product_semantic.3ce7e614281bb6b6,1.0,CURRENT_1_0,M06,Расчётный движок,PRODUCT_SEMANTIC,CALCULATION,§5 Calculation Inventory,"Показатель: current DPD / count; Точный смысл: Текущая просрочка, не historical max; Owner: UPSTREAM_M03; В M06 1.0: Нет; Contract / why: credit_history_snapshot current metrics","Показатель: current DPD / count; Точный смысл: Текущая просрочка, не historical max; Owner: UPSTREAM_M03; В M06 1.0: Нет; Contract / why: credit_history_snapshot current metrics",,,,,M06_CASA_Pro_Calculation_Engine_Production_Spec_v1.4,1.4,§5 Calculation Inventory,SRC-DOC-M06-P-00064,,,,DATA,,,,,Canonicalized from 1 candidate row(s); source text preserved in 10_SOURCE_EXTRACTS.csv.
M06-CAN-0140,m06.current_1_0.product_semantic.06439afe31dfde31,1.0,CURRENT_1_0,M06,Расчётный движок,PRODUCT_SEMANTIC,CALCULATION,§5 Calculation Inventory,Показатель: Пенсионная сумма / месяцы; Точный смысл: Source rows и M04 neutral metrics; Owner: UPSTREAM_M04; В M06 1.0: Нет; Contract / why: pension snapshot source_facts/derived,Показатель: Пенсионная сумма / месяцы; Точный смысл: Source rows и M04 neutral metrics; Owner: UPSTREAM_M04; В M06 1.0: Нет; Contract / why: pension snapshot source_facts/derived,,,,,M06_CASA_Pro_Calculation_Engine_Production_Spec_v1.4,1.4,§5 Calculation Inventory,SRC-DOC-M06-P-00065,,,,DATA,,,,,Canonicalized from 1 candidate row(s); source text preserved in 10_SOURCE_EXTRACTS.csv.
M06-CAN-0141,m06.current_1_0.product_semantic.e3ee0647c7dc71ef,1.0,CURRENT_1_0,M06,Расчётный движок,PRODUCT_SEMANTIC,CALCULATION,§5 Calculation Inventory,Показатель: Estimated contribution base; Точный смысл: M04 estimate только при rate context; не income; Owner: UPSTREAM_M04; В M06 1.0: Нет; Contract / why: pension snapshot estimated_contribution_bases,Показатель: Estimated contribution base; Точный смысл: M04 estimate только при rate context; не income; Owner: UPSTREAM_M04; В M06 1.0: Нет; Contract / why: pension snapshot estimated_contribution_bases,,,,,M06_CASA_Pro_Calculation_Engine_Production_Spec_v1.4,1.4,§5 Calculation Inventory,SRC-DOC-M06-P-00066,,,,DATA,,,,,Canonicalized from 1 candidate row(s); source text preserved in 10_SOURCE_EXTRACTS.csv.
M06-CAN-0142,m06.current_1_0.product_semantic.febd9fdce662a8c3,1.0,CURRENT_1_0,M06,Расчётный движок,PRODUCT_SEMANTIC,CALCULATION,§5 Calculation Inventory,Показатель: Заявленный доход; Точный смысл: Neutral M05 aggregate; Owner: UPSTREAM_M05; В M06 1.0: Нет; Contract / why: total_declared_income,Показатель: Заявленный доход; Точный смысл: Neutral M05 aggregate; Owner: UPSTREAM_M05; В M06 1.0: Нет; Contract / why: total_declared_income,,,,,M06_CASA_Pro_Calculation_Engine_Production_Spec_v1.4,1.4,§5 Calculation Inventory,SRC-DOC-M06-P-00067,,,,MULTI_LAYER,,,,,Canonicalized from 1 candidate row(s); source text preserved in 10_SOURCE_EXTRACTS.csv.
M06-CAN-0143,m06.current_1_0.product_semantic.89e45cc516189bff,1.0,CURRENT_1_0,M06,Расчётный движок,PRODUCT_SEMANTIC,CALCULATION,§5 Calculation Inventory,Показатель: Подтверждённый доход; Точный смысл: Neutral M05 aggregate по RG-CP-03; не bank accepted; Owner: UPSTREAM_M05; В M06 1.0: Нет; Contract / why: total_verified_income,Показатель: Подтверждённый доход; Точный смысл: Neutral M05 aggregate по RG-CP-03; не bank accepted; Owner: UPSTREAM_M05; В M06 1.0: Нет; Contract / why: total_verified_income,,,,,M06_CASA_Pro_Calculation_Engine_Production_Spec_v1.4,1.4,§5 Calculation Inventory,SRC-DOC-M06-P-00068,CP-03,,,MULTI_LAYER,,RG-CP-03,RG-CP-03,,Canonicalized from 1 candidate row(s); source text preserved in 10_SOURCE_EXTRACTS.csv.
M06-CAN-0144,m06.current_1_0.product_semantic.53fffd0e7c58589e,1.0,CURRENT_1_0,M06,Расчётный движок,PRODUCT_SEMANTIC,CALCULATION,§5 Calculation Inventory,Показатель: Доступный сейчас взнос; Точный смысл: Usable monetary sources only; Owner: UPSTREAM_M05; В M06 1.0: Читает; Contract / why: available_now_total,Показатель: Доступный сейчас взнос; Точный смысл: Usable monetary sources only; Owner: UPSTREAM_M05; В M06 1.0: Читает; Contract / why: available_now_total,,,,,M06_CASA_Pro_Calculation_Engine_Production_Spec_v1.4,1.4,§5 Calculation Inventory,SRC-DOC-M06-P-00069,,,,MULTI_LAYER,,,,,Canonicalized from 1 candidate row(s); source text preserved in 10_SOURCE_EXTRACTS.csv.
M06-CAN-0145,m06.current_1_0.product_semantic.975646a6e00851bf,1.0,CURRENT_1_0,M06,Расчётный движок,PRODUCT_SEMANTIC,CALCULATION,§5 Calculation Inventory,Показатель: Будущий / restricted взнос; Точный смысл: Не usable now; отдельно; Owner: UPSTREAM_M05; В M06 1.0: Нет; Contract / why: future_available_total / restricted_or_unavailable_total,Показатель: Будущий / restricted взнос; Точный смысл: Не usable now; отдельно; Owner: UPSTREAM_M05; В M06 1.0: Нет; Contract / why: future_available_total / restricted_or_unavailable_total,,,,,M06_CASA_Pro_Calculation_Engine_Production_Spec_v1.4,1.4,§5 Calculation Inventory,SRC-DOC-M06-P-00070,,,,MULTI_LAYER,,,,,Canonicalized from 1 candidate row(s); source text preserved in 10_SOURCE_EXTRACTS.csv.
M06-CAN-0146,m06.current_1_0.product_semantic.e9e46e654a345800,1.0,CURRENT_1_0,M06,Расчётный движок,PRODUCT_SEMANTIC,CALCULATION,§5 Calculation Inventory,Показатель: Gap / reconciliation; Точный смысл: Declared target vs explained sources; Owner: UPSTREAM_M05; В M06 1.0: Нет; Contract / why: gap/reconciliation,Показатель: Gap / reconciliation; Точный смысл: Declared target vs explained sources; Owner: UPSTREAM_M05; В M06 1.0: Нет; Contract / why: gap/reconciliation,,,,DECLARED,M06_CASA_Pro_Calculation_Engine_Production_Spec_v1.4,1.4,§5 Calculation Inventory,SRC-DOC-M06-P-00071,,,,MULTI_LAYER,,,,,Canonicalized from 1 candidate row(s); source text preserved in 10_SOURCE_EXTRACTS.csv.
M06-CAN-0147,m06.current_1_0.product_semantic.57af7aa9729b5a69,1.0,CURRENT_1_0,M06,Расчётный движок,PRODUCT_SEMANTIC,CALCULATION,§5 Calculation Inventory,Показатель: Целевая цена; Точный смысл: Предпочтение клиента; не valuation; Owner: UPSTREAM_M05; В M06 1.0: Читает; Contract / why: purchase_goal.target_price_max,Показатель: Целевая цена; Точный смысл: Предпочтение клиента; не valuation; Owner: UPSTREAM_M05; В M06 1.0: Читает; Contract / why: purchase_goal.target_price_max,,,,,M06_CASA_Pro_Calculation_Engine_Production_Spec_v1.4,1.4,§5 Calculation Inventory,SRC-DOC-M06-P-00072,,,,MULTI_LAYER,,,,,Canonicalized from 1 candidate row(s); source text preserved in 10_SOURCE_EXTRACTS.csv.
M06-CAN-0148,m06.current_1_0.product_semantic.62309c3f8dc88546,1.0,CURRENT_1_0,M06,Расчётный движок,PRODUCT_SEMANTIC,CALCULATION,§5 Calculation Inventory,Показатель: Требуемое финансирование; Точный смысл: Цена минус доступные сейчас денежные средства; floor 0; Owner: M06_CASA_NEUTRAL_1_0; В M06 1.0: Да; Contract / why: casa.required_financing/1.0.0,Показатель: Требуемое финансирование; Точный смысл: Цена минус доступные сейчас денежные средства; floor 0; Owner: M06_CASA_NEUTRAL_1_0; В M06 1.0: Да; Contract / why: casa.required_financing/1.0.0,,,,,M06_CASA_Pro_Calculation_Engine_Production_Spec_v1.4,1.4,§5 Calculation Inventory,SRC-DOC-M06-P-00073,,,,MULTI_LAYER,,,,,Canonicalized from 1 candidate row(s); source text preserved in 10_SOURCE_EXTRACTS.csv.
M06-CAN-0149,m06.current_1_0.product_semantic.4fe3217048a55cde,1.0,CURRENT_1_0,M06,Расчётный движок,PRODUCT_SEMANTIC,CALCULATION,§5 Calculation Inventory,Показатель: Расчётный ежемесячный платёж; Точный смысл: Аннуитет по заданным P/r/n; не предложение банка; Owner: M06_CASA_NEUTRAL_1_0; В M06 1.0: Да; Contract / why: casa.annuity_payment_by_parameters/1.0.0,Показатель: Расчётный ежемесячный платёж; Точный смысл: Аннуитет по заданным P/r/n; не предложение банка; Owner: M06_CASA_NEUTRAL_1_0; В M06 1.0: Да; Contract / why: casa.annuity_payment_by_parameters/1.0.0,,,,,M06_CASA_Pro_Calculation_Engine_Production_Spec_v1.4,1.4,§5 Calculation Inventory,SRC-DOC-M06-P-00074,,,,MULTI_LAYER,,,,,Canonicalized from 1 candidate row(s); source text preserved in 10_SOURCE_EXTRACTS.csv.
M06-CAN-0150,m06.current_1_0.product_semantic.fee6d41c67f360b2,1.0,CURRENT_1_0,M06,Расчётный движок,PRODUCT_SEMANTIC,CALCULATION,§5 Calculation Inventory,Показатель: Принимаемый доход; Точный смысл: Semantics на screenshot не доказана; Owner: REJECTED / AMBIGUOUS; В M06 1.0: Нет; Contract / why: Если bank accepted → BANK_SPECIFIC_1_1,Показатель: Принимаемый доход; Точный смысл: Semantics на screenshot не доказана; Owner: REJECTED / AMBIGUOUS; В M06 1.0: Нет; Contract / why: Если bank accepted → BANK_SPECIFIC_1_1,,,,,M06_CASA_Pro_Calculation_Engine_Production_Spec_v1.4,1.4,§5 Calculation Inventory,SRC-DOC-M06-P-00075,,,,MULTI_LAYER,,,,,Canonicalized from 1 candidate row(s); source text preserved in 10_SOURCE_EXTRACTS.csv.
M06-CAN-0151,m06.current_1_0.product_semantic.de3321558783d9fe,1.0,CURRENT_1_0,M06,Расчётный движок,PRODUCT_SEMANTIC,FORMULA,§5 Calculation Inventory,Показатель: КДН; Точный смысл: Нормативная формула банка; текущих regulatory inputs нет; Owner: REGULATORY_KZ; В M06 1.0: DISABLED; Contract / why: REG.KZ.KDN.BANK.2025-52/2026-92,Показатель: КДН; Точный смысл: Нормативная формула банка; текущих regulatory inputs нет; Owner: REGULATORY_KZ; В M06 1.0: DISABLED; Contract / why: REG.KZ.KDN.BANK.2025-52/2026-92,,,,DISABLED,M06_CASA_Pro_Calculation_Engine_Production_Spec_v1.4,1.4,§5 Calculation Inventory,SRC-DOC-M06-P-00076,,,,MULTI_LAYER,,,,,Canonicalized from 1 candidate row(s); source text preserved in 10_SOURCE_EXTRACTS.csv.
M06-CAN-0152,m06.current_1_0.product_semantic.852d3a3fe6863445,1.0,CURRENT_1_0,M06,Расчётный движок,PRODUCT_SEMANTIC,CALCULATION,§5 Calculation Inventory,"Показатель: Максимальный КДН / verdict; Точный смысл: Норматив/условие банка, не CASA-neutral output; Owner: BANK_SPECIFIC_1_1; В M06 1.0: Нет; Contract / why: Не оценивать в M06","Показатель: Максимальный КДН / verdict; Точный смысл: Норматив/условие банка, не CASA-neutral output; Owner: BANK_SPECIFIC_1_1; В M06 1.0: Нет; Contract / why: Не оценивать в M06",,,,,M06_CASA_Pro_Calculation_Engine_Production_Spec_v1.4,1.4,§5 Calculation Inventory,SRC-DOC-M06-P-00077,,,,MULTI_LAYER,,,,,Canonicalized from 1 candidate row(s); source text preserved in 10_SOURCE_EXTRACTS.csv.
M06-CAN-0153,m06.current_1_0.boundary.c8c5d5cc0457f436,1.0,CURRENT_1_0,M06,Расчётный движок,BOUNDARY,FORBIDDEN,§5 Calculation Inventory,Показатель: Bank approved loan amount; Точный смысл: Решение банка; Owner: BANK_SPECIFIC_1_1; В M06 1.0: Нет; Contract / why: Запрещено,,Показатель: Bank approved loan amount; Точный смысл: Решение банка; Owner: BANK_SPECIFIC_1_1; В M06 1.0: Нет; Contract / why: Запрещено,,,,M06_CASA_Pro_Calculation_Engine_Production_Spec_v1.4,1.4,§5 Calculation Inventory,SRC-DOC-M06-P-00078,,,,MULTI_LAYER,,,,,Canonicalized from 1 candidate row(s); source text preserved in 10_SOURCE_EXTRACTS.csv.
M06-CAN-0154,m06.current_1_0.product_semantic.f71754f4e56bfc6e,1.0,CURRENT_1_0,M06,Расчётный движок,PRODUCT_SEMANTIC,CALCULATION,§5 Calculation Inventory,Показатель: LTV; Точный смысл: Нет однозначного valuation denominator и scope; Owner: FUTURE; В M06 1.0: Нет; Contract / why: REGULATORY/BANK rule required,Показатель: LTV; Точный смысл: Нет однозначного valuation denominator и scope; Owner: FUTURE; В M06 1.0: Нет; Contract / why: REGULATORY/BANK rule required,,,,,M06_CASA_Pro_Calculation_Engine_Production_Spec_v1.4,1.4,§5 Calculation Inventory,SRC-DOC-M06-P-00079,,,,PRODUCT,,,,,Canonicalized from 1 candidate row(s); source text preserved in 10_SOURCE_EXTRACTS.csv.
M06-CAN-0155,m06.current_1_0.product_semantic.e95b50c2ee587f73,1.0,CURRENT_1_0,M06,Расчётный движок,PRODUCT_SEMANTIC,CALCULATION,§5 Calculation Inventory,Показатель: DTI / DSR; Точный смысл: Не определены MASTER для 1.0; риск переименования КДН; Owner: REJECTED / AMBIGUOUS; В M06 1.0: Нет; Contract / why: Не публиковать,Показатель: DTI / DSR; Точный смысл: Не определены MASTER для 1.0; риск переименования КДН; Owner: REJECTED / AMBIGUOUS; В M06 1.0: Нет; Contract / why: Не публиковать,,,,,M06_CASA_Pro_Calculation_Engine_Production_Spec_v1.4,1.4,§5 Calculation Inventory,SRC-DOC-M06-P-00080,,,,MULTI_LAYER,,,,,Canonicalized from 1 candidate row(s); source text preserved in 10_SOURCE_EXTRACTS.csv.
M06-CAN-0156,m06.current_1_0.product_semantic.19509fe7dc5ef6d3,1.0,CURRENT_1_0,M06,Расчётный движок,PRODUCT_SEMANTIC,CALCULATION,§5 Calculation Inventory,Показатель: Открыто программ / verdict; Точный смысл: Результат применения rule pack; Owner: BANK_SPECIFIC_1_1; В M06 1.0: Нет; Contract / why: Module 08 later,Показатель: Открыто программ / verdict; Точный смысл: Результат применения rule pack; Owner: BANK_SPECIFIC_1_1; В M06 1.0: Нет; Contract / why: Module 08 later,,,,,M06_CASA_Pro_Calculation_Engine_Production_Spec_v1.4,1.4,§5 Calculation Inventory,SRC-DOC-M06-P-00081,,,,MULTI_LAYER,,,,,Canonicalized from 1 candidate row(s); source text preserved in 10_SOURCE_EXTRACTS.csv.
M06-CAN-0157,m06.current_1_0.product_semantic.54051cde4480aeb8,1.0,CURRENT_1_0,M06,Расчётный движок,PRODUCT_SEMANTIC,CALCULATION,§5 Calculation Inventory,Показатель: Рефинансировать/погасить/доход/ПВ/бюджет/созаёмщик; Точный смысл: Explicit what-if assumptions; Owner: SCENARIO_1_2; В M06 1.0: Нет; Contract / why: Не orchestrate,Показатель: Рефинансировать/погасить/доход/ПВ/бюджет/созаёмщик; Точный смысл: Explicit what-if assumptions; Owner: SCENARIO_1_2; В M06 1.0: Нет; Contract / why: Не orchestrate,,,,,M06_CASA_Pro_Calculation_Engine_Production_Spec_v1.4,1.4,§5 Calculation Inventory,SRC-DOC-M06-P-00082,,,,MULTI_LAYER,,,,,Canonicalized from 1 candidate row(s); source text preserved in 10_SOURCE_EXTRACTS.csv.
M06-CAN-0158,m06.current_1_0.product_semantic.fec4b8f6d8d6a67f,1.0,CURRENT_1_0,M06,Расчётный движок,PRODUCT_SEMANTIC,CALCULATION,§5 Calculation Inventory,Показатель: Кредит/платёж/КДН на карточке ЖК; Точный смысл: Property + bank/scenario result; Owner: FUTURE; В M06 1.0: Нет; Contract / why: Вне M06,Показатель: Кредит/платёж/КДН на карточке ЖК; Точный смысл: Property + bank/scenario result; Owner: FUTURE; В M06 1.0: Нет; Contract / why: Вне M06,,,,,M06_CASA_Pro_Calculation_Engine_Production_Spec_v1.4,1.4,§5 Calculation Inventory,SRC-DOC-M06-P-00083,,,,MULTI_LAYER,,,,,Canonicalized from 1 candidate row(s); source text preserved in 10_SOURCE_EXTRACTS.csv.
M06-CAN-0159,m06.current_1_0.boundary.2e347f38d442012a,1.0,CURRENT_1_0,M06,Расчётный движок,BOUNDARY,FORBIDDEN,§6 Ownership Matrix M03/M04/M05/M06/Bank Rules/Scenario,"Слой: M03; Владеет: outstanding, reported payments, cards, current/historical DPD; M06 читает: snapshot ID/hash/status/selected values only when formula requires; M06 запрещено: reparse PDF, invent card payment, alter obligation; Версия: M03 v1.1",,"Слой: M03; Владеет: outstanding, reported payments, cards, current/historical DPD; M06 читает: snapshot ID/hash/status/selected values only when formula requires; M06 запрещено: reparse PDF, invent card payment, alter obligation; Версия: M03 v1.1",,,,M06_CASA_Pro_Calculation_Engine_Production_Spec_v1.4,1.4,§6 Ownership Matrix M03/M04/M05/M06/Bank Rules/Scenario,SRC-DOC-M06-P-00087,,,,DATA|PARSER,,,,,Canonicalized from 1 candidate row(s); source text preserved in 10_SOURCE_EXTRACTS.csv.
M06-CAN-0160,m06.current_1_0.boundary.db1229ed3dec0660,1.0,CURRENT_1_0,M06,Расчётный движок,BOUNDARY,FORBIDDEN,§6 Ownership Matrix M03/M04/M05/M06/Bank Rules/Scenario,Слой: M04; Владеет: contribution rows/months/senders/KNP/base estimate; M06 читает: snapshot ref for provenance only in 1.0 golden; M06 запрещено: derive salary/income/base; Версия: M04 v1.0,,Слой: M04; Владеет: contribution rows/months/senders/KNP/base estimate; M06 читает: snapshot ref for provenance only in 1.0 golden; M06 запрещено: derive salary/income/base; Версия: M04 v1.0,,,,M06_CASA_Pro_Calculation_Engine_Production_Spec_v1.4,1.4,§6 Ownership Matrix M03/M04/M05/M06/Bank Rules/Scenario,SRC-DOC-M06-P-00088,,,,DATA,,,,,Canonicalized from 1 candidate row(s); source text preserved in 10_SOURCE_EXTRACTS.csv.
M06-CAN-0161,m06.current_1_0.boundary.19c6440aab8a4e9f,1.0,CURRENT_1_0,M06,Расчётный движок,BOUNDARY,FORBIDDEN,§6 Ownership Matrix M03/M04/M05/M06/Bank Rules/Scenario,"Слой: M05; Владеет: participants, goal, incomes, DP totals/reconciliation/quality; M06 читает: target_price_max + available_now_total semantic metric; M06 запрещено: aggregate income or DP sources again; Версия: M05 v1.1",,"Слой: M05; Владеет: participants, goal, incomes, DP totals/reconciliation/quality; M06 читает: target_price_max + available_now_total semantic metric; M06 запрещено: aggregate income or DP sources again; Версия: M05 v1.1",,,,M06_CASA_Pro_Calculation_Engine_Production_Spec_v1.4,1.4,§6 Ownership Matrix M03/M04/M05/M06/Bank Rules/Scenario,SRC-DOC-M06-P-00089,,,,MULTI_LAYER,,,,,Canonicalized from 1 candidate row(s); source text preserved in 10_SOURCE_EXTRACTS.csv.
M06-CAN-0162,m06.current_1_0.boundary.4da3b686e20493da,1.0,CURRENT_1_0,M06,Расчётный движок,BOUNDARY,FORBIDDEN,§6 Ownership Matrix M03/M04/M05/M06/Bank Rules/Scenario,"Слой: M06; Владеет: required financing + payment primitive + calculation snapshot; M06 читает: versioned immutable inputs; M06 запрещено: bank decision, regulatory substitution, scenarios; Версия: this Spec v1.4",,"Слой: M06; Владеет: required financing + payment primitive + calculation snapshot; M06 читает: versioned immutable inputs; M06 запрещено: bank decision, regulatory substitution, scenarios; Версия: this Spec v1.4",,,,M06_CASA_Pro_Calculation_Engine_Production_Spec_v1.4,1.4,§6 Ownership Matrix M03/M04/M05/M06/Bank Rules/Scenario,SRC-DOC-M06-P-00090,,,,DATA,,,,,Canonicalized from 1 candidate row(s); source text preserved in 10_SOURCE_EXTRACTS.csv.
M06-CAN-0163,m06.current_1_0.boundary.8cb179fba4d6b4c3,1.0,CURRENT_1_0,M06,Расчётный движок,BOUNDARY,FORBIDDEN,§6 Ownership Matrix M03/M04/M05/M06/Bank Rules/Scenario,Слой: Regulatory KZ; Владеет: official KDN definition/scope/inputs; M06 читает: source metadata only; executable disabled; M06 запрещено: call CASA ratio official KDN; Версия: NBRK №52 + amendments,,Слой: Regulatory KZ; Владеет: official KDN definition/scope/inputs; M06 читает: source metadata only; executable disabled; M06 запрещено: call CASA ratio official KDN; Версия: NBRK №52 + amendments,,,DISABLED,M06_CASA_Pro_Calculation_Engine_Production_Spec_v1.4,1.4,§6 Ownership Matrix M03/M04/M05/M06/Bank Rules/Scenario,SRC-DOC-M06-P-00091,,,,DATA|PRODUCT,,,,,Canonicalized from 1 candidate row(s); source text preserved in 10_SOURCE_EXTRACTS.csv.
M06-CAN-0164,m06.current_1_0.boundary.7ca8b0da6958cc39,1.0,CURRENT_1_0,M06,Расчётный движок,BOUNDARY,FORBIDDEN,§6 Ownership Matrix M03/M04/M05/M06/Bank Rules/Scenario,"Слой: Bank Rules 1.1; Владеет: accepted income, program thresholds, payment interpretation, verdict; M06 читает: future calculation_snapshot; M06 запрещено: back-write source/profile/calculation; Версия: future",,"Слой: Bank Rules 1.1; Владеет: accepted income, program thresholds, payment interpretation, verdict; M06 читает: future calculation_snapshot; M06 запрещено: back-write source/profile/calculation; Версия: future",,,,M06_CASA_Pro_Calculation_Engine_Production_Spec_v1.4,1.4,§6 Ownership Matrix M03/M04/M05/M06/Bank Rules/Scenario,SRC-DOC-M06-P-00092,,,,DATA,,,,,Canonicalized from 1 candidate row(s); source text preserved in 10_SOURCE_EXTRACTS.csv.
M06-CAN-0165,m06.current_1_0.boundary.9ce9b2b4157040d6,1.0,CURRENT_1_0,M06,Расчётный движок,BOUNDARY,FORBIDDEN,§6 Ownership Matrix M03/M04/M05/M06/Bank Rules/Scenario,Слой: Scenario 1.2; Владеет: independent before/after assumptions; M06 читает: reuse M06 primitives; M06 запрещено: mutate base facts; Версия: future,,Слой: Scenario 1.2; Владеет: independent before/after assumptions; M06 читает: reuse M06 primitives; M06 запрещено: mutate base facts; Версия: future,,,,M06_CASA_Pro_Calculation_Engine_Production_Spec_v1.4,1.4,§6 Ownership Matrix M03/M04/M05/M06/Bank Rules/Scenario,SRC-DOC-M06-P-00093,,,,MULTI_LAYER,,,,,Canonicalized from 1 candidate row(s); source text preserved in 10_SOURCE_EXTRACTS.csv.
M06-CAN-0166,m06.current_1_0.product_semantic.eda6654581ca1b11,1.0,CURRENT_1_0,M06,Расчётный движок,PRODUCT_SEMANTIC,BUSINESS_RULE,§6 Ownership Matrix M03/M04/M05/M06/Bank Rules/Scenario,"ONE OWNER  Один показатель не может одновременно принадлежать M05 и M06. M06 сохраняет upstream value/reference, но не создаёт вторую истину.: ONE OWNER  Один показатель не может одновременно принадлежать M05 и M06. M06 сохраняет upstream value/reference, но не создаёт вторую истину.","ONE OWNER  Один показатель не может одновременно принадлежать M05 и M06. M06 сохраняет upstream value/reference, но не создаёт вторую истину.: ONE OWNER  Один показатель не может одновременно принадлежать M05 и M06. M06 сохраняет upstream value/reference, но не создаёт вторую истину.",,,,,M06_CASA_Pro_Calculation_Engine_Production_Spec_v1.4,1.4,§6 Ownership Matrix M03/M04/M05/M06/Bank Rules/Scenario,SRC-DOC-M06-P-00094,,,,MULTI_LAYER,,,,,Canonicalized from 1 candidate row(s); source text preserved in 10_SOURCE_EXTRACTS.csv.
M06-CAN-0167,m06.current_1_0.product_semantic.9a00b9afca55ae44,1.0,CURRENT_1_0,M06,Расчётный движок,PRODUCT_SEMANTIC,STATE,§7 Input contracts,"M06 input path: calculation_run.inputs.required_financing.target_price; Exact source binding: client_profile_snapshot.purchase_goal.target_price_max; Type / unit: Money{amount Decimal(20,2), currency='KZT'}; Required: Да; Allowed states: CONFIRMED/VERIFIED; DECLARED → limitation","M06 input path: calculation_run.inputs.required_financing.target_price; Exact source binding: client_profile_snapshot.purchase_goal.target_price_max; Type / unit: Money{amount Decimal(20,2), currency='KZT'}; Required: Да; Allowed states: CONFIRMED/VERIFIED; DECLARED → limitation",,,,CONFIRMED|VERIFIED|DECLARED,M06_CASA_Pro_Calculation_Engine_Production_Spec_v1.4,1.4,§7 Input contracts,SRC-DOC-M06-P-00098,,,,DATA,,,,,Canonicalized from 1 candidate row(s); source text preserved in 10_SOURCE_EXTRACTS.csv.
M06-CAN-0168,m06.current_1_0.product_semantic.f1dc8d7d7ed558ec,1.0,CURRENT_1_0,M06,Расчётный движок,PRODUCT_SEMANTIC,STATE,§7 Input contracts,"M06 input path: calculation_run.inputs.required_financing.available_now_down_payment; Exact source binding: client_profile_snapshot::metric(available_now_total); Type / unit: Money{amount Decimal(20,2), currency='KZT'}; Required: Да; Allowed states: CONFIRMED/VERIFIED; DECLARED/EVIDENCE_REQUESTED → limitation","M06 input path: calculation_run.inputs.required_financing.available_now_down_payment; Exact source binding: client_profile_snapshot::metric(available_now_total); Type / unit: Money{amount Decimal(20,2), currency='KZT'}; Required: Да; Allowed states: CONFIRMED/VERIFIED; DECLARED/EVIDENCE_REQUESTED → limitation",,,,CONFIRMED|VERIFIED|DECLARED,M06_CASA_Pro_Calculation_Engine_Production_Spec_v1.4,1.4,§7 Input contracts,SRC-DOC-M06-P-00099,,,,DATA,,,,,Canonicalized from 1 candidate row(s); source text preserved in 10_SOURCE_EXTRACTS.csv.
M06-CAN-0169,m06.current_1_0.product_semantic.8c1f25efffd23c6a,1.0,CURRENT_1_0,M06,Расчётный движок,PRODUCT_SEMANTIC,STATE,§7 Input contracts,M06 input path: calculation_run.inputs.annuity_payment.principal; Exact source binding: result[casa.required_financing/1.0.0].value; Type / unit: Money KZT; Required: Да; Allowed states: COMPLETED / COMPLETED_WITH_LIMITATIONS,M06 input path: calculation_run.inputs.annuity_payment.principal; Exact source binding: result[casa.required_financing/1.0.0].value; Type / unit: Money KZT; Required: Да; Allowed states: COMPLETED / COMPLETED_WITH_LIMITATIONS,,,,,M06_CASA_Pro_Calculation_Engine_Production_Spec_v1.4,1.4,§7 Input contracts,SRC-DOC-M06-P-00100,,,,MULTI_LAYER,,,,,Canonicalized from 1 candidate row(s); source text preserved in 10_SOURCE_EXTRACTS.csv.
M06-CAN-0170,m06.current_1_0.product_semantic.c77b8fae20bb5af9,1.0,CURRENT_1_0,M06,Расчётный движок,PRODUCT_SEMANTIC,STATE,§7 Input contracts,"M06 input path: calculation_run.inputs.annuity_payment.annual_nominal_rate_percent; Exact source binding: calculation_request.parameters.annual_nominal_rate_percent; Type / unit: Decimal(7,4) percent, e.g. 12.5000; Required: Да; Allowed states: PARAMETER_CONFIRMED","M06 input path: calculation_run.inputs.annuity_payment.annual_nominal_rate_percent; Exact source binding: calculation_request.parameters.annual_nominal_rate_percent; Type / unit: Decimal(7,4) percent, e.g. 12.5000; Required: Да; Allowed states: PARAMETER_CONFIRMED",,,,,M06_CASA_Pro_Calculation_Engine_Production_Spec_v1.4,1.4,§7 Input contracts,SRC-DOC-M06-P-00101,,,,MULTI_LAYER,,,,,Canonicalized from 1 candidate row(s); source text preserved in 10_SOURCE_EXTRACTS.csv.
M06-CAN-0171,m06.current_1_0.product_semantic.8810dccc37aeefc4,1.0,CURRENT_1_0,M06,Расчётный движок,PRODUCT_SEMANTIC,STATE,§7 Input contracts,M06 input path: calculation_run.inputs.annuity_payment.term_months; Exact source binding: calculation_request.parameters.term_months; Type / unit: integer months; Required: Да; Allowed states: >0,M06 input path: calculation_run.inputs.annuity_payment.term_months; Exact source binding: calculation_request.parameters.term_months; Type / unit: integer months; Required: Да; Allowed states: >0,,,,,M06_CASA_Pro_Calculation_Engine_Production_Spec_v1.4,1.4,§7 Input contracts,SRC-DOC-M06-P-00102,,,,MULTI_LAYER,,,,,Canonicalized from 1 candidate row(s); source text preserved in 10_SOURCE_EXTRACTS.csv.
M06-CAN-0172,m06.current_1_0.product_semantic.3751693be960e3ee,1.0,CURRENT_1_0,M06,Расчётный движок,PRODUCT_SEMANTIC,STATE,§7 Input contracts,M06 input path: calculation_run.inputs.annuity_payment.payment_frequency; Exact source binding: constant MONTHLY; Type / unit: enum; Required: Да; Allowed states: MONTHLY only,M06 input path: calculation_run.inputs.annuity_payment.payment_frequency; Exact source binding: constant MONTHLY; Type / unit: enum; Required: Да; Allowed states: MONTHLY only,,,,,M06_CASA_Pro_Calculation_Engine_Production_Spec_v1.4,1.4,§7 Input contracts,SRC-DOC-M06-P-00103,,,,MULTI_LAYER,,,,,Canonicalized from 1 candidate row(s); source text preserved in 10_SOURCE_EXTRACTS.csv.
M06-CAN-0173,m06.current_1_0.data_contract.21ee7a3b7fab8077,1.0,CURRENT_1_0,M06,Расчётный движок,DATA_CONTRACT,SNAPSHOT,§7 Input contracts,"M05 METRIC BINDING  Notation client_profile_snapshot::metric(available_now_total) ссылается на уже утверждённый M05 neutral metric по имени и snapshot ID/hash. Это resolver notation M06, а не новое поле/сущность M05. Raw down_payment_sources не агрегируются повторно.: M05 METRIC BINDING  Notation client_profile_snapshot::metric(available_now_total) ссылается на уже утверждённый M05 neutral metric по имени и snapshot ID/hash. Это resolver notation M06, а не новое поле/сущность M05. Raw down_payment_sources не агрегируются повторно.","M05 METRIC BINDING  Notation client_profile_snapshot::metric(available_now_total) ссылается на уже утверждённый M05 neutral metric по имени и snapshot ID/hash. Это resolver notation M06, а не новое поле/сущность M05. Raw down_payment_sources не агрегируются повторно.: M05 METRIC BINDING  Notation client_profile_snapshot::metric(available_now_total) ссылается на уже утверждённый M05 neutral metric по имени и snapshot ID/hash. Это resolver notation M06, а не новое поле/сущность M05. Raw down_payment_sources не агрегируются повторно.",,,,,M06_CASA_Pro_Calculation_Engine_Production_Spec_v1.4,1.4,§7 Input contracts,SRC-DOC-M06-P-00104,,,,DATA,,,,,Canonicalized from 1 candidate row(s); source text preserved in 10_SOURCE_EXTRACTS.csv.
M06-CAN-0174,m06.current_1_0.product_semantic.6be5577880e828aa,1.0,CURRENT_1_0,M06,Расчётный движок,PRODUCT_SEMANTIC,STATE,§8 Formula Registry,"formula_id / machine_name: CALC-F-001
casa.required_financing; Origin / owner / release: CASA_NEUTRAL
M06_CASA_NEUTRAL_1_0
1.0; Version / effective: 1.0.0
23.08.2026 → open
APPROVED; Exact expression: F = max(P − A_now, 0); Inputs: target_price; available_now_down_payment; same KZT; Output / status: required_financing_amount Money KZT","formula_id / machine_name: CALC-F-001
casa.required_financing; Origin / owner / release: CASA_NEUTRAL
M06_CASA_NEUTRAL_1_0
1.0; Version / effective: 1.0.0
23.08.2026 → open
APPROVED; Exact expression: F = max(P − A_now, 0); Inputs: target_price; available_now_down_payment; same KZT; Output / status: required_financing_amount Money KZT",,,,,M06_CASA_Pro_Calculation_Engine_Production_Spec_v1.4,1.4,§8 Formula Registry,SRC-DOC-M06-P-00114,CALC-F-001,,,MULTI_LAYER,,,,,Canonicalized from 1 candidate row(s); source text preserved in 10_SOURCE_EXTRACTS.csv.
M06-CAN-0175,m06.current_1_0.product_semantic.02d082ce9126d57b,1.0,CURRENT_1_0,M06,Расчётный движок,PRODUCT_SEMANTIC,STATE,§8 Formula Registry,"formula_id / machine_name: CALC-F-002
casa.annuity_payment_by_parameters; Origin / owner / release: CASA_NEUTRAL
M06_CASA_NEUTRAL_1_0
1.0; Version / effective: 1.0.0
23.08.2026 → open
APPROVED; Exact expression: r=a/100/12; M=P·r·(1+r)^n/((1+r)^n−1); if r=0, M=P/n; Inputs: principal; annual nominal %; term_months; MONTHLY; Output / status: monthly_payment_by_parameters Money KZT","formula_id / machine_name: CALC-F-002
casa.annuity_payment_by_parameters; Origin / owner / release: CASA_NEUTRAL
M06_CASA_NEUTRAL_1_0
1.0; Version / effective: 1.0.0
23.08.2026 → open
APPROVED; Exact expression: r=a/100/12; M=P·r·(1+r)^n/((1+r)^n−1); if r=0, M=P/n; Inputs: principal; annual nominal %; term_months; MONTHLY; Output / status: monthly_payment_by_parameters Money KZT",,,,,M06_CASA_Pro_Calculation_Engine_Production_Spec_v1.4,1.4,§8 Formula Registry,SRC-DOC-M06-P-00115,CALC-F-002,,,MULTI_LAYER,,,,,Canonicalized from 1 candidate row(s); source text preserved in 10_SOURCE_EXTRACTS.csv.
M06-CAN-0176,m06.current_1_0.product_semantic.1aa9894314c1e83e,1.0,CURRENT_1_0,M06,Расчётный движок,PRODUCT_SEMANTIC,STATE,§8 Formula Registry,"formula_id / machine_name: REG-F-001
reg.kz.kdn.bank; Origin / owner / release: REGULATORY_KZ
NBRK/Bank
not executable 1.0; Version / effective: 2025-52/2026-92
current from 18.08.2026
DISABLED; Exact expression: KDN=(Σ(PNZ_i+PP_i)+PZ)/D; Inputs: Regulatory PNZ_i (incl. card rule), PP_i, PZ, D; exact inputs absent; Output / status: value=null; REGULATORY_INPUT_REQUIRED","formula_id / machine_name: REG-F-001
reg.kz.kdn.bank; Origin / owner / release: REGULATORY_KZ
NBRK/Bank
not executable 1.0; Version / effective: 2025-52/2026-92
current from 18.08.2026
DISABLED; Exact expression: KDN=(Σ(PNZ_i+PP_i)+PZ)/D; Inputs: Regulatory PNZ_i (incl. card rule), PP_i, PZ, D; exact inputs absent; Output / status: value=null; REGULATORY_INPUT_REQUIRED",,,,DISABLED,M06_CASA_Pro_Calculation_Engine_Production_Spec_v1.4,1.4,§8 Formula Registry,SRC-DOC-M06-P-00116,REG-F-001,,,MULTI_LAYER,,,,,Canonicalized from 1 candidate row(s); source text preserved in 10_SOURCE_EXTRACTS.csv.
M06-CAN-0177,m06.current_1_0.product_semantic.924905bc22f8a245,1.0,CURRENT_1_0,M06,Расчётный движок,PRODUCT_SEMANTIC,STATE,§8 Formula Registry,"formula_id, name_ru, machine_name, owner, release, category, formula_version, effective_from/to, status;","formula_id, name_ru, machine_name, owner, release, category, formula_version, effective_from/to, status;",,,,,M06_CASA_Pro_Calculation_Engine_Production_Spec_v1.4,1.4,§8 Formula Registry,SRC-DOC-M06-P-00118,,,,MULTI_LAYER,,,,,Canonicalized from 1 candidate row(s); source text preserved in 10_SOURCE_EXTRACTS.csv.
M06-CAN-0178,m06.current_1_0.product_semantic.e52bbb098feeaf53,1.0,CURRENT_1_0,M06,Расчётный движок,PRODUCT_SEMANTIC,ERROR,§8 Formula Registry,"business meaning, exact expression, input paths/types/required/units/preconditions, UNKNOWN/rounding/error policy;","business meaning, exact expression, input paths/types/required/units/preconditions, UNKNOWN/rounding/error policy;",,,,UNKNOWN,M06_CASA_Pro_Calculation_Engine_Production_Spec_v1.4,1.4,§8 Formula Registry,SRC-DOC-M06-P-00119,,,,MULTI_LAYER,,,,,Canonicalized from 1 candidate row(s); source text preserved in 10_SOURCE_EXTRACTS.csv.
M06-CAN-0179,m06.current_1_0.product_semantic.80895ba9fa58bde6,1.0,CURRENT_1_0,M06,Расчётный движок,PRODUCT_SEMANTIC,BUSINESS_RULE,Входит в M06 1.0,required_financing_amount по цене и approved M05 available_now_total;,required_financing_amount по цене и approved M05 available_now_total;,,,,,M06_CASA_Pro_Calculation_Engine_Production_Spec_v1.4,1.4,Входит в M06 1.0,SRC-DOC-M06-P-00045,,,,MULTI_LAYER,,,,,Canonicalized from 1 candidate row(s); source text preserved in 10_SOURCE_EXTRACTS.csv.
M06-CAN-0180,m06.current_1_0.product_semantic.6f217162b9009bb6,1.0,CURRENT_1_0,M06,Расчётный движок,PRODUCT_SEMANTIC,BUSINESS_RULE,Входит в M06 1.0,annuity_payment_by_parameters для monthly schedule без комиссий/страховок/льгот;,annuity_payment_by_parameters для monthly schedule без комиссий/страховок/льгот;,,,,,M06_CASA_Pro_Calculation_Engine_Production_Spec_v1.4,1.4,Входит в M06 1.0,SRC-DOC-M06-P-00046,,,,MULTI_LAYER,,,,,Canonicalized from 1 candidate row(s); source text preserved in 10_SOURCE_EXTRACTS.csv.
M06-CAN-0181,m06.current_1_0.product_semantic.8028c18505cf1675,1.0,CURRENT_1_0,M06,Расчётный движок,PRODUCT_SEMANTIC,STATE,Входит в M06 1.0,детерминированный decimal/rounding/state/error contract;,детерминированный decimal/rounding/state/error contract;,,,,,M06_CASA_Pro_Calculation_Engine_Production_Spec_v1.4,1.4,Входит в M06 1.0,SRC-DOC-M06-P-00047,,,,MULTI_LAYER,,,,,Canonicalized from 1 candidate row(s); source text preserved in 10_SOURCE_EXTRACTS.csv.
M06-CAN-0182,m06.current_1_0.product_semantic.c38ecd0b9b6d2687,1.0,CURRENT_1_0,M06,Расчётный движок,PRODUCT_SEMANTIC,CALCULATION,Входит в M06 1.0,calculation_run и immutable/replayable calculation_snapshot;,calculation_run и immutable/replayable calculation_snapshot;,,,,,M06_CASA_Pro_Calculation_Engine_Production_Spec_v1.4,1.4,Входит в M06 1.0,SRC-DOC-M06-P-00048,,,,DATA,,,,,Canonicalized from 1 candidate row(s); source text preserved in 10_SOURCE_EXTRACTS.csv.
M06-CAN-0183,m06.current_1_0.boundary.5dae38dcf8b57a55,1.0,CURRENT_1_0,M06,Расчётный движок,BOUNDARY,FUTURE_BOUNDARY,Не входит,"Не реализовывать в 1.0: Официальный или банковский КДН; Owner / safe behavior: REGULATORY_KZ + будущий bank execution; M06 возвращает BLOCKED/NOT_AVAILABLE, не число.","Не реализовывать в 1.0: Официальный или банковский КДН; Owner / safe behavior: REGULATORY_KZ + будущий bank execution; M06 возвращает BLOCKED/NOT_AVAILABLE, не число.",,,,BLOCKED,M06_CASA_Pro_Calculation_Engine_Production_Spec_v1.4,1.4,Не входит,SRC-DOC-M06-P-00052,,,,MULTI_LAYER,,,,,Canonicalized from 1 candidate row(s); source text preserved in 10_SOURCE_EXTRACTS.csv.
M06-CAN-0184,m06.current_1_0.boundary.c0f6babf15641060,1.0,CURRENT_1_0,M06,Расчётный движок,BOUNDARY,FUTURE_BOUNDARY,Не входит,Не реализовывать в 1.0: Принимаемый банком доход; Owner / safe behavior: BANK_SPECIFIC_1_1; поля bank_accepted_income в M06 нет.,Не реализовывать в 1.0: Принимаемый банком доход; Owner / safe behavior: BANK_SPECIFIC_1_1; поля bank_accepted_income в M06 нет.,,,,,M06_CASA_Pro_Calculation_Engine_Production_Spec_v1.4,1.4,Не входит,SRC-DOC-M06-P-00053,,,,MULTI_LAYER,,,,,Canonicalized from 1 candidate row(s); source text preserved in 10_SOURCE_EXTRACTS.csv.
M06-CAN-0185,m06.current_1_0.boundary.040412e9478bab95,1.0,CURRENT_1_0,M06,Расчётный движок,BOUNDARY,FUTURE_BOUNDARY,Не входит,Не реализовывать в 1.0: Порог/вердикт программы; Owner / safe behavior: BANK_SPECIFIC_1_1; M06 не показывает «проходит/не проходит».,Не реализовывать в 1.0: Порог/вердикт программы; Owner / safe behavior: BANK_SPECIFIC_1_1; M06 не показывает «проходит/не проходит».,,,,,M06_CASA_Pro_Calculation_Engine_Production_Spec_v1.4,1.4,Не входит,SRC-DOC-M06-P-00054,,,,MULTI_LAYER,,,,,Canonicalized from 1 candidate row(s); source text preserved in 10_SOURCE_EXTRACTS.csv.
M06-CAN-0186,m06.current_1_0.boundary.9a41673f99089749,1.0,CURRENT_1_0,M06,Расчётный движок,BOUNDARY,FUTURE_BOUNDARY,Не входит,Не реализовывать в 1.0: What-if orchestration; Owner / safe behavior: SCENARIO_1_2; M06 primitive не сохраняет сценарий и не меняет profile.,Не реализовывать в 1.0: What-if orchestration; Owner / safe behavior: SCENARIO_1_2; M06 primitive не сохраняет сценарий и не меняет profile.,,,,,M06_CASA_Pro_Calculation_Engine_Production_Spec_v1.4,1.4,Не входит,SRC-DOC-M06-P-00055,,,,MULTI_LAYER,,,,,Canonicalized from 1 candidate row(s); source text preserved in 10_SOURCE_EXTRACTS.csv.
M06-CAN-0187,m06.current_1_0.boundary.e66ad82c5a8ca170,1.0,CURRENT_1_0,M06,Расчётный движок,BOUNDARY,FUTURE_BOUNDARY,Не входит,Не реализовывать в 1.0: LTV/DTI/DSR; Owner / safe behavior: Не включать без exact scope/input semantics; production catalog 1.0 не содержит.,Не реализовывать в 1.0: LTV/DTI/DSR; Owner / safe behavior: Не включать без exact scope/input semantics; production catalog 1.0 не содержит.,,,,,M06_CASA_Pro_Calculation_Engine_Production_Spec_v1.4,1.4,Не входит,SRC-DOC-M06-P-00056,,,,PRODUCT,,,,,Canonicalized from 1 candidate row(s); source text preserved in 10_SOURCE_EXTRACTS.csv.
M06-CAN-0188,m06.current_1_0.boundary.7768d6e06d895ef7,1.0,CURRENT_1_0,M06,Расчётный движок,BOUNDARY,FUTURE_BOUNDARY,Не входит,Не реализовывать в 1.0: Property matching; Owner / safe behavior: FUTURE; карточки ЖК/квартир не принадлежат M06.,Не реализовывать в 1.0: Property matching; Owner / safe behavior: FUTURE; карточки ЖК/квартир не принадлежат M06.,,,,,M06_CASA_Pro_Calculation_Engine_Production_Spec_v1.4,1.4,Не входит,SRC-DOC-M06-P-00057,,,,MULTI_LAYER,,,,,Canonicalized from 1 candidate row(s); source text preserved in 10_SOURCE_EXTRACTS.csv.
M06-CAN-0189,m06.current_1_0.product_semantic.a4b467dd3ff39582,1.0,CURRENT_1_0,M06,Расчётный движок,PRODUCT_SEMANTIC,CALCULATION,Не входит,Не реализовывать в 1.0: Raw PDF processing; Owner / safe behavior: UPSTREAM_M03/M04; Calculation Engine получает только snapshot refs.,Не реализовывать в 1.0: Raw PDF processing; Owner / safe behavior: UPSTREAM_M03/M04; Calculation Engine получает только snapshot refs.,,,,,M06_CASA_Pro_Calculation_Engine_Production_Spec_v1.4,1.4,Не входит,SRC-DOC-M06-P-00058,,,,DATA|PARSER,,,,,Canonicalized from 1 candidate row(s); source text preserved in 10_SOURCE_EXTRACTS.csv.
M06-CAN-0190,m06.current_1_0.data_contract.7ce2a85c9c62a6d5,1.0,CURRENT_1_0,M06,Расчётный движок,DATA_CONTRACT,SNAPSHOT,Обязательная provenance envelope,source_snapshot_id + source_snapshot_hash + schema_version;,source_snapshot_id + source_snapshot_hash + schema_version;,,,,,M06_CASA_Pro_Calculation_Engine_Production_Spec_v1.4,1.4,Обязательная provenance envelope,SRC-DOC-M06-P-00106,,,,DATA,,,,,Canonicalized from 1 candidate row(s); source text preserved in 10_SOURCE_EXTRACTS.csv.
M06-CAN-0191,m06.current_1_0.product_semantic.48a00d12cca4795c,1.0,CURRENT_1_0,M06,Расчётный движок,PRODUCT_SEMANTIC,STATE,Обязательная provenance envelope,source_field_ref или source_metric_ref; source_status/quality/as_of;,source_field_ref или source_metric_ref; source_status/quality/as_of;,,,,,M06_CASA_Pro_Calculation_Engine_Production_Spec_v1.4,1.4,Обязательная provenance envelope,SRC-DOC-M06-P-00107,,,,DATA,,,,,Canonicalized from 1 candidate row(s); source text preserved in 10_SOURCE_EXTRACTS.csv.
M06-CAN-0192,m06.current_1_0.data_contract.16804377749bc6dc,1.0,CURRENT_1_0,M06,Расчётный движок,DATA_CONTRACT,PROVENANCE,Обязательная provenance envelope,"participant_id для participant-level input; role/included_in_analysis сохраняются, но не используются для скрытого суммирования;","participant_id для participant-level input; role/included_in_analysis сохраняются, но не используются для скрытого суммирования;",,,,,M06_CASA_Pro_Calculation_Engine_Production_Spec_v1.4,1.4,Обязательная provenance envelope,SRC-DOC-M06-P-00108,,,,DATA,,,,,Canonicalized from 1 candidate row(s); source text preserved in 10_SOURCE_EXTRACTS.csv.
M06-CAN-0193,m06.current_1_0.product_semantic.06323986cdff1c02,1.0,CURRENT_1_0,M06,Расчётный движок,PRODUCT_SEMANTIC,FORMULA,Обязательная provenance envelope,"selected M02 batch + M03/M04 refs сохраняются в snapshot envelope, даже если формула 1.0 их непосредственно не читает;","selected M02 batch + M03/M04 refs сохраняются в snapshot envelope, даже если формула 1.0 их непосредственно не читает;",,,,,M06_CASA_Pro_Calculation_Engine_Production_Spec_v1.4,1.4,Обязательная provenance envelope,SRC-DOC-M06-P-00109,,,,DATA,,,,,Canonicalized from 1 candidate row(s); source text preserved in 10_SOURCE_EXTRACTS.csv.
M06-CAN-0194,m06.current_1_0.implementation_detail.f891812470e6d9c6,1.0,CURRENT_1_0,M06,Расчётный движок,IMPLEMENTATION_DETAIL,API,API surface,Method: POST; Path: /api/v2/cases/{caseId}/calculation-runs; Purpose: Create deterministic run; Idempotency-Key required.,Method: POST; Path: /api/v2/cases/{caseId}/calculation-runs; Purpose: Create deterministic run; Idempotency-Key required.,,,,,M06_CASA_Pro_Calculation_Engine_Implementation_and_Acceptance_v1.1,1.1,API surface,SRC-DOC-M06-I-00217,,,,BACKEND,,,,,Canonicalized from 1 candidate row(s); source text preserved in 10_SOURCE_EXTRACTS.csv.
M06-CAN-0195,m06.current_1_0.implementation_detail.28b75300c0359143,1.0,CURRENT_1_0,M06,Расчётный движок,IMPLEMENTATION_DETAIL,API,API surface,Method: GET; Path: /api/v2/cases/{caseId}/calculation-runs/{runId}; Purpose: Read run/results/blockers in case scope.,Method: GET; Path: /api/v2/cases/{caseId}/calculation-runs/{runId}; Purpose: Read run/results/blockers in case scope.,,,,,M06_CASA_Pro_Calculation_Engine_Implementation_and_Acceptance_v1.1,1.1,API surface,SRC-DOC-M06-I-00218,,,,BACKEND|PRODUCT,,,,,Canonicalized from 1 candidate row(s); source text preserved in 10_SOURCE_EXTRACTS.csv.
M06-CAN-0196,m06.current_1_0.implementation_detail.c0a8e6fc32c02a5b,1.0,CURRENT_1_0,M06,Расчётный движок,IMPLEMENTATION_DETAIL,API,API surface,Method: GET; Path: /api/v2/cases/{caseId}/calculation-snapshots/{snapshotId}; Purpose: Read immutable published snapshot.,Method: GET; Path: /api/v2/cases/{caseId}/calculation-snapshots/{snapshotId}; Purpose: Read immutable published snapshot.,,,,,M06_CASA_Pro_Calculation_Engine_Implementation_and_Acceptance_v1.1,1.1,API surface,SRC-DOC-M06-I-00219,,,,BACKEND|DATA,,,,,Canonicalized from 1 candidate row(s); source text preserved in 10_SOURCE_EXTRACTS.csv.
M06-CAN-0197,m06.current_1_0.implementation_detail.ac2472f8dfb6beae,1.0,CURRENT_1_0,M06,Расчётный движок,IMPLEMENTATION_DETAIL,API,API surface,"Case-scoped routes use the approved /api/v2/cases/... namespace. Replay is a protected service/QA operation, not a broker UI endpoint in release 1.0.","Case-scoped routes use the approved /api/v2/cases/... namespace. Replay is a protected service/QA operation, not a broker UI endpoint in release 1.0.",,,,,M06_CASA_Pro_Calculation_Engine_Implementation_and_Acceptance_v1.1,1.1,API surface,SRC-DOC-M06-I-00220,,,,BACKEND|FRONTEND|QA|PRODUCT,,,,,Canonicalized from 1 candidate row(s); source text preserved in 10_SOURCE_EXTRACTS.csv.
M06-CAN-0198,m06.current_1_0.security_control.f954ccd919b54029,1.0,CURRENT_1_0,M06,Расчётный движок,SECURITY_CONTROL,SECURITY,CASA-CJ-1 canonicalization,Failure: Canonical payload differs; Required result: FAIL; show deterministic diff path without PII.,Failure: Canonical payload differs; Required result: FAIL; show deterministic diff path without PII.,,,,,M06_CASA_Pro_Calculation_Engine_Implementation_and_Acceptance_v1.1,1.1,CASA-CJ-1 canonicalization,SRC-DOC-M06-I-00250,,,,SECURITY,,,,,Canonicalized from 1 candidate row(s); source text preserved in 10_SOURCE_EXTRACTS.csv.
M06-CAN-0199,m06.current_1_0.product_semantic.26449a2fb3219b4f,1.0,CURRENT_1_0,M06,Расчётный движок,PRODUCT_SEMANTIC,FORMULA,CASA-CJ-1 canonicalization,Failure: Formula version unavailable; Required result: FAIL / IMPLEMENTATION BLOCKER; never silently use latest.,Failure: Formula version unavailable; Required result: FAIL / IMPLEMENTATION BLOCKER; never silently use latest.,,,,,M06_CASA_Pro_Calculation_Engine_Implementation_and_Acceptance_v1.1,1.1,CASA-CJ-1 canonicalization,SRC-DOC-M06-I-00251,,,,QA,,,,,Canonicalized from 1 candidate row(s); source text preserved in 10_SOURCE_EXTRACTS.csv.
M06-CAN-0200,m06.current_1_0.data_contract.b1c922252170681b,1.0,CURRENT_1_0,M06,Расчётный движок,DATA_CONTRACT,PROVENANCE,CASA-CJ-1 canonicalization,Failure: Input/output/replay hash differs; Required result: FAIL AT-CALC-012 and RG11 evidence.,Failure: Input/output/replay hash differs; Required result: FAIL AT-CALC-012 and RG11 evidence.,,,,,M06_CASA_Pro_Calculation_Engine_Implementation_and_Acceptance_v1.1,1.1,CASA-CJ-1 canonicalization,SRC-DOC-M06-I-00252,AT-CALC-012,,,DATA,,RG11,RG11,M06-TASK-016|M06-TASK-030,Canonicalized from 1 candidate row(s); source text preserved in 10_SOURCE_EXTRACTS.csv.
M06-CAN-0201,m06.current_1_0.boundary.5724a5ff2736ab28,1.0,CURRENT_1_0,M06,Расчётный движок,BOUNDARY,FORBIDDEN,CASA-CJ-1 canonicalization,Failure: Only timestamps/IDs differ; Required result: Must not affect replay_hash because excluded by CASA-CJ-1.,,Failure: Only timestamps/IDs differ; Required result: Must not affect replay_hash because excluded by CASA-CJ-1.,,,,M06_CASA_Pro_Calculation_Engine_Implementation_and_Acceptance_v1.1,1.1,CASA-CJ-1 canonicalization,SRC-DOC-M06-I-00253,,,,MULTI_LAYER,,,,,Canonicalized from 1 candidate row(s); source text preserved in 10_SOURCE_EXTRACTS.csv.
M06-CAN-0202,m06.current_1_0.implementation_detail.72c20050bcda5c7c,1.0,CURRENT_1_0,M06,Расчётный движок,IMPLEMENTATION_DETAIL,STATE,Deterministic evaluation order,"1) bind all required inputs and retain every input state/ref; 2) collect all blocking states; 3) if blockers exist, return null without arithmetic; 4) evaluate NOT_APPLICABLE; 5) validate domain and currency; 6) execute formula; 7) derive COMPLETED_WITH_LIMITATIONS if any used numeric input is DECLARED/EVIDENCE_REQUESTED; 8) round and hash.","1) bind all required inputs and retain every input state/ref; 2) collect all blocking states; 3) if blockers exist, return null without arithmetic; 4) evaluate NOT_APPLICABLE; 5) validate domain and currency; 6) execute formula; 7) derive COMPLETED_WITH_LIMITATIONS if any used numeric input is DECLARED/EVIDENCE_REQUESTED; 8) round and hash.",,,,NOT_APPLICABLE|DECLARED,M06_CASA_Pro_Calculation_Engine_Implementation_and_Acceptance_v1.1,1.1,Deterministic evaluation order,SRC-DOC-M06-I-00159,,,,MULTI_LAYER,,,,,Canonicalized from 1 candidate row(s); source text preserved in 10_SOURCE_EXTRACTS.csv.
M06-CAN-0203,m06.current_1_0.implementation_detail.4a253d8393b2a035,1.0,CURRENT_1_0,M06,Расчётный движок,IMPLEMENTATION_DETAIL,API,Engineering Done vs Release PASS,State: IMPLEMENTATION DONE; Meaning: Code matches frozen Spec; module/unit/API/UI/security/replay suites pass; evidence package exists.,State: IMPLEMENTATION DONE; Meaning: Code matches frozen Spec; module/unit/API/UI/security/replay suites pass; evidence package exists.,,,,,M06_CASA_Pro_Calculation_Engine_Implementation_and_Acceptance_v1.1,1.1,Engineering Done vs Release PASS,SRC-DOC-M06-I-00417,,,,BACKEND|SECURITY,,,,,Canonicalized from 1 candidate row(s); source text preserved in 10_SOURCE_EXTRACTS.csv.
M06-CAN-0204,m06.current_1_0.product_semantic.d1d596df528aba64,1.0,CURRENT_1_0,M06,Расчётный движок,PRODUCT_SEMANTIC,STATE,Engineering Done vs Release PASS,"State: RELEASE PASS; Meaning: Acceptance Matrix is factually completed; RG10, RG11 and RG12 are PASS; no applicable critical failure remains.","State: RELEASE PASS; Meaning: Acceptance Matrix is factually completed; RG10, RG11 and RG12 are PASS; no applicable critical failure remains.",,,,,M06_CASA_Pro_Calculation_Engine_Implementation_and_Acceptance_v1.1,1.1,Engineering Done vs Release PASS,SRC-DOC-M06-I-00418,,,CRITICAL,MULTI_LAYER,,RG10|RG11|RG12,RG10|RG11|RG12,,Canonicalized from 1 candidate row(s); source text preserved in 10_SOURCE_EXTRACTS.csv.
M06-CAN-0205,m06.current_1_0.data_contract.988ea01a1e269cc2,1.0,CURRENT_1_0,M06,Расчётный движок,DATA_CONTRACT,SNAPSHOT,Exact input bindings,"M06 input: required_financing.target_price; Exact source: client_profile_snapshot.purchase_goal.target_price_max; Type/unit: Money Decimal(20,2), KZT; Required: Да","M06 input: required_financing.target_price; Exact source: client_profile_snapshot.purchase_goal.target_price_max; Type/unit: Money Decimal(20,2), KZT; Required: Да",,,,,M06_CASA_Pro_Calculation_Engine_Implementation_and_Acceptance_v1.1,1.1,Exact input bindings,SRC-DOC-M06-I-00060,,,,DATA,,,,,Canonicalized from 1 candidate row(s); source text preserved in 10_SOURCE_EXTRACTS.csv.
M06-CAN-0206,m06.current_1_0.data_contract.a57ef59f15858851,1.0,CURRENT_1_0,M06,Расчётный движок,DATA_CONTRACT,SNAPSHOT,Exact input bindings,"M06 input: required_financing.available_now_down_payment; Exact source: client_profile_snapshot::metric(available_now_total); Type/unit: Money Decimal(20,2), KZT; Required: Да","M06 input: required_financing.available_now_down_payment; Exact source: client_profile_snapshot::metric(available_now_total); Type/unit: Money Decimal(20,2), KZT; Required: Да",,,,,M06_CASA_Pro_Calculation_Engine_Implementation_and_Acceptance_v1.1,1.1,Exact input bindings,SRC-DOC-M06-I-00061,,,,DATA,,,,,Canonicalized from 1 candidate row(s); source text preserved in 10_SOURCE_EXTRACTS.csv.
M06-CAN-0207,m06.current_1_0.product_semantic.4d8e1acf4c828518,1.0,CURRENT_1_0,M06,Расчётный движок,PRODUCT_SEMANTIC,BUSINESS_RULE,Exact input bindings,M06 input: annuity_payment.principal; Exact source: result[casa.required_financing/1.0.0].value; Type/unit: Money KZT; Required: Да,M06 input: annuity_payment.principal; Exact source: result[casa.required_financing/1.0.0].value; Type/unit: Money KZT; Required: Да,,,,,M06_CASA_Pro_Calculation_Engine_Implementation_and_Acceptance_v1.1,1.1,Exact input bindings,SRC-DOC-M06-I-00062,,,,MULTI_LAYER,,,,,Canonicalized from 1 candidate row(s); source text preserved in 10_SOURCE_EXTRACTS.csv.
M06-CAN-0208,m06.current_1_0.product_semantic.fe7626a5be7ab457,1.0,CURRENT_1_0,M06,Расчётный движок,PRODUCT_SEMANTIC,BUSINESS_RULE,Exact input bindings,"M06 input: annuity_payment.annual_nominal_rate_percent; Exact source: request.parameters.annual_nominal_rate_percent; Type/unit: Decimal(7,4) percent; Required: Да","M06 input: annuity_payment.annual_nominal_rate_percent; Exact source: request.parameters.annual_nominal_rate_percent; Type/unit: Decimal(7,4) percent; Required: Да",,,,,M06_CASA_Pro_Calculation_Engine_Implementation_and_Acceptance_v1.1,1.1,Exact input bindings,SRC-DOC-M06-I-00063,,,,MULTI_LAYER,,,,,Canonicalized from 1 candidate row(s); source text preserved in 10_SOURCE_EXTRACTS.csv.
M06-CAN-0209,m06.current_1_0.product_semantic.535c619cce2d88b2,1.0,CURRENT_1_0,M06,Расчётный движок,PRODUCT_SEMANTIC,BUSINESS_RULE,Exact input bindings,M06 input: annuity_payment.term_months; Exact source: request.parameters.term_months; Type/unit: integer months; Required: Да,M06 input: annuity_payment.term_months; Exact source: request.parameters.term_months; Type/unit: integer months; Required: Да,,,,,M06_CASA_Pro_Calculation_Engine_Implementation_and_Acceptance_v1.1,1.1,Exact input bindings,SRC-DOC-M06-I-00064,,,,MULTI_LAYER,,,,,Canonicalized from 1 candidate row(s); source text preserved in 10_SOURCE_EXTRACTS.csv.
M06-CAN-0210,m06.current_1_0.product_semantic.12ec22948e6e73ce,1.0,CURRENT_1_0,M06,Расчётный движок,PRODUCT_SEMANTIC,BUSINESS_RULE,Exact input bindings,M06 input: annuity_payment.payment_frequency; Exact source: constant MONTHLY; Type/unit: enum; Required: Да,M06 input: annuity_payment.payment_frequency; Exact source: constant MONTHLY; Type/unit: enum; Required: Да,,,,,M06_CASA_Pro_Calculation_Engine_Implementation_and_Acceptance_v1.1,1.1,Exact input bindings,SRC-DOC-M06-I-00065,,,,MULTI_LAYER,,,,,Canonicalized from 1 candidate row(s); source text preserved in 10_SOURCE_EXTRACTS.csv.
M06-CAN-0211,m06.current_1_0.product_semantic.657f540e6f9000a4,1.0,CURRENT_1_0,M06,Расчётный движок,PRODUCT_SEMANTIC,STATE,Human states,Internal: COMPLETED; Primary broker text: Рассчитано по подтверждённым исходным данным,Internal: COMPLETED; Primary broker text: Рассчитано по подтверждённым исходным данным,,,,,M06_CASA_Pro_Calculation_Engine_Implementation_and_Acceptance_v1.1,1.1,Human states,SRC-DOC-M06-I-00291,,,,FRONTEND,,,,,Canonicalized from 1 candidate row(s); source text preserved in 10_SOURCE_EXTRACTS.csv.
M06-CAN-0212,m06.current_1_0.product_semantic.671c2fc64fe7284c,1.0,CURRENT_1_0,M06,Расчётный движок,PRODUCT_SEMANTIC,STATE,Human states,Internal: COMPLETED_WITH_LIMITATIONS / DECLARED; Primary broker text: Расчёт по данным со слов клиента,Internal: COMPLETED_WITH_LIMITATIONS / DECLARED; Primary broker text: Расчёт по данным со слов клиента,,,,DECLARED,M06_CASA_Pro_Calculation_Engine_Implementation_and_Acceptance_v1.1,1.1,Human states,SRC-DOC-M06-I-00292,,,,FRONTEND,,,,,Canonicalized from 1 candidate row(s); source text preserved in 10_SOURCE_EXTRACTS.csv.
M06-CAN-0213,m06.current_1_0.product_semantic.804251d739bd1cbe,1.0,CURRENT_1_0,M06,Расчётный движок,PRODUCT_SEMANTIC,STATE,Human states,Internal: EVIDENCE_REQUESTED; Primary broker text: Нужно подтверждение исходных данных,Internal: EVIDENCE_REQUESTED; Primary broker text: Нужно подтверждение исходных данных,,,,,M06_CASA_Pro_Calculation_Engine_Implementation_and_Acceptance_v1.1,1.1,Human states,SRC-DOC-M06-I-00293,,,,FRONTEND,,,,,Canonicalized from 1 candidate row(s); source text preserved in 10_SOURCE_EXTRACTS.csv.
M06-CAN-0214,m06.current_1_0.product_semantic.a81dfb9dcd223ecf,1.0,CURRENT_1_0,M06,Расчётный движок,PRODUCT_SEMANTIC,STATE,Human states,Internal: BLOCKED; Primary broker text: Недостаточно данных для расчёта,Internal: BLOCKED; Primary broker text: Недостаточно данных для расчёта,,,,BLOCKED,M06_CASA_Pro_Calculation_Engine_Implementation_and_Acceptance_v1.1,1.1,Human states,SRC-DOC-M06-I-00294,,,,FRONTEND,,,,,Canonicalized from 1 candidate row(s); source text preserved in 10_SOURCE_EXTRACTS.csv.
M06-CAN-0215,m06.current_1_0.product_semantic.5e19a4b17dde36fa,1.0,CURRENT_1_0,M06,Расчётный движок,PRODUCT_SEMANTIC,STATE,Human states,Internal: STALE_INPUT; Primary broker text: Входные данные устарели,Internal: STALE_INPUT; Primary broker text: Входные данные устарели,,,,,M06_CASA_Pro_Calculation_Engine_Implementation_and_Acceptance_v1.1,1.1,Human states,SRC-DOC-M06-I-00295,,,,FRONTEND,,,,,Canonicalized from 1 candidate row(s); source text preserved in 10_SOURCE_EXTRACTS.csv.
M06-CAN-0216,m06.current_1_0.product_semantic.6a5337167010ad2a,1.0,CURRENT_1_0,M06,Расчётный движок,PRODUCT_SEMANTIC,STATE,Human states,Internal: CONFLICTING_INPUT; Primary broker text: Есть расхождение в исходных данных,Internal: CONFLICTING_INPUT; Primary broker text: Есть расхождение в исходных данных,,,,,M06_CASA_Pro_Calculation_Engine_Implementation_and_Acceptance_v1.1,1.1,Human states,SRC-DOC-M06-I-00296,,,,FRONTEND,,,,,Canonicalized from 1 candidate row(s); source text preserved in 10_SOURCE_EXTRACTS.csv.
M06-CAN-0217,m06.current_1_0.product_semantic.79a22bc182f45e42,1.0,CURRENT_1_0,M06,Расчётный движок,PRODUCT_SEMANTIC,STATE,Human states,Internal: DISABLED KDN; Primary broker text: КДН пока не рассчитан,Internal: DISABLED KDN; Primary broker text: КДН пока не рассчитан,,,,DISABLED,M06_CASA_Pro_Calculation_Engine_Implementation_and_Acceptance_v1.1,1.1,Human states,SRC-DOC-M06-I-00297,,,,FRONTEND,,,,,Canonicalized from 1 candidate row(s); source text preserved in 10_SOURCE_EXTRACTS.csv.
M06-CAN-0218,m06.current_1_0.product_semantic.ec7e404e6afdbfbc,1.0,CURRENT_1_0,M06,Расчётный движок,PRODUCT_SEMANTIC,STATE,Human states,"DISCLAIMER  «Не предложение банка. Не включает комиссии, страховки и иные платежи». Показывается рядом с CALC-F-002 во всех states, где есть числовой payment result.: DISCLAIMER  «Не предложение банка. Не включает комиссии, страховки и иные платежи». Показывается рядом с CALC-F-002 во всех states, где есть числовой payment result.","DISCLAIMER  «Не предложение банка. Не включает комиссии, страховки и иные платежи». Показывается рядом с CALC-F-002 во всех states, где есть числовой payment result.: DISCLAIMER  «Не предложение банка. Не включает комиссии, страховки и иные платежи». Показывается рядом с CALC-F-002 во всех states, где есть числовой payment result.",,,,,M06_CASA_Pro_Calculation_Engine_Implementation_and_Acceptance_v1.1,1.1,Human states,SRC-DOC-M06-I-00298,CALC-F-002,,,MULTI_LAYER,,,,,Canonicalized from 1 candidate row(s); source text preserved in 10_SOURCE_EXTRACTS.csv.
M06-CAN-0219,m06.current_1_0.security_control.f08043c41b553fb2,1.0,CURRENT_1_0,M06,Расчётный движок,SECURITY_CONTROL,SECURITY,Idempotency,Same tenant + case + idempotency_key + same request_hash returns the original run/snapshot; no second mathematical result.,Same tenant + case + idempotency_key + same request_hash returns the original run/snapshot; no second mathematical result.,,,,,M06_CASA_Pro_Calculation_Engine_Implementation_and_Acceptance_v1.1,1.1,Idempotency,SRC-DOC-M06-I-00212,,,,DATA|SECURITY,,,,,Canonicalized from 1 candidate row(s); source text preserved in 10_SOURCE_EXTRACTS.csv.
M06-CAN-0220,m06.current_1_0.data_contract.c7b1eb4efbc55cf8,1.0,CURRENT_1_0,M06,Расчётный движок,DATA_CONTRACT,DATA_MODEL,M05 Metric Resolver,Field: metric_key; Required binding: available_now_total,Field: metric_key; Required binding: available_now_total,,,,,M06_CASA_Pro_Calculation_Engine_Implementation_and_Acceptance_v1.1,1.1,M05 Metric Resolver,SRC-DOC-M06-I-00129,,,,DATA,,,,,Canonicalized from 1 candidate row(s); source text preserved in 10_SOURCE_EXTRACTS.csv.
M06-CAN-0221,m06.current_1_0.data_contract.a012ee18757590dc,1.0,CURRENT_1_0,M06,Расчётный движок,DATA_CONTRACT,SNAPSHOT,M05 Metric Resolver,Field: snapshot_id; Required binding: Exact client_profile_snapshot_id supplied in run request.,Field: snapshot_id; Required binding: Exact client_profile_snapshot_id supplied in run request.,,,,,M06_CASA_Pro_Calculation_Engine_Implementation_and_Acceptance_v1.1,1.1,M05 Metric Resolver,SRC-DOC-M06-I-00130,,,,DATA,,,,,Canonicalized from 1 candidate row(s); source text preserved in 10_SOURCE_EXTRACTS.csv.
M06-CAN-0222,m06.current_1_0.data_contract.9481d77078fb34e6,1.0,CURRENT_1_0,M06,Расчётный движок,DATA_CONTRACT,SNAPSHOT,M05 Metric Resolver,Field: snapshot_hash; Required binding: Must equal stored immutable snapshot hash; mismatch blocks.,Field: snapshot_hash; Required binding: Must equal stored immutable snapshot hash; mismatch blocks.,,,,,M06_CASA_Pro_Calculation_Engine_Implementation_and_Acceptance_v1.1,1.1,M05 Metric Resolver,SRC-DOC-M06-I-00131,,,,DATA,,,,,Canonicalized from 1 candidate row(s); source text preserved in 10_SOURCE_EXTRACTS.csv.
M06-CAN-0223,m06.current_1_0.data_contract.5b5c2b4fcedfda2e,1.0,CURRENT_1_0,M06,Расчётный движок,DATA_CONTRACT,SNAPSHOT,M05 Metric Resolver,Field: schema_version; Required binding: Recorded from M05 snapshot; resolver validates supported schema.,Field: schema_version; Required binding: Recorded from M05 snapshot; resolver validates supported schema.,,,,,M06_CASA_Pro_Calculation_Engine_Implementation_and_Acceptance_v1.1,1.1,M05 Metric Resolver,SRC-DOC-M06-I-00132,,,,DATA,,,,,Canonicalized from 1 candidate row(s); source text preserved in 10_SOURCE_EXTRACTS.csv.
M06-CAN-0224,m06.current_1_0.data_contract.ca05dc9d64b4ed80,1.0,CURRENT_1_0,M06,Расчётный движок,DATA_CONTRACT,DATA_MODEL,M05 Metric Resolver,Field: value; Required binding: Canonical decimal string; no localized spaces/currency signs.,Field: value; Required binding: Canonical decimal string; no localized spaces/currency signs.,,,,,M06_CASA_Pro_Calculation_Engine_Implementation_and_Acceptance_v1.1,1.1,M05 Metric Resolver,SRC-DOC-M06-I-00133,,,,DATA,,,,,Canonicalized from 1 candidate row(s); source text preserved in 10_SOURCE_EXTRACTS.csv.
M06-CAN-0225,m06.current_1_0.data_contract.0419ea29de0b998e,1.0,CURRENT_1_0,M06,Расчётный движок,DATA_CONTRACT,DATA_MODEL,M05 Metric Resolver,Field: currency; Required binding: KZT for catalog 1.0.,Field: currency; Required binding: KZT for catalog 1.0.,,,,,M06_CASA_Pro_Calculation_Engine_Implementation_and_Acceptance_v1.1,1.1,M05 Metric Resolver,SRC-DOC-M06-I-00134,,,,DATA,,,,,Canonicalized from 1 candidate row(s); source text preserved in 10_SOURCE_EXTRACTS.csv.
M06-CAN-0226,m06.current_1_0.product_semantic.da484f0cd261941a,1.0,CURRENT_1_0,M06,Расчётный движок,PRODUCT_SEMANTIC,STATE,M05 Metric Resolver,Field: status; Required binding: M05 published status used by State Engine without promotion.,Field: status; Required binding: M05 published status used by State Engine without promotion.,,,,,M06_CASA_Pro_Calculation_Engine_Implementation_and_Acceptance_v1.1,1.1,M05 Metric Resolver,SRC-DOC-M06-I-00135,,,,DATA,,,,,Canonicalized from 1 candidate row(s); source text preserved in 10_SOURCE_EXTRACTS.csv.
M06-CAN-0227,m06.current_1_0.data_contract.07c895e36983b55e,1.0,CURRENT_1_0,M06,Расчётный движок,DATA_CONTRACT,DATA_MODEL,M05 Metric Resolver,Field: as_of; Required binding: Exact source/profile timestamp or UNKNOWN according to M05.,Field: as_of; Required binding: Exact source/profile timestamp or UNKNOWN according to M05.,,,,UNKNOWN,M06_CASA_Pro_Calculation_Engine_Implementation_and_Acceptance_v1.1,1.1,M05 Metric Resolver,SRC-DOC-M06-I-00136,,,,DATA,,,,,Canonicalized from 1 candidate row(s); source text preserved in 10_SOURCE_EXTRACTS.csv.
M06-CAN-0228,m06.current_1_0.product_semantic.2c34833132be1b0d,1.0,CURRENT_1_0,M06,Расчётный движок,PRODUCT_SEMANTIC,CALCULATION,M05 Metric Resolver,Field: provenance_ref; Required binding: Metric/source reference retained in calculation input and snapshot.,Field: provenance_ref; Required binding: Metric/source reference retained in calculation input and snapshot.,,,,,M06_CASA_Pro_Calculation_Engine_Implementation_and_Acceptance_v1.1,1.1,M05 Metric Resolver,SRC-DOC-M06-I-00137,,,,DATA,,,,,Canonicalized from 1 candidate row(s); source text preserved in 10_SOURCE_EXTRACTS.csv.
M06-CAN-0229,m06.current_1_0.implementation_detail.c53d846effcbd104,1.0,CURRENT_1_0,M06,Расчётный движок,IMPLEMENTATION_DETAIL,STATE,M05 Metric Resolver,"ResolvedMetric resolve(
  snapshot_id, snapshot_hash, metric_key='available_now_total'
) -> {schema_version, value, currency, status, as_of, provenance_ref}","ResolvedMetric resolve(
  snapshot_id, snapshot_hash, metric_key='available_now_total'
) -> {schema_version, value, currency, status, as_of, provenance_ref}",,,,,M06_CASA_Pro_Calculation_Engine_Implementation_and_Acceptance_v1.1,1.1,M05 Metric Resolver,SRC-DOC-M06-I-00138,,,,DATA,,,,,Canonicalized from 1 candidate row(s); source text preserved in 10_SOURCE_EXTRACTS.csv.
M06-CAN-0230,m06.current_1_0.security_control.6f1f8ee082570a60,1.0,CURRENT_1_0,M06,Расчётный движок,SECURITY_CONTROL,SECURITY,M05 Metric Resolver,Repository query must scope by tenant_id + case_id + snapshot_id and verify ownership before returning the metric.,Repository query must scope by tenant_id + case_id + snapshot_id and verify ownership before returning the metric.,,,,,M06_CASA_Pro_Calculation_Engine_Implementation_and_Acceptance_v1.1,1.1,M05 Metric Resolver,SRC-DOC-M06-I-00140,,,,DATA|SECURITY|PRODUCT,,,,,Canonicalized from 1 candidate row(s); source text preserved in 10_SOURCE_EXTRACTS.csv.
M06-CAN-0231,m06.current_1_0.data_contract.66aab26abfda6df1,1.0,CURRENT_1_0,M06,Расчётный движок,DATA_CONTRACT,SNAPSHOT,M05 Metric Resolver,No fallback to latest profile snapshot; request binds exact ID/hash.,No fallback to latest profile snapshot; request binds exact ID/hash.,,,,,M06_CASA_Pro_Calculation_Engine_Implementation_and_Acceptance_v1.1,1.1,M05 Metric Resolver,SRC-DOC-M06-I-00141,,,,DATA|QA,,,,,Canonicalized from 1 candidate row(s); source text preserved in 10_SOURCE_EXTRACTS.csv.
M06-CAN-0232,m06.current_1_0.implementation_detail.eeda185c429daf70,1.0,CURRENT_1_0,M06,Расчётный движок,IMPLEMENTATION_DETAIL,STATE,M05 Metric Resolver,"OQ-CALC-01 status: OPEN/BLOCKED_FOR_RELEASE until the adapter contract tests pass. After exact metric-key/schema/hash/status/provenance tests pass, mark RESOLVED_FOR_1_0; current engineering uses this defined resolver and does not wait for a new M05 entity.","OQ-CALC-01 status: OPEN/BLOCKED_FOR_RELEASE until the adapter contract tests pass. After exact metric-key/schema/hash/status/provenance tests pass, mark RESOLVED_FOR_1_0; current engineering uses this defined resolver and does not wait for a new M05 entity.",,,,,M06_CASA_Pro_Calculation_Engine_Implementation_and_Acceptance_v1.1,1.1,M05 Metric Resolver,SRC-DOC-M06-I-00143,,,,DATA|QA,,OQ-CALC-01,OQ-CALC-01,,Canonicalized from 1 candidate row(s); source text preserved in 10_SOURCE_EXTRACTS.csv.
M06-CAN-0233,m06.current_1_0.product_semantic.086ad12ab3e9548c,1.0,CURRENT_1_0,M06,Расчётный движок,PRODUCT_SEMANTIC,FORMULA,Persistence and immutability,APPROVED formula record is read-only. Expression/input/rounding/unit change requires a new formula_version.,APPROVED formula record is read-only. Expression/input/rounding/unit change requires a new formula_version.,,,,,M06_CASA_Pro_Calculation_Engine_Implementation_and_Acceptance_v1.1,1.1,Persistence and immutability,SRC-DOC-M06-I-00079,,,,MULTI_LAYER,,,,,Canonicalized from 1 candidate row(s); source text preserved in 10_SOURCE_EXTRACTS.csv.
M06-CAN-0234,m06.current_1_0.product_semantic.8174065114c5cc85,1.0,CURRENT_1_0,M06,Расчётный движок,PRODUCT_SEMANTIC,FORMULA,Persistence and immutability,"At startup/CI, registry validator must assert exactly two executable 1.0 formulas and REG-F-001=DISABLED.","At startup/CI, registry validator must assert exactly two executable 1.0 formulas and REG-F-001=DISABLED.",,,,DISABLED,M06_CASA_Pro_Calculation_Engine_Implementation_and_Acceptance_v1.1,1.1,Persistence and immutability,SRC-DOC-M06-I-00081,REG-F-001,,,MULTI_LAYER,,,,,Canonicalized from 1 candidate row(s); source text preserved in 10_SOURCE_EXTRACTS.csv.
M06-CAN-0235,m06.current_1_0.product_semantic.c8e32c318090a134,1.0,CURRENT_1_0,M06,Расчётный движок,PRODUCT_SEMANTIC,FORMULA,Persistence and immutability,Formula selection is allowlisted; unknown formula ID is rejected and never dynamically evaluated from user text.,Formula selection is allowlisted; unknown formula ID is rejected and never dynamically evaluated from user text.,,,,UNKNOWN,M06_CASA_Pro_Calculation_Engine_Implementation_and_Acceptance_v1.1,1.1,Persistence and immutability,SRC-DOC-M06-I-00082,,,,MULTI_LAYER,,,,,Canonicalized from 1 candidate row(s); source text preserved in 10_SOURCE_EXTRACTS.csv.
M06-CAN-0236,m06.current_1_0.security_control.0d28d9477193d23b,1.0,CURRENT_1_0,M06,Расчётный движок,SECURITY_CONTROL,SECURITY,Persistence and immutability,"NO DYNAMIC EVAL  Expressions in the registry are audit metadata and test oracle. Production execution calls versioned, reviewed implementation functions; no eval(), SQL expression execution or LLM-generated code.: NO DYNAMIC EVAL  Expressions in the registry are audit metadata and test oracle. Production execution calls versioned, reviewed implementation functions; no eval(), SQL expression execution or LLM-generated code.","NO DYNAMIC EVAL  Expressions in the registry are audit metadata and test oracle. Production execution calls versioned, reviewed implementation functions; no eval(), SQL expression execution or LLM-generated code.: NO DYNAMIC EVAL  Expressions in the registry are audit metadata and test oracle. Production execution calls versioned, reviewed implementation functions; no eval(), SQL expression execution or LLM-generated code.",,,,,M06_CASA_Pro_Calculation_Engine_Implementation_and_Acceptance_v1.1,1.1,Persistence and immutability,SRC-DOC-M06-I-00083,,,,DATA|QA|SECURITY|PRODUCT,,,,,Canonicalized from 1 candidate row(s); source text preserved in 10_SOURCE_EXTRACTS.csv.
M06-CAN-0237,m06.current_1_0.boundary.8a7f36f11742c3ea,1.0,CURRENT_1_0,M06,Расчётный движок,BOUNDARY,FORBIDDEN,Reference pseudocode,"NO SECOND AGGREGATE  Resolver reads the approved M05 metric. It must not iterate down_payment_sources, assets or collateral. If the metric is unavailable, result is BLOCKED; developer does not reconstruct it.: NO SECOND AGGREGATE  Resolver reads the approved M05 metric. It must not iterate down_payment_sources, assets or collateral. If the metric is unavailable, result is BLOCKED; developer does not reconstruct it.",,"NO SECOND AGGREGATE  Resolver reads the approved M05 metric. It must not iterate down_payment_sources, assets or collateral. If the metric is unavailable, result is BLOCKED; developer does not reconstruct it.: NO SECOND AGGREGATE  Resolver reads the approved M05 metric. It must not iterate down_payment_sources, assets or collateral. If the metric is unavailable, result is BLOCKED; developer does not reconstruct it.",,,BLOCKED,M06_CASA_Pro_Calculation_Engine_Implementation_and_Acceptance_v1.1,1.1,Reference pseudocode,SRC-DOC-M06-I-00098,,,,MULTI_LAYER,,,,,Canonicalized from 1 candidate row(s); source text preserved in 10_SOURCE_EXTRACTS.csv.
M06-CAN-0238,m06.current_1_0.implementation_detail.bd589bc139bfb0be,1.0,CURRENT_1_0,M06,Расчётный движок,IMPLEMENTATION_DETAIL,CALCULATION,Required E2E assertions,POST calculation-runs returns exact values and snapshot reference; repeated identical idempotent request returns the same run/snapshot.,POST calculation-runs returns exact values and snapshot reference; repeated identical idempotent request returns the same run/snapshot.,,,,,M06_CASA_Pro_Calculation_Engine_Implementation_and_Acceptance_v1.1,1.1,Required E2E assertions,SRC-DOC-M06-I-00371,,,,DATA,,,,,Canonicalized from 1 candidate row(s); source text preserved in 10_SOURCE_EXTRACTS.csv.
M06-CAN-0239,m06.current_1_0.implementation_detail.3d84c8234f10df9f,1.0,CURRENT_1_0,M06,Расчётный движок,IMPLEMENTATION_DETAIL,BUSINESS_RULE,Required E2E assertions,Replay with AI disabled returns byte-equivalent canonical output and the same hashes.,Replay with AI disabled returns byte-equivalent canonical output and the same hashes.,,,,DISABLED,M06_CASA_Pro_Calculation_Engine_Implementation_and_Acceptance_v1.1,1.1,Required E2E assertions,SRC-DOC-M06-I-00373,,,,MULTI_LAYER,,,,,Canonicalized from 1 candidate row(s); source text preserved in 10_SOURCE_EXTRACTS.csv.
M06-CAN-0240,m06.current_1_0.security_control.ccf13eec68a3c304,1.0,CURRENT_1_0,M06,Расчётный движок,SECURITY_CONTROL,SECURITY,Required E2E assertions,Cross-tenant GET is denied without existence leak; no raw PDF or full IIN appears in logs/audit/export.,Cross-tenant GET is denied without existence leak; no raw PDF or full IIN appears in logs/audit/export.,,,,,M06_CASA_Pro_Calculation_Engine_Implementation_and_Acceptance_v1.1,1.1,Required E2E assertions,SRC-DOC-M06-I-00374,,,,PARSER|SECURITY,,,,,Canonicalized from 1 candidate row(s); source text preserved in 10_SOURCE_EXTRACTS.csv.
M06-CAN-0241,m06.current_1_0.ux_requirement.fb71703e1ff0d0ce,1.0,CURRENT_1_0,M06,Расчётный движок,UX_REQUIREMENT,UI,Required E2E assertions,Current UI displays 25 000 000 ₸ and 284 035 ₸ with exact labels/disclaimer and no numeric KDN.,Current UI displays 25 000 000 ₸ and 284 035 ₸ with exact labels/disclaimer and no numeric KDN.,,,,,M06_CASA_Pro_Calculation_Engine_Implementation_and_Acceptance_v1.1,1.1,Required E2E assertions,SRC-DOC-M06-I-00375,,,,FRONTEND,,,,,Canonicalized from 1 candidate row(s); source text preserved in 10_SOURCE_EXTRACTS.csv.
M06-CAN-0242,m06.current_1_0.product_semantic.ec65c86d7b74c265,1.0,CURRENT_1_0,M06,Расчётный движок,PRODUCT_SEMANTIC,STATE,§11 State engine,Input state: MISSING; Numeric use: No; Formula status: BLOCKED; Dev code: MISSING_INPUT; Broker message / action: Не хватает обязательного входа. Открыть профиль и заполнить поле.,Input state: MISSING; Numeric use: No; Formula status: BLOCKED; Dev code: MISSING_INPUT; Broker message / action: Не хватает обязательного входа. Открыть профиль и заполнить поле.,,,,BLOCKED,M06_CASA_Pro_Calculation_Engine_Implementation_and_Acceptance_v1.1,1.1,§11 State engine,SRC-DOC-M06-I-00147,,,,FRONTEND,,,,,Canonicalized from 1 candidate row(s); source text preserved in 10_SOURCE_EXTRACTS.csv.
M06-CAN-0243,m06.current_1_0.product_semantic.15e4bc6367139b53,1.0,CURRENT_1_0,M06,Расчётный движок,PRODUCT_SEMANTIC,STATE,§11 State engine,Input state: BLANK; Numeric use: No; Formula status: BLOCKED; Dev code: UNKNOWN_INPUT; Broker message / action: Поле не заполнено. Blank не заменяется нулём.,Input state: BLANK; Numeric use: No; Formula status: BLOCKED; Dev code: UNKNOWN_INPUT; Broker message / action: Поле не заполнено. Blank не заменяется нулём.,,,,BLANK|BLOCKED,M06_CASA_Pro_Calculation_Engine_Implementation_and_Acceptance_v1.1,1.1,§11 State engine,SRC-DOC-M06-I-00148,,,,FRONTEND,,,,,Canonicalized from 1 candidate row(s); source text preserved in 10_SOURCE_EXTRACTS.csv.
M06-CAN-0244,m06.current_1_0.product_semantic.257106decab9cf42,1.0,CURRENT_1_0,M06,Расчётный движок,PRODUCT_SEMANTIC,STATE,§11 State engine,Input state: UNKNOWN; Numeric use: No; Formula status: BLOCKED; Dev code: UNKNOWN_INPUT; Broker message / action: Значение неизвестно. Уточнить исходные данные.,Input state: UNKNOWN; Numeric use: No; Formula status: BLOCKED; Dev code: UNKNOWN_INPUT; Broker message / action: Значение неизвестно. Уточнить исходные данные.,,,,UNKNOWN|BLOCKED,M06_CASA_Pro_Calculation_Engine_Implementation_and_Acceptance_v1.1,1.1,§11 State engine,SRC-DOC-M06-I-00149,,,,FRONTEND,,,,,Canonicalized from 1 candidate row(s); source text preserved in 10_SOURCE_EXTRACTS.csv.
M06-CAN-0245,m06.current_1_0.product_semantic.9744b123776463ac,1.0,CURRENT_1_0,M06,Расчётный движок,PRODUCT_SEMANTIC,STATE,§11 State engine,Input state: STALE; Numeric use: No; Formula status: BLOCKED; Dev code: STALE_INPUT; Broker message / action: Входные данные устарели. Обновить upstream/profile.,Input state: STALE; Numeric use: No; Formula status: BLOCKED; Dev code: STALE_INPUT; Broker message / action: Входные данные устарели. Обновить upstream/profile.,,,,STALE|BLOCKED,M06_CASA_Pro_Calculation_Engine_Implementation_and_Acceptance_v1.1,1.1,§11 State engine,SRC-DOC-M06-I-00150,,,,FRONTEND,,,,,Canonicalized from 1 candidate row(s); source text preserved in 10_SOURCE_EXTRACTS.csv.
M06-CAN-0246,m06.current_1_0.product_semantic.c20e607a1e0b89ff,1.0,CURRENT_1_0,M06,Расчётный движок,PRODUCT_SEMANTIC,STATE,§11 State engine,Input state: CONFLICT; Numeric use: No; Formula status: BLOCKED; Dev code: CONFLICTING_INPUT; Broker message / action: Есть расхождение. Сначала завершить review.,Input state: CONFLICT; Numeric use: No; Formula status: BLOCKED; Dev code: CONFLICTING_INPUT; Broker message / action: Есть расхождение. Сначала завершить review.,,,,CONFLICT|BLOCKED,M06_CASA_Pro_Calculation_Engine_Implementation_and_Acceptance_v1.1,1.1,§11 State engine,SRC-DOC-M06-I-00151,,,,FRONTEND,,,,,Canonicalized from 1 candidate row(s); source text preserved in 10_SOURCE_EXTRACTS.csv.
M06-CAN-0247,m06.current_1_0.product_semantic.b211d9cbd84ed522,1.0,CURRENT_1_0,M06,Расчётный движок,PRODUCT_SEMANTIC,STATE,§11 State engine,Input state: BLOCKED upstream; Numeric use: No; Formula status: BLOCKED; Dev code: source code; Broker message / action: Показать наследованную причину и source link.,Input state: BLOCKED upstream; Numeric use: No; Formula status: BLOCKED; Dev code: source code; Broker message / action: Показать наследованную причину и source link.,,,,BLOCKED,M06_CASA_Pro_Calculation_Engine_Implementation_and_Acceptance_v1.1,1.1,§11 State engine,SRC-DOC-M06-I-00152,,,,FRONTEND,,,,,Canonicalized from 1 candidate row(s); source text preserved in 10_SOURCE_EXTRACTS.csv.
M06-CAN-0248,m06.current_1_0.product_semantic.86c7ea9b98f99d87,1.0,CURRENT_1_0,M06,Расчётный движок,PRODUCT_SEMANTIC,STATE,§11 State engine,Input state: DECLARED; Numeric use: Yes; Formula status: COMPLETED_WITH_LIMITATIONS; Dev code: —; Broker message / action: Расчёт по данным со слов клиента.,Input state: DECLARED; Numeric use: Yes; Formula status: COMPLETED_WITH_LIMITATIONS; Dev code: —; Broker message / action: Расчёт по данным со слов клиента.,,,,DECLARED,M06_CASA_Pro_Calculation_Engine_Implementation_and_Acceptance_v1.1,1.1,§11 State engine,SRC-DOC-M06-I-00155,,,,FRONTEND,,,,,Canonicalized from 1 candidate row(s); source text preserved in 10_SOURCE_EXTRACTS.csv.
M06-CAN-0249,m06.current_1_0.product_semantic.7d718300b2e9eed5,1.0,CURRENT_1_0,M06,Расчётный движок,PRODUCT_SEMANTIC,STATE,§11 State engine,Input state: VERIFIED/CONFIRMED; Numeric use: Yes; Formula status: COMPLETED; Dev code: —; Broker message / action: Рассчитано по подтверждённым входам.,Input state: VERIFIED/CONFIRMED; Numeric use: Yes; Formula status: COMPLETED; Dev code: —; Broker message / action: Рассчитано по подтверждённым входам.,,,,VERIFIED|CONFIRMED,M06_CASA_Pro_Calculation_Engine_Implementation_and_Acceptance_v1.1,1.1,§11 State engine,SRC-DOC-M06-I-00157,,,,FRONTEND,,,,,Canonicalized from 1 candidate row(s); source text preserved in 10_SOURCE_EXTRACTS.csv.
M06-CAN-0250,m06.current_1_0.boundary.0c68558ead64d5ab,1.0,CURRENT_1_0,M06,Расчётный движок,BOUNDARY,FORBIDDEN,§12 Decimal / rounding,Stage: Intermediate; Exact implementation: No quantization. Context rounding is explicitly ROUND_HALF_EVEN; implementation must not rely on library default.,,Stage: Intermediate; Exact implementation: No quantization. Context rounding is explicitly ROUND_HALF_EVEN; implementation must not rely on library default.,,,,M06_CASA_Pro_Calculation_Engine_Implementation_and_Acceptance_v1.1,1.1,§12 Decimal / rounding,SRC-DOC-M06-I-00167,,,,MULTI_LAYER,,,,,Canonicalized from 1 candidate row(s); source text preserved in 10_SOURCE_EXTRACTS.csv.
M06-CAN-0251,m06.current_1_0.product_semantic.8ce83f1f4d603966,1.0,CURRENT_1_0,M06,Расчётный движок,PRODUCT_SEMANTIC,VALIDATION,§13 Units / currency,Type: Mismatch; Canonical representation: value=null; Validation: CURRENCY_CONVERSION_POLICY_REQUIRED; no FX lookup,Type: Mismatch; Canonical representation: value=null; Validation: CURRENCY_CONVERSION_POLICY_REQUIRED; no FX lookup,,,,,M06_CASA_Pro_Calculation_Engine_Implementation_and_Acceptance_v1.1,1.1,§13 Units / currency,SRC-DOC-M06-I-00180,,,,MULTI_LAYER,,,,,Canonicalized from 1 candidate row(s); source text preserved in 10_SOURCE_EXTRACTS.csv.
M06-CAN-0252,m06.current_1_0.implementation_detail.51a35baa95e3d0eb,1.0,CURRENT_1_0,M06,Расчётный движок,IMPLEMENTATION_DETAIL,API,§14 Errors and human messages,Dev code: MISSING_INPUT; API formula status: BLOCKED; HTTP/run behavior: Run created; value=null; Broker text: Не хватает данных для расчёта.; Action: Заполнить профиль; Snapshot?: Only if another formula completed,Dev code: MISSING_INPUT; API formula status: BLOCKED; HTTP/run behavior: Run created; value=null; Broker text: Не хватает данных для расчёта.; Action: Заполнить профиль; Snapshot?: Only if another formula completed,,,,BLOCKED,M06_CASA_Pro_Calculation_Engine_Implementation_and_Acceptance_v1.1,1.1,§14 Errors and human messages,SRC-DOC-M06-I-00184,,,,BACKEND|FRONTEND|DATA,,,,,Canonicalized from 1 candidate row(s); source text preserved in 10_SOURCE_EXTRACTS.csv.
M06-CAN-0253,m06.current_1_0.implementation_detail.4078d912b18d547b,1.0,CURRENT_1_0,M06,Расчётный движок,IMPLEMENTATION_DETAIL,API,§14 Errors and human messages,Dev code: UNKNOWN_INPUT; API formula status: BLOCKED; HTTP/run behavior: Run created; value=null; Broker text: Значение неизвестно или не заполнено.; Action: Уточнить данные; Snapshot?: Only if another formula completed,Dev code: UNKNOWN_INPUT; API formula status: BLOCKED; HTTP/run behavior: Run created; value=null; Broker text: Значение неизвестно или не заполнено.; Action: Уточнить данные; Snapshot?: Only if another formula completed,,,,BLOCKED,M06_CASA_Pro_Calculation_Engine_Implementation_and_Acceptance_v1.1,1.1,§14 Errors and human messages,SRC-DOC-M06-I-00185,,,,BACKEND|FRONTEND|DATA,,,,,Canonicalized from 1 candidate row(s); source text preserved in 10_SOURCE_EXTRACTS.csv.
M06-CAN-0254,m06.current_1_0.implementation_detail.a3537d0b61b33b98,1.0,CURRENT_1_0,M06,Расчётный движок,IMPLEMENTATION_DETAIL,API,§14 Errors and human messages,Dev code: STALE_INPUT; API formula status: BLOCKED; HTTP/run behavior: Run created; value=null; Broker text: Входные данные устарели.; Action: Обновить upstream/profile; Snapshot?: Only if another formula completed,Dev code: STALE_INPUT; API formula status: BLOCKED; HTTP/run behavior: Run created; value=null; Broker text: Входные данные устарели.; Action: Обновить upstream/profile; Snapshot?: Only if another formula completed,,,,BLOCKED,M06_CASA_Pro_Calculation_Engine_Implementation_and_Acceptance_v1.1,1.1,§14 Errors and human messages,SRC-DOC-M06-I-00186,,,,BACKEND|FRONTEND|DATA,,,,,Canonicalized from 1 candidate row(s); source text preserved in 10_SOURCE_EXTRACTS.csv.
M06-CAN-0255,m06.current_1_0.implementation_detail.acdc53fc22705274,1.0,CURRENT_1_0,M06,Расчётный движок,IMPLEMENTATION_DETAIL,API,§14 Errors and human messages,Dev code: CONFLICTING_INPUT; API formula status: BLOCKED; HTTP/run behavior: Run created; value=null; Broker text: Сначала устраните расхождение.; Action: Открыть review; Snapshot?: Only if another formula completed,Dev code: CONFLICTING_INPUT; API formula status: BLOCKED; HTTP/run behavior: Run created; value=null; Broker text: Сначала устраните расхождение.; Action: Открыть review; Snapshot?: Only if another formula completed,,,,BLOCKED,M06_CASA_Pro_Calculation_Engine_Implementation_and_Acceptance_v1.1,1.1,§14 Errors and human messages,SRC-DOC-M06-I-00187,,,,BACKEND|FRONTEND|DATA,,,,,Canonicalized from 1 candidate row(s); source text preserved in 10_SOURCE_EXTRACTS.csv.
M06-CAN-0256,m06.current_1_0.implementation_detail.829efa2f122d1726,1.0,CURRENT_1_0,M06,Расчётный движок,IMPLEMENTATION_DETAIL,API,§14 Errors and human messages,Dev code: CURRENCY_MISMATCH; API formula status: BLOCKED; HTTP/run behavior: Run created; value=null; Broker text: Нет утверждённого пересчёта валют.; Action: Использовать совместимые KZT inputs; Snapshot?: Only if another formula completed,Dev code: CURRENCY_MISMATCH; API formula status: BLOCKED; HTTP/run behavior: Run created; value=null; Broker text: Нет утверждённого пересчёта валют.; Action: Использовать совместимые KZT inputs; Snapshot?: Only if another formula completed,,,,BLOCKED,M06_CASA_Pro_Calculation_Engine_Implementation_and_Acceptance_v1.1,1.1,§14 Errors and human messages,SRC-DOC-M06-I-00188,,,,BACKEND|FRONTEND|DATA,,,,,Canonicalized from 1 candidate row(s); source text preserved in 10_SOURCE_EXTRACTS.csv.
M06-CAN-0257,m06.current_1_0.implementation_detail.0d2681c3f13513e5,1.0,CURRENT_1_0,M06,Расчётный движок,IMPLEMENTATION_DETAIL,API,§14 Errors and human messages,Dev code: INVALID_RATE; API formula status: INVALID_INPUT; HTTP/run behavior: Run created; value=null; Broker text: Проверьте годовую ставку.; Action: Введите 0…100; Snapshot?: Only if another formula completed,Dev code: INVALID_RATE; API formula status: INVALID_INPUT; HTTP/run behavior: Run created; value=null; Broker text: Проверьте годовую ставку.; Action: Введите 0…100; Snapshot?: Only if another formula completed,,,,,M06_CASA_Pro_Calculation_Engine_Implementation_and_Acceptance_v1.1,1.1,§14 Errors and human messages,SRC-DOC-M06-I-00191,,,,BACKEND|FRONTEND|DATA,,,,,Canonicalized from 1 candidate row(s); source text preserved in 10_SOURCE_EXTRACTS.csv.
M06-CAN-0258,m06.current_1_0.implementation_detail.dcbebdc0e8a684d3,1.0,CURRENT_1_0,M06,Расчётный движок,IMPLEMENTATION_DETAIL,API,§14 Errors and human messages,Dev code: REGULATORY_INPUT_REQUIRED; API formula status: DISABLED; HTTP/run behavior: Run created; value=null; Broker text: КДН не рассчитан: нужны входы и правила банка.; Action: Нет CTA расчёта 1.0; Snapshot?: May coexist in partial snapshot,Dev code: REGULATORY_INPUT_REQUIRED; API formula status: DISABLED; HTTP/run behavior: Run created; value=null; Broker text: КДН не рассчитан: нужны входы и правила банка.; Action: Нет CTA расчёта 1.0; Snapshot?: May coexist in partial snapshot,,,,DISABLED,M06_CASA_Pro_Calculation_Engine_Implementation_and_Acceptance_v1.1,1.1,§14 Errors and human messages,SRC-DOC-M06-I-00193,,,,BACKEND|FRONTEND|DATA,,,,,Canonicalized from 1 candidate row(s); source text preserved in 10_SOURCE_EXTRACTS.csv.
M06-CAN-0259,m06.current_1_0.implementation_detail.7a8f92a640cac72e,1.0,CURRENT_1_0,M06,Расчётный движок,IMPLEMENTATION_DETAIL,API,§14 Errors and human messages,Dev code: ENGINE_ERROR; API formula status: FAILED; HTTP/run behavior: HTTP 500 if run cannot finish; trace_id no PII; Broker text: Результат не рассчитан.; Action: Повторить / поддержка; Snapshot?: No,Dev code: ENGINE_ERROR; API formula status: FAILED; HTTP/run behavior: HTTP 500 if run cannot finish; trace_id no PII; Broker text: Результат не рассчитан.; Action: Повторить / поддержка; Snapshot?: No,,,,,M06_CASA_Pro_Calculation_Engine_Implementation_and_Acceptance_v1.1,1.1,§14 Errors and human messages,SRC-DOC-M06-I-00194,,,,BACKEND|FRONTEND|DATA|SECURITY,,,,,Canonicalized from 1 candidate row(s); source text preserved in 10_SOURCE_EXTRACTS.csv.
M06-CAN-0260,m06.current_1_0.implementation_detail.b5a24ca83cdb495b,1.0,CURRENT_1_0,M06,Расчётный движок,IMPLEMENTATION_DETAIL,ERROR,§14 Errors and human messages,"TRANSPORT VS FORMULA  Envelope/schema/auth failures use ordinary HTTP 4xx without a fake numeric result. A valid request creates calculation_run (201); per-formula BLOCKED/INVALID/DISABLED is returned inside results. Internal enum is available in details, not as the primary broker label.: TRANSPORT VS FORMULA  Envelope/schema/auth failures use ordinary HTTP 4xx without a fake numeric result. A valid request creates calculation_run (201); per-formula BLOCKED/INVALID/DISABLED is returned inside results. Internal enum is available in details, not as the primary broker label.","TRANSPORT VS FORMULA  Envelope/schema/auth failures use ordinary HTTP 4xx without a fake numeric result. A valid request creates calculation_run (201); per-formula BLOCKED/INVALID/DISABLED is returned inside results. Internal enum is available in details, not as the primary broker label.: TRANSPORT VS FORMULA  Envelope/schema/auth failures use ordinary HTTP 4xx without a fake numeric result. A valid request creates calculation_run (201); per-formula BLOCKED/INVALID/DISABLED is returned inside results. Internal enum is available in details, not as the primary broker label.",,,,BLOCKED|DISABLED,M06_CASA_Pro_Calculation_Engine_Implementation_and_Acceptance_v1.1,1.1,§14 Errors and human messages,SRC-DOC-M06-I-00195,,,,FRONTEND|DATA,,,,,Canonicalized from 1 candidate row(s); source text preserved in 10_SOURCE_EXTRACTS.csv.
M06-CAN-0261,m06.current_1_0.implementation_detail.3e6c2502eca1f835,1.0,CURRENT_1_0,M06,Расчётный движок,IMPLEMENTATION_DETAIL,CALCULATION,§15 Calculation run,Field: idempotency_key; Storage/validation: Required request header; stored with canonical request hash.,Field: idempotency_key; Storage/validation: Required request header; stored with canonical request hash.,,,,,M06_CASA_Pro_Calculation_Engine_Implementation_and_Acceptance_v1.1,1.1,§15 Calculation run,SRC-DOC-M06-I-00209,,,,DATA,,,,,Canonicalized from 1 candidate row(s); source text preserved in 10_SOURCE_EXTRACTS.csv.
M06-CAN-0262,m06.current_1_0.implementation_detail.c4782f2711de236a,1.0,CURRENT_1_0,M06,Расчётный движок,IMPLEMENTATION_DETAIL,STATE,§16 Calculation snapshot,"Block: Outputs; Required payload: raw, persisted, display, status, limitations; Invariant: no bank verdict","Block: Outputs; Required payload: raw, persisted, display, status, limitations; Invariant: no bank verdict",,,,,M06_CASA_Pro_Calculation_Engine_Implementation_and_Acceptance_v1.1,1.1,§16 Calculation snapshot,SRC-DOC-M06-I-00229,,,,MULTI_LAYER,,,,,Canonicalized from 1 candidate row(s); source text preserved in 10_SOURCE_EXTRACTS.csv.
M06-CAN-0263,m06.current_1_0.product_semantic.a19a4f0cc29bfbd7,1.0,CURRENT_1_0,M06,Расчётный движок,PRODUCT_SEMANTIC,FORMULA,§16 Calculation snapshot,Publication rule: create an immutable snapshot when at least one requested APPROVED formula is COMPLETED or COMPLETED_WITH_LIMITATIONS. A fully BLOCKED/INVALID/FAILED run remains a run with evidence and publishes no result snapshot. A partial snapshot preserves every requested result and blocker.,Publication rule: create an immutable snapshot when at least one requested APPROVED formula is COMPLETED or COMPLETED_WITH_LIMITATIONS. A fully BLOCKED/INVALID/FAILED run remains a run with evidence and publishes no result snapshot. A partial snapshot preserves every requested result and blocker.,,,,BLOCKED,M06_CASA_Pro_Calculation_Engine_Implementation_and_Acceptance_v1.1,1.1,§16 Calculation snapshot,SRC-DOC-M06-I-00234,,,,DATA,,,,,Canonicalized from 1 candidate row(s); source text preserved in 10_SOURCE_EXTRACTS.csv.
M06-CAN-0264,m06.current_1_0.product_semantic.1d9bc8b123518c65,1.0,CURRENT_1_0,M06,Расчётный движок,PRODUCT_SEMANTIC,FORMULA,§18 Versioning,Change: Expression / input meaning / rounding / unit; Action: Create new formula_version; approve separately.; Historical snapshot: Replay with old version.,Change: Expression / input meaning / rounding / unit; Action: Create new formula_version; approve separately.; Historical snapshot: Replay with old version.,,,,,M06_CASA_Pro_Calculation_Engine_Implementation_and_Acceptance_v1.1,1.1,§18 Versioning,SRC-DOC-M06-I-00256,,,,DATA,,,,,Canonicalized from 1 candidate row(s); source text preserved in 10_SOURCE_EXTRACTS.csv.
M06-CAN-0265,m06.current_1_0.data_contract.f0418fe6e9cde749,1.0,CURRENT_1_0,M06,Расчётный движок,DATA_CONTRACT,SNAPSHOT,§18 Versioning,Change: Human label only; Action: Registry metadata revision if numeric semantics unchanged.; Historical snapshot: Unchanged.,Change: Human label only; Action: Registry metadata revision if numeric semantics unchanged.; Historical snapshot: Unchanged.,,,,,M06_CASA_Pro_Calculation_Engine_Implementation_and_Acceptance_v1.1,1.1,§18 Versioning,SRC-DOC-M06-I-00257,,,,DATA,,,,,Canonicalized from 1 candidate row(s); source text preserved in 10_SOURCE_EXTRACTS.csv.
M06-CAN-0266,m06.current_1_0.data_contract.96949793fc96677f,1.0,CURRENT_1_0,M06,Расчётный движок,DATA_CONTRACT,SNAPSHOT,§18 Versioning,"Change: Engine code, same math; Action: New engine_version; run full exact regression and replay.; Historical snapshot: Old engine context retained.","Change: Engine code, same math; Action: New engine_version; run full exact regression and replay.; Historical snapshot: Old engine context retained.",,,,,M06_CASA_Pro_Calculation_Engine_Implementation_and_Acceptance_v1.1,1.1,§18 Versioning,SRC-DOC-M06-I-00258,,,,DATA,,,,,Canonicalized from 1 candidate row(s); source text preserved in 10_SOURCE_EXTRACTS.csv.
M06-CAN-0267,m06.current_1_0.data_contract.433570eb216289e0,1.0,CURRENT_1_0,M06,Расчётный движок,DATA_CONTRACT,SNAPSHOT,§18 Versioning,Change: APPROVED record edit attempt; Action: Reject write.; Historical snapshot: No mutation.,Change: APPROVED record edit attempt; Action: Reject write.; Historical snapshot: No mutation.,,,,,M06_CASA_Pro_Calculation_Engine_Implementation_and_Acceptance_v1.1,1.1,§18 Versioning,SRC-DOC-M06-I-00259,,,,DATA,,,,,Canonicalized from 1 candidate row(s); source text preserved in 10_SOURCE_EXTRACTS.csv.
M06-CAN-0268,m06.current_1_0.product_semantic.1cda499ee2e201a2,1.0,CURRENT_1_0,M06,Расчётный движок,PRODUCT_SEMANTIC,FORMULA,§18 Versioning,Change: REG-F-001 future activation; Action: Separate versioned contract change; not this release.; Historical snapshot: Current DISABLED preserved.,Change: REG-F-001 future activation; Action: Separate versioned contract change; not this release.; Historical snapshot: Current DISABLED preserved.,,,,DISABLED,M06_CASA_Pro_Calculation_Engine_Implementation_and_Acceptance_v1.1,1.1,§18 Versioning,SRC-DOC-M06-I-00260,REG-F-001,,,DATA,,,,,Canonicalized from 1 candidate row(s); source text preserved in 10_SOURCE_EXTRACTS.csv.
M06-CAN-0269,m06.current_1_0.implementation_detail.262b8a4573768dff,1.0,CURRENT_1_0,M06,Расчётный движок,IMPLEMENTATION_DETAIL,CALCULATION,§19 Recalculation,Trigger: New M05 snapshot; Required flow: New run/snapshot using new ID/hash; current-view may mark old as NEEDS_RECALCULATION/SUPERSEDED.; Forbidden: Edit old payload or bind ‘latest’ silently.,Trigger: New M05 snapshot; Required flow: New run/snapshot using new ID/hash; current-view may mark old as NEEDS_RECALCULATION/SUPERSEDED.; Forbidden: Edit old payload or bind ‘latest’ silently.,,,,,M06_CASA_Pro_Calculation_Engine_Implementation_and_Acceptance_v1.1,1.1,§19 Recalculation,SRC-DOC-M06-I-00264,,,,DATA|QA,,,,,Canonicalized from 1 candidate row(s); source text preserved in 10_SOURCE_EXTRACTS.csv.
M06-CAN-0270,m06.current_1_0.product_semantic.d374c43cfacf4e32,1.0,CURRENT_1_0,M06,Расчётный движок,PRODUCT_SEMANTIC,CALCULATION,§19 Recalculation,Trigger: Reviewed profile correction; Required flow: M05 publishes new profile version; then M06 new run.; Forbidden: Patch M06 input inside old snapshot.,Trigger: Reviewed profile correction; Required flow: M05 publishes new profile version; then M06 new run.; Forbidden: Patch M06 input inside old snapshot.,,,,,M06_CASA_Pro_Calculation_Engine_Implementation_and_Acceptance_v1.1,1.1,§19 Recalculation,SRC-DOC-M06-I-00265,,,,DATA,,,,,Canonicalized from 1 candidate row(s); source text preserved in 10_SOURCE_EXTRACTS.csv.
M06-CAN-0271,m06.current_1_0.product_semantic.b6876cfea1365cd9,1.0,CURRENT_1_0,M06,Расчётный движок,PRODUCT_SEMANTIC,CALCULATION,§19 Recalculation,Trigger: New M03/M04/M02 reference; Required flow: First follow approved M05 rebuild flow; M06 reads new M05 snapshot only.; Forbidden: Read upstream PDFs or bypass M05.,Trigger: New M03/M04/M02 reference; Required flow: First follow approved M05 rebuild flow; M06 reads new M05 snapshot only.; Forbidden: Read upstream PDFs or bypass M05.,,,,,M06_CASA_Pro_Calculation_Engine_Implementation_and_Acceptance_v1.1,1.1,§19 Recalculation,SRC-DOC-M06-I-00266,,,,DATA|PARSER,,,,,Canonicalized from 1 candidate row(s); source text preserved in 10_SOURCE_EXTRACTS.csv.
M06-CAN-0272,m06.current_1_0.product_semantic.9c305904f9d23333,1.0,CURRENT_1_0,M06,Расчётный движок,PRODUCT_SEMANTIC,FORMULA,§19 Recalculation,Trigger: New formula version; Required flow: New run with explicit new version.; Forbidden: Recalculate old snapshot in place.,Trigger: New formula version; Required flow: New run with explicit new version.; Forbidden: Recalculate old snapshot in place.,,,,,M06_CASA_Pro_Calculation_Engine_Implementation_and_Acceptance_v1.1,1.1,§19 Recalculation,SRC-DOC-M06-I-00267,,,,DATA,,,,,Canonicalized from 1 candidate row(s); source text preserved in 10_SOURCE_EXTRACTS.csv.
M06-CAN-0273,m06.current_1_0.product_semantic.052f5a14cc665749,1.0,CURRENT_1_0,M06,Расчётный движок,PRODUCT_SEMANTIC,CALCULATION,§19 Recalculation,Trigger: Unrelated upstream change; Required flow: No direct trigger unless selected M05/profile input changes.; Forbidden: Invent dependency.,Trigger: Unrelated upstream change; Required flow: No direct trigger unless selected M05/profile input changes.; Forbidden: Invent dependency.,,,,,M06_CASA_Pro_Calculation_Engine_Implementation_and_Acceptance_v1.1,1.1,§19 Recalculation,SRC-DOC-M06-I-00268,,,,MULTI_LAYER,,,,,Canonicalized from 1 candidate row(s); source text preserved in 10_SOURCE_EXTRACTS.csv.
M06-CAN-0274,m06.current_1_0.product_semantic.9eae1b60ef9097c1,1.0,CURRENT_1_0,M06,Расчётный движок,PRODUCT_SEMANTIC,STATE,§19 Recalculation,No TTL is invented. STALE comes from the selected upstream/profile status or explicit invalidation event defined by approved upstream contracts.,No TTL is invented. STALE comes from the selected upstream/profile status or explicit invalidation event defined by approved upstream contracts.,,,,STALE,M06_CASA_Pro_Calculation_Engine_Implementation_and_Acceptance_v1.1,1.1,§19 Recalculation,SRC-DOC-M06-I-00269,,,,MULTI_LAYER,,,,,Canonicalized from 1 candidate row(s); source text preserved in 10_SOURCE_EXTRACTS.csv.
M06-CAN-0275,m06.current_1_0.implementation_detail.f4ce45b3f6fd26bd,1.0,CURRENT_1_0,M06,Расчётный движок,IMPLEMENTATION_DETAIL,API,§2 Назначение,"Документ переводит утверждённую M06 Production Spec v1.4 в точные компоненты, API/data contracts, экран брокера, regression tests и последовательный список работ. Разработчик реализует утверждённую математику и не принимает новых продуктовых или нормативных решений.","Документ переводит утверждённую M06 Production Spec v1.4 в точные компоненты, API/data contracts, экран брокера, regression tests и последовательный список работ. Разработчик реализует утверждённую математику и не принимает новых продуктовых или нормативных решений.",,,,,M06_CASA_Pro_Calculation_Engine_Implementation_and_Acceptance_v1.1,1.1,§2 Назначение,SRC-DOC-M06-I-00026,,,,BACKEND|FRONTEND|DATA|QA|PRODUCT,,,,,Canonicalized from 1 candidate row(s); source text preserved in 10_SOURCE_EXTRACTS.csv.
M06-CAN-0276,m06.current_1_0.product_semantic.4f74f37de75daf50,1.0,CURRENT_1_0,M06,Расчётный движок,PRODUCT_SEMANTIC,FORMULA,§2 Назначение,связать immutable client_profile_snapshot с двумя исполняемыми formulas;,связать immutable client_profile_snapshot с двумя исполняемыми formulas;,,,,,M06_CASA_Pro_Calculation_Engine_Implementation_and_Acceptance_v1.1,1.1,§2 Назначение,SRC-DOC-M06-I-00027,,,,DATA,,,,,Canonicalized from 1 candidate row(s); source text preserved in 10_SOURCE_EXTRACTS.csv.
M06-CAN-0277,m06.current_1_0.product_semantic.db17cad370910615,1.0,CURRENT_1_0,M06,Расчётный движок,PRODUCT_SEMANTIC,BUSINESS_RULE,§2 Назначение,"детерминированно вычислять raw, persisted и display values;","детерминированно вычислять raw, persisted и display values;",,,,,M06_CASA_Pro_Calculation_Engine_Implementation_and_Acceptance_v1.1,1.1,§2 Назначение,SRC-DOC-M06-I-00028,,,,MULTI_LAYER,,,,,Canonicalized from 1 candidate row(s); source text preserved in 10_SOURCE_EXTRACTS.csv.
M06-CAN-0278,m06.current_1_0.product_semantic.70ea25c599e705bc,1.0,CURRENT_1_0,M06,Расчётный движок,PRODUCT_SEMANTIC,FORMULA,§2 Назначение,"сохранять versioned formula registry, calculation_run и immutable calculation_snapshot;","сохранять versioned formula registry, calculation_run и immutable calculation_snapshot;",,,,,M06_CASA_Pro_Calculation_Engine_Implementation_and_Acceptance_v1.1,1.1,§2 Назначение,SRC-DOC-M06-I-00029,,,,DATA,,,,,Canonicalized from 1 candidate row(s); source text preserved in 10_SOURCE_EXTRACTS.csv.
M06-CAN-0279,m06.current_1_0.product_semantic.c217bdb359a88a5e,1.0,CURRENT_1_0,M06,Расчётный движок,PRODUCT_SEMANTIC,STATE,§2 Назначение,блокировать непригодные состояния и несовместимые валюты без guessed number;,блокировать непригодные состояния и несовместимые валюты без guessed number;,,,,,M06_CASA_Pro_Calculation_Engine_Implementation_and_Acceptance_v1.1,1.1,§2 Назначение,SRC-DOC-M06-I-00030,,,,MULTI_LAYER,,,,,Canonicalized from 1 candidate row(s); source text preserved in 10_SOURCE_EXTRACTS.csv.
M06-CAN-0280,m06.current_1_0.ux_requirement.e1c0c90bb077e0e4,1.0,CURRENT_1_0,M06,Расчётный движок,UX_REQUIREMENT,UI,§2 Назначение,заменить misleading demo surface на нейтральный M06 1.0 UI.,заменить misleading demo surface на нейтральный M06 1.0 UI.,,,,,M06_CASA_Pro_Calculation_Engine_Implementation_and_Acceptance_v1.1,1.1,§2 Назначение,SRC-DOC-M06-I-00032,,,,FRONTEND,,,,,Canonicalized from 1 candidate row(s); source text preserved in 10_SOURCE_EXTRACTS.csv.
M06-CAN-0281,m06.current_1_0.security_control.5ef2644e9581ee42,1.0,CURRENT_1_0,M06,Расчётный движок,SECURITY_CONTROL,SECURITY,§20 Security / audit,"Control: Authorization; Implementation: M01 guard checks tenant + case + assignment/action before resolver, run and snapshot read.","Control: Authorization; Implementation: M01 guard checks tenant + case + assignment/action before resolver, run and snapshot read.",,,,,M06_CASA_Pro_Calculation_Engine_Implementation_and_Acceptance_v1.1,1.1,§20 Security / audit,SRC-DOC-M06-I-00272,,,,DATA|SECURITY,,,,,Canonicalized from 1 candidate row(s); source text preserved in 10_SOURCE_EXTRACTS.csv.
M06-CAN-0282,m06.current_1_0.security_control.8b8427a2856587f4,1.0,CURRENT_1_0,M06,Расчётный движок,SECURITY_CONTROL,SECURITY,§20 Security / audit,Control: No existence leak; Implementation: Cross-tenant or unauthorized IDs return standard denied/not-found behavior without object detail.,Control: No existence leak; Implementation: Cross-tenant or unauthorized IDs return standard denied/not-found behavior without object detail.,,,,,M06_CASA_Pro_Calculation_Engine_Implementation_and_Acceptance_v1.1,1.1,§20 Security / audit,SRC-DOC-M06-I-00273,,,,DATA|SECURITY,,,,,Canonicalized from 1 candidate row(s); source text preserved in 10_SOURCE_EXTRACTS.csv.
M06-CAN-0283,m06.current_1_0.security_control.b39f31de1e92fb68,1.0,CURRENT_1_0,M06,Расчётный движок,SECURITY_CONTROL,SECURITY,§20 Security / audit,"Control: Input minimization; Implementation: No full IIN, raw PDF, OCR text, credentials, source payload or bank secrets.","Control: Input minimization; Implementation: No full IIN, raw PDF, OCR text, credentials, source payload or bank secrets.",,,,,M06_CASA_Pro_Calculation_Engine_Implementation_and_Acceptance_v1.1,1.1,§20 Security / audit,SRC-DOC-M06-I-00274,,,,PARSER,,,,,Canonicalized from 1 candidate row(s); source text preserved in 10_SOURCE_EXTRACTS.csv.
M06-CAN-0284,m06.current_1_0.security_control.da4a005056a4ef97,1.0,CURRENT_1_0,M06,Расчётный движок,SECURITY_CONTROL,SECURITY,§20 Security / audit,"Control: Audit events; Implementation: RUN_REQUESTED, INPUT_BOUND, FORMULA_EXECUTED/BLOCKED, SNAPSHOT_PUBLISHED/SUPERSEDED, REPLAY_VERIFIED, ACCESS_DENIED.","Control: Audit events; Implementation: RUN_REQUESTED, INPUT_BOUND, FORMULA_EXECUTED/BLOCKED, SNAPSHOT_PUBLISHED/SUPERSEDED, REPLAY_VERIFIED, ACCESS_DENIED.",,,,BLOCKED,M06_CASA_Pro_Calculation_Engine_Implementation_and_Acceptance_v1.1,1.1,§20 Security / audit,SRC-DOC-M06-I-00275,,,,DATA,,,,,Canonicalized from 1 candidate row(s); source text preserved in 10_SOURCE_EXTRACTS.csv.
M06-CAN-0285,m06.current_1_0.security_control.aff5f827e8ec3102,1.0,CURRENT_1_0,M06,Расчётный движок,SECURITY_CONTROL,SECURITY,§20 Security / audit,"Control: Audit fields; Implementation: actor, action, object refs, timestamp, formula/engine versions, reason, before/after refs; no mutable messages with PII.","Control: Audit fields; Implementation: actor, action, object refs, timestamp, formula/engine versions, reason, before/after refs; no mutable messages with PII.",,,,,M06_CASA_Pro_Calculation_Engine_Implementation_and_Acceptance_v1.1,1.1,§20 Security / audit,SRC-DOC-M06-I-00276,,,,DATA|SECURITY,,,,,Canonicalized from 1 candidate row(s); source text preserved in 10_SOURCE_EXTRACTS.csv.
M06-CAN-0286,m06.current_1_0.security_control.c1bd5913df5fca97,1.0,CURRENT_1_0,M06,Расчётный движок,SECURITY_CONTROL,SECURITY,§20 Security / audit,Control: Logs; Implementation: Use case/run/snapshot IDs and trace_id; amounts only in allowlisted structured audit if approved.,Control: Logs; Implementation: Use case/run/snapshot IDs and trace_id; amounts only in allowlisted structured audit if approved.,,,,,M06_CASA_Pro_Calculation_Engine_Implementation_and_Acceptance_v1.1,1.1,§20 Security / audit,SRC-DOC-M06-I-00277,,,,DATA,,,,,Canonicalized from 1 candidate row(s); source text preserved in 10_SOURCE_EXTRACTS.csv.
M06-CAN-0287,m06.current_1_0.security_control.978cdcb68b28696f,1.0,CURRENT_1_0,M06,Расчётный движок,SECURITY_CONTROL,SECURITY,§20 Security / audit,Control: AI separation; Implementation: AI service receives read-only outputs after engine; cannot call formula executor with modified inputs.,Control: AI separation; Implementation: AI service receives read-only outputs after engine; cannot call formula executor with modified inputs.,,,,,M06_CASA_Pro_Calculation_Engine_Implementation_and_Acceptance_v1.1,1.1,§20 Security / audit,SRC-DOC-M06-I-00278,,,,BACKEND,,,,,Canonicalized from 1 candidate row(s); source text preserved in 10_SOURCE_EXTRACTS.csv.
M06-CAN-0288,m06.current_1_0.product_semantic.f33d990b136edc75,1.0,CURRENT_1_0,M06,Расчётный движок,PRODUCT_SEMANTIC,STATE,§21 Broker UI,Zone: A. Данные из профиля; Broker sees: Цена; Доступный сейчас первоначальный взнос; Source/status: Профиль клиента; status; as_of; source link; Action / rules: Read-only; «Посмотреть профиль».,Zone: A. Данные из профиля; Broker sees: Цена; Доступный сейчас первоначальный взнос; Source/status: Профиль клиента; status; as_of; source link; Action / rules: Read-only; «Посмотреть профиль».,,,,,M06_CASA_Pro_Calculation_Engine_Implementation_and_Acceptance_v1.1,1.1,§21 Broker UI,SRC-DOC-M06-I-00282,,,,FRONTEND,,,,,Canonicalized from 1 candidate row(s); source text preserved in 10_SOURCE_EXTRACTS.csv.
M06-CAN-0289,m06.current_1_0.product_semantic.1afc86b3df0512ce,1.0,CURRENT_1_0,M06,Расчётный движок,PRODUCT_SEMANTIC,STATE,§21 Broker UI,Zone: B. Требуемое финансирование; Broker sees: 25 000 000 ₸; Source/status: CALC-F-001 / v1.0.0; completed/limitations; Action / rules: Label exactly: «Требуемое финансирование по данным профиля».,Zone: B. Требуемое финансирование; Broker sees: 25 000 000 ₸; Source/status: CALC-F-001 / v1.0.0; completed/limitations; Action / rules: Label exactly: «Требуемое финансирование по данным профиля».,,,,,M06_CASA_Pro_Calculation_Engine_Implementation_and_Acceptance_v1.1,1.1,§21 Broker UI,SRC-DOC-M06-I-00283,CALC-F-001,,,FRONTEND,,,,,Canonicalized from 1 candidate row(s); source text preserved in 10_SOURCE_EXTRACTS.csv.
M06-CAN-0290,m06.current_1_0.product_semantic.018d47daa3a396b1,1.0,CURRENT_1_0,M06,Расчётный движок,PRODUCT_SEMANTIC,STATE,§21 Broker UI,"Zone: C. Параметры платежа; Broker sees: Сумма 25m; ставка 12,5%; срок 240; MONTHLY; Source/status: Principal from CALC-F-001; rate/term explicit; Action / rules: Editable only rate/term; changing creates new run, not profile edit.","Zone: C. Параметры платежа; Broker sees: Сумма 25m; ставка 12,5%; срок 240; MONTHLY; Source/status: Principal from CALC-F-001; rate/term explicit; Action / rules: Editable only rate/term; changing creates new run, not profile edit.",,,,,M06_CASA_Pro_Calculation_Engine_Implementation_and_Acceptance_v1.1,1.1,§21 Broker UI,SRC-DOC-M06-I-00284,CALC-F-001,,,FRONTEND,,,,,Canonicalized from 1 candidate row(s); source text preserved in 10_SOURCE_EXTRACTS.csv.
M06-CAN-0291,m06.current_1_0.product_semantic.3cf12ece66360105,1.0,CURRENT_1_0,M06,Расчётный движок,PRODUCT_SEMANTIC,STATE,§21 Broker UI,Zone: C. Результат платежа; Broker sees: 284 035 ₸; Source/status: CALC-F-002 / v1.0.0; Action / rules: Label + mandatory disclaimer.,Zone: C. Результат платежа; Broker sees: 284 035 ₸; Source/status: CALC-F-002 / v1.0.0; Action / rules: Label + mandatory disclaimer.,,,,,M06_CASA_Pro_Calculation_Engine_Implementation_and_Acceptance_v1.1,1.1,§21 Broker UI,SRC-DOC-M06-I-00285,CALC-F-002,,,FRONTEND,,,,,Canonicalized from 1 candidate row(s); source text preserved in 10_SOURCE_EXTRACTS.csv.
M06-CAN-0292,m06.current_1_0.product_semantic.5ffebb468866948a,1.0,CURRENT_1_0,M06,Расчётный движок,PRODUCT_SEMANTIC,STATE,§21 Broker UI,Zone: D. Ограниченное качество; Broker sees: Расчёт по данным со слов клиента / Нужно подтверждение; Source/status: COMPLETED_WITH_LIMITATIONS; Action / rules: Show exact affected input and source link.,Zone: D. Ограниченное качество; Broker sees: Расчёт по данным со слов клиента / Нужно подтверждение; Source/status: COMPLETED_WITH_LIMITATIONS; Action / rules: Show exact affected input and source link.,,,,,M06_CASA_Pro_Calculation_Engine_Implementation_and_Acceptance_v1.1,1.1,§21 Broker UI,SRC-DOC-M06-I-00286,,,,FRONTEND,,,,,Canonicalized from 1 candidate row(s); source text preserved in 10_SOURCE_EXTRACTS.csv.
M06-CAN-0293,m06.current_1_0.product_semantic.4bfe69a95728d5fc,1.0,CURRENT_1_0,M06,Расчётный движок,PRODUCT_SEMANTIC,STATE,§21 Broker UI,Zone: E. КДН; Broker sees: No number; Source/status: REG-F-001 DISABLED; Action / rules: «КДН не рассчитан: для официального расчёта нужны входы и правила банка».,Zone: E. КДН; Broker sees: No number; Source/status: REG-F-001 DISABLED; Action / rules: «КДН не рассчитан: для официального расчёта нужны входы и правила банка».,,,,DISABLED,M06_CASA_Pro_Calculation_Engine_Implementation_and_Acceptance_v1.1,1.1,§21 Broker UI,SRC-DOC-M06-I-00287,REG-F-001,,,FRONTEND,,,,,Canonicalized from 1 candidate row(s); source text preserved in 10_SOURCE_EXTRACTS.csv.
M06-CAN-0294,m06.current_1_0.product_semantic.fb5afd1d05eb7dc0,1.0,CURRENT_1_0,M06,Расчётный движок,PRODUCT_SEMANTIC,STATE,§21 Broker UI,"Zone: F. Технические детали; Broker sees: Formula/version, snapshot time, replay status; Source/status: Collapsed details; Action / rules: No raw enum as primary copy.","Zone: F. Технические детали; Broker sees: Formula/version, snapshot time, replay status; Source/status: Collapsed details; Action / rules: No raw enum as primary copy.",,,,,M06_CASA_Pro_Calculation_Engine_Implementation_and_Acceptance_v1.1,1.1,§21 Broker UI,SRC-DOC-M06-I-00288,,,,FRONTEND|DATA,,,,,Canonicalized from 1 candidate row(s); source text preserved in 10_SOURCE_EXTRACTS.csv.
M06-CAN-0295,m06.current_1_0.product_semantic.0a31ec3671f1fbe2,1.0,CURRENT_1_0,M06,Расчётный движок,PRODUCT_SEMANTIC,STATE,§23 KEEP / CHANGE / REMOVE / MOVE / BLOCK,Decision: KEEP; Element: Цена / доступный взнос; Exact implementation: Read-only M05 values with snapshot/status/as_of/source link.; Layers: FE/BE; Acceptance: AT-CALC-002/003,Decision: KEEP; Element: Цена / доступный взнос; Exact implementation: Read-only M05 values with snapshot/status/as_of/source link.; Layers: FE/BE; Acceptance: AT-CALC-002/003,,,,,M06_CASA_Pro_Calculation_Engine_Implementation_and_Acceptance_v1.1,1.1,§23 KEEP / CHANGE / REMOVE / MOVE / BLOCK,SRC-DOC-M06-I-00318,AT-CALC-002,,,DATA,,,,M06-TASK-004|M06-TASK-005|M06-TASK-006,Canonicalized from 1 candidate row(s); source text preserved in 10_SOURCE_EXTRACTS.csv.
M06-CAN-0296,m06.current_1_0.product_semantic.61414e64c8071405,1.0,CURRENT_1_0,M06,Расчётный движок,PRODUCT_SEMANTIC,BUSINESS_RULE,§23 KEEP / CHANGE / REMOVE / MOVE / BLOCK,Decision: KEEP; Element: Текущие обязательства; Exact implementation: Read-only M03 context; never recomputed or used as official KDN input.; Layers: FE/BE; Acceptance: AT-CALC-003/010,Decision: KEEP; Element: Текущие обязательства; Exact implementation: Read-only M03 context; never recomputed or used as official KDN input.; Layers: FE/BE; Acceptance: AT-CALC-003/010,,,,,M06_CASA_Pro_Calculation_Engine_Implementation_and_Acceptance_v1.1,1.1,§23 KEEP / CHANGE / REMOVE / MOVE / BLOCK,SRC-DOC-M06-I-00319,AT-CALC-003,,,MULTI_LAYER,,,,M06-TASK-014|M06-TASK-020|M06-TASK-021,Canonicalized from 1 candidate row(s); source text preserved in 10_SOURCE_EXTRACTS.csv.
M06-CAN-0297,m06.current_1_0.data_contract.fa6b87155d408f5d,1.0,CURRENT_1_0,M06,Расчётный движок,DATA_CONTRACT,PROVENANCE,§23 KEEP / CHANGE / REMOVE / MOVE / BLOCK,Decision: CHANGE; Element: Подтв. доход; Exact implementation: Only M05 total_verified_income with exact evidence semantics; otherwise do not show as confirmed.; Layers: FE/M05; Acceptance: AT-CALC-003/010,Decision: CHANGE; Element: Подтв. доход; Exact implementation: Only M05 total_verified_income with exact evidence semantics; otherwise do not show as confirmed.; Layers: FE/M05; Acceptance: AT-CALC-003/010,,,,CONFIRMED,M06_CASA_Pro_Calculation_Engine_Implementation_and_Acceptance_v1.1,1.1,§23 KEEP / CHANGE / REMOVE / MOVE / BLOCK,SRC-DOC-M06-I-00322,AT-CALC-003,,,DATA,,,,M06-TASK-014|M06-TASK-020|M06-TASK-021,Canonicalized from 1 candidate row(s); source text preserved in 10_SOURCE_EXTRACTS.csv.
M06-CAN-0298,m06.current_1_0.implementation_detail.05237238f29f2514,1.0,CURRENT_1_0,M06,Расчётный движок,IMPLEMENTATION_DETAIL,API,§23 KEEP / CHANGE / REMOVE / MOVE / BLOCK,Decision: REMOVE; Element: Принимаемый доход; Exact implementation: No field/card/API output in M06 1.0.; Layers: FE/BE; Acceptance: AT-CALC-010,Decision: REMOVE; Element: Принимаемый доход; Exact implementation: No field/card/API output in M06 1.0.; Layers: FE/BE; Acceptance: AT-CALC-010,,,,,M06_CASA_Pro_Calculation_Engine_Implementation_and_Acceptance_v1.1,1.1,§23 KEEP / CHANGE / REMOVE / MOVE / BLOCK,SRC-DOC-M06-I-00323,AT-CALC-010,,,BACKEND|DATA,,,,M06-TASK-022|M06-TASK-024|M06-TASK-026|M06-TASK-027|M06-TASK-028,Canonicalized from 1 candidate row(s); source text preserved in 10_SOURCE_EXTRACTS.csv.
M06-CAN-0299,m06.current_1_0.boundary.6533e947ab0b4cac,1.0,CURRENT_1_0,M06,Расчётный движок,BOUNDARY,FUTURE_BOUNDARY,§23 KEEP / CHANGE / REMOVE / MOVE / BLOCK,MOVE ≠ DELETE  Future functions remain in the CASA roadmap. This change removes them only from M06 1.0 responsibility and surface; MASTER is not changed.: MOVE ≠ DELETE  Future functions remain in the CASA roadmap. This change removes them only from M06 1.0 responsibility and surface; MASTER is not changed.,MOVE ≠ DELETE  Future functions remain in the CASA roadmap. This change removes them only from M06 1.0 responsibility and surface; MASTER is not changed.: MOVE ≠ DELETE  Future functions remain in the CASA roadmap. This change removes them only from M06 1.0 responsibility and surface; MASTER is not changed.,,,,,M06_CASA_Pro_Calculation_Engine_Implementation_and_Acceptance_v1.1,1.1,§23 KEEP / CHANGE / REMOVE / MOVE / BLOCK,SRC-DOC-M06-I-00328,,,,MULTI_LAYER,,,,,Canonicalized from 1 candidate row(s); source text preserved in 10_SOURCE_EXTRACTS.csv.
M06-CAN-0300,m06.current_1_0.security_control.9ba819f8607f6e0f,1.0,CURRENT_1_0,M06,Расчётный движок,SECURITY_CONTROL,SECURITY,§25 Golden E2E — FX-CALC-GOLDEN-001,Layer: M01; Required synthetic no-PII evidence: case_fx_calc_001; authorized primary participant; valid identity/consent/access context.,Layer: M01; Required synthetic no-PII evidence: case_fx_calc_001; authorized primary participant; valid identity/consent/access context.,,,,,M06_CASA_Pro_Calculation_Engine_Implementation_and_Acceptance_v1.1,1.1,§25 Golden E2E — FX-CALC-GOLDEN-001,SRC-DOC-M06-I-00357,,,,SECURITY|LEGAL,,,,,Canonicalized from 1 candidate row(s); source text preserved in 10_SOURCE_EXTRACTS.csv.
M06-CAN-0301,m06.current_1_0.security_control.d1afcff16b392f4e,1.0,CURRENT_1_0,M06,Расчётный движок,SECURITY_CONTROL,SECURITY,§25 Golden E2E — FX-CALC-GOLDEN-001,Layer: M02; Required synthetic no-PII evidence: iin_check_batch_id=batch_fx_iin_001; selected ref preserved; not a formula input.,Layer: M02; Required synthetic no-PII evidence: iin_check_batch_id=batch_fx_iin_001; selected ref preserved; not a formula input.,,,,,M06_CASA_Pro_Calculation_Engine_Implementation_and_Acceptance_v1.1,1.1,§25 Golden E2E — FX-CALC-GOLDEN-001,SRC-DOC-M06-I-00358,,,,SECURITY,,,,,Canonicalized from 1 candidate row(s); source text preserved in 10_SOURCE_EXTRACTS.csv.
M06-CAN-0302,m06.current_1_0.security_control.a9f54565a34b3ced,1.0,CURRENT_1_0,M06,Расчётный движок,SECURITY_CONTROL,SECURITY,§25 Golden E2E — FX-CALC-GOLDEN-001,Layer: M03; Required synthetic no-PII evidence: credit_history_snapshot_id=chs_fx_ch_001; no PDF read/recalculation.,Layer: M03; Required synthetic no-PII evidence: credit_history_snapshot_id=chs_fx_ch_001; no PDF read/recalculation.,,,,,M06_CASA_Pro_Calculation_Engine_Implementation_and_Acceptance_v1.1,1.1,§25 Golden E2E — FX-CALC-GOLDEN-001,SRC-DOC-M06-I-00359,,,,DATA|PARSER|SECURITY,,,,,Canonicalized from 1 candidate row(s); source text preserved in 10_SOURCE_EXTRACTS.csv.
M06-CAN-0303,m06.current_1_0.security_control.5854f4a23b9ca292,1.0,CURRENT_1_0,M06,Расчётный движок,SECURITY_CONTROL,SECURITY,§25 Golden E2E — FX-CALC-GOLDEN-001,Layer: M04; Required synthetic no-PII evidence: pension_snapshot_id=pcs_fx_pc_001; no salary inference.,Layer: M04; Required synthetic no-PII evidence: pension_snapshot_id=pcs_fx_pc_001; no salary inference.,,,,,M06_CASA_Pro_Calculation_Engine_Implementation_and_Acceptance_v1.1,1.1,§25 Golden E2E — FX-CALC-GOLDEN-001,SRC-DOC-M06-I-00360,,,,DATA|SECURITY,,,,,Canonicalized from 1 candidate row(s); source text preserved in 10_SOURCE_EXTRACTS.csv.
M06-CAN-0304,m06.current_1_0.security_control.5adc19c364b4a47a,1.0,CURRENT_1_0,M06,Расчётный движок,SECURITY_CONTROL,SECURITY,§25 Golden E2E — FX-CALC-GOLDEN-001,Layer: M05; Required synthetic no-PII evidence: cps_fx_calc_001; snapshot_hash='a'×64; target_price_max=30000000.00 KZT; available_now_total=5000000.00 KZT.,Layer: M05; Required synthetic no-PII evidence: cps_fx_calc_001; snapshot_hash='a'×64; target_price_max=30000000.00 KZT; available_now_total=5000000.00 KZT.,,,,,M06_CASA_Pro_Calculation_Engine_Implementation_and_Acceptance_v1.1,1.1,§25 Golden E2E — FX-CALC-GOLDEN-001,SRC-DOC-M06-I-00361,,,,DATA|SECURITY,,,,,Canonicalized from 1 candidate row(s); source text preserved in 10_SOURCE_EXTRACTS.csv.
M06-CAN-0305,m06.current_1_0.security_control.abcdd281d759b460,1.0,CURRENT_1_0,M06,Расчётный движок,SECURITY_CONTROL,SECURITY,§25 Golden E2E — FX-CALC-GOLDEN-001,Layer: CALC-F-001; Required synthetic no-PII evidence: required_financing raw=25000000; persisted=25000000.00 KZT; display=25 000 000 ₸; COMPLETED.,Layer: CALC-F-001; Required synthetic no-PII evidence: required_financing raw=25000000; persisted=25000000.00 KZT; display=25 000 000 ₸; COMPLETED.,,,,,M06_CASA_Pro_Calculation_Engine_Implementation_and_Acceptance_v1.1,1.1,§25 Golden E2E — FX-CALC-GOLDEN-001,SRC-DOC-M06-I-00362,CALC-F-001,,,SECURITY,,,,,Canonicalized from 1 candidate row(s); source text preserved in 10_SOURCE_EXTRACTS.csv.
M06-CAN-0306,m06.current_1_0.security_control.7fb181907273bd05,1.0,CURRENT_1_0,M06,Расчётный движок,SECURITY_CONTROL,SECURITY,§25 Golden E2E — FX-CALC-GOLDEN-001,Layer: CALC-F-002; Required synthetic no-PII evidence: raw=284035.13742859237380498879610315991992807755394768; persisted=284035.14 KZT; display=284035 ₸; COMPLETED.,Layer: CALC-F-002; Required synthetic no-PII evidence: raw=284035.13742859237380498879610315991992807755394768; persisted=284035.14 KZT; display=284035 ₸; COMPLETED.,,,,,M06_CASA_Pro_Calculation_Engine_Implementation_and_Acceptance_v1.1,1.1,§25 Golden E2E — FX-CALC-GOLDEN-001,SRC-DOC-M06-I-00363,CALC-F-002,,,SECURITY,,,,,Canonicalized from 1 candidate row(s); source text preserved in 10_SOURCE_EXTRACTS.csv.
M06-CAN-0307,m06.current_1_0.implementation_detail.eb14ccc49a81280d,1.0,CURRENT_1_0,M06,Расчётный движок,IMPLEMENTATION_DETAIL,API,§25 Golden E2E — FX-CALC-GOLDEN-001,Layer: Output; Required synthetic no-PII evidence: A real immutable calculation_snapshot is published and retrieved through case-scoped API.,Layer: Output; Required synthetic no-PII evidence: A real immutable calculation_snapshot is published and retrieved through case-scoped API.,,,,,M06_CASA_Pro_Calculation_Engine_Implementation_and_Acceptance_v1.1,1.1,§25 Golden E2E — FX-CALC-GOLDEN-001,SRC-DOC-M06-I-00364,,,,BACKEND|DATA|SECURITY|PRODUCT,,,,,Canonicalized from 1 candidate row(s); source text preserved in 10_SOURCE_EXTRACTS.csv.
M06-CAN-0308,m06.current_1_0.product_semantic.d3aaf59be4faa008,1.0,CURRENT_1_0,M06,Расчётный движок,PRODUCT_SEMANTIC,FORMULA,§4 Scope / Not Scope,"IN SCOPE: Formula Registry for CALC-F-001/002 + disabled REG-F-001; NOT SCOPE: Third formula, LTV/DTI/DSR, CASA Score","IN SCOPE: Formula Registry for CALC-F-001/002 + disabled REG-F-001; NOT SCOPE: Third formula, LTV/DTI/DSR, CASA Score",,,,DISABLED,M06_CASA_Pro_Calculation_Engine_Implementation_and_Acceptance_v1.1,1.1,§4 Scope / Not Scope,SRC-DOC-M06-I-00043,CALC-F-001|REG-F-001,,,PRODUCT,,,,,Canonicalized from 1 candidate row(s); source text preserved in 10_SOURCE_EXTRACTS.csv.
M06-CAN-0309,m06.current_1_0.product_semantic.ea8642ec98a977c3,1.0,CURRENT_1_0,M06,Расчётный движок,PRODUCT_SEMANTIC,STATE,§4 Scope / Not Scope,"IN SCOPE: Decimal execution, states, currency, errors; NOT SCOPE: Live FX, guessed conversions, binary-float money","IN SCOPE: Decimal execution, states, currency, errors; NOT SCOPE: Live FX, guessed conversions, binary-float money",,,,,M06_CASA_Pro_Calculation_Engine_Implementation_and_Acceptance_v1.1,1.1,§4 Scope / Not Scope,SRC-DOC-M06-I-00045,,,,PRODUCT,,,,,Canonicalized from 1 candidate row(s); source text preserved in 10_SOURCE_EXTRACTS.csv.
M06-CAN-0310,m06.current_1_0.implementation_detail.a00be4ee9a464a84,1.0,CURRENT_1_0,M06,Расчётный движок,IMPLEMENTATION_DETAIL,PARSER,§4 Scope / Not Scope,"IN SCOPE: calculation_run, idempotency, immutable snapshot; NOT SCOPE: Raw PDF/OCR/document parsing","IN SCOPE: calculation_run, idempotency, immutable snapshot; NOT SCOPE: Raw PDF/OCR/document parsing",,,,,M06_CASA_Pro_Calculation_Engine_Implementation_and_Acceptance_v1.1,1.1,§4 Scope / Not Scope,SRC-DOC-M06-I-00046,,,,DATA|PARSER|PRODUCT,,,,,Canonicalized from 1 candidate row(s); source text preserved in 10_SOURCE_EXTRACTS.csv.
M06-CAN-0311,m06.current_1_0.implementation_detail.3543709bf5e3eeb4,1.0,CURRENT_1_0,M06,Расчётный движок,IMPLEMENTATION_DETAIL,FORMULA,§4 Scope / Not Scope,IN SCOPE: CASA-CJ-1 hashes and deterministic replay; NOT SCOPE: LLM-generated numbers or formula selection,IN SCOPE: CASA-CJ-1 hashes and deterministic replay; NOT SCOPE: LLM-generated numbers or formula selection,,,,,M06_CASA_Pro_Calculation_Engine_Implementation_and_Acceptance_v1.1,1.1,§4 Scope / Not Scope,SRC-DOC-M06-I-00047,,,,PRODUCT,,,,,Canonicalized from 1 candidate row(s); source text preserved in 10_SOURCE_EXTRACTS.csv.
M06-CAN-0312,m06.current_1_0.ux_requirement.b5277f5cb1b6b06a,1.0,CURRENT_1_0,M06,Расчётный движок,UX_REQUIREMENT,UI,§4 Scope / Not Scope,"IN SCOPE: Neutral broker screen for two outputs; NOT SCOPE: Bank accepted income, program verdict, official numeric KDN","IN SCOPE: Neutral broker screen for two outputs; NOT SCOPE: Bank accepted income, program verdict, official numeric KDN",,,,,M06_CASA_Pro_Calculation_Engine_Implementation_and_Acceptance_v1.1,1.1,§4 Scope / Not Scope,SRC-DOC-M06-I-00048,,,,FRONTEND|PRODUCT,,,,,Canonicalized from 1 candidate row(s); source text preserved in 10_SOURCE_EXTRACTS.csv.
M06-CAN-0313,m06.current_1_0.boundary.ce619c88895beb7f,1.0,CURRENT_1_0,M06,Расчётный движок,BOUNDARY,FORBIDDEN,§5 Upstream contracts,"Module: M01; Approved object/reference: tenant_id, case_id, participant scope, access/audit context; M06 uses: authorization and ownership envelope; M06 must not: create parallel identity/consent/auth model",,"Module: M01; Approved object/reference: tenant_id, case_id, participant scope, access/audit context; M06 uses: authorization and ownership envelope; M06 must not: create parallel identity/consent/auth model",,,,M06_CASA_Pro_Calculation_Engine_Implementation_and_Acceptance_v1.1,1.1,§5 Upstream contracts,SRC-DOC-M06-I-00053,,,,DATA|SECURITY|LEGAL|PRODUCT,,,,,Canonicalized from 1 candidate row(s); source text preserved in 10_SOURCE_EXTRACTS.csv.
M06-CAN-0314,m06.current_1_0.boundary.c50b9ed93e56b0b7,1.0,CURRENT_1_0,M06,Расчётный движок,BOUNDARY,FORBIDDEN,§5 Upstream contracts,Module: M02; Approved object/reference: client_check_batch / iin_check_batch_id; M06 uses: selected batch ref carried by M05 for provenance; M06 must not: invent IIN snapshot or use registry facts in formulas 1.0,,Module: M02; Approved object/reference: client_check_batch / iin_check_batch_id; M06 uses: selected batch ref carried by M05 for provenance; M06 must not: invent IIN snapshot or use registry facts in formulas 1.0,,,,M06_CASA_Pro_Calculation_Engine_Implementation_and_Acceptance_v1.1,1.1,§5 Upstream contracts,SRC-DOC-M06-I-00054,,,,DATA,,,,,Canonicalized from 1 candidate row(s); source text preserved in 10_SOURCE_EXTRACTS.csv.
M06-CAN-0315,m06.current_1_0.boundary.55d724bc5f4ed5a5,1.0,CURRENT_1_0,M06,Расчётный движок,BOUNDARY,FORBIDDEN,§5 Upstream contracts,"Module: M03; Approved object/reference: credit_history_snapshot_id/hash; M06 uses: selected upstream reference only; M06 must not: read PDF, recompute debt/payments/cards/DPD",,"Module: M03; Approved object/reference: credit_history_snapshot_id/hash; M06 uses: selected upstream reference only; M06 must not: read PDF, recompute debt/payments/cards/DPD",,,,M06_CASA_Pro_Calculation_Engine_Implementation_and_Acceptance_v1.1,1.1,§5 Upstream contracts,SRC-DOC-M06-I-00055,,,,DATA|PARSER,,,,,Canonicalized from 1 candidate row(s); source text preserved in 10_SOURCE_EXTRACTS.csv.
M06-CAN-0316,m06.current_1_0.boundary.cc48359fe193c0b1,1.0,CURRENT_1_0,M06,Расчётный движок,BOUNDARY,FORBIDDEN,§5 Upstream contracts,Module: M04; Approved object/reference: pension_snapshot_id/hash; M06 uses: selected upstream reference only; M06 must not: rebuild contributions/base or infer income,,Module: M04; Approved object/reference: pension_snapshot_id/hash; M06 uses: selected upstream reference only; M06 must not: rebuild contributions/base or infer income,,,,M06_CASA_Pro_Calculation_Engine_Implementation_and_Acceptance_v1.1,1.1,§5 Upstream contracts,SRC-DOC-M06-I-00056,,,,DATA,,,,,Canonicalized from 1 candidate row(s); source text preserved in 10_SOURCE_EXTRACTS.csv.
M06-CAN-0317,m06.current_1_0.boundary.5ab8e6ce5399c787,1.0,CURRENT_1_0,M06,Расчётный движок,BOUNDARY,FORBIDDEN,§5 Upstream contracts,Module: M05; Approved object/reference: client_profile_snapshot_id/hash/schema; M06 uses: sole profile source: target_price_max + metric available_now_total; M06 must not: copy/edit profile or aggregate DP sources,,Module: M05; Approved object/reference: client_profile_snapshot_id/hash/schema; M06 uses: sole profile source: target_price_max + metric available_now_total; M06 must not: copy/edit profile or aggregate DP sources,,,,M06_CASA_Pro_Calculation_Engine_Implementation_and_Acceptance_v1.1,1.1,§5 Upstream contracts,SRC-DOC-M06-I-00057,,,,DATA,,,,,Canonicalized from 1 candidate row(s); source text preserved in 10_SOURCE_EXTRACTS.csv.
M06-CAN-0318,m06.current_1_0.product_semantic.adf8ec6ace643375,1.0,CURRENT_1_0,M06,Расчётный движок,PRODUCT_SEMANTIC,FORMULA,§6 Formula Registry implementation,Field: machine_name; CALC-F-001: casa.required_financing; CALC-F-002: casa.annuity_payment_by_parameters; REG-F-001: reg.kz.kdn.bank,Field: machine_name; CALC-F-001: casa.required_financing; CALC-F-002: casa.annuity_payment_by_parameters; REG-F-001: reg.kz.kdn.bank,,,,,M06_CASA_Pro_Calculation_Engine_Implementation_and_Acceptance_v1.1,1.1,§6 Formula Registry implementation,SRC-DOC-M06-I-00070,CALC-F-001|CALC-F-002|REG-F-001,,,DATA,,,,,Canonicalized from 1 candidate row(s); source text preserved in 10_SOURCE_EXTRACTS.csv.
M06-CAN-0319,m06.current_1_0.product_semantic.5e5ff169e62c347a,1.0,CURRENT_1_0,M06,Расчётный движок,PRODUCT_SEMANTIC,FORMULA,§6 Formula Registry implementation,Field: origin / owner; CALC-F-001: CASA_NEUTRAL / M06; CALC-F-002: CASA_NEUTRAL / M06; REG-F-001: REGULATORY_KZ / NBRK-Bank,Field: origin / owner; CALC-F-001: CASA_NEUTRAL / M06; CALC-F-002: CASA_NEUTRAL / M06; REG-F-001: REGULATORY_KZ / NBRK-Bank,,,,,M06_CASA_Pro_Calculation_Engine_Implementation_and_Acceptance_v1.1,1.1,§6 Formula Registry implementation,SRC-DOC-M06-I-00072,CALC-F-001|CALC-F-002|REG-F-001,,,DATA,,,,,Canonicalized from 1 candidate row(s); source text preserved in 10_SOURCE_EXTRACTS.csv.
M06-CAN-0320,m06.current_1_0.product_semantic.f63c4f008f3be68f,1.0,CURRENT_1_0,M06,Расчётный движок,PRODUCT_SEMANTIC,STATE,§6 Formula Registry implementation,Field: release / status; CALC-F-001: 1.0 / APPROVED; CALC-F-002: 1.0 / APPROVED; REG-F-001: not executable 1.0 / DISABLED,Field: release / status; CALC-F-001: 1.0 / APPROVED; CALC-F-002: 1.0 / APPROVED; REG-F-001: not executable 1.0 / DISABLED,,,,DISABLED,M06_CASA_Pro_Calculation_Engine_Implementation_and_Acceptance_v1.1,1.1,§6 Formula Registry implementation,SRC-DOC-M06-I-00073,CALC-F-001|CALC-F-002|REG-F-001,,,DATA,,,,,Canonicalized from 1 candidate row(s); source text preserved in 10_SOURCE_EXTRACTS.csv.
M06-CAN-0321,m06.current_1_0.product_semantic.8006e4e2abc5435a,1.0,CURRENT_1_0,M06,Расчётный движок,PRODUCT_SEMANTIC,FORMULA,§6 Formula Registry implementation,"Field: expression; CALC-F-001: F=max(P−A_now,0); CALC-F-002: approved annuity branches; REG-F-001: KDN=(Σ(PNZ_i+PP_i)+PZ)/D","Field: expression; CALC-F-001: F=max(P−A_now,0); CALC-F-002: approved annuity branches; REG-F-001: KDN=(Σ(PNZ_i+PP_i)+PZ)/D",,,,,M06_CASA_Pro_Calculation_Engine_Implementation_and_Acceptance_v1.1,1.1,§6 Formula Registry implementation,SRC-DOC-M06-I-00075,CALC-F-001|CALC-F-002|REG-F-001,,,DATA,,,,,Canonicalized from 1 candidate row(s); source text preserved in 10_SOURCE_EXTRACTS.csv.
M06-CAN-0322,m06.current_1_0.product_semantic.3cfec2dab03bf61b,1.0,CURRENT_1_0,M06,Расчётный движок,PRODUCT_SEMANTIC,FORMULA,§6 Formula Registry implementation,Field: execution; CALC-F-001: enabled; CALC-F-002: enabled; REG-F-001: value=null; REGULATORY_INPUT_REQUIRED,Field: execution; CALC-F-001: enabled; CALC-F-002: enabled; REG-F-001: value=null; REGULATORY_INPUT_REQUIRED,,,,,M06_CASA_Pro_Calculation_Engine_Implementation_and_Acceptance_v1.1,1.1,§6 Formula Registry implementation,SRC-DOC-M06-I-00076,CALC-F-001|CALC-F-002|REG-F-001,,,DATA,,,,,Canonicalized from 1 candidate row(s); source text preserved in 10_SOURCE_EXTRACTS.csv.
M06-CAN-0323,m06.current_1_0.product_semantic.cbd89162b68c31fe,1.0,CURRENT_1_0,M06,Расчётный движок,PRODUCT_SEMANTIC,FORMULA,§7 CALC-F-001 — требуемое финансирование,"formula_id = CALC-F-001
machine_name = casa.required_financing
formula_version = 1.0.0
F = max(P - A_now, 0)","formula_id = CALC-F-001
machine_name = casa.required_financing
formula_version = 1.0.0
F = max(P - A_now, 0)",,,,,M06_CASA_Pro_Calculation_Engine_Implementation_and_Acceptance_v1.1,1.1,§7 CALC-F-001 — требуемое финансирование,SRC-DOC-M06-I-00086,CALC-F-001,,,MULTI_LAYER,,,,,Canonicalized from 1 candidate row(s); source text preserved in 10_SOURCE_EXTRACTS.csv.
M06-CAN-0324,m06.current_1_0.product_semantic.8678ef5d7b99bc84,1.0,CURRENT_1_0,M06,Расчётный движок,PRODUCT_SEMANTIC,STATE,§7 CALC-F-001 — требуемое финансирование,Item: A_now; Implementation contract: Resolver result for metric key available_now_total; use value/status/currency/as_of/provenance exactly as published by M05.,Item: A_now; Implementation contract: Resolver result for metric key available_now_total; use value/status/currency/as_of/provenance exactly as published by M05.,,,,,M06_CASA_Pro_Calculation_Engine_Implementation_and_Acceptance_v1.1,1.1,§7 CALC-F-001 — требуемое финансирование,SRC-DOC-M06-I-00089,,,,MULTI_LAYER,,,,,Canonicalized from 1 candidate row(s); source text preserved in 10_SOURCE_EXTRACTS.csv.
M06-CAN-0325,m06.current_1_0.product_semantic.d0c035297177de77,1.0,CURRENT_1_0,M06,Расчётный движок,PRODUCT_SEMANTIC,FORMULA,§7 CALC-F-001 — требуемое финансирование,"Item: Excluded; Implementation contract: future_available_total, restricted_or_unavailable_total and additional collateral.","Item: Excluded; Implementation contract: future_available_total, restricted_or_unavailable_total and additional collateral.",,,,,M06_CASA_Pro_Calculation_Engine_Implementation_and_Acceptance_v1.1,1.1,§7 CALC-F-001 — требуемое финансирование,SRC-DOC-M06-I-00090,,,,MULTI_LAYER,,,,,Canonicalized from 1 candidate row(s); source text preserved in 10_SOURCE_EXTRACTS.csv.
M06-CAN-0326,m06.current_1_0.product_semantic.f5d4786c62a52af1,1.0,CURRENT_1_0,M06,Расчётный движок,PRODUCT_SEMANTIC,STATE,§7 CALC-F-001 — требуемое финансирование,Item: Preflight; Implementation contract: Both required; nonnegative; same KZT; state eligible. Otherwise value=null with blockers.,Item: Preflight; Implementation contract: Both required; nonnegative; same KZT; state eligible. Otherwise value=null with blockers.,,,,,M06_CASA_Pro_Calculation_Engine_Implementation_and_Acceptance_v1.1,1.1,§7 CALC-F-001 — требуемое финансирование,SRC-DOC-M06-I-00091,,,,MULTI_LAYER,,,,,Canonicalized from 1 candidate row(s); source text preserved in 10_SOURCE_EXTRACTS.csv.
M06-CAN-0327,m06.current_1_0.product_semantic.fbc467ff62213547,1.0,CURRENT_1_0,M06,Расчётный движок,PRODUCT_SEMANTIC,FORMULA,§7 CALC-F-001 — требуемое финансирование,Item: Raw; Implementation contract: Exact Decimal subtraction and floor at Decimal('0'); no quantization before output.,Item: Raw; Implementation contract: Exact Decimal subtraction and floor at Decimal('0'); no quantization before output.,,,,,M06_CASA_Pro_Calculation_Engine_Implementation_and_Acceptance_v1.1,1.1,§7 CALC-F-001 — требуемое финансирование,SRC-DOC-M06-I-00092,,,,MULTI_LAYER,,,,,Canonicalized from 1 candidate row(s); source text preserved in 10_SOURCE_EXTRACTS.csv.
M06-CAN-0328,m06.current_1_0.product_semantic.da40317eea07434d,1.0,CURRENT_1_0,M06,Расчётный движок,PRODUCT_SEMANTIC,FORMULA,§7 CALC-F-001 — требуемое финансирование,"Item: Persisted; Implementation contract: Money Decimal(20,2), HALF_UP once after expression.","Item: Persisted; Implementation contract: Money Decimal(20,2), HALF_UP once after expression.",,,,,M06_CASA_Pro_Calculation_Engine_Implementation_and_Acceptance_v1.1,1.1,§7 CALC-F-001 — требуемое финансирование,SRC-DOC-M06-I-00093,,,,MULTI_LAYER,,,,,Canonicalized from 1 candidate row(s); source text preserved in 10_SOURCE_EXTRACTS.csv.
M06-CAN-0329,m06.current_1_0.product_semantic.f7d6fad22281580f,1.0,CURRENT_1_0,M06,Расчётный движок,PRODUCT_SEMANTIC,FORMULA,§7 CALC-F-001 — требуемое финансирование,Item: Display; Implementation contract: Whole KZT HALF_UP from raw; spaces as thousands separators.,Item: Display; Implementation contract: Whole KZT HALF_UP from raw; spaces as thousands separators.,,,,,M06_CASA_Pro_Calculation_Engine_Implementation_and_Acceptance_v1.1,1.1,§7 CALC-F-001 — требуемое финансирование,SRC-DOC-M06-I-00094,,,,MULTI_LAYER,,,,,Canonicalized from 1 candidate row(s); source text preserved in 10_SOURCE_EXTRACTS.csv.
M06-CAN-0330,m06.current_1_0.product_semantic.541ddf81c16e27df,1.0,CURRENT_1_0,M06,Расчётный движок,PRODUCT_SEMANTIC,FORMULA,§7 CALC-F-001 — требуемое финансирование,"Item: Meaning; Implementation contract: Required financing by profile data; not approved loan, bank limit or maximum mortgage.","Item: Meaning; Implementation contract: Required financing by profile data; not approved loan, bank limit or maximum mortgage.",,,,,M06_CASA_Pro_Calculation_Engine_Implementation_and_Acceptance_v1.1,1.1,§7 CALC-F-001 — требуемое финансирование,SRC-DOC-M06-I-00095,,,,DATA,,,,,Canonicalized from 1 candidate row(s); source text preserved in 10_SOURCE_EXTRACTS.csv.
M06-CAN-0331,m06.current_1_0.product_semantic.efc207bb03f06d84,1.0,CURRENT_1_0,M06,Расчётный движок,PRODUCT_SEMANTIC,FORMULA,§8 CALC-F-002 — аннуитет по параметрам,"formula_id = CALC-F-002
machine_name = casa.annuity_payment_by_parameters
formula_version = 1.0.0
r = annual_nominal_rate_percent / 100 / 12
if P == 0: M = 0
elif r == 0 and n > 0: M = P / n
elif r > 0 and n > 0: M = P*r*(1+r)^n / ((1+r)^n - 1)
else: INVALID_INPUT","formula_id = CALC-F-002
machine_name = casa.annuity_payment_by_parameters
formula_version = 1.0.0
r = annual_nominal_rate_percent / 100 / 12
if P == 0: M = 0
elif r == 0 and n > 0: M = P / n
elif r > 0 and n > 0: M = P*r*(1+r)^n / ((1+r)^n - 1)
else: INVALID_INPUT",,,,,M06_CASA_Pro_Calculation_Engine_Implementation_and_Acceptance_v1.1,1.1,§8 CALC-F-002 — аннуитет по параметрам,SRC-DOC-M06-I-00101,CALC-F-002,,,MULTI_LAYER,,,,,Canonicalized from 1 candidate row(s); source text preserved in 10_SOURCE_EXTRACTS.csv.
M06-CAN-0332,m06.current_1_0.product_semantic.12ff88244d8dd81f,1.0,CURRENT_1_0,M06,Расчётный движок,PRODUCT_SEMANTIC,FORMULA,§8 CALC-F-002 — аннуитет по параметрам,Input/output: principal P; Implementation contract: Exact output CALC-F-001; Money KZT; ≥0.,Input/output: principal P; Implementation contract: Exact output CALC-F-001; Money KZT; ≥0.,,,,,M06_CASA_Pro_Calculation_Engine_Implementation_and_Acceptance_v1.1,1.1,§8 CALC-F-002 — аннуитет по параметрам,SRC-DOC-M06-I-00103,CALC-F-001,,,MULTI_LAYER,,,,,Canonicalized from 1 candidate row(s); source text preserved in 10_SOURCE_EXTRACTS.csv.
M06-CAN-0333,m06.current_1_0.product_semantic.a02211c071b18ae6,1.0,CURRENT_1_0,M06,Расчётный движок,PRODUCT_SEMANTIC,FORMULA,§8 CALC-F-002 — аннуитет по параметрам,"Input/output: annual rate a; Implementation contract: Explicit parameter Decimal(7,4) percent: 12.5000 means 12.5%, not 0.125.","Input/output: annual rate a; Implementation contract: Explicit parameter Decimal(7,4) percent: 12.5000 means 12.5%, not 0.125.",,,,,M06_CASA_Pro_Calculation_Engine_Implementation_and_Acceptance_v1.1,1.1,§8 CALC-F-002 — аннуитет по параметрам,SRC-DOC-M06-I-00104,,,,MULTI_LAYER,,,,,Canonicalized from 1 candidate row(s); source text preserved in 10_SOURCE_EXTRACTS.csv.
M06-CAN-0334,m06.current_1_0.product_semantic.b5dba433adc7ab96,1.0,CURRENT_1_0,M06,Расчётный движок,PRODUCT_SEMANTIC,FORMULA,§8 CALC-F-002 — аннуитет по параметрам,Input/output: term n; Implementation contract: Integer months; 1…1200. Zero/negative is INVALID_TERM.,Input/output: term n; Implementation contract: Integer months; 1…1200. Zero/negative is INVALID_TERM.,,,,ZERO,M06_CASA_Pro_Calculation_Engine_Implementation_and_Acceptance_v1.1,1.1,§8 CALC-F-002 — аннуитет по параметрам,SRC-DOC-M06-I-00105,,,,MULTI_LAYER,,,,,Canonicalized from 1 candidate row(s); source text preserved in 10_SOURCE_EXTRACTS.csv.
M06-CAN-0335,m06.current_1_0.product_semantic.bb81be1d5596a9ab,1.0,CURRENT_1_0,M06,Расчётный движок,PRODUCT_SEMANTIC,FORMULA,§8 CALC-F-002 — аннуитет по параметрам,Input/output: frequency; Implementation contract: MONTHLY constant only; other value is UNSUPPORTED_FREQUENCY.,Input/output: frequency; Implementation contract: MONTHLY constant only; other value is UNSUPPORTED_FREQUENCY.,,,,,M06_CASA_Pro_Calculation_Engine_Implementation_and_Acceptance_v1.1,1.1,§8 CALC-F-002 — аннуитет по параметрам,SRC-DOC-M06-I-00106,,,,MULTI_LAYER,,,,,Canonicalized from 1 candidate row(s); source text preserved in 10_SOURCE_EXTRACTS.csv.
M06-CAN-0336,m06.current_1_0.product_semantic.40b2cc17b6618761,1.0,CURRENT_1_0,M06,Расчётный движок,PRODUCT_SEMANTIC,FORMULA,§8 CALC-F-002 — аннуитет по параметрам,Input/output: zero principal; Implementation contract: M=0 before rate branch.,Input/output: zero principal; Implementation contract: M=0 before rate branch.,,,,ZERO,M06_CASA_Pro_Calculation_Engine_Implementation_and_Acceptance_v1.1,1.1,§8 CALC-F-002 — аннуитет по параметрам,SRC-DOC-M06-I-00107,,,,MULTI_LAYER,,,,,Canonicalized from 1 candidate row(s); source text preserved in 10_SOURCE_EXTRACTS.csv.
M06-CAN-0337,m06.current_1_0.product_semantic.ff36756d167820c7,1.0,CURRENT_1_0,M06,Расчётный движок,PRODUCT_SEMANTIC,FORMULA,§8 CALC-F-002 — аннуитет по параметрам,Input/output: zero rate; Implementation contract: P/n; no divide-by-zero because n>0 precondition.,Input/output: zero rate; Implementation contract: P/n; no divide-by-zero because n>0 precondition.,,,,ZERO,M06_CASA_Pro_Calculation_Engine_Implementation_and_Acceptance_v1.1,1.1,§8 CALC-F-002 — аннуитет по параметрам,SRC-DOC-M06-I-00108,,,,MULTI_LAYER,,,,,Canonicalized from 1 candidate row(s); source text preserved in 10_SOURCE_EXTRACTS.csv.
M06-CAN-0338,m06.current_1_0.product_semantic.a2d8e3617120d936,1.0,CURRENT_1_0,M06,Расчётный движок,PRODUCT_SEMANTIC,FORMULA,§8 CALC-F-002 — аннуитет по параметрам,Input/output: positive rate; Implementation contract: Approved annuity expression; no fees/insurance/GESV/grace/mixed/differential schedule.,Input/output: positive rate; Implementation contract: Approved annuity expression; no fees/insurance/GESV/grace/mixed/differential schedule.,,,,,M06_CASA_Pro_Calculation_Engine_Implementation_and_Acceptance_v1.1,1.1,§8 CALC-F-002 — аннуитет по параметрам,SRC-DOC-M06-I-00109,,,,MULTI_LAYER,,,,,Canonicalized from 1 candidate row(s); source text preserved in 10_SOURCE_EXTRACTS.csv.
M06-CAN-0339,m06.current_1_0.product_semantic.3676167d7eb98c07,1.0,CURRENT_1_0,M06,Расчётный движок,PRODUCT_SEMANTIC,FORMULA,§8 CALC-F-002 — аннуитет по параметрам,Input/output: UI label; Implementation contract: «Расчётный ежемесячный платёж по заданным параметрам».,Input/output: UI label; Implementation contract: «Расчётный ежемесячный платёж по заданным параметрам».,,,,,M06_CASA_Pro_Calculation_Engine_Implementation_and_Acceptance_v1.1,1.1,§8 CALC-F-002 — аннуитет по параметрам,SRC-DOC-M06-I-00110,,,,FRONTEND,,,,,Canonicalized from 1 candidate row(s); source text preserved in 10_SOURCE_EXTRACTS.csv.
M06-CAN-0340,m06.current_1_0.product_semantic.4fbcbfdfaa9c5721,1.0,CURRENT_1_0,M06,Расчётный движок,PRODUCT_SEMANTIC,FORMULA,§8 CALC-F-002 — аннуитет по параметрам,"Input/output: Disclaimer; Implementation contract: «Не предложение банка. Не включает комиссии, страховки и иные платежи».","Input/output: Disclaimer; Implementation contract: «Не предложение банка. Не включает комиссии, страховки и иные платежи».",,,,,M06_CASA_Pro_Calculation_Engine_Implementation_and_Acceptance_v1.1,1.1,§8 CALC-F-002 — аннуитет по параметрам,SRC-DOC-M06-I-00111,,,,MULTI_LAYER,,,,,Canonicalized from 1 candidate row(s); source text preserved in 10_SOURCE_EXTRACTS.csv.
M06-CAN-0341,m06.current_1_0.boundary.373949f93a02149c,1.0,CURRENT_1_0,M06,Расчётный движок,BOUNDARY,FORBIDDEN,§8 CALC-F-002 — аннуитет по параметрам,"IMPLEMENTATION LIBRARY  Для TypeScript/Node явно настроить decimal.js: Decimal.set({ precision: 50, rounding: Decimal.ROUND_HALF_EVEN }). Не полагаться на default. Финальная запись Decimal(20,2) и отображение whole KZT выполняются отдельно с Decimal.ROUND_HALF_UP. Native Number запрещён для inputs, arithmetic, persistence и hashes. Для другого backend языка нужен эквивалентный base-10 arbitrary-precision decimal и те же fixtures.: IMPLEMENTATION LIBRARY  Для TypeScript/Node явно настроить decimal.js: Decimal.set({ precision: 50, rounding: Decimal.ROUND_HALF_EVEN }). Не полагаться на default. Финальная запись Decimal(20,2) и отображение whole KZT выполняются отдельно с Decimal.ROUND_HALF_UP. Native Number запрещён для inputs, arithmetic, persistence и hashes. Для другого backend языка нужен эквивалентный base-10 arbitrary-precision decimal и те же fixtures.",,"IMPLEMENTATION LIBRARY  Для TypeScript/Node явно настроить decimal.js: Decimal.set({ precision: 50, rounding: Decimal.ROUND_HALF_EVEN }). Не полагаться на default. Финальная запись Decimal(20,2) и отображение whole KZT выполняются отдельно с Decimal.ROUND_HALF_UP. Native Number запрещён для inputs, arithmetic, persistence и hashes. Для другого backend языка нужен эквивалентный base-10 arbitrary-precision decimal и те же fixtures.: IMPLEMENTATION LIBRARY  Для TypeScript/Node явно настроить decimal.js: Decimal.set({ precision: 50, rounding: Decimal.ROUND_HALF_EVEN }). Не полагаться на default. Финальная запись Decimal(20,2) и отображение whole KZT выполняются отдельно с Decimal.ROUND_HALF_UP. Native Number запрещён для inputs, arithmetic, persistence и hashes. Для другого backend языка нужен эквивалентный base-10 arbitrary-precision decimal и те же fixtures.",,,,M06_CASA_Pro_Calculation_Engine_Implementation_and_Acceptance_v1.1,1.1,§8 CALC-F-002 — аннуитет по параметрам,SRC-DOC-M06-I-00112,,,,BACKEND|QA,,,,,Canonicalized from 1 candidate row(s); source text preserved in 10_SOURCE_EXTRACTS.csv.
M06-CAN-0342,m06.current_1_0.product_semantic.558e5786ba859642,1.0,CURRENT_1_0,M06,Расчётный движок,PRODUCT_SEMANTIC,FORMULA,§9 REG-F-001 — disabled contract,Field: Record; Required behavior: REG-F-001 / reg.kz.kdn.bank / origin=REGULATORY_KZ.,Field: Record; Required behavior: REG-F-001 / reg.kz.kdn.bank / origin=REGULATORY_KZ.,,,,,M06_CASA_Pro_Calculation_Engine_Implementation_and_Acceptance_v1.1,1.1,§9 REG-F-001 — disabled contract,SRC-DOC-M06-I-00116,REG-F-001,,,DATA,,,,,Canonicalized from 1 candidate row(s); source text preserved in 10_SOURCE_EXTRACTS.csv.
M06-CAN-0343,m06.current_1_0.product_semantic.4addaa84b5017bf3,1.0,CURRENT_1_0,M06,Расчётный движок,PRODUCT_SEMANTIC,STATE,§9 REG-F-001 — disabled contract,Field: Status; Required behavior: DISABLED in M06 1.0.,Field: Status; Required behavior: DISABLED in M06 1.0.,,,,DISABLED,M06_CASA_Pro_Calculation_Engine_Implementation_and_Acceptance_v1.1,1.1,§9 REG-F-001 — disabled contract,SRC-DOC-M06-I-00117,,,,DATA,,,,,Canonicalized from 1 candidate row(s); source text preserved in 10_SOURCE_EXTRACTS.csv.
M06-CAN-0344,m06.current_1_0.product_semantic.703c9e81ceab9805,1.0,CURRENT_1_0,M06,Расчётный движок,PRODUCT_SEMANTIC,STATE,§9 REG-F-001 — disabled contract,Field: On request; Required behavior: value=null; status=DISABLED; code=REGULATORY_INPUT_REQUIRED.,Field: On request; Required behavior: value=null; status=DISABLED; code=REGULATORY_INPUT_REQUIRED.,,,,DISABLED,M06_CASA_Pro_Calculation_Engine_Implementation_and_Acceptance_v1.1,1.1,§9 REG-F-001 — disabled contract,SRC-DOC-M06-I-00118,,,,DATA,,,,,Canonicalized from 1 candidate row(s); source text preserved in 10_SOURCE_EXTRACTS.csv.
M06-CAN-0345,m06.current_1_0.product_semantic.2285f5518726f409,1.0,CURRENT_1_0,M06,Расчётный движок,PRODUCT_SEMANTIC,FORMULA,§9 REG-F-001 — disabled contract,Field: Reason; Required behavior: Exact regulatory PNZ/PP/PZ/D and applicability inputs are not available from approved upstream contracts.,Field: Reason; Required behavior: Exact regulatory PNZ/PP/PZ/D and applicability inputs are not available from approved upstream contracts.,,,,,M06_CASA_Pro_Calculation_Engine_Implementation_and_Acceptance_v1.1,1.1,§9 REG-F-001 — disabled contract,SRC-DOC-M06-I-00119,,,,DATA,,,,,Canonicalized from 1 candidate row(s); source text preserved in 10_SOURCE_EXTRACTS.csv.
M06-CAN-0346,m06.current_1_0.product_semantic.9f49c1c1c81c3fe1,1.0,CURRENT_1_0,M06,Расчётный движок,PRODUCT_SEMANTIC,FORMULA,§9 REG-F-001 — disabled contract,Field: Broker text; Required behavior: «КДН не рассчитан: для официального расчёта нужны входы и правила банка».,Field: Broker text; Required behavior: «КДН не рассчитан: для официального расчёта нужны входы и правила банка».,,,,,M06_CASA_Pro_Calculation_Engine_Implementation_and_Acceptance_v1.1,1.1,§9 REG-F-001 — disabled contract,SRC-DOC-M06-I-00120,,,,FRONTEND|DATA,,,,,Canonicalized from 1 candidate row(s); source text preserved in 10_SOURCE_EXTRACTS.csv.
M06-CAN-0347,m06.current_1_0.product_semantic.93f4ad8764d5e950,1.0,CURRENT_1_0,M06,Расчётный движок,PRODUCT_SEMANTIC,FORMULA,§9 REG-F-001 — disabled contract,"Field: Forbidden; Required behavior: Numeric KDN, threshold verdict, substitution of M03 reported payment or M05 income.","Field: Forbidden; Required behavior: Numeric KDN, threshold verdict, substitution of M03 reported payment or M05 income.",,,,,M06_CASA_Pro_Calculation_Engine_Implementation_and_Acceptance_v1.1,1.1,§9 REG-F-001 — disabled contract,SRC-DOC-M06-I-00121,,,,DATA,,,,,Canonicalized from 1 candidate row(s); source text preserved in 10_SOURCE_EXTRACTS.csv.
M06-CAN-0348,m06.current_1_0.product_semantic.df66a343b34b0d86,1.0,CURRENT_1_0,M06,Расчётный движок,PRODUCT_SEMANTIC,FORMULA,§9 REG-F-001 — disabled contract,Field: Future rule; Required behavior: №86; effective_from=2027-07-01; FUTURE_REGULATORY_RULE / NOT_YET_EFFECTIVE; metadata only.,Field: Future rule; Required behavior: №86; effective_from=2027-07-01; FUTURE_REGULATORY_RULE / NOT_YET_EFFECTIVE; metadata only.,,,,,M06_CASA_Pro_Calculation_Engine_Implementation_and_Acceptance_v1.1,1.1,§9 REG-F-001 — disabled contract,SRC-DOC-M06-I-00122,,,,DATA,,,,,Canonicalized from 1 candidate row(s); source text preserved in 10_SOURCE_EXTRACTS.csv.
M06-CAN-0349,m06.current_1_0.product_semantic.55dfd28a40c22d02,1.0,CURRENT_1_0,M06,Расчётный движок,PRODUCT_SEMANTIC,FORMULA,§9 REG-F-001 — disabled contract,Field: Current impact; Required behavior: None: future 0.25 rule does not affect calculation or UI verdict in release 1.0.,Field: Current impact; Required behavior: None: future 0.25 rule does not affect calculation or UI verdict in release 1.0.,,,,,M06_CASA_Pro_Calculation_Engine_Implementation_and_Acceptance_v1.1,1.1,§9 REG-F-001 — disabled contract,SRC-DOC-M06-I-00123,,,,FRONTEND|DATA,,,,,Canonicalized from 1 candidate row(s); source text preserved in 10_SOURCE_EXTRACTS.csv.
M06-CAN-0350,m06.current_1_0.boundary.09f0e67188d93213,1.0,CURRENT_1_0,M06,Расчётный движок,BOUNDARY,FORBIDDEN,§9 REG-F-001 — disabled contract,"UI BLOCK  Visible 78,5%, 61,4% or any other KDN percentage must not be rendered by M06 1.0. Existing demo values are observed output, not accepted mathematics.: UI BLOCK  Visible 78,5%, 61,4% or any other KDN percentage must not be rendered by M06 1.0. Existing demo values are observed output, not accepted mathematics.",,"UI BLOCK  Visible 78,5%, 61,4% or any other KDN percentage must not be rendered by M06 1.0. Existing demo values are observed output, not accepted mathematics.: UI BLOCK  Visible 78,5%, 61,4% or any other KDN percentage must not be rendered by M06 1.0. Existing demo values are observed output, not accepted mathematics.",,,,M06_CASA_Pro_Calculation_Engine_Implementation_and_Acceptance_v1.1,1.1,§9 REG-F-001 — disabled contract,SRC-DOC-M06-I-00124,,,,FRONTEND,,,,,Canonicalized from 1 candidate row(s); source text preserved in 10_SOURCE_EXTRACTS.csv.
